[OK] Loka is running
[RESUME] Skipping first 318,600 rows; resuming from 32,877,248 triples already inserted
Loading dataset 'philippesaade/wikidata' (split=train, streaming)...
Skipping 318,600 rows from previous state...
  ... skipped 5,000
  ... skipped 10,000
  ... skipped 15,000
  ... skipped 20,000
  ... skipped 25,000
  ... skipped 30,000
  ... skipped 35,000
  ... skipped 40,000
  ... skipped 45,000
  ... skipped 50,000
  ... skipped 55,000
  ... skipped 60,000
  ... skipped 65,000
  ... skipped 70,000
  ... skipped 75,000
  ... skipped 80,000
  ... skipped 85,000
  ... skipped 90,000
  ... skipped 95,000
  ... skipped 100,000
  ... skipped 105,000
  ... skipped 110,000
  ... skipped 115,000
  ... skipped 120,000
  ... skipped 125,000
  ... skipped 130,000
  ... skipped 135,000
  ... skipped 140,000
  ... skipped 145,000
  ... skipped 150,000
  ... skipped 155,000
  ... skipped 160,000
  ... skipped 165,000
  ... skipped 170,000
  ... skipped 175,000
  ... skipped 180,000
  ... skipped 185,000
  ... skipped 190,000
  ... skipped 195,000
  ... skipped 200,000
  ... skipped 205,000
  ... skipped 210,000
  ... skipped 215,000
  ... skipped 220,000
  ... skipped 225,000
  ... skipped 230,000
  ... skipped 235,000
  ... skipped 240,000
  ... skipped 245,000
  ... skipped 250,000
  ... skipped 255,000
  ... skipped 260,000
  ... skipped 265,000
  ... skipped 270,000
  ... skipped 275,000
  ... skipped 280,000
  ... skipped 285,000
  ... skipped 290,000
  ... skipped 295,000
  ... skipped 300,000
  ... skipped 305,000
  ... skipped 310,000
  ... skipped 315,000

--- Streaming entities; target 50,000,000 triples ---

  rows=318,623  triples=32,878,263  (3 ent/s, 138 triples/s, errors=0)
  rows=318,653  triples=32,880,425  (3 ent/s, 201 triples/s, errors=5)
  rows=318,690  triples=32,882,632  (4 ent/s, 236 triples/s, errors=12)
  rows=318,725  triples=32,884,648  (4 ent/s, 255 triples/s, errors=23)
  rows=318,752  triples=32,886,825  (4 ent/s, 268 triples/s, errors=50)
  rows=318,783  triples=32,888,901  (4 ent/s, 279 triples/s, errors=54)
  rows=318,801  triples=32,890,076  (4 ent/s, 273 triples/s, errors=56)
  rows=318,835  triples=32,892,203  (4 ent/s, 284 triples/s, errors=65)
  rows=318,875  triples=32,894,302  (5 ent/s, 293 triples/s, errors=67)
  rows=318,899  triples=32,896,417  (5 ent/s, 299 triples/s, errors=67)
  rows=318,934  triples=32,898,531  (5 ent/s, 305 triples/s, errors=76)
  rows=318,977  triples=32,900,646  (5 ent/s, 312 triples/s, errors=77)
  rows=319,017  triples=32,902,822  (5 ent/s, 318 triples/s, errors=78)
  rows=319,059  triples=32,904,864  (5 ent/s, 322 triples/s, errors=80)
  rows=319,095  triples=32,906,864  (5 ent/s, 326 triples/s, errors=89)
  rows=319,129  triples=32,909,195  (5 ent/s, 331 triples/s, errors=90)
  rows=319,164  triples=32,911,274  (6 ent/s, 333 triples/s, errors=92)
  rows=319,200  triples=32,913,391  (6 ent/s, 337 triples/s, errors=93)
  rows=319,231  triples=32,915,459  (6 ent/s, 340 triples/s, errors=94)
  rows=319,266  triples=32,917,503  (6 ent/s, 343 triples/s, errors=95)
  rows=319,301  triples=32,919,592  (6 ent/s, 346 triples/s, errors=99)
  rows=319,341  triples=32,921,719  (6 ent/s, 349 triples/s, errors=99)
  rows=319,398  triples=32,924,838  (6 ent/s, 353 triples/s, errors=100)
  rows=319,433  triples=32,927,018  (6 ent/s, 350 triples/s, errors=140)
  rows=319,483  triples=32,929,029  (6 ent/s, 352 triples/s, errors=146)
  rows=319,512  triples=32,931,104  (6 ent/s, 354 triples/s, errors=154)
  rows=319,542  triples=32,933,238  (6 ent/s, 355 triples/s, errors=164)
  rows=319,588  triples=32,936,310  (6 ent/s, 358 triples/s, errors=168)
  rows=319,633  triples=32,939,017  (6 ent/s, 359 triples/s, errors=170)
  rows=319,674  triples=32,942,086  (6 ent/s, 361 triples/s, errors=170)
  rows=319,707  triples=32,944,166  (6 ent/s, 362 triples/s, errors=172)
  rows=319,746  triples=32,946,246  (6 ent/s, 364 triples/s, errors=173)
  rows=319,787  triples=32,949,294  (6 ent/s, 365 triples/s, errors=201)
  rows=319,827  triples=32,952,096  (6 ent/s, 366 triples/s, errors=212)
  rows=319,875  triples=32,955,212  (6 ent/s, 368 triples/s, errors=216)
  rows=319,924  triples=32,958,255  (6 ent/s, 370 triples/s, errors=225)
  rows=319,958  triples=32,960,314  (6 ent/s, 371 triples/s, errors=225)
  rows=319,969  triples=32,960,314  (6 ent/s, 354 triples/s, errors=225)
  rows=320,000  triples=32,963,394  (6 ent/s, 357 triples/s, errors=226)
  rows=320,041  triples=32,966,305  (6 ent/s, 358 triples/s, errors=451)
  rows=320,085  triples=32,969,541  (6 ent/s, 360 triples/s, errors=456)
  rows=320,136  triples=32,972,683  (6 ent/s, 362 triples/s, errors=457)
  rows=320,162  triples=32,974,721  (6 ent/s, 363 triples/s, errors=460)
  rows=320,201  triples=32,977,571  (6 ent/s, 364 triples/s, errors=460)
  rows=320,232  triples=32,979,627  (6 ent/s, 365 triples/s, errors=474)
  rows=320,264  triples=32,981,776  (6 ent/s, 366 triples/s, errors=474)
  rows=320,314  triples=32,985,049  (6 ent/s, 367 triples/s, errors=475)
  rows=320,367  triples=32,987,349  (6 ent/s, 369 triples/s, errors=478)
  rows=320,401  triples=32,990,348  (6 ent/s, 370 triples/s, errors=509)
  rows=320,457  triples=32,993,478  (6 ent/s, 371 triples/s, errors=516)
  rows=320,517  triples=32,996,617  (6 ent/s, 373 triples/s, errors=520)
  rows=320,574  triples=32,999,803  (6 ent/s, 375 triples/s, errors=520)
  rows=320,618  triples=33,002,604  (6 ent/s, 375 triples/s, errors=520)
  rows=320,661  triples=33,005,711  (6 ent/s, 376 triples/s, errors=533)
  rows=320,712  triples=33,008,769  (6 ent/s, 377 triples/s, errors=533)
  rows=320,774  triples=33,011,808  (6 ent/s, 378 triples/s, errors=537)
  rows=320,822  triples=33,014,338  (6 ent/s, 378 triples/s, errors=537)
  rows=320,874  triples=33,017,480  (6 ent/s, 379 triples/s, errors=546)
  rows=320,934  triples=33,020,531  (6 ent/s, 380 triples/s, errors=548)
  rows=320,970  triples=33,022,758  (6 ent/s, 381 triples/s, errors=549)
  rows=321,021  triples=33,025,561  (6 ent/s, 381 triples/s, errors=550)
  rows=321,080  triples=33,028,905  (6 ent/s, 382 triples/s, errors=555)
  rows=321,124  triples=33,031,256  (6 ent/s, 383 triples/s, errors=560)
  rows=321,176  triples=33,034,379  (6 ent/s, 384 triples/s, errors=590)
  rows=321,214  triples=33,036,732  (6 ent/s, 384 triples/s, errors=593)
  rows=321,288  triples=33,040,114  (6 ent/s, 385 triples/s, errors=593)
  rows=321,341  triples=33,043,195  (6 ent/s, 386 triples/s, errors=601)
  rows=321,395  triples=33,046,352  (6 ent/s, 387 triples/s, errors=610)
  rows=321,439  triples=33,049,046  (6 ent/s, 387 triples/s, errors=611)
  rows=321,498  triples=33,052,214  (6 ent/s, 388 triples/s, errors=617)
  rows=321,555  triples=33,055,241  (6 ent/s, 388 triples/s, errors=622)
  rows=321,595  triples=33,058,381  (6 ent/s, 389 triples/s, errors=626)
  rows=321,631  triples=33,060,561  (6 ent/s, 388 triples/s, errors=627)
  rows=321,671  triples=33,063,672  (6 ent/s, 389 triples/s, errors=645)
  rows=321,719  triples=33,066,775  (6 ent/s, 390 triples/s, errors=653)
  rows=321,772  triples=33,069,844  (6 ent/s, 391 triples/s, errors=675)
  rows=321,787  triples=33,069,844  (6 ent/s, 382 triples/s, errors=675)
  rows=321,819  triples=33,072,622  (6 ent/s, 382 triples/s, errors=677)
  rows=321,868  triples=33,075,710  (6 ent/s, 383 triples/s, errors=677)
  rows=321,917  triples=33,078,889  (6 ent/s, 384 triples/s, errors=684)
  rows=321,960  triples=33,081,942  (6 ent/s, 385 triples/s, errors=686)
  rows=322,015  triples=33,084,976  (6 ent/s, 386 triples/s, errors=697)
  rows=322,066  triples=33,088,185  (6 ent/s, 386 triples/s, errors=711)
  rows=322,117  triples=33,091,315  (6 ent/s, 387 triples/s, errors=721)
  rows=322,159  triples=33,094,442  (6 ent/s, 388 triples/s, errors=729)
  rows=322,201  triples=33,097,104  (6 ent/s, 388 triples/s, errors=732)
  rows=322,251  triples=33,100,359  (6 ent/s, 389 triples/s, errors=743)
  rows=322,313  triples=33,103,441  (6 ent/s, 389 triples/s, errors=757)
  rows=322,365  triples=33,106,806  (6 ent/s, 391 triples/s, errors=760)
  rows=322,401  triples=33,109,404  (6 ent/s, 390 triples/s, errors=771)
  rows=322,441  triples=33,112,626  (6 ent/s, 391 triples/s, errors=777)
  rows=322,483  triples=33,115,864  (6 ent/s, 392 triples/s, errors=779)
  rows=322,545  triples=33,118,898  (6 ent/s, 393 triples/s, errors=779)
  rows=322,595  triples=33,122,003  (6 ent/s, 393 triples/s, errors=784)
  rows=322,633  triples=33,124,424  (6 ent/s, 393 triples/s, errors=786)
  rows=322,673  triples=33,127,528  (6 ent/s, 393 triples/s, errors=787)
  rows=322,716  triples=33,130,758  (6 ent/s, 394 triples/s, errors=795)
  rows=322,779  triples=33,134,104  (6 ent/s, 395 triples/s, errors=875)
  rows=322,820  triples=33,136,511  (6 ent/s, 394 triples/s, errors=875)
  rows=322,876  triples=33,139,616  (6 ent/s, 395 triples/s, errors=880)
  rows=322,922  triples=33,142,705  (6 ent/s, 396 triples/s, errors=893)
  rows=322,987  triples=33,145,815  (6 ent/s, 396 triples/s, errors=893)
  rows=323,034  triples=33,148,547  (6 ent/s, 396 triples/s, errors=900)
  rows=323,094  triples=33,151,608  (6 ent/s, 397 triples/s, errors=906)
  rows=323,164  triples=33,154,659  (7 ent/s, 397 triples/s, errors=907)
  rows=323,201  triples=33,156,456  (7 ent/s, 396 triples/s, errors=912)
  rows=323,236  triples=33,158,488  (7 ent/s, 396 triples/s, errors=918)
  rows=323,270  triples=33,160,529  (7 ent/s, 396 triples/s, errors=918)
  rows=323,305  triples=33,162,656  (7 ent/s, 396 triples/s, errors=919)
  rows=323,341  triples=33,164,738  (7 ent/s, 396 triples/s, errors=922)
  rows=323,391  triples=33,166,856  (7 ent/s, 395 triples/s, errors=925)
  rows=323,423  triples=33,168,224  (7 ent/s, 395 triples/s, errors=925)
  rows=323,460  triples=33,170,266  (7 ent/s, 394 triples/s, errors=937)
  rows=323,504  triples=33,172,384  (7 ent/s, 394 triples/s, errors=938)
  rows=323,549  triples=33,174,406  (7 ent/s, 394 triples/s, errors=940)
  rows=323,590  triples=33,176,493  (7 ent/s, 394 triples/s, errors=946)
  rows=323,605  triples=33,176,900  (6 ent/s, 387 triples/s, errors=946)
  rows=323,635  triples=33,179,006  (6 ent/s, 387 triples/s, errors=962)
  rows=323,673  triples=33,181,019  (6 ent/s, 387 triples/s, errors=972)
  rows=323,713  triples=33,183,172  (6 ent/s, 387 triples/s, errors=980)
  rows=323,752  triples=33,185,216  (6 ent/s, 387 triples/s, errors=983)
  rows=323,783  triples=33,187,356  (6 ent/s, 387 triples/s, errors=987)
  rows=323,822  triples=33,189,421  (6 ent/s, 387 triples/s, errors=991)
  rows=323,858  triples=33,191,461  (6 ent/s, 387 triples/s, errors=1000)
  rows=323,893  triples=33,193,611  (6 ent/s, 387 triples/s, errors=1000)
  rows=323,924  triples=33,195,704  (6 ent/s, 387 triples/s, errors=1002)
  rows=323,964  triples=33,197,796  (6 ent/s, 387 triples/s, errors=1008)
  rows=324,001  triples=33,199,726  (6 ent/s, 387 triples/s, errors=1011)
  rows=324,035  triples=33,201,757  (6 ent/s, 387 triples/s, errors=1019)
  rows=324,064  triples=33,203,844  (6 ent/s, 387 triples/s, errors=1030)
  rows=324,100  triples=33,205,873  (6 ent/s, 387 triples/s, errors=1034)
  rows=324,140  triples=33,207,937  (6 ent/s, 387 triples/s, errors=1035)
  rows=324,173  triples=33,210,106  (6 ent/s, 387 triples/s, errors=1037)
  rows=324,217  triples=33,212,635  (6 ent/s, 386 triples/s, errors=1046)
  rows=324,259  triples=33,214,721  (6 ent/s, 386 triples/s, errors=1046)
  rows=324,298  triples=33,216,988  (6 ent/s, 387 triples/s, errors=1070)
  rows=324,329  triples=33,219,150  (6 ent/s, 387 triples/s, errors=1076)
  rows=324,356  triples=33,221,173  (6 ent/s, 387 triples/s, errors=1085)
  rows=324,394  triples=33,223,265  (6 ent/s, 387 triples/s, errors=1091)
  rows=324,438  triples=33,225,702  (6 ent/s, 386 triples/s, errors=1099)
  rows=324,470  triples=33,227,747  (6 ent/s, 386 triples/s, errors=1108)
  rows=324,506  triples=33,229,880  (6 ent/s, 386 triples/s, errors=1108)
  rows=324,533  triples=33,231,965  (6 ent/s, 386 triples/s, errors=1120)
  rows=324,572  triples=33,233,996  (6 ent/s, 386 triples/s, errors=1125)
  rows=324,601  triples=33,235,594  (6 ent/s, 386 triples/s, errors=1126)
  rows=324,640  triples=33,237,624  (6 ent/s, 386 triples/s, errors=1127)
  rows=324,681  triples=33,239,758  (6 ent/s, 386 triples/s, errors=1130)
  rows=324,707  triples=33,241,777  (6 ent/s, 386 triples/s, errors=1133)
  rows=324,735  triples=33,243,859  (6 ent/s, 386 triples/s, errors=1138)
  rows=324,776  triples=33,246,018  (6 ent/s, 386 triples/s, errors=1138)
  rows=324,801  triples=33,247,560  (6 ent/s, 385 triples/s, errors=1147)
  rows=324,836  triples=33,249,828  (6 ent/s, 386 triples/s, errors=1153)
  rows=324,864  triples=33,251,944  (6 ent/s, 386 triples/s, errors=1165)
  rows=324,898  triples=33,253,988  (6 ent/s, 386 triples/s, errors=1168)
  rows=324,929  triples=33,256,087  (6 ent/s, 386 triples/s, errors=1175)
  rows=324,960  triples=33,258,233  (6 ent/s, 386 triples/s, errors=1182)
  rows=324,989  triples=33,260,359  (6 ent/s, 386 triples/s, errors=1195)
  rows=325,023  triples=33,262,965  (6 ent/s, 385 triples/s, errors=1207)
  rows=325,052  triples=33,265,055  (6 ent/s, 385 triples/s, errors=1224)
  rows=325,086  triples=33,267,261  (6 ent/s, 385 triples/s, errors=1247)
  rows=325,115  triples=33,269,303  (6 ent/s, 385 triples/s, errors=1250)
  rows=325,156  triples=33,271,420  (6 ent/s, 385 triples/s, errors=1265)
  rows=325,193  triples=33,273,450  (6 ent/s, 385 triples/s, errors=1279)
  rows=325,211  triples=33,275,113  (6 ent/s, 385 triples/s, errors=1286)
  rows=325,240  triples=33,277,159  (6 ent/s, 385 triples/s, errors=1310)
  rows=325,271  triples=33,279,200  (6 ent/s, 385 triples/s, errors=1341)
  rows=325,297  triples=33,281,281  (6 ent/s, 385 triples/s, errors=1344)
  rows=325,328  triples=33,283,362  (6 ent/s, 385 triples/s, errors=1350)
  rows=325,354  triples=33,285,639  (6 ent/s, 385 triples/s, errors=1357)
  rows=325,377  triples=33,287,709  (6 ent/s, 385 triples/s, errors=1362)
  rows=325,401  triples=33,289,623  (6 ent/s, 385 triples/s, errors=1369)
  rows=325,423  triples=33,290,696  (6 ent/s, 380 triples/s, errors=1374)
  rows=325,443  triples=33,292,736  (6 ent/s, 380 triples/s, errors=1374)
  rows=325,469  triples=33,294,766  (6 ent/s, 380 triples/s, errors=1389)
  rows=325,499  triples=33,296,970  (6 ent/s, 380 triples/s, errors=1398)
  rows=325,529  triples=33,298,978  (6 ent/s, 380 triples/s, errors=1405)
  rows=325,559  triples=33,301,118  (6 ent/s, 380 triples/s, errors=1430)
  rows=325,589  triples=33,303,398  (6 ent/s, 381 triples/s, errors=1442)
  rows=325,620  triples=33,305,283  (6 ent/s, 381 triples/s, errors=1444)
  rows=325,637  triples=33,307,362  (6 ent/s, 381 triples/s, errors=1445)
  rows=325,665  triples=33,309,526  (6 ent/s, 381 triples/s, errors=1454)
  rows=325,692  triples=33,311,580  (6 ent/s, 381 triples/s, errors=1463)
  rows=325,732  triples=33,313,887  (6 ent/s, 381 triples/s, errors=1463)
  rows=325,765  triples=33,315,988  (6 ent/s, 381 triples/s, errors=1463)
  rows=325,799  triples=33,318,086  (6 ent/s, 381 triples/s, errors=1463)
  rows=325,838  triples=33,320,197  (6 ent/s, 380 triples/s, errors=1466)
  rows=325,883  triples=33,322,512  (6 ent/s, 380 triples/s, errors=1473)
  rows=325,923  triples=33,324,538  (6 ent/s, 380 triples/s, errors=1476)
  rows=325,961  triples=33,326,758  (6 ent/s, 381 triples/s, errors=1477)
  rows=325,992  triples=33,328,831  (6 ent/s, 381 triples/s, errors=1480)
  rows=326,016  triples=33,330,366  (6 ent/s, 380 triples/s, errors=1480)
  rows=326,045  triples=33,332,483  (6 ent/s, 380 triples/s, errors=1483)
  rows=326,077  triples=33,334,538  (6 ent/s, 380 triples/s, errors=1502)
  rows=326,109  triples=33,336,663  (6 ent/s, 380 triples/s, errors=1511)
  rows=326,137  triples=33,338,716  (6 ent/s, 380 triples/s, errors=1520)
  rows=326,178  triples=33,340,893  (6 ent/s, 380 triples/s, errors=1525)
  rows=326,218  triples=33,343,018  (6 ent/s, 381 triples/s, errors=1525)
  rows=326,246  triples=33,345,046  (6 ent/s, 381 triples/s, errors=1527)
  rows=326,282  triples=33,347,136  (6 ent/s, 381 triples/s, errors=1533)
  rows=326,316  triples=33,349,258  (6 ent/s, 381 triples/s, errors=1536)
  rows=326,350  triples=33,351,340  (6 ent/s, 381 triples/s, errors=1538)
  rows=326,391  triples=33,353,441  (6 ent/s, 381 triples/s, errors=1542)
  rows=326,420  triples=33,355,168  (6 ent/s, 381 triples/s, errors=1543)
  rows=326,470  triples=33,358,251  (6 ent/s, 381 triples/s, errors=1547)
  rows=326,506  triples=33,360,387  (6 ent/s, 381 triples/s, errors=1554)
  rows=326,529  triples=33,362,509  (6 ent/s, 381 triples/s, errors=1563)
  rows=326,572  triples=33,364,683  (6 ent/s, 381 triples/s, errors=1564)
  rows=326,600  triples=33,366,696  (6 ent/s, 381 triples/s, errors=1567)
  rows=326,615  triples=33,367,951  (6 ent/s, 381 triples/s, errors=1577)
  rows=326,642  triples=33,369,972  (6 ent/s, 381 triples/s, errors=1591)
  rows=326,685  triples=33,372,005  (6 ent/s, 381 triples/s, errors=1595)
  rows=326,714  triples=33,374,074  (6 ent/s, 381 triples/s, errors=1598)
  rows=326,746  triples=33,376,233  (6 ent/s, 381 triples/s, errors=1600)
  rows=326,772  triples=33,378,407  (6 ent/s, 381 triples/s, errors=1604)
  rows=326,800  triples=33,380,483  (6 ent/s, 381 triples/s, errors=1618)
  rows=326,833  triples=33,382,645  (6 ent/s, 381 triples/s, errors=1639)
  rows=326,873  triples=33,385,750  (6 ent/s, 381 triples/s, errors=1661)
  rows=326,894  triples=33,387,782  (6 ent/s, 381 triples/s, errors=1674)
  rows=326,914  triples=33,389,878  (6 ent/s, 381 triples/s, errors=1702)
  rows=326,938  triples=33,391,976  (6 ent/s, 381 triples/s, errors=1712)
  rows=326,972  triples=33,394,095  (6 ent/s, 381 triples/s, errors=1727)
  rows=326,999  triples=33,396,293  (6 ent/s, 381 triples/s, errors=1733)
  rows=327,035  triples=33,398,378  (6 ent/s, 381 triples/s, errors=1735)
  rows=327,073  triples=33,400,388  (6 ent/s, 381 triples/s, errors=1745)
  rows=327,107  triples=33,402,539  (6 ent/s, 381 triples/s, errors=1748)
  rows=327,133  triples=33,404,636  (6 ent/s, 381 triples/s, errors=1761)
  rows=327,161  triples=33,406,726  (6 ent/s, 381 triples/s, errors=1780)
  rows=327,191  triples=33,408,799  (6 ent/s, 381 triples/s, errors=1789)
  rows=327,210  triples=33,410,562  (6 ent/s, 381 triples/s, errors=1789)
  rows=327,241  triples=33,411,614  (6 ent/s, 377 triples/s, errors=1793)
  rows=327,257  triples=33,413,677  (6 ent/s, 377 triples/s, errors=1809)
  rows=327,280  triples=33,415,766  (6 ent/s, 377 triples/s, errors=1823)
  rows=327,308  triples=33,417,875  (6 ent/s, 377 triples/s, errors=1830)
  rows=327,333  triples=33,420,034  (6 ent/s, 377 triples/s, errors=1832)
  rows=327,357  triples=33,422,064  (6 ent/s, 377 triples/s, errors=1841)
  rows=327,383  triples=33,424,359  (6 ent/s, 377 triples/s, errors=1844)
  rows=327,401  triples=33,425,931  (6 ent/s, 377 triples/s, errors=1859)
  rows=327,427  triples=33,428,044  (6 ent/s, 377 triples/s, errors=1862)
  rows=327,452  triples=33,430,206  (6 ent/s, 377 triples/s, errors=1868)
  rows=327,487  triples=33,432,321  (6 ent/s, 377 triples/s, errors=1884)
  rows=327,511  triples=33,434,477  (6 ent/s, 377 triples/s, errors=1890)
  rows=327,543  triples=33,436,654  (6 ent/s, 377 triples/s, errors=1903)
  rows=327,574  triples=33,438,754  (6 ent/s, 377 triples/s, errors=1916)
  rows=327,615  triples=33,441,062  (6 ent/s, 377 triples/s, errors=1923)
  rows=327,644  triples=33,443,103  (6 ent/s, 377 triples/s, errors=1927)
  rows=327,671  triples=33,445,178  (6 ent/s, 377 triples/s, errors=1936)
  rows=327,699  triples=33,447,239  (6 ent/s, 377 triples/s, errors=1943)
  rows=327,735  triples=33,449,348  (6 ent/s, 377 triples/s, errors=1946)
  rows=327,756  triples=33,451,394  (6 ent/s, 377 triples/s, errors=1952)
  rows=327,787  triples=33,453,600  (6 ent/s, 377 triples/s, errors=1954)
  rows=327,820  triples=33,455,660  (6 ent/s, 377 triples/s, errors=1959)
  rows=327,853  triples=33,457,715  (6 ent/s, 377 triples/s, errors=1972)
  rows=327,883  triples=33,459,835  (6 ent/s, 377 triples/s, errors=1973)
  rows=327,913  triples=33,461,940  (6 ent/s, 378 triples/s, errors=1979)
  rows=327,946  triples=33,464,206  (6 ent/s, 377 triples/s, errors=2014)
  rows=327,974  triples=33,466,254  (6 ent/s, 377 triples/s, errors=2023)
  rows=328,001  triples=33,467,943  (6 ent/s, 377 triples/s, errors=2025)
  rows=328,034  triples=33,469,987  (6 ent/s, 377 triples/s, errors=2027)
  rows=328,062  triples=33,472,027  (6 ent/s, 377 triples/s, errors=2031)
  rows=328,088  triples=33,474,075  (6 ent/s, 377 triples/s, errors=2038)
  rows=328,125  triples=33,476,224  (6 ent/s, 377 triples/s, errors=2039)
  rows=328,161  triples=33,478,555  (6 ent/s, 377 triples/s, errors=2085)
  rows=328,199  triples=33,480,606  (6 ent/s, 378 triples/s, errors=2087)
  rows=328,236  triples=33,482,706  (6 ent/s, 377 triples/s, errors=2087)
  rows=328,268  triples=33,484,705  (6 ent/s, 377 triples/s, errors=2097)
  rows=328,302  triples=33,486,792  (6 ent/s, 377 triples/s, errors=2105)
  rows=328,338  triples=33,488,928  (6 ent/s, 377 triples/s, errors=2107)
  rows=328,376  triples=33,491,195  (6 ent/s, 377 triples/s, errors=2118)
  rows=328,401  triples=33,492,864  (6 ent/s, 377 triples/s, errors=2119)
  rows=328,430  triples=33,494,869  (6 ent/s, 377 triples/s, errors=2134)
  rows=328,464  triples=33,496,947  (6 ent/s, 377 triples/s, errors=2134)
  rows=328,491  triples=33,498,978  (6 ent/s, 377 triples/s, errors=2136)
  rows=328,518  triples=33,501,043  (6 ent/s, 377 triples/s, errors=2158)
  rows=328,547  triples=33,503,101  (6 ent/s, 377 triples/s, errors=2186)
  rows=328,571  triples=33,505,171  (6 ent/s, 377 triples/s, errors=2397)
  rows=328,601  triples=33,506,838  (6 ent/s, 377 triples/s, errors=2407)
  rows=328,626  triples=33,509,098  (6 ent/s, 377 triples/s, errors=2412)
  rows=328,664  triples=33,511,148  (6 ent/s, 377 triples/s, errors=2421)
  rows=328,699  triples=33,513,252  (6 ent/s, 377 triples/s, errors=2425)
  rows=328,737  triples=33,515,294  (6 ent/s, 377 triples/s, errors=2430)
  rows=328,761  triples=33,517,562  (6 ent/s, 377 triples/s, errors=2432)
  rows=328,801  triples=33,519,415  (6 ent/s, 377 triples/s, errors=2433)
  rows=328,845  triples=33,521,486  (6 ent/s, 377 triples/s, errors=2438)
  rows=328,874  triples=33,523,568  (6 ent/s, 377 triples/s, errors=2601)
  rows=328,925  triples=33,525,635  (6 ent/s, 377 triples/s, errors=2602)
  rows=328,971  triples=33,527,725  (6 ent/s, 377 triples/s, errors=2602)
  rows=329,021  triples=33,530,235  (6 ent/s, 377 triples/s, errors=2602)
  rows=329,054  triples=33,532,461  (6 ent/s, 377 triples/s, errors=2614)
  rows=329,059  triples=33,532,461  (6 ent/s, 374 triples/s, errors=2614)
  rows=329,090  triples=33,534,662  (6 ent/s, 374 triples/s, errors=2617)
  rows=329,119  triples=33,536,684  (6 ent/s, 374 triples/s, errors=2623)
  rows=329,152  triples=33,538,823  (6 ent/s, 374 triples/s, errors=2627)
  rows=329,184  triples=33,540,870  (6 ent/s, 374 triples/s, errors=2633)
  rows=329,215  triples=33,542,702  (6 ent/s, 374 triples/s, errors=2642)
  rows=329,249  triples=33,544,729  (6 ent/s, 374 triples/s, errors=2645)
  rows=329,275  triples=33,546,804  (6 ent/s, 374 triples/s, errors=2645)
  rows=329,308  triples=33,548,850  (6 ent/s, 374 triples/s, errors=2649)
  rows=329,342  triples=33,550,914  (6 ent/s, 374 triples/s, errors=2656)
  rows=329,374  triples=33,552,979  (6 ent/s, 374 triples/s, errors=2671)
  rows=329,401  triples=33,554,773  (6 ent/s, 374 triples/s, errors=2671)
  rows=329,426  triples=33,556,915  (6 ent/s, 374 triples/s, errors=2676)
  rows=329,461  triples=33,559,120  (6 ent/s, 374 triples/s, errors=2687)
  rows=329,494  triples=33,561,177  (6 ent/s, 374 triples/s, errors=2688)
  rows=329,529  triples=33,563,540  (6 ent/s, 374 triples/s, errors=2692)
  rows=329,564  triples=33,565,620  (6 ent/s, 374 triples/s, errors=2695)
  rows=329,594  triples=33,567,770  (6 ent/s, 374 triples/s, errors=2703)
  rows=329,635  triples=33,570,081  (6 ent/s, 374 triples/s, errors=2704)
  rows=329,666  triples=33,572,181  (6 ent/s, 374 triples/s, errors=2709)
  rows=329,695  triples=33,574,283  (6 ent/s, 374 triples/s, errors=2722)
  rows=329,735  triples=33,576,337  (6 ent/s, 374 triples/s, errors=2731)
  rows=329,763  triples=33,578,422  (6 ent/s, 374 triples/s, errors=2731)
  rows=329,795  triples=33,580,503  (6 ent/s, 374 triples/s, errors=2731)
  rows=329,814  triples=33,582,084  (6 ent/s, 374 triples/s, errors=2738)
  rows=329,841  triples=33,584,177  (6 ent/s, 374 triples/s, errors=2746)
  rows=329,873  triples=33,586,264  (6 ent/s, 374 triples/s, errors=2747)
  rows=329,897  triples=33,588,459  (6 ent/s, 374 triples/s, errors=2760)
  rows=329,919  triples=33,590,601  (6 ent/s, 374 triples/s, errors=2772)
  rows=329,944  triples=33,592,747  (6 ent/s, 374 triples/s, errors=2776)
  rows=329,972  triples=33,594,931  (6 ent/s, 374 triples/s, errors=2787)
  rows=330,001  triples=33,596,812  (6 ent/s, 374 triples/s, errors=2795)
  rows=330,022  triples=33,599,109  (6 ent/s, 374 triples/s, errors=2802)
  rows=330,052  triples=33,601,324  (6 ent/s, 374 triples/s, errors=2803)
  rows=330,078  triples=33,603,408  (6 ent/s, 375 triples/s, errors=2805)
  rows=330,112  triples=33,605,474  (6 ent/s, 375 triples/s, errors=2808)
  rows=330,151  triples=33,607,573  (6 ent/s, 375 triples/s, errors=2810)
  rows=330,189  triples=33,609,804  (6 ent/s, 375 triples/s, errors=2813)
  rows=330,232  triples=33,612,570  (6 ent/s, 370 triples/s, errors=2817)
  rows=330,257  triples=33,614,640  (6 ent/s, 370 triples/s, errors=2834)
  rows=330,282  triples=33,616,713  (6 ent/s, 370 triples/s, errors=2840)
  rows=330,318  triples=33,618,978  (6 ent/s, 369 triples/s, errors=2869)
  rows=330,335  triples=33,620,039  (6 ent/s, 369 triples/s, errors=2871)
  rows=330,357  triples=33,621,088  (6 ent/s, 368 triples/s, errors=2876)
  rows=330,374  triples=33,622,103  (6 ent/s, 367 triples/s, errors=2881)
  rows=330,386  triples=33,623,137  (6 ent/s, 367 triples/s, errors=2881)
  rows=330,410  triples=33,625,174  (6 ent/s, 367 triples/s, errors=2891)
  rows=330,448  triples=33,627,366  (6 ent/s, 367 triples/s, errors=2895)
  rows=330,483  triples=33,629,705  (6 ent/s, 367 triples/s, errors=2900)
  rows=330,511  triples=33,631,753  (6 ent/s, 367 triples/s, errors=2901)
  rows=330,538  triples=33,633,919  (6 ent/s, 367 triples/s, errors=2906)
  rows=330,563  triples=33,635,964  (6 ent/s, 367 triples/s, errors=2923)
  rows=330,589  triples=33,638,042  (6 ent/s, 367 triples/s, errors=2942)
  rows=330,610  triples=33,639,728  (6 ent/s, 367 triples/s, errors=2944)
  rows=330,636  triples=33,641,762  (6 ent/s, 367 triples/s, errors=2944)
  rows=330,668  triples=33,643,826  (6 ent/s, 367 triples/s, errors=2954)
  rows=330,697  triples=33,646,013  (6 ent/s, 367 triples/s, errors=2955)
  rows=330,719  triples=33,648,029  (6 ent/s, 367 triples/s, errors=2960)
  rows=330,754  triples=33,650,123  (6 ent/s, 367 triples/s, errors=2970)
  rows=330,783  triples=33,652,345  (6 ent/s, 367 triples/s, errors=2974)
  rows=330,820  triples=33,654,265  (6 ent/s, 367 triples/s, errors=2986)
  rows=330,855  triples=33,656,320  (6 ent/s, 367 triples/s, errors=2994)
  rows=330,877  triples=33,657,399  (6 ent/s, 364 triples/s, errors=2995)
  rows=330,903  triples=33,659,460  (6 ent/s, 364 triples/s, errors=3012)
  rows=330,937  triples=33,661,615  (6 ent/s, 365 triples/s, errors=3032)
  rows=330,967  triples=33,663,623  (6 ent/s, 364 triples/s, errors=3047)
  rows=330,996  triples=33,665,668  (6 ent/s, 365 triples/s, errors=3049)
  rows=331,035  triples=33,667,876  (6 ent/s, 364 triples/s, errors=3051)
  rows=331,065  triples=33,669,960  (6 ent/s, 364 triples/s, errors=3053)
  rows=331,100  triples=33,672,033  (6 ent/s, 364 triples/s, errors=3068)
  rows=331,136  triples=33,674,113  (6 ent/s, 364 triples/s, errors=3075)
  rows=331,165  triples=33,676,230  (6 ent/s, 364 triples/s, errors=3087)
  rows=331,201  triples=33,677,955  (6 ent/s, 364 triples/s, errors=3113)
  rows=331,228  triples=33,680,029  (6 ent/s, 364 triples/s, errors=3114)
  rows=331,264  triples=33,682,122  (6 ent/s, 364 triples/s, errors=3116)
  rows=331,297  triples=33,684,200  (6 ent/s, 364 triples/s, errors=3117)
  rows=331,334  triples=33,686,262  (6 ent/s, 364 triples/s, errors=3121)
  rows=331,364  triples=33,688,404  (6 ent/s, 364 triples/s, errors=3123)
  rows=331,401  triples=33,690,364  (6 ent/s, 364 triples/s, errors=3123)
  rows=331,441  triples=33,692,450  (6 ent/s, 364 triples/s, errors=3126)
  rows=331,483  triples=33,694,487  (6 ent/s, 364 triples/s, errors=3127)
  rows=331,517  triples=33,696,627  (6 ent/s, 364 triples/s, errors=3129)
  rows=331,563  triples=33,698,668  (6 ent/s, 364 triples/s, errors=3134)
  rows=331,594  triples=33,700,749  (6 ent/s, 364 triples/s, errors=3142)
  rows=331,615  triples=33,702,038  (6 ent/s, 364 triples/s, errors=3157)
  rows=331,649  triples=33,704,092  (6 ent/s, 364 triples/s, errors=3175)
  rows=331,689  triples=33,706,144  (6 ent/s, 364 triples/s, errors=3175)
  rows=331,725  triples=33,708,415  (6 ent/s, 364 triples/s, errors=3190)
  rows=331,753  triples=33,710,465  (6 ent/s, 364 triples/s, errors=3214)
  rows=331,786  triples=33,712,509  (6 ent/s, 364 triples/s, errors=3218)
  rows=331,818  triples=33,714,527  (6 ent/s, 364 triples/s, errors=3235)
  rows=331,840  triples=33,716,685  (6 ent/s, 364 triples/s, errors=3239)
  rows=331,870  triples=33,718,738  (6 ent/s, 364 triples/s, errors=3249)
  rows=331,896  triples=33,720,910  (6 ent/s, 364 triples/s, errors=3250)
  rows=331,925  triples=33,722,958  (6 ent/s, 364 triples/s, errors=3260)
  rows=331,957  triples=33,724,995  (6 ent/s, 364 triples/s, errors=3265)
  rows=331,990  triples=33,727,075  (6 ent/s, 365 triples/s, errors=3270)
  rows=332,017  triples=33,729,066  (6 ent/s, 364 triples/s, errors=3280)
  rows=332,050  triples=33,731,086  (6 ent/s, 364 triples/s, errors=3283)
  rows=332,082  triples=33,733,156  (6 ent/s, 364 triples/s, errors=3290)
  rows=332,117  triples=33,735,239  (6 ent/s, 365 triples/s, errors=3311)
  rows=332,143  triples=33,737,294  (6 ent/s, 365 triples/s, errors=3341)
  rows=332,168  triples=33,739,389  (6 ent/s, 365 triples/s, errors=3353)
  rows=332,195  triples=33,741,414  (6 ent/s, 365 triples/s, errors=3356)
  rows=332,211  triples=33,742,774  (6 ent/s, 364 triples/s, errors=3358)
  rows=332,237  triples=33,744,808  (6 ent/s, 364 triples/s, errors=3360)
  rows=332,275  triples=33,746,887  (6 ent/s, 364 triples/s, errors=3362)
  rows=332,309  triples=33,749,069  (6 ent/s, 365 triples/s, errors=3364)
  rows=332,341  triples=33,751,284  (6 ent/s, 365 triples/s, errors=3474)
  rows=332,371  triples=33,753,420  (6 ent/s, 365 triples/s, errors=3506)
  rows=332,401  triples=33,755,321  (6 ent/s, 365 triples/s, errors=3512)
  rows=332,431  triples=33,757,339  (6 ent/s, 365 triples/s, errors=3518)
  rows=332,460  triples=33,759,431  (6 ent/s, 365 triples/s, errors=3526)
  rows=332,484  triples=33,761,457  (6 ent/s, 365 triples/s, errors=3539)
  rows=332,513  triples=33,763,515  (6 ent/s, 365 triples/s, errors=3544)
  rows=332,544  triples=33,765,560  (6 ent/s, 365 triples/s, errors=3552)
  rows=332,569  triples=33,767,717  (6 ent/s, 365 triples/s, errors=3558)
  rows=332,599  triples=33,769,759  (6 ent/s, 365 triples/s, errors=3577)
  rows=332,629  triples=33,771,947  (6 ent/s, 365 triples/s, errors=3577)
  rows=332,658  triples=33,774,051  (6 ent/s, 365 triples/s, errors=3579)
  rows=332,683  triples=33,776,148  (6 ent/s, 365 triples/s, errors=3581)
  rows=332,695  triples=33,776,148  (6 ent/s, 363 triples/s, errors=3581)
  rows=332,705  triples=33,778,337  (6 ent/s, 363 triples/s, errors=3595)
  rows=332,732  triples=33,780,486  (6 ent/s, 363 triples/s, errors=3595)
  rows=332,763  triples=33,782,607  (6 ent/s, 363 triples/s, errors=3595)
  rows=332,796  triples=33,784,705  (6 ent/s, 363 triples/s, errors=3597)
  rows=332,819  triples=33,786,121  (6 ent/s, 363 triples/s, errors=3603)
  rows=332,841  triples=33,788,180  (6 ent/s, 363 triples/s, errors=3608)
  rows=332,871  triples=33,790,218  (6 ent/s, 363 triples/s, errors=3609)
  rows=332,896  triples=33,792,230  (6 ent/s, 363 triples/s, errors=3615)
  rows=332,935  triples=33,794,330  (6 ent/s, 363 triples/s, errors=3657)
  rows=332,961  triples=33,796,384  (6 ent/s, 364 triples/s, errors=3660)
  rows=332,995  triples=33,798,504  (6 ent/s, 364 triples/s, errors=3672)
  rows=333,034  triples=33,799,928  (6 ent/s, 363 triples/s, errors=3683)
  rows=333,064  triples=33,801,974  (6 ent/s, 363 triples/s, errors=3683)
  rows=333,091  triples=33,803,988  (6 ent/s, 364 triples/s, errors=3686)
  rows=333,116  triples=33,805,994  (6 ent/s, 364 triples/s, errors=3688)
  rows=333,148  triples=33,808,216  (6 ent/s, 364 triples/s, errors=3716)
  rows=333,172  triples=33,810,296  (6 ent/s, 364 triples/s, errors=3723)
  rows=333,216  triples=33,812,687  (6 ent/s, 364 triples/s, errors=3732)
  rows=333,242  triples=33,814,746  (6 ent/s, 364 triples/s, errors=3780)
  rows=333,265  triples=33,816,842  (6 ent/s, 364 triples/s, errors=3784)
  rows=333,292  triples=33,818,882  (6 ent/s, 364 triples/s, errors=3786)
  rows=333,326  triples=33,821,966  (6 ent/s, 364 triples/s, errors=3796)
  rows=333,358  triples=33,824,069  (6 ent/s, 364 triples/s, errors=3817)
  rows=333,391  triples=33,826,188  (6 ent/s, 364 triples/s, errors=3839)
  rows=333,434  triples=33,828,768  (6 ent/s, 364 triples/s, errors=3841)
  rows=333,460  triples=33,830,818  (6 ent/s, 364 triples/s, errors=3846)
  rows=333,497  triples=33,832,917  (6 ent/s, 364 triples/s, errors=3889)
  rows=333,529  triples=33,834,958  (6 ent/s, 364 triples/s, errors=3893)
  rows=333,562  triples=33,836,984  (6 ent/s, 364 triples/s, errors=3898)
  rows=333,597  triples=33,839,010  (6 ent/s, 364 triples/s, errors=3898)
  rows=333,630  triples=33,841,239  (6 ent/s, 364 triples/s, errors=3909)
  rows=333,663  triples=33,843,403  (6 ent/s, 364 triples/s, errors=3916)
  rows=333,696  triples=33,845,395  (6 ent/s, 364 triples/s, errors=3947)
  rows=333,724  triples=33,847,594  (6 ent/s, 365 triples/s, errors=3966)
  rows=333,754  triples=33,849,732  (6 ent/s, 365 triples/s, errors=3989)
  rows=333,786  triples=33,851,833  (6 ent/s, 365 triples/s, errors=3999)
  rows=333,812  triples=33,853,699  (6 ent/s, 365 triples/s, errors=4012)
  rows=333,846  triples=33,855,908  (6 ent/s, 365 triples/s, errors=4018)
  rows=333,879  triples=33,857,961  (6 ent/s, 365 triples/s, errors=4020)
  rows=333,908  triples=33,860,007  (6 ent/s, 365 triples/s, errors=4020)
  rows=333,936  triples=33,862,145  (6 ent/s, 365 triples/s, errors=4025)
  rows=333,972  triples=33,864,134  (6 ent/s, 365 triples/s, errors=4042)
  rows=334,013  triples=33,866,600  (6 ent/s, 365 triples/s, errors=4045)
  rows=334,056  triples=33,868,802  (6 ent/s, 365 triples/s, errors=4051)
  rows=334,098  triples=33,870,890  (6 ent/s, 365 triples/s, errors=4053)
  rows=334,124  triples=33,872,986  (6 ent/s, 365 triples/s, errors=4054)
  rows=334,150  triples=33,875,103  (6 ent/s, 365 triples/s, errors=4077)
  rows=334,200  triples=33,878,203  (6 ent/s, 365 triples/s, errors=4090)
  rows=334,231  triples=33,880,204  (6 ent/s, 365 triples/s, errors=4098)
  rows=334,254  triples=33,882,249  (6 ent/s, 365 triples/s, errors=4113)
  rows=334,286  triples=33,884,310  (6 ent/s, 366 triples/s, errors=4113)
  rows=334,315  triples=33,886,374  (6 ent/s, 366 triples/s, errors=4114)
  rows=334,340  triples=33,888,506  (6 ent/s, 366 triples/s, errors=4122)
  rows=334,370  triples=33,890,623  (6 ent/s, 366 triples/s, errors=4130)
  rows=334,417  triples=33,892,929  (6 ent/s, 366 triples/s, errors=4143)
  rows=334,451  triples=33,894,958  (6 ent/s, 366 triples/s, errors=4147)
  rows=334,485  triples=33,897,068  (6 ent/s, 366 triples/s, errors=4151)
  rows=334,513  triples=33,898,168  (6 ent/s, 364 triples/s, errors=4154)
  rows=334,542  triples=33,900,310  (6 ent/s, 364 triples/s, errors=4160)
  rows=334,571  triples=33,902,340  (6 ent/s, 364 triples/s, errors=4170)
  rows=334,601  triples=33,904,191  (6 ent/s, 364 triples/s, errors=4174)
  rows=334,626  triples=33,906,249  (6 ent/s, 364 triples/s, errors=4192)
  rows=334,654  triples=33,908,337  (6 ent/s, 364 triples/s, errors=4213)
  rows=334,682  triples=33,910,439  (6 ent/s, 364 triples/s, errors=4224)
  rows=334,713  triples=33,912,566  (6 ent/s, 364 triples/s, errors=4233)
  rows=334,753  triples=33,914,624  (6 ent/s, 364 triples/s, errors=4234)
  rows=334,786  triples=33,916,809  (6 ent/s, 364 triples/s, errors=4239)
  rows=334,823  triples=33,918,940  (6 ent/s, 365 triples/s, errors=4240)
  rows=334,858  triples=33,921,130  (6 ent/s, 365 triples/s, errors=4248)
  rows=334,887  triples=33,923,279  (6 ent/s, 365 triples/s, errors=4256)
  rows=334,918  triples=33,925,379  (6 ent/s, 365 triples/s, errors=4275)
  rows=334,954  triples=33,927,373  (6 ent/s, 365 triples/s, errors=4298)
  rows=334,991  triples=33,929,457  (6 ent/s, 365 triples/s, errors=4301)
  rows=335,031  triples=33,932,238  (6 ent/s, 365 triples/s, errors=4301)
  rows=335,060  triples=33,934,416  (6 ent/s, 365 triples/s, errors=4307)
  rows=335,102  triples=33,936,528  (6 ent/s, 365 triples/s, errors=4315)
  rows=335,129  triples=33,938,571  (6 ent/s, 365 triples/s, errors=4327)
  rows=335,159  triples=33,940,779  (6 ent/s, 365 triples/s, errors=4330)
  rows=335,185  triples=33,942,851  (6 ent/s, 365 triples/s, errors=4331)
  rows=335,217  triples=33,944,685  (6 ent/s, 365 triples/s, errors=4337)
  rows=335,245  triples=33,946,803  (6 ent/s, 366 triples/s, errors=4338)
  rows=335,281  triples=33,948,821  (6 ent/s, 366 triples/s, errors=4356)
  rows=335,312  triples=33,951,012  (6 ent/s, 366 triples/s, errors=4363)
  rows=335,343  triples=33,953,039  (6 ent/s, 366 triples/s, errors=4364)
  rows=335,373  triples=33,955,063  (6 ent/s, 366 triples/s, errors=4425)
  rows=335,401  triples=33,956,852  (6 ent/s, 366 triples/s, errors=4428)
  rows=335,430  triples=33,958,947  (6 ent/s, 366 triples/s, errors=4445)
  rows=335,466  triples=33,961,023  (6 ent/s, 366 triples/s, errors=4462)
  rows=335,498  triples=33,963,168  (6 ent/s, 366 triples/s, errors=4462)
  rows=335,529  triples=33,965,193  (6 ent/s, 366 triples/s, errors=4479)
  rows=335,553  triples=33,967,326  (6 ent/s, 366 triples/s, errors=4484)
  rows=335,588  triples=33,969,415  (6 ent/s, 366 triples/s, errors=4500)
  rows=335,624  triples=33,971,348  (6 ent/s, 366 triples/s, errors=4516)
  rows=335,654  triples=33,974,451  (6 ent/s, 366 triples/s, errors=4519)
  rows=335,713  triples=33,977,496  (6 ent/s, 366 triples/s, errors=4526)
  rows=335,751  triples=33,979,531  (6 ent/s, 367 triples/s, errors=4532)
  rows=335,801  triples=33,982,459  (6 ent/s, 367 triples/s, errors=4540)
  rows=335,849  triples=33,985,550  (6 ent/s, 367 triples/s, errors=4546)
  rows=335,883  triples=33,987,583  (6 ent/s, 367 triples/s, errors=4549)
  rows=335,923  triples=33,989,592  (6 ent/s, 367 triples/s, errors=4558)
  rows=335,944  triples=33,991,650  (6 ent/s, 367 triples/s, errors=4574)
  rows=335,981  triples=33,994,747  (6 ent/s, 367 triples/s, errors=4603)
  rows=336,020  triples=33,996,871  (6 ent/s, 367 triples/s, errors=4607)
  rows=336,056  triples=33,999,302  (6 ent/s, 367 triples/s, errors=4639)
  rows=336,093  triples=34,001,366  (6 ent/s, 367 triples/s, errors=4646)
  rows=336,126  triples=34,003,483  (6 ent/s, 367 triples/s, errors=4646)
  rows=336,163  triples=34,005,530  (6 ent/s, 367 triples/s, errors=4648)
  rows=336,187  triples=34,007,663  (6 ent/s, 367 triples/s, errors=4662)
  rows=336,237  triples=34,010,656  (6 ent/s, 368 triples/s, errors=4690)
  rows=336,266  triples=34,012,697  (6 ent/s, 368 triples/s, errors=4693)
  rows=336,312  triples=34,015,839  (6 ent/s, 368 triples/s, errors=4711)
  rows=336,331  triples=34,016,915  (6 ent/s, 366 triples/s, errors=4711)
  rows=336,375  triples=34,019,196  (6 ent/s, 366 triples/s, errors=4711)
  rows=336,401  triples=34,021,846  (6 ent/s, 366 triples/s, errors=4716)
  rows=336,447  triples=34,024,981  (6 ent/s, 366 triples/s, errors=4731)
  rows=336,480  triples=34,027,026  (6 ent/s, 366 triples/s, errors=4753)
  rows=336,505  triples=34,029,065  (6 ent/s, 366 triples/s, errors=4761)
  rows=336,560  triples=34,032,238  (6 ent/s, 367 triples/s, errors=4774)
  rows=336,588  triples=34,034,540  (6 ent/s, 367 triples/s, errors=4774)
  rows=336,629  triples=34,037,514  (6 ent/s, 367 triples/s, errors=4797)
  rows=336,655  triples=34,039,589  (6 ent/s, 367 triples/s, errors=4820)
  rows=336,682  triples=34,041,674  (6 ent/s, 367 triples/s, errors=4822)
  rows=336,714  triples=34,043,818  (6 ent/s, 367 triples/s, errors=4839)
  rows=336,760  triples=34,045,849  (6 ent/s, 367 triples/s, errors=4841)
  rows=336,798  triples=34,047,927  (6 ent/s, 367 triples/s, errors=4852)
  rows=336,829  triples=34,050,151  (6 ent/s, 367 triples/s, errors=4858)
  rows=336,860  triples=34,052,210  (6 ent/s, 367 triples/s, errors=4873)
  rows=336,890  triples=34,054,298  (6 ent/s, 367 triples/s, errors=4876)
  rows=336,921  triples=34,056,351  (6 ent/s, 367 triples/s, errors=4877)
  rows=336,956  triples=34,058,422  (6 ent/s, 367 triples/s, errors=4879)
  rows=336,991  triples=34,060,729  (6 ent/s, 367 triples/s, errors=4879)
  rows=337,024  triples=34,062,436  (6 ent/s, 367 triples/s, errors=4886)
  rows=337,048  triples=34,064,546  (6 ent/s, 367 triples/s, errors=4900)
  rows=337,078  triples=34,066,705  (6 ent/s, 367 triples/s, errors=4912)
  rows=337,105  triples=34,068,733  (6 ent/s, 367 triples/s, errors=4921)
  rows=337,138  triples=34,070,899  (6 ent/s, 367 triples/s, errors=4921)
  rows=337,170  triples=34,073,043  (6 ent/s, 367 triples/s, errors=4921)
  rows=337,201  triples=34,075,058  (6 ent/s, 367 triples/s, errors=4922)
  rows=337,235  triples=34,077,138  (6 ent/s, 367 triples/s, errors=4924)
  rows=337,260  triples=34,079,200  (6 ent/s, 367 triples/s, errors=4927)
  rows=337,286  triples=34,081,397  (6 ent/s, 367 triples/s, errors=4935)
  rows=337,323  triples=34,083,560  (6 ent/s, 367 triples/s, errors=4940)
  rows=337,355  triples=34,085,679  (6 ent/s, 367 triples/s, errors=4964)
  rows=337,393  triples=34,087,767  (6 ent/s, 367 triples/s, errors=4964)
  rows=337,416  triples=34,089,614  (6 ent/s, 367 triples/s, errors=4972)
  rows=337,452  triples=34,091,718  (6 ent/s, 367 triples/s, errors=4974)
  rows=337,486  triples=34,093,770  (6 ent/s, 367 triples/s, errors=4974)
  rows=337,520  triples=34,095,838  (6 ent/s, 367 triples/s, errors=4977)
  rows=337,551  triples=34,097,848  (6 ent/s, 367 triples/s, errors=4999)
  rows=337,584  triples=34,099,871  (6 ent/s, 367 triples/s, errors=5002)
  rows=337,617  triples=34,101,548  (6 ent/s, 367 triples/s, errors=5010)
  rows=337,658  triples=34,103,620  (6 ent/s, 367 triples/s, errors=5014)
  rows=337,689  triples=34,105,665  (6 ent/s, 367 triples/s, errors=5014)
  rows=337,727  triples=34,107,772  (6 ent/s, 367 triples/s, errors=5018)
  rows=337,765  triples=34,109,802  (6 ent/s, 367 triples/s, errors=5031)
  rows=337,801  triples=34,111,679  (6 ent/s, 367 triples/s, errors=5034)
  rows=337,838  triples=34,113,980  (6 ent/s, 367 triples/s, errors=5044)
  rows=337,870  triples=34,116,039  (6 ent/s, 367 triples/s, errors=5049)
  rows=337,913  triples=34,118,043  (6 ent/s, 367 triples/s, errors=5076)
  rows=337,943  triples=34,120,113  (6 ent/s, 367 triples/s, errors=5089)
  rows=337,979  triples=34,122,201  (6 ent/s, 367 triples/s, errors=5089)
  rows=338,004  triples=34,123,349  (6 ent/s, 366 triples/s, errors=5089)
  rows=338,037  triples=34,125,383  (6 ent/s, 366 triples/s, errors=5093)
  rows=338,079  triples=34,127,508  (6 ent/s, 366 triples/s, errors=5096)
  rows=338,108  triples=34,129,600  (6 ent/s, 366 triples/s, errors=5107)
  rows=338,149  triples=34,130,660  (6 ent/s, 364 triples/s, errors=5112)
  rows=338,171  triples=34,132,797  (6 ent/s, 364 triples/s, errors=5112)
  rows=338,201  triples=34,133,990  (6 ent/s, 364 triples/s, errors=5112)
  rows=338,243  triples=34,136,169  (6 ent/s, 364 triples/s, errors=5113)
  rows=338,284  triples=34,138,176  (6 ent/s, 364 triples/s, errors=5115)
  rows=338,314  triples=34,140,192  (6 ent/s, 364 triples/s, errors=5116)
  rows=338,353  triples=34,142,210  (6 ent/s, 364 triples/s, errors=5123)
  rows=338,398  triples=34,144,276  (6 ent/s, 364 triples/s, errors=5124)
  rows=338,408  triples=34,145,570  (6 ent/s, 364 triples/s, errors=5172)
  rows=338,438  triples=34,147,950  (6 ent/s, 364 triples/s, errors=5327)
  rows=338,480  triples=34,150,053  (6 ent/s, 364 triples/s, errors=5332)
  rows=338,512  triples=34,152,117  (6 ent/s, 364 triples/s, errors=5339)
  rows=338,553  triples=34,154,180  (6 ent/s, 364 triples/s, errors=5349)
  rows=338,578  triples=34,156,232  (6 ent/s, 364 triples/s, errors=5351)
  rows=338,601  triples=34,157,352  (6 ent/s, 364 triples/s, errors=5351)
  rows=338,632  triples=34,159,519  (6 ent/s, 364 triples/s, errors=5358)
  rows=338,666  triples=34,161,762  (6 ent/s, 364 triples/s, errors=5365)
  rows=338,707  triples=34,163,842  (6 ent/s, 364 triples/s, errors=5379)
  rows=338,739  triples=34,165,938  (6 ent/s, 364 triples/s, errors=5391)
  rows=338,774  triples=34,167,948  (6 ent/s, 364 triples/s, errors=5393)
  rows=338,801  triples=34,169,660  (6 ent/s, 364 triples/s, errors=5396)
  rows=338,835  triples=34,171,749  (6 ent/s, 364 triples/s, errors=5396)
  rows=338,861  triples=34,173,827  (6 ent/s, 364 triples/s, errors=5400)
  rows=338,901  triples=34,175,857  (6 ent/s, 364 triples/s, errors=5408)
  rows=338,923  triples=34,177,911  (6 ent/s, 364 triples/s, errors=5419)
  rows=338,963  triples=34,180,002  (6 ent/s, 364 triples/s, errors=5429)
  rows=338,993  triples=34,182,180  (6 ent/s, 364 triples/s, errors=5440)
  rows=339,013  triples=34,183,827  (6 ent/s, 364 triples/s, errors=5441)
  rows=339,038  triples=34,185,880  (6 ent/s, 364 triples/s, errors=5450)
  rows=339,065  triples=34,188,038  (6 ent/s, 364 triples/s, errors=5516)
  rows=339,100  triples=34,190,114  (6 ent/s, 364 triples/s, errors=5524)
  rows=339,125  triples=34,192,175  (6 ent/s, 364 triples/s, errors=5537)
  rows=339,148  triples=34,194,217  (6 ent/s, 364 triples/s, errors=5544)
  rows=339,177  triples=34,196,269  (6 ent/s, 364 triples/s, errors=5554)
  rows=339,201  triples=34,197,942  (6 ent/s, 363 triples/s, errors=5572)
  rows=339,232  triples=34,200,052  (6 ent/s, 363 triples/s, errors=5575)
  rows=339,258  triples=34,202,169  (6 ent/s, 363 triples/s, errors=5579)
  rows=339,282  triples=34,204,215  (6 ent/s, 363 triples/s, errors=5585)
  rows=339,314  triples=34,206,298  (6 ent/s, 363 triples/s, errors=5591)
  rows=339,345  triples=34,208,398  (6 ent/s, 363 triples/s, errors=5694)
  rows=339,383  triples=34,210,455  (6 ent/s, 363 triples/s, errors=5697)
  rows=339,411  triples=34,212,400  (6 ent/s, 363 triples/s, errors=5697)
  rows=339,441  triples=34,214,494  (6 ent/s, 363 triples/s, errors=5702)
  rows=339,490  triples=34,216,628  (6 ent/s, 363 triples/s, errors=5703)
  rows=339,519  triples=34,218,619  (6 ent/s, 363 triples/s, errors=5717)
  rows=339,545  triples=34,220,722  (6 ent/s, 363 triples/s, errors=5724)
  rows=339,588  triples=34,222,970  (6 ent/s, 363 triples/s, errors=5731)
  rows=339,617  triples=34,224,596  (6 ent/s, 363 triples/s, errors=5736)
  rows=339,665  triples=34,226,634  (6 ent/s, 363 triples/s, errors=5751)
  rows=339,705  triples=34,228,693  (6 ent/s, 363 triples/s, errors=5758)
  rows=339,741  triples=34,230,689  (6 ent/s, 363 triples/s, errors=5779)
  rows=339,774  triples=34,232,792  (6 ent/s, 363 triples/s, errors=5793)
  rows=339,801  triples=34,234,660  (6 ent/s, 363 triples/s, errors=5800)
  rows=339,831  triples=34,236,854  (6 ent/s, 363 triples/s, errors=5805)
  rows=339,862  triples=34,238,890  (6 ent/s, 363 triples/s, errors=5810)
  rows=339,896  triples=34,241,005  (6 ent/s, 363 triples/s, errors=5820)
  rows=339,925  triples=34,243,034  (6 ent/s, 363 triples/s, errors=5825)
  rows=339,952  triples=34,245,185  (6 ent/s, 363 triples/s, errors=5831)
  rows=339,967  triples=34,245,185  (6 ent/s, 362 triples/s, errors=5831)
  rows=339,992  triples=34,247,259  (6 ent/s, 362 triples/s, errors=5835)
  rows=340,023  triples=34,249,079  (6 ent/s, 362 triples/s, errors=5841)
  rows=340,057  triples=34,251,156  (6 ent/s, 362 triples/s, errors=5843)
  rows=340,093  triples=34,253,247  (6 ent/s, 362 triples/s, errors=5848)
  rows=340,137  triples=34,255,391  (6 ent/s, 362 triples/s, errors=5855)
  rows=340,181  triples=34,257,472  (6 ent/s, 362 triples/s, errors=5859)
  rows=340,201  triples=34,258,728  (6 ent/s, 361 triples/s, errors=5861)
  rows=340,237  triples=34,260,739  (6 ent/s, 361 triples/s, errors=5862)
  rows=340,277  triples=34,262,752  (6 ent/s, 361 triples/s, errors=5883)
  rows=340,319  triples=34,264,867  (6 ent/s, 361 triples/s, errors=5887)
  rows=340,368  triples=34,266,888  (6 ent/s, 361 triples/s, errors=5897)
  rows=340,401  triples=34,268,452  (6 ent/s, 361 triples/s, errors=5897)
  rows=340,437  triples=34,270,593  (6 ent/s, 361 triples/s, errors=5906)
  rows=340,476  triples=34,272,674  (6 ent/s, 361 triples/s, errors=5911)
  rows=340,515  triples=34,274,717  (6 ent/s, 361 triples/s, errors=5913)
  rows=340,559  triples=34,276,789  (6 ent/s, 361 triples/s, errors=5915)
  rows=340,601  triples=34,278,827  (6 ent/s, 361 triples/s, errors=5916)
  rows=340,642  triples=34,280,966  (6 ent/s, 361 triples/s, errors=5950)
  rows=340,685  triples=34,283,037  (6 ent/s, 361 triples/s, errors=5956)
  rows=340,731  triples=34,285,149  (6 ent/s, 361 triples/s, errors=5956)
  rows=340,770  triples=34,287,183  (6 ent/s, 362 triples/s, errors=5958)
  rows=340,801  triples=34,288,542  (6 ent/s, 361 triples/s, errors=5968)
  rows=340,834  triples=34,290,652  (6 ent/s, 361 triples/s, errors=5973)
  rows=340,858  triples=34,292,656  (6 ent/s, 361 triples/s, errors=5982)
  rows=340,882  triples=34,294,759  (6 ent/s, 361 triples/s, errors=5982)
  rows=340,932  triples=34,296,884  (6 ent/s, 361 triples/s, errors=5985)
  rows=340,972  triples=34,299,095  (6 ent/s, 362 triples/s, errors=5986)
  rows=341,001  triples=34,300,187  (6 ent/s, 361 triples/s, errors=5986)
  rows=341,048  triples=34,302,291  (6 ent/s, 361 triples/s, errors=5986)
  rows=341,100  triples=34,304,397  (6 ent/s, 361 triples/s, errors=5990)
  rows=341,140  triples=34,306,471  (6 ent/s, 361 triples/s, errors=5993)
  rows=341,177  triples=34,308,556  (6 ent/s, 361 triples/s, errors=5997)
  rows=341,201  triples=34,309,973  (6 ent/s, 361 triples/s, errors=5997)
  rows=341,231  triples=34,312,211  (6 ent/s, 361 triples/s, errors=6000)
  rows=341,271  triples=34,314,313  (6 ent/s, 361 triples/s, errors=6002)
  rows=341,310  triples=34,316,471  (6 ent/s, 361 triples/s, errors=6016)
  rows=341,350  triples=34,318,508  (6 ent/s, 361 triples/s, errors=6016)
  rows=341,379  triples=34,320,594  (6 ent/s, 361 triples/s, errors=6024)
  rows=341,401  triples=34,321,978  (6 ent/s, 361 triples/s, errors=6038)
  rows=341,434  triples=34,324,028  (6 ent/s, 361 triples/s, errors=6045)
  rows=341,480  triples=34,326,140  (6 ent/s, 361 triples/s, errors=6046)
  rows=341,521  triples=34,328,138  (6 ent/s, 361 triples/s, errors=6054)
  rows=341,550  triples=34,330,254  (6 ent/s, 361 triples/s, errors=6059)
  rows=341,601  triples=34,332,276  (6 ent/s, 361 triples/s, errors=6061)
  rows=341,633  triples=34,334,322  (6 ent/s, 361 triples/s, errors=6062)
  rows=341,672  triples=34,336,504  (6 ent/s, 361 triples/s, errors=6064)
  rows=341,698  triples=34,338,512  (6 ent/s, 361 triples/s, errors=6070)
  rows=341,734  triples=34,340,563  (6 ent/s, 361 triples/s, errors=6075)
  rows=341,774  triples=34,342,598  (6 ent/s, 361 triples/s, errors=6081)
  rows=341,785  triples=34,342,598  (6 ent/s, 360 triples/s, errors=6081)
  rows=341,801  triples=34,343,865  (6 ent/s, 360 triples/s, errors=6083)
  rows=341,827  triples=34,345,953  (6 ent/s, 360 triples/s, errors=6114)
  rows=341,861  triples=34,348,014  (6 ent/s, 360 triples/s, errors=6119)
  rows=341,893  triples=34,350,029  (6 ent/s, 360 triples/s, errors=6144)
  rows=341,918  triples=34,352,207  (6 ent/s, 360 triples/s, errors=6147)
  rows=341,943  triples=34,354,334  (6 ent/s, 360 triples/s, errors=6156)
  rows=341,978  triples=34,356,414  (6 ent/s, 360 triples/s, errors=6158)
  rows=342,001  triples=34,357,791  (6 ent/s, 360 triples/s, errors=6168)
  rows=342,027  triples=34,359,908  (6 ent/s, 360 triples/s, errors=6186)
  rows=342,051  triples=34,362,031  (6 ent/s, 360 triples/s, errors=6198)
  rows=342,084  triples=34,364,171  (6 ent/s, 360 triples/s, errors=6204)
  rows=342,114  triples=34,366,300  (6 ent/s, 360 triples/s, errors=6217)
  rows=342,151  triples=34,368,354  (6 ent/s, 360 triples/s, errors=6229)
  rows=342,185  triples=34,370,529  (6 ent/s, 360 triples/s, errors=6230)
  rows=342,213  triples=34,372,337  (6 ent/s, 360 triples/s, errors=6252)
  rows=342,258  triples=34,374,373  (6 ent/s, 360 triples/s, errors=6256)
  rows=342,301  triples=34,376,548  (6 ent/s, 360 triples/s, errors=6271)
  rows=342,349  triples=34,378,688  (6 ent/s, 360 triples/s, errors=6272)
  rows=342,394  triples=34,380,869  (6 ent/s, 360 triples/s, errors=6284)
  rows=342,423  triples=34,382,209  (6 ent/s, 360 triples/s, errors=6289)
  rows=342,459  triples=34,384,406  (6 ent/s, 360 triples/s, errors=6307)
  rows=342,492  triples=34,386,507  (6 ent/s, 360 triples/s, errors=6314)
  rows=342,529  triples=34,388,663  (6 ent/s, 360 triples/s, errors=6338)
  rows=342,561  triples=34,390,758  (6 ent/s, 360 triples/s, errors=6386)
  rows=342,601  triples=34,392,587  (6 ent/s, 360 triples/s, errors=6390)
  rows=342,635  triples=34,394,620  (6 ent/s, 360 triples/s, errors=6452)
  rows=342,668  triples=34,396,919  (6 ent/s, 360 triples/s, errors=6458)
  rows=342,706  triples=34,398,918  (6 ent/s, 360 triples/s, errors=6531)
  rows=342,744  triples=34,401,016  (6 ent/s, 359 triples/s, errors=6540)
  rows=342,786  triples=34,403,063  (6 ent/s, 359 triples/s, errors=6542)
  rows=342,808  triples=34,405,075  (6 ent/s, 359 triples/s, errors=6550)
  rows=342,837  triples=34,407,166  (6 ent/s, 359 triples/s, errors=6557)
  rows=342,870  triples=34,409,333  (6 ent/s, 359 triples/s, errors=6561)
  rows=342,908  triples=34,411,456  (6 ent/s, 359 triples/s, errors=6564)
  rows=342,939  triples=34,413,618  (6 ent/s, 359 triples/s, errors=6569)
  rows=342,977  triples=34,415,729  (6 ent/s, 360 triples/s, errors=6569)
  rows=343,016  triples=34,418,103  (6 ent/s, 359 triples/s, errors=6577)
  rows=343,055  triples=34,420,128  (6 ent/s, 359 triples/s, errors=6582)
  rows=343,092  triples=34,422,141  (6 ent/s, 359 triples/s, errors=6589)
  rows=343,123  triples=34,424,168  (6 ent/s, 359 triples/s, errors=6697)
  rows=343,152  triples=34,426,239  (6 ent/s, 359 triples/s, errors=6735)
  rows=343,194  triples=34,428,353  (6 ent/s, 359 triples/s, errors=6742)
  rows=343,221  triples=34,429,845  (6 ent/s, 359 triples/s, errors=6767)
  rows=343,258  triples=34,431,986  (6 ent/s, 359 triples/s, errors=6773)
  rows=343,299  triples=34,434,115  (6 ent/s, 359 triples/s, errors=6779)
  rows=343,334  triples=34,436,139  (6 ent/s, 359 triples/s, errors=6792)
  rows=343,375  triples=34,438,146  (6 ent/s, 359 triples/s, errors=6795)
  rows=343,401  triples=34,439,643  (6 ent/s, 359 triples/s, errors=6795)
  rows=343,442  triples=34,441,726  (6 ent/s, 359 triples/s, errors=6804)
  rows=343,482  triples=34,443,945  (6 ent/s, 359 triples/s, errors=6813)
  rows=343,529  triples=34,446,303  (6 ent/s, 359 triples/s, errors=6821)
  rows=343,573  triples=34,448,424  (6 ent/s, 360 triples/s, errors=6821)
  rows=343,601  triples=34,450,361  (6 ent/s, 359 triples/s, errors=6822)
  rows=343,603  triples=34,450,361  (6 ent/s, 358 triples/s, errors=6822)
  rows=343,645  triples=34,452,435  (6 ent/s, 358 triples/s, errors=6832)
  rows=343,680  triples=34,454,552  (6 ent/s, 358 triples/s, errors=6845)
  rows=343,711  triples=34,456,689  (6 ent/s, 358 triples/s, errors=6848)
  rows=343,747  triples=34,458,843  (6 ent/s, 358 triples/s, errors=6850)
  rows=343,782  triples=34,460,894  (6 ent/s, 358 triples/s, errors=6850)
  rows=343,819  triples=34,462,943  (6 ent/s, 358 triples/s, errors=6852)
  rows=343,857  triples=34,465,042  (6 ent/s, 358 triples/s, errors=6869)
  rows=343,887  triples=34,467,145  (6 ent/s, 358 triples/s, errors=6871)
  rows=343,918  triples=34,469,221  (6 ent/s, 358 triples/s, errors=6871)
  rows=343,950  triples=34,471,439  (6 ent/s, 358 triples/s, errors=6880)
  rows=343,985  triples=34,473,491  (6 ent/s, 358 triples/s, errors=6912)
  rows=344,014  triples=34,475,383  (6 ent/s, 358 triples/s, errors=6917)
  rows=344,039  triples=34,477,438  (6 ent/s, 358 triples/s, errors=6918)
  rows=344,070  triples=34,479,553  (6 ent/s, 358 triples/s, errors=6940)
  rows=344,097  triples=34,481,748  (6 ent/s, 358 triples/s, errors=6949)
  rows=344,126  triples=34,483,925  (6 ent/s, 358 triples/s, errors=6964)
  rows=344,161  triples=34,486,036  (6 ent/s, 358 triples/s, errors=6967)
  rows=344,193  triples=34,488,181  (6 ent/s, 358 triples/s, errors=6972)
  rows=344,217  triples=34,489,719  (6 ent/s, 358 triples/s, errors=6974)
  rows=344,246  triples=34,492,012  (6 ent/s, 358 triples/s, errors=6978)
  rows=344,279  triples=34,494,100  (6 ent/s, 358 triples/s, errors=6989)
  rows=344,312  triples=34,496,169  (6 ent/s, 358 triples/s, errors=6992)
  rows=344,344  triples=34,498,270  (6 ent/s, 358 triples/s, errors=6992)
  rows=344,374  triples=34,500,448  (6 ent/s, 358 triples/s, errors=6994)
  rows=344,398  triples=34,502,456  (6 ent/s, 358 triples/s, errors=6999)
  rows=344,426  triples=34,503,845  (6 ent/s, 358 triples/s, errors=7005)
  rows=344,447  triples=34,505,879  (6 ent/s, 358 triples/s, errors=7031)
  rows=344,476  triples=34,508,093  (6 ent/s, 358 triples/s, errors=7033)
  rows=344,500  triples=34,510,108  (6 ent/s, 358 triples/s, errors=7070)
  rows=344,529  triples=34,512,679  (6 ent/s, 359 triples/s, errors=7114)
  rows=344,557  triples=34,514,767  (6 ent/s, 359 triples/s, errors=7115)
  rows=344,587  triples=34,516,866  (6 ent/s, 359 triples/s, errors=7127)
  rows=344,609  triples=34,518,866  (6 ent/s, 359 triples/s, errors=7129)
  rows=344,641  triples=34,520,942  (6 ent/s, 359 triples/s, errors=7130)
  rows=344,669  triples=34,523,194  (6 ent/s, 359 triples/s, errors=7131)
  rows=344,698  triples=34,525,304  (6 ent/s, 359 triples/s, errors=7132)
  rows=344,734  triples=34,527,401  (6 ent/s, 359 triples/s, errors=7144)
  rows=344,764  triples=34,529,524  (6 ent/s, 359 triples/s, errors=7150)
  rows=344,791  triples=34,531,531  (6 ent/s, 359 triples/s, errors=7156)
  rows=344,821  triples=34,533,417  (6 ent/s, 359 triples/s, errors=7158)
  rows=344,843  triples=34,535,477  (6 ent/s, 359 triples/s, errors=7164)
  rows=344,878  triples=34,537,480  (6 ent/s, 359 triples/s, errors=7179)
  rows=344,907  triples=34,539,587  (6 ent/s, 359 triples/s, errors=7179)
  rows=344,935  triples=34,541,673  (6 ent/s, 359 triples/s, errors=7189)
  rows=344,965  triples=34,543,687  (6 ent/s, 359 triples/s, errors=7193)
  rows=345,001  triples=34,545,615  (6 ent/s, 359 triples/s, errors=7195)
  rows=345,038  triples=34,547,669  (6 ent/s, 359 triples/s, errors=7198)
  rows=345,067  triples=34,549,818  (6 ent/s, 359 triples/s, errors=7202)
  rows=345,093  triples=34,551,856  (6 ent/s, 359 triples/s, errors=7255)
  rows=345,127  triples=34,554,112  (6 ent/s, 359 triples/s, errors=7263)
  rows=345,167  triples=34,556,171  (6 ent/s, 359 triples/s, errors=7267)
  rows=345,200  triples=34,558,218  (6 ent/s, 359 triples/s, errors=7270)
  rows=345,226  triples=34,560,240  (6 ent/s, 359 triples/s, errors=7339)
  rows=345,253  triples=34,562,282  (6 ent/s, 359 triples/s, errors=7342)
  rows=345,285  triples=34,564,420  (6 ent/s, 359 triples/s, errors=7344)
  rows=345,318  triples=34,566,652  (6 ent/s, 359 triples/s, errors=7353)
  rows=345,348  triples=34,569,219  (6 ent/s, 359 triples/s, errors=7361)
  rows=345,379  triples=34,571,304  (6 ent/s, 359 triples/s, errors=7367)
  rows=345,421  triples=34,572,425  (6 ent/s, 358 triples/s, errors=7372)
  rows=345,448  triples=34,574,712  (6 ent/s, 358 triples/s, errors=7401)
  rows=345,474  triples=34,576,849  (6 ent/s, 358 triples/s, errors=7415)
  rows=345,508  triples=34,578,895  (6 ent/s, 358 triples/s, errors=7421)
  rows=345,538  triples=34,580,992  (6 ent/s, 358 triples/s, errors=7429)
  rows=345,566  triples=34,583,120  (6 ent/s, 358 triples/s, errors=7435)
  rows=345,598  triples=34,585,338  (6 ent/s, 358 triples/s, errors=7455)
  rows=345,631  triples=34,587,456  (6 ent/s, 358 triples/s, errors=7460)
  rows=345,659  triples=34,589,618  (6 ent/s, 358 triples/s, errors=7463)
  rows=345,684  triples=34,591,665  (6 ent/s, 358 triples/s, errors=7467)
  rows=345,711  triples=34,593,816  (6 ent/s, 358 triples/s, errors=7476)
  rows=345,741  triples=34,595,985  (6 ent/s, 358 triples/s, errors=7477)
  rows=345,776  triples=34,598,133  (6 ent/s, 358 triples/s, errors=7478)
  rows=345,801  triples=34,599,789  (6 ent/s, 358 triples/s, errors=7480)
  rows=345,830  triples=34,601,875  (6 ent/s, 358 triples/s, errors=7480)
  rows=345,854  triples=34,604,005  (6 ent/s, 358 triples/s, errors=7485)
  rows=345,880  triples=34,606,016  (6 ent/s, 358 triples/s, errors=7485)
  rows=345,908  triples=34,608,075  (6 ent/s, 358 triples/s, errors=7488)
  rows=345,933  triples=34,610,103  (6 ent/s, 358 triples/s, errors=7499)
  rows=345,970  triples=34,612,311  (6 ent/s, 358 triples/s, errors=7506)
  rows=346,001  triples=34,614,044  (6 ent/s, 358 triples/s, errors=7509)
  rows=346,037  triples=34,616,081  (6 ent/s, 358 triples/s, errors=7511)
  rows=346,076  triples=34,618,158  (6 ent/s, 358 triples/s, errors=7519)
  rows=346,112  triples=34,620,217  (6 ent/s, 359 triples/s, errors=7519)
  rows=346,154  triples=34,622,383  (6 ent/s, 359 triples/s, errors=7519)
  rows=346,197  triples=34,624,487  (6 ent/s, 359 triples/s, errors=7529)
  rows=346,236  triples=34,626,720  (6 ent/s, 359 triples/s, errors=7538)
  rows=346,267  triples=34,628,845  (6 ent/s, 359 triples/s, errors=7545)
  rows=346,303  triples=34,630,972  (6 ent/s, 359 triples/s, errors=7571)
  rows=346,330  triples=34,633,062  (6 ent/s, 359 triples/s, errors=7577)
  rows=346,358  triples=34,635,149  (6 ent/s, 359 triples/s, errors=7577)
  rows=346,388  triples=34,637,161  (6 ent/s, 359 triples/s, errors=7580)
  rows=346,429  triples=34,639,884  (6 ent/s, 359 triples/s, errors=7582)
  rows=346,457  triples=34,641,910  (6 ent/s, 359 triples/s, errors=7594)
  rows=346,490  triples=34,643,983  (6 ent/s, 359 triples/s, errors=7599)
  rows=346,520  triples=34,646,079  (6 ent/s, 359 triples/s, errors=7614)
  rows=346,555  triples=34,648,125  (6 ent/s, 359 triples/s, errors=7615)
  rows=346,588  triples=34,650,260  (6 ent/s, 359 triples/s, errors=7615)
  rows=346,629  triples=34,652,695  (6 ent/s, 359 triples/s, errors=7617)
  rows=346,667  triples=34,654,902  (6 ent/s, 359 triples/s, errors=7638)
  rows=346,708  triples=34,657,103  (6 ent/s, 359 triples/s, errors=7642)
  rows=346,738  triples=34,659,242  (6 ent/s, 359 triples/s, errors=7642)
  rows=346,768  triples=34,661,262  (6 ent/s, 359 triples/s, errors=7647)
  rows=346,804  triples=34,663,056  (6 ent/s, 359 triples/s, errors=7647)
  rows=346,844  triples=34,665,118  (6 ent/s, 359 triples/s, errors=7657)
  rows=346,884  triples=34,667,248  (6 ent/s, 359 triples/s, errors=7674)
  rows=346,916  triples=34,669,308  (6 ent/s, 359 triples/s, errors=7676)
  rows=346,961  triples=34,671,359  (6 ent/s, 359 triples/s, errors=7685)
  rows=346,989  triples=34,673,377  (6 ent/s, 359 triples/s, errors=7689)
  rows=347,013  triples=34,675,044  (6 ent/s, 359 triples/s, errors=7690)
  rows=347,040  triples=34,677,197  (6 ent/s, 359 triples/s, errors=7695)
  rows=347,083  triples=34,679,388  (6 ent/s, 359 triples/s, errors=7699)
  rows=347,112  triples=34,681,455  (6 ent/s, 359 triples/s, errors=7704)
  rows=347,145  triples=34,683,515  (6 ent/s, 359 triples/s, errors=7727)
  rows=347,177  triples=34,685,575  (6 ent/s, 359 triples/s, errors=7727)
  rows=347,201  triples=34,687,411  (6 ent/s, 359 triples/s, errors=7738)
  rows=347,230  triples=34,689,601  (6 ent/s, 359 triples/s, errors=7747)
  rows=347,239  triples=34,689,601  (6 ent/s, 358 triples/s, errors=7747)
  rows=347,267  triples=34,691,613  (6 ent/s, 358 triples/s, errors=7755)
  rows=347,297  triples=34,693,795  (6 ent/s, 358 triples/s, errors=7760)
  rows=347,336  triples=34,695,912  (6 ent/s, 358 triples/s, errors=7761)
  rows=347,372  triples=34,698,003  (6 ent/s, 358 triples/s, errors=7766)
  rows=347,416  triples=34,700,289  (6 ent/s, 358 triples/s, errors=7767)
  rows=347,459  triples=34,702,490  (6 ent/s, 358 triples/s, errors=7768)
  rows=347,497  triples=34,704,552  (6 ent/s, 358 triples/s, errors=7784)
  rows=347,533  triples=34,706,564  (6 ent/s, 358 triples/s, errors=7787)
  rows=347,565  triples=34,708,694  (6 ent/s, 358 triples/s, errors=7790)
  rows=347,594  triples=34,710,753  (6 ent/s, 358 triples/s, errors=7792)
  rows=347,626  triples=34,713,053  (6 ent/s, 358 triples/s, errors=7923)
  rows=347,660  triples=34,715,345  (6 ent/s, 358 triples/s, errors=7923)
  rows=347,688  triples=34,717,516  (6 ent/s, 358 triples/s, errors=7928)
  rows=347,721  triples=34,719,591  (6 ent/s, 358 triples/s, errors=7935)
  rows=347,758  triples=34,721,765  (6 ent/s, 358 triples/s, errors=7955)
  rows=347,791  triples=34,723,833  (6 ent/s, 358 triples/s, errors=7965)
  rows=347,814  triples=34,725,457  (6 ent/s, 358 triples/s, errors=7965)
  rows=347,855  triples=34,727,546  (6 ent/s, 358 triples/s, errors=7965)
  rows=347,893  triples=34,729,676  (6 ent/s, 358 triples/s, errors=7970)
  rows=347,935  triples=34,731,729  (6 ent/s, 358 triples/s, errors=7972)
  rows=347,963  triples=34,733,805  (6 ent/s, 358 triples/s, errors=7978)
  rows=347,995  triples=34,735,865  (6 ent/s, 358 triples/s, errors=7985)
  rows=348,034  triples=34,738,206  (6 ent/s, 358 triples/s, errors=7986)
  rows=348,068  triples=34,740,239  (6 ent/s, 358 triples/s, errors=7992)
  rows=348,096  triples=34,742,275  (6 ent/s, 358 triples/s, errors=8008)
  rows=348,127  triples=34,744,340  (6 ent/s, 358 triples/s, errors=8009)
  rows=348,157  triples=34,746,538  (6 ent/s, 358 triples/s, errors=8014)
  rows=348,190  triples=34,748,589  (6 ent/s, 358 triples/s, errors=8018)
  rows=348,219  triples=34,750,346  (6 ent/s, 358 triples/s, errors=8044)
  rows=348,243  triples=34,752,338  (6 ent/s, 358 triples/s, errors=8070)
  rows=348,274  triples=34,754,492  (6 ent/s, 358 triples/s, errors=8074)
  rows=348,305  triples=34,756,611  (6 ent/s, 358 triples/s, errors=8079)
  rows=348,338  triples=34,758,715  (6 ent/s, 358 triples/s, errors=8082)
  rows=348,367  triples=34,760,790  (6 ent/s, 358 triples/s, errors=8090)
  rows=348,401  triples=34,762,748  (6 ent/s, 358 triples/s, errors=8093)
  rows=348,435  triples=34,764,789  (6 ent/s, 358 triples/s, errors=8100)
  rows=348,471  triples=34,766,810  (6 ent/s, 358 triples/s, errors=8106)
  rows=348,504  triples=34,768,786  (6 ent/s, 358 triples/s, errors=8146)
  rows=348,539  triples=34,770,810  (6 ent/s, 358 triples/s, errors=8150)
  rows=348,573  triples=34,772,826  (6 ent/s, 358 triples/s, errors=8172)
  rows=348,601  triples=34,774,197  (6 ent/s, 358 triples/s, errors=8177)
  rows=348,638  triples=34,776,407  (6 ent/s, 358 triples/s, errors=8181)
  rows=348,666  triples=34,778,678  (6 ent/s, 358 triples/s, errors=8190)
  rows=348,693  triples=34,780,689  (6 ent/s, 358 triples/s, errors=8212)
  rows=348,717  triples=34,782,928  (6 ent/s, 358 triples/s, errors=8215)
  rows=348,747  triples=34,785,085  (6 ent/s, 358 triples/s, errors=8220)
  rows=348,776  triples=34,787,166  (6 ent/s, 358 triples/s, errors=8235)
  rows=348,801  triples=34,788,703  (6 ent/s, 358 triples/s, errors=8238)
  rows=348,838  triples=34,790,830  (6 ent/s, 358 triples/s, errors=8238)
  rows=348,875  triples=34,792,971  (6 ent/s, 358 triples/s, errors=8242)
  rows=348,901  triples=34,795,195  (6 ent/s, 358 triples/s, errors=8269)
  rows=348,932  triples=34,797,276  (6 ent/s, 358 triples/s, errors=8274)
  rows=348,971  triples=34,799,388  (6 ent/s, 358 triples/s, errors=8283)
  rows=348,999  triples=34,801,485  (6 ent/s, 358 triples/s, errors=8283)
  rows=349,034  triples=34,803,707  (6 ent/s, 358 triples/s, errors=8292)
  rows=349,057  triples=34,804,746  (6 ent/s, 357 triples/s, errors=8292)
  rows=349,089  triples=34,806,911  (6 ent/s, 357 triples/s, errors=8293)
  rows=349,117  triples=34,809,173  (6 ent/s, 357 triples/s, errors=8313)
  rows=349,150  triples=34,811,214  (6 ent/s, 357 triples/s, errors=8354)
  rows=349,179  triples=34,813,298  (6 ent/s, 357 triples/s, errors=8355)
  rows=349,217  triples=34,815,471  (6 ent/s, 357 triples/s, errors=8355)
  rows=349,253  triples=34,817,485  (6 ent/s, 357 triples/s, errors=8357)
  rows=349,286  triples=34,819,576  (6 ent/s, 357 triples/s, errors=8358)
  rows=349,320  triples=34,821,698  (6 ent/s, 357 triples/s, errors=8358)
  rows=349,352  triples=34,823,738  (6 ent/s, 357 triples/s, errors=8360)
  rows=349,382  triples=34,825,864  (6 ent/s, 357 triples/s, errors=8368)
  rows=349,415  triples=34,827,775  (6 ent/s, 357 triples/s, errors=8369)
  rows=349,441  triples=34,829,903  (6 ent/s, 357 triples/s, errors=8374)
  rows=349,468  triples=34,832,000  (6 ent/s, 357 triples/s, errors=8375)
  rows=349,494  triples=34,834,072  (6 ent/s, 357 triples/s, errors=8391)
  rows=349,522  triples=34,836,266  (6 ent/s, 357 triples/s, errors=8392)
  rows=349,558  triples=34,838,294  (6 ent/s, 357 triples/s, errors=8392)
  rows=349,588  triples=34,840,518  (6 ent/s, 357 triples/s, errors=8408)
  rows=349,610  triples=34,842,486  (6 ent/s, 357 triples/s, errors=8409)
  rows=349,630  triples=34,844,594  (6 ent/s, 357 triples/s, errors=8442)
  rows=349,658  triples=34,846,684  (6 ent/s, 357 triples/s, errors=8448)
  rows=349,700  triples=34,848,829  (6 ent/s, 357 triples/s, errors=8477)
  rows=349,735  triples=34,850,998  (6 ent/s, 357 triples/s, errors=8479)
  rows=349,767  triples=34,853,053  (6 ent/s, 357 triples/s, errors=8480)
  rows=349,793  triples=34,855,244  (6 ent/s, 357 triples/s, errors=8483)
  rows=349,830  triples=34,857,709  (6 ent/s, 357 triples/s, errors=8488)
  rows=349,875  triples=34,859,749  (6 ent/s, 357 triples/s, errors=8488)
  rows=349,908  triples=34,861,810  (6 ent/s, 357 triples/s, errors=8489)
  rows=349,947  triples=34,863,944  (6 ent/s, 357 triples/s, errors=8497)
  rows=349,978  triples=34,866,074  (6 ent/s, 357 triples/s, errors=8500)
  rows=350,001  triples=34,867,607  (6 ent/s, 357 triples/s, errors=8512)
  rows=350,028  triples=34,869,724  (6 ent/s, 357 triples/s, errors=8513)
  rows=350,061  triples=34,871,889  (6 ent/s, 357 triples/s, errors=8532)
  rows=350,086  triples=34,873,919  (6 ent/s, 357 triples/s, errors=8535)
  rows=350,106  triples=34,876,018  (6 ent/s, 357 triples/s, errors=8542)
  rows=350,144  triples=34,878,121  (6 ent/s, 357 triples/s, errors=8546)
  rows=350,174  triples=34,880,178  (6 ent/s, 357 triples/s, errors=8575)
  rows=350,201  triples=34,882,027  (6 ent/s, 357 triples/s, errors=8581)
  rows=350,228  triples=34,884,135  (6 ent/s, 357 triples/s, errors=8607)
  rows=350,265  triples=34,886,288  (6 ent/s, 357 triples/s, errors=8624)
  rows=350,294  triples=34,888,434  (6 ent/s, 357 triples/s, errors=8644)
  rows=350,332  triples=34,890,571  (6 ent/s, 357 triples/s, errors=8645)
  rows=350,359  triples=34,892,579  (6 ent/s, 357 triples/s, errors=8656)
  rows=350,390  triples=34,894,743  (6 ent/s, 357 triples/s, errors=8665)
  rows=350,417  triples=34,896,592  (6 ent/s, 357 triples/s, errors=8674)
  rows=350,443  triples=34,898,775  (6 ent/s, 357 triples/s, errors=8687)
  rows=350,473  triples=34,900,998  (6 ent/s, 357 triples/s, errors=8703)
  rows=350,503  triples=34,903,067  (6 ent/s, 357 triples/s, errors=8707)
  rows=350,533  triples=34,905,094  (6 ent/s, 357 triples/s, errors=8715)
  rows=350,567  triples=34,907,118  (6 ent/s, 357 triples/s, errors=8721)
  rows=350,600  triples=34,909,340  (6 ent/s, 357 triples/s, errors=8737)
  rows=350,629  triples=34,911,590  (6 ent/s, 357 triples/s, errors=8741)
  rows=350,660  triples=34,913,690  (6 ent/s, 357 triples/s, errors=8772)
  rows=350,695  triples=34,915,828  (6 ent/s, 357 triples/s, errors=8776)
  rows=350,731  triples=34,917,975  (6 ent/s, 357 triples/s, errors=8778)
  rows=350,757  triples=34,920,172  (6 ent/s, 357 triples/s, errors=8783)
  rows=350,785  triples=34,922,231  (6 ent/s, 357 triples/s, errors=8788)
  rows=350,819  triples=34,924,213  (6 ent/s, 357 triples/s, errors=8788)
  rows=350,847  triples=34,926,276  (6 ent/s, 357 triples/s, errors=8793)
  rows=350,874  triples=34,928,471  (6 ent/s, 357 triples/s, errors=8803)
  rows=350,875  triples=34,928,471  (6 ent/s, 356 triples/s, errors=8803)
  rows=350,913  triples=34,930,545  (6 ent/s, 356 triples/s, errors=8804)
  rows=350,953  triples=34,932,708  (6 ent/s, 356 triples/s, errors=8807)
  rows=350,982  triples=34,934,889  (6 ent/s, 356 triples/s, errors=8809)
  rows=351,001  triples=34,936,063  (6 ent/s, 356 triples/s, errors=8812)
  rows=351,030  triples=34,938,093  (6 ent/s, 356 triples/s, errors=8818)
  rows=351,065  triples=34,940,142  (6 ent/s, 356 triples/s, errors=8818)
  rows=351,091  triples=34,942,269  (6 ent/s, 356 triples/s, errors=8824)
  rows=351,120  triples=34,944,533  (6 ent/s, 356 triples/s, errors=8834)
  rows=351,160  triples=34,946,507  (6 ent/s, 356 triples/s, errors=8876)
  rows=351,192  triples=34,948,511  (6 ent/s, 356 triples/s, errors=8882)
  rows=351,218  triples=34,950,013  (6 ent/s, 356 triples/s, errors=8889)
  rows=351,253  triples=34,952,070  (6 ent/s, 356 triples/s, errors=8895)
  rows=351,279  triples=34,954,232  (6 ent/s, 356 triples/s, errors=8911)
  rows=351,303  triples=34,956,351  (6 ent/s, 356 triples/s, errors=8918)
  rows=351,344  triples=34,958,460  (6 ent/s, 356 triples/s, errors=8922)
  rows=351,380  triples=34,960,473  (6 ent/s, 356 triples/s, errors=8932)
  rows=351,398  triples=34,962,458  (6 ent/s, 356 triples/s, errors=8968)
  rows=351,422  triples=34,963,626  (6 ent/s, 356 triples/s, errors=8972)
  rows=351,450  triples=34,965,757  (6 ent/s, 356 triples/s, errors=8998)
  rows=351,486  triples=34,967,795  (6 ent/s, 356 triples/s, errors=9001)
  rows=351,524  triples=34,969,973  (6 ent/s, 356 triples/s, errors=9004)
  rows=351,553  triples=34,972,098  (6 ent/s, 356 triples/s, errors=9007)
  rows=351,582  triples=34,974,291  (6 ent/s, 356 triples/s, errors=9012)
  rows=351,601  triples=34,975,401  (6 ent/s, 356 triples/s, errors=9014)
  [ERROR] insert: HTTPConnectionPool(host='localhost', port=3030): Read timed out. (read timeout=120)
  rows=351,637  triples=34,976,458  (5 ent/s, 349 triples/s, errors=9018)
  [ERROR] insert: HTTPConnectionPool(host='localhost', port=3030): Read timed out. (read timeout=120)
  rows=351,652  triples=34,976,458  (5 ent/s, 342 triples/s, errors=9018)
  rows=351,671  triples=34,977,473  (5 ent/s, 341 triples/s, errors=9019)
  rows=351,700  triples=34,979,538  (5 ent/s, 341 triples/s, errors=9019)
  rows=351,733  triples=34,981,712  (5 ent/s, 341 triples/s, errors=9024)
  rows=351,766  triples=34,983,803  (5 ent/s, 341 triples/s, errors=9040)
  rows=351,779  triples=34,984,876  (5 ent/s, 341 triples/s, errors=9057)
  rows=351,791  triples=34,985,881  (5 ent/s, 341 triples/s, errors=9063)
  rows=351,801  triples=34,986,725  (5 ent/s, 340 triples/s, errors=9064)
  rows=351,817  triples=34,987,796  (5 ent/s, 340 triples/s, errors=9064)
  rows=351,828  triples=34,988,889  (5 ent/s, 340 triples/s, errors=9065)
  rows=351,840  triples=34,989,890  (5 ent/s, 340 triples/s, errors=9075)
  rows=351,858  triples=34,990,906  (5 ent/s, 339 triples/s, errors=9076)
  rows=351,880  triples=34,991,904  (5 ent/s, 339 triples/s, errors=9081)
  rows=351,912  triples=34,994,006  (5 ent/s, 339 triples/s, errors=9100)
  rows=351,943  triples=34,996,030  (5 ent/s, 339 triples/s, errors=9137)
  rows=351,973  triples=34,998,081  (5 ent/s, 339 triples/s, errors=9140)
  rows=352,001  triples=35,000,095  (5 ent/s, 339 triples/s, errors=9144)
  rows=352,026  triples=35,002,296  (5 ent/s, 339 triples/s, errors=9160)
  rows=352,056  triples=35,004,329  (5 ent/s, 338 triples/s, errors=9166)
  rows=352,080  triples=35,006,467  (5 ent/s, 338 triples/s, errors=9236)
  rows=352,111  triples=35,008,578  (5 ent/s, 338 triples/s, errors=9241)
  rows=352,135  triples=35,010,770  (5 ent/s, 338 triples/s, errors=9249)
  rows=352,165  triples=35,012,795  (5 ent/s, 338 triples/s, errors=9249)
  rows=352,196  triples=35,014,971  (5 ent/s, 338 triples/s, errors=9253)
  rows=352,218  triples=35,016,426  (5 ent/s, 338 triples/s, errors=9278)
  rows=352,244  triples=35,018,501  (5 ent/s, 338 triples/s, errors=9289)
  rows=352,281  triples=35,020,518  (5 ent/s, 338 triples/s, errors=9322)
  rows=352,316  triples=35,022,662  (5 ent/s, 338 triples/s, errors=9327)
  rows=352,346  triples=35,024,725  (5 ent/s, 338 triples/s, errors=9340)
  rows=352,376  triples=35,026,775  (5 ent/s, 338 triples/s, errors=9350)
  rows=352,401  triples=35,028,409  (5 ent/s, 338 triples/s, errors=9351)
  rows=352,425  triples=35,030,527  (5 ent/s, 338 triples/s, errors=9352)
  rows=352,448  triples=35,032,555  (5 ent/s, 338 triples/s, errors=9352)
  rows=352,475  triples=35,034,673  (5 ent/s, 338 triples/s, errors=9354)
  rows=352,502  triples=35,036,710  (5 ent/s, 338 triples/s, errors=9361)
  rows=352,530  triples=35,038,805  (5 ent/s, 338 triples/s, errors=9366)
  rows=352,565  triples=35,040,856  (5 ent/s, 338 triples/s, errors=9381)
  rows=352,592  triples=35,042,999  (5 ent/s, 338 triples/s, errors=9394)
  rows=352,615  triples=35,044,547  (5 ent/s, 338 triples/s, errors=9396)
  rows=352,651  triples=35,046,644  (5 ent/s, 338 triples/s, errors=9403)
  rows=352,680  triples=35,048,713  (5 ent/s, 338 triples/s, errors=9405)
  rows=352,693  triples=35,048,713  (5 ent/s, 337 triples/s, errors=9405)
  rows=352,716  triples=35,050,743  (5 ent/s, 337 triples/s, errors=9411)
  rows=352,749  triples=35,052,988  (5 ent/s, 336 triples/s, errors=9413)
  rows=352,784  triples=35,055,101  (5 ent/s, 336 triples/s, errors=9425)
  rows=352,817  triples=35,057,308  (5 ent/s, 336 triples/s, errors=9442)
  rows=352,849  triples=35,059,417  (5 ent/s, 336 triples/s, errors=9443)
  rows=352,883  triples=35,061,564  (5 ent/s, 336 triples/s, errors=9470)
  rows=352,919  triples=35,063,677  (5 ent/s, 336 triples/s, errors=9486)
  rows=352,948  triples=35,065,727  (5 ent/s, 336 triples/s, errors=9492)
  rows=352,977  triples=35,067,736  (5 ent/s, 336 triples/s, errors=9497)
  rows=353,001  triples=35,069,756  (5 ent/s, 336 triples/s, errors=9507)
  rows=353,031  triples=35,072,355  (5 ent/s, 336 triples/s, errors=9732)
  rows=353,065  triples=35,074,444  (5 ent/s, 336 triples/s, errors=9733)
  rows=353,095  triples=35,076,577  (5 ent/s, 336 triples/s, errors=9743)
  rows=353,127  triples=35,078,590  (5 ent/s, 336 triples/s, errors=9783)
  rows=353,152  triples=35,080,615  (5 ent/s, 336 triples/s, errors=9805)
  rows=353,179  triples=35,082,607  (5 ent/s, 336 triples/s, errors=9822)
  rows=353,201  triples=35,084,082  (5 ent/s, 336 triples/s, errors=9822)
  rows=353,238  triples=35,086,182  (5 ent/s, 336 triples/s, errors=9826)
  rows=353,259  triples=35,088,208  (5 ent/s, 336 triples/s, errors=9862)
  rows=353,287  triples=35,090,270  (5 ent/s, 336 triples/s, errors=9867)
  rows=353,312  triples=35,092,315  (5 ent/s, 336 triples/s, errors=9885)
  rows=353,348  triples=35,094,389  (5 ent/s, 336 triples/s, errors=9894)
  rows=353,383  triples=35,096,542  (5 ent/s, 336 triples/s, errors=9894)
  rows=353,419  triples=35,098,720  (5 ent/s, 336 triples/s, errors=9896)
  rows=353,455  triples=35,100,737  (5 ent/s, 336 triples/s, errors=9905)
  rows=353,483  triples=35,102,936  (5 ent/s, 336 triples/s, errors=9921)
  rows=353,513  triples=35,104,994  (5 ent/s, 336 triples/s, errors=9922)
  rows=353,558  triples=35,107,006  (5 ent/s, 335 triples/s, errors=9922)
  rows=353,583  triples=35,109,129  (5 ent/s, 335 triples/s, errors=9929)
  rows=353,612  triples=35,111,310  (5 ent/s, 335 triples/s, errors=9947)
  rows=353,641  triples=35,113,419  (5 ent/s, 335 triples/s, errors=9955)
  rows=353,671  triples=35,115,482  (5 ent/s, 335 triples/s, errors=9956)
  rows=353,692  triples=35,117,548  (5 ent/s, 335 triples/s, errors=9969)
  rows=353,716  triples=35,119,935  (5 ent/s, 335 triples/s, errors=9977)
  rows=353,741  triples=35,121,973  (5 ent/s, 335 triples/s, errors=9987)
  rows=353,766  triples=35,124,083  (5 ent/s, 335 triples/s, errors=10018)
  rows=353,798  triples=35,126,126  (5 ent/s, 335 triples/s, errors=10019)
  rows=353,817  triples=35,127,221  (5 ent/s, 335 triples/s, errors=10020)
  rows=353,839  triples=35,129,304  (5 ent/s, 335 triples/s, errors=10027)
  rows=353,870  triples=35,131,412  (5 ent/s, 335 triples/s, errors=10045)
  rows=353,906  triples=35,133,598  (5 ent/s, 335 triples/s, errors=10047)
  rows=353,937  triples=35,135,708  (5 ent/s, 335 triples/s, errors=10049)
  rows=353,976  triples=35,137,821  (5 ent/s, 335 triples/s, errors=10056)
  rows=354,001  triples=35,139,631  (5 ent/s, 335 triples/s, errors=10070)
  rows=354,026  triples=35,141,805  (5 ent/s, 335 triples/s, errors=10074)
  rows=354,054  triples=35,143,896  (5 ent/s, 336 triples/s, errors=10076)
  rows=354,085  triples=35,145,976  (5 ent/s, 336 triples/s, errors=10078)
  rows=354,122  triples=35,148,062  (5 ent/s, 336 triples/s, errors=10080)
  rows=354,146  triples=35,150,124  (5 ent/s, 336 triples/s, errors=10093)
  rows=354,176  triples=35,152,174  (5 ent/s, 336 triples/s, errors=10105)
  rows=354,210  triples=35,154,637  (5 ent/s, 336 triples/s, errors=10116)
  rows=354,247  triples=35,156,677  (5 ent/s, 336 triples/s, errors=10123)
  rows=354,277  triples=35,158,712  (5 ent/s, 336 triples/s, errors=10125)
  rows=354,301  triples=35,160,866  (5 ent/s, 336 triples/s, errors=10138)
  rows=354,331  triples=35,162,980  (5 ent/s, 336 triples/s, errors=10141)
  rows=354,362  triples=35,165,152  (5 ent/s, 336 triples/s, errors=10152)
  rows=354,386  triples=35,167,206  (5 ent/s, 336 triples/s, errors=10189)
  rows=354,412  triples=35,169,322  (5 ent/s, 336 triples/s, errors=10196)
  rows=354,438  triples=35,171,714  (5 ent/s, 336 triples/s, errors=10203)
  rows=354,490  triples=35,174,738  (5 ent/s, 336 triples/s, errors=10203)
  rows=354,511  triples=35,175,771  (5 ent/s, 335 triples/s, errors=10205)
  rows=354,527  triples=35,177,856  (5 ent/s, 336 triples/s, errors=10209)
  rows=354,548  triples=35,179,859  (5 ent/s, 336 triples/s, errors=10240)
  rows=354,587  triples=35,182,910  (5 ent/s, 336 triples/s, errors=10267)
  rows=354,626  triples=35,185,565  (5 ent/s, 336 triples/s, errors=10290)
  rows=354,658  triples=35,187,621  (5 ent/s, 336 triples/s, errors=10326)
  rows=354,692  triples=35,189,779  (5 ent/s, 336 triples/s, errors=10334)
  rows=354,708  triples=35,192,004  (5 ent/s, 336 triples/s, errors=10344)
  rows=354,740  triples=35,194,073  (5 ent/s, 336 triples/s, errors=10345)
  rows=354,760  triples=35,196,336  (5 ent/s, 336 triples/s, errors=10350)
  rows=354,786  triples=35,198,462  (5 ent/s, 336 triples/s, errors=10361)
  rows=354,823  triples=35,201,331  (5 ent/s, 336 triples/s, errors=10387)
  rows=354,847  triples=35,203,418  (5 ent/s, 336 triples/s, errors=10406)
  rows=354,872  triples=35,205,514  (5 ent/s, 336 triples/s, errors=10416)
  rows=354,897  triples=35,207,552  (5 ent/s, 336 triples/s, errors=10429)
  rows=354,926  triples=35,209,579  (5 ent/s, 336 triples/s, errors=10434)
  rows=354,955  triples=35,211,601  (5 ent/s, 336 triples/s, errors=10448)
  rows=354,984  triples=35,213,647  (5 ent/s, 336 triples/s, errors=10450)
  rows=355,013  triples=35,215,697  (5 ent/s, 336 triples/s, errors=10463)
  rows=355,048  triples=35,217,854  (5 ent/s, 336 triples/s, errors=10490)
  rows=355,090  triples=35,220,092  (5 ent/s, 336 triples/s, errors=10496)
  rows=355,126  triples=35,222,253  (5 ent/s, 336 triples/s, errors=10499)
  rows=355,163  triples=35,224,408  (5 ent/s, 336 triples/s, errors=10501)
  rows=355,193  triples=35,226,633  (5 ent/s, 337 triples/s, errors=10516)
  rows=355,230  triples=35,229,289  (5 ent/s, 337 triples/s, errors=10524)
  rows=355,260  triples=35,231,778  (5 ent/s, 337 triples/s, errors=10550)
  rows=355,288  triples=35,233,822  (5 ent/s, 337 triples/s, errors=10555)
  rows=355,322  triples=35,235,861  (5 ent/s, 337 triples/s, errors=10557)
  rows=355,354  triples=35,237,960  (5 ent/s, 337 triples/s, errors=10559)
  rows=355,382  triples=35,240,035  (5 ent/s, 337 triples/s, errors=10576)
  rows=355,416  triples=35,241,976  (5 ent/s, 337 triples/s, errors=10581)
  rows=355,448  triples=35,244,047  (5 ent/s, 337 triples/s, errors=10628)
  rows=355,483  triples=35,246,161  (5 ent/s, 337 triples/s, errors=10639)
  rows=355,510  triples=35,248,198  (5 ent/s, 337 triples/s, errors=10649)
  rows=355,554  triples=35,250,388  (5 ent/s, 337 triples/s, errors=10649)
  rows=355,584  triples=35,252,484  (5 ent/s, 337 triples/s, errors=10649)
  rows=355,617  triples=35,254,534  (5 ent/s, 337 triples/s, errors=10654)
  rows=355,666  triples=35,257,576  (5 ent/s, 337 triples/s, errors=10663)
  rows=355,705  triples=35,259,694  (5 ent/s, 337 triples/s, errors=10667)
  rows=355,751  triples=35,262,754  (5 ent/s, 337 triples/s, errors=10683)
  rows=355,791  triples=35,265,810  (5 ent/s, 337 triples/s, errors=10709)
  rows=355,814  triples=35,267,746  (5 ent/s, 337 triples/s, errors=10715)
  rows=355,852  triples=35,270,873  (5 ent/s, 338 triples/s, errors=10715)
  rows=355,887  triples=35,274,137  (5 ent/s, 338 triples/s, errors=10740)
  rows=355,910  triples=35,276,218  (5 ent/s, 338 triples/s, errors=10752)
  rows=355,936  triples=35,278,219  (5 ent/s, 338 triples/s, errors=10784)
  rows=355,962  triples=35,280,228  (5 ent/s, 338 triples/s, errors=10795)
  rows=355,997  triples=35,282,319  (5 ent/s, 338 triples/s, errors=10795)
  rows=356,033  triples=35,284,651  (5 ent/s, 338 triples/s, errors=10813)
  rows=356,071  triples=35,287,814  (5 ent/s, 338 triples/s, errors=10821)
  rows=356,100  triples=35,290,058  (5 ent/s, 338 triples/s, errors=10864)
  rows=356,131  triples=35,292,135  (5 ent/s, 338 triples/s, errors=10919)
  rows=356,186  triples=35,295,245  (5 ent/s, 338 triples/s, errors=10927)
  rows=356,238  triples=35,298,301  (5 ent/s, 338 triples/s, errors=10934)
  rows=356,281  triples=35,301,412  (5 ent/s, 338 triples/s, errors=10948)
  rows=356,320  triples=35,303,611  (5 ent/s, 338 triples/s, errors=10951)
  rows=356,329  triples=35,303,611  (5 ent/s, 337 triples/s, errors=10951)
  rows=356,363  triples=35,306,718  (5 ent/s, 338 triples/s, errors=10960)
  rows=356,391  triples=35,309,047  (5 ent/s, 338 triples/s, errors=10993)
  rows=356,428  triples=35,311,625  (5 ent/s, 338 triples/s, errors=11014)
  rows=356,455  triples=35,313,739  (5 ent/s, 338 triples/s, errors=11034)
  rows=356,494  triples=35,316,791  (5 ent/s, 338 triples/s, errors=11046)
  rows=356,552  triples=35,319,828  (5 ent/s, 338 triples/s, errors=11062)
  rows=356,598  triples=35,322,828  (5 ent/s, 338 triples/s, errors=11103)
  rows=356,634  triples=35,325,043  (5 ent/s, 338 triples/s, errors=11108)
  rows=356,673  triples=35,327,268  (5 ent/s, 338 triples/s, errors=11111)
  rows=356,716  triples=35,330,310  (5 ent/s, 338 triples/s, errors=11120)
  rows=356,756  triples=35,332,439  (5 ent/s, 338 triples/s, errors=11136)
  rows=356,789  triples=35,335,504  (5 ent/s, 338 triples/s, errors=11159)
  rows=356,831  triples=35,338,301  (5 ent/s, 338 triples/s, errors=11165)
  rows=356,872  triples=35,341,547  (5 ent/s, 338 triples/s, errors=11184)
  rows=356,907  triples=35,344,594  (5 ent/s, 338 triples/s, errors=11194)
  rows=356,955  triples=35,347,664  (5 ent/s, 338 triples/s, errors=11213)
  rows=356,998  triples=35,350,919  (5 ent/s, 339 triples/s, errors=11227)
  rows=357,040  triples=35,353,171  (5 ent/s, 339 triples/s, errors=11241)
  rows=357,082  triples=35,356,233  (5 ent/s, 339 triples/s, errors=11256)
  rows=357,126  triples=35,359,347  (5 ent/s, 339 triples/s, errors=11271)
  rows=357,165  triples=35,362,504  (5 ent/s, 339 triples/s, errors=11306)
  rows=357,205  triples=35,364,643  (5 ent/s, 339 triples/s, errors=11319)
  rows=357,240  triples=35,367,727  (5 ent/s, 339 triples/s, errors=11330)
  rows=357,275  triples=35,369,817  (5 ent/s, 339 triples/s, errors=11341)
  rows=357,302  triples=35,371,890  (5 ent/s, 339 triples/s, errors=11354)
  rows=357,332  triples=35,374,962  (5 ent/s, 339 triples/s, errors=11367)
  rows=357,376  triples=35,378,147  (5 ent/s, 339 triples/s, errors=11380)
  rows=357,414  triples=35,381,115  (5 ent/s, 339 triples/s, errors=11399)
  rows=357,454  triples=35,384,163  (5 ent/s, 339 triples/s, errors=11410)
  rows=357,497  triples=35,387,291  (5 ent/s, 340 triples/s, errors=11412)
  rows=357,543  triples=35,390,396  (5 ent/s, 340 triples/s, errors=11415)
  rows=357,582  triples=35,393,590  (5 ent/s, 340 triples/s, errors=11444)
  rows=357,611  triples=35,396,000  (5 ent/s, 340 triples/s, errors=11452)
  rows=357,655  triples=35,398,118  (5 ent/s, 340 triples/s, errors=11463)
  rows=357,682  triples=35,401,321  (5 ent/s, 340 triples/s, errors=11491)
  rows=357,719  triples=35,404,503  (5 ent/s, 340 triples/s, errors=11513)
  rows=357,758  triples=35,407,595  (5 ent/s, 340 triples/s, errors=11533)
  rows=357,791  triples=35,410,609  (5 ent/s, 340 triples/s, errors=11607)
  rows=357,822  triples=35,413,249  (5 ent/s, 340 triples/s, errors=11620)
  rows=357,865  triples=35,416,400  (5 ent/s, 340 triples/s, errors=11629)
  rows=357,909  triples=35,419,566  (5 ent/s, 340 triples/s, errors=11648)
  rows=357,950  triples=35,421,741  (5 ent/s, 340 triples/s, errors=11660)
  rows=357,973  triples=35,424,881  (5 ent/s, 340 triples/s, errors=11686)
  rows=358,011  triples=35,427,416  (5 ent/s, 340 triples/s, errors=11702)
  rows=358,048  triples=35,430,598  (5 ent/s, 341 triples/s, errors=11724)
  rows=358,099  triples=35,433,676  (5 ent/s, 341 triples/s, errors=11784)
  rows=358,146  triples=35,436,741  (5 ent/s, 341 triples/s, errors=11794)
  rows=358,147  triples=35,436,741  (5 ent/s, 340 triples/s, errors=11794)
  rows=358,198  triples=35,439,833  (5 ent/s, 340 triples/s, errors=11799)
  rows=358,225  triples=35,442,053  (5 ent/s, 340 triples/s, errors=11813)
  rows=358,268  triples=35,445,252  (5 ent/s, 340 triples/s, errors=11833)
  rows=358,312  triples=35,448,360  (5 ent/s, 340 triples/s, errors=11856)
  rows=358,355  triples=35,451,504  (5 ent/s, 340 triples/s, errors=11877)
  rows=358,397  triples=35,454,668  (5 ent/s, 340 triples/s, errors=11885)
  rows=358,431  triples=35,456,890  (5 ent/s, 340 triples/s, errors=11891)
  rows=358,481  triples=35,460,004  (5 ent/s, 340 triples/s, errors=11901)
  rows=358,519  triples=35,463,115  (5 ent/s, 341 triples/s, errors=11911)
  rows=358,559  triples=35,466,449  (5 ent/s, 341 triples/s, errors=11927)
  rows=358,598  triples=35,469,563  (5 ent/s, 341 triples/s, errors=11949)
  rows=358,630  triples=35,471,959  (5 ent/s, 341 triples/s, errors=11955)
  rows=358,661  triples=35,474,120  (5 ent/s, 341 triples/s, errors=11970)
  rows=358,692  triples=35,477,274  (5 ent/s, 341 triples/s, errors=11982)
  rows=358,739  triples=35,480,406  (5 ent/s, 341 triples/s, errors=11988)
  rows=358,788  triples=35,483,533  (5 ent/s, 341 triples/s, errors=12009)
  rows=358,826  triples=35,486,342  (5 ent/s, 341 triples/s, errors=12020)
  rows=358,860  triples=35,489,407  (5 ent/s, 341 triples/s, errors=12030)
  rows=358,892  triples=35,492,459  (5 ent/s, 341 triples/s, errors=12037)
  rows=358,939  triples=35,495,557  (5 ent/s, 341 triples/s, errors=12046)
  rows=358,987  triples=35,498,614  (5 ent/s, 341 triples/s, errors=12058)
  rows=359,012  triples=35,500,971  (5 ent/s, 341 triples/s, errors=12092)
  rows=359,060  triples=35,504,174  (5 ent/s, 342 triples/s, errors=12099)
  rows=359,095  triples=35,507,256  (5 ent/s, 342 triples/s, errors=12123)
  rows=359,141  triples=35,510,356  (5 ent/s, 342 triples/s, errors=12136)
  rows=359,201  triples=35,513,263  (5 ent/s, 342 triples/s, errors=12139)
  rows=359,250  triples=35,516,361  (5 ent/s, 342 triples/s, errors=12142)
  rows=359,297  triples=35,519,548  (5 ent/s, 342 triples/s, errors=12144)
  rows=359,341  triples=35,522,656  (5 ent/s, 342 triples/s, errors=12163)
  rows=359,396  triples=35,525,813  (5 ent/s, 342 triples/s, errors=12182)
  rows=359,433  triples=35,528,186  (5 ent/s, 342 triples/s, errors=12185)
  rows=359,480  triples=35,531,336  (5 ent/s, 342 triples/s, errors=12188)
  rows=359,526  triples=35,534,441  (5 ent/s, 342 triples/s, errors=12193)
  rows=359,575  triples=35,537,702  (5 ent/s, 342 triples/s, errors=12201)
  rows=359,612  triples=35,540,326  (5 ent/s, 342 triples/s, errors=12230)
  rows=359,659  triples=35,543,367  (5 ent/s, 343 triples/s, errors=12244)
  rows=359,707  triples=35,546,679  (5 ent/s, 343 triples/s, errors=12258)
  rows=359,750  triples=35,549,982  (5 ent/s, 343 triples/s, errors=12281)
  rows=359,788  triples=35,553,241  (5 ent/s, 343 triples/s, errors=12296)
  rows=359,831  triples=35,556,454  (5 ent/s, 343 triples/s, errors=12301)
  rows=359,877  triples=35,559,691  (5 ent/s, 343 triples/s, errors=12315)
  rows=359,920  triples=35,562,874  (5 ent/s, 343 triples/s, errors=12344)
  rows=359,963  triples=35,566,084  (5 ent/s, 343 triples/s, errors=12359)
  rows=359,965  triples=35,566,084  (5 ent/s, 342 triples/s, errors=12359)
  rows=360,001  triples=35,568,928  (5 ent/s, 342 triples/s, errors=12372)
  rows=360,037  triples=35,572,068  (5 ent/s, 342 triples/s, errors=12406)
  rows=360,079  triples=35,575,246  (5 ent/s, 342 triples/s, errors=12421)
  rows=360,122  triples=35,578,721  (5 ent/s, 342 triples/s, errors=12443)
  rows=360,166  triples=35,581,908  (5 ent/s, 343 triples/s, errors=12451)
  rows=360,201  triples=35,584,342  (5 ent/s, 343 triples/s, errors=12454)
  rows=360,237  triples=35,587,383  (5 ent/s, 343 triples/s, errors=12483)
  rows=360,276  triples=35,590,572  (5 ent/s, 343 triples/s, errors=12522)
  rows=360,318  triples=35,593,663  (5 ent/s, 343 triples/s, errors=12533)
  rows=360,360  triples=35,596,818  (5 ent/s, 343 triples/s, errors=12535)
  rows=360,401  triples=35,599,559  (5 ent/s, 343 triples/s, errors=12542)
  rows=360,443  triples=35,602,635  (5 ent/s, 343 triples/s, errors=12575)
  rows=360,486  triples=35,605,718  (5 ent/s, 343 triples/s, errors=12598)
  rows=360,526  triples=35,608,806  (5 ent/s, 343 triples/s, errors=12608)
  rows=360,574  triples=35,611,897  (5 ent/s, 343 triples/s, errors=12616)
  rows=360,601  triples=35,614,531  (5 ent/s, 343 triples/s, errors=12639)
  rows=360,634  triples=35,617,570  (5 ent/s, 343 triples/s, errors=12647)
  rows=360,673  triples=35,620,674  (5 ent/s, 344 triples/s, errors=12657)
  rows=360,715  triples=35,623,951  (5 ent/s, 344 triples/s, errors=12676)
  rows=360,754  triples=35,627,014  (5 ent/s, 344 triples/s, errors=12717)
  rows=360,798  triples=35,630,103  (5 ent/s, 344 triples/s, errors=12742)
  rows=360,830  triples=35,632,660  (5 ent/s, 344 triples/s, errors=12768)
  rows=360,871  triples=35,635,805  (5 ent/s, 344 triples/s, errors=12777)
  rows=360,913  triples=35,638,873  (5 ent/s, 344 triples/s, errors=12785)
  rows=360,950  triples=35,641,975  (5 ent/s, 344 triples/s, errors=12788)
  rows=360,998  triples=35,645,159  (5 ent/s, 344 triples/s, errors=12790)
  rows=361,030  triples=35,647,508  (5 ent/s, 344 triples/s, errors=12808)
  rows=361,070  triples=35,650,815  (5 ent/s, 344 triples/s, errors=12811)
  rows=361,116  triples=35,653,913  (5 ent/s, 344 triples/s, errors=12830)
  rows=361,151  triples=35,657,170  (5 ent/s, 344 triples/s, errors=12856)
  rows=361,199  triples=35,660,492  (5 ent/s, 345 triples/s, errors=12868)
  rows=361,236  triples=35,662,743  (5 ent/s, 345 triples/s, errors=12874)
  rows=361,279  triples=35,665,788  (5 ent/s, 345 triples/s, errors=12892)
  rows=361,312  triples=35,668,789  (5 ent/s, 345 triples/s, errors=12912)
  rows=361,349  triples=35,672,007  (5 ent/s, 345 triples/s, errors=12917)
  rows=361,391  triples=35,675,190  (5 ent/s, 345 triples/s, errors=12929)
  rows=361,429  triples=35,678,048  (5 ent/s, 345 triples/s, errors=12930)
  rows=361,463  triples=35,681,088  (5 ent/s, 345 triples/s, errors=12948)
  rows=361,509  triples=35,684,277  (5 ent/s, 345 triples/s, errors=12953)
  rows=361,551  triples=35,687,434  (5 ent/s, 345 triples/s, errors=12970)
  rows=361,591  triples=35,690,560  (5 ent/s, 345 triples/s, errors=12971)
  rows=361,624  triples=35,693,600  (5 ent/s, 345 triples/s, errors=12977)
  rows=361,662  triples=35,696,624  (5 ent/s, 345 triples/s, errors=12993)
  rows=361,700  triples=35,699,787  (5 ent/s, 346 triples/s, errors=12998)
  rows=361,735  triples=35,702,861  (5 ent/s, 346 triples/s, errors=13012)
  rows=361,766  triples=35,705,900  (5 ent/s, 346 triples/s, errors=13023)
  rows=361,783  triples=35,706,899  (5 ent/s, 345 triples/s, errors=13024)
  rows=361,817  triples=35,709,648  (5 ent/s, 345 triples/s, errors=13030)
  rows=361,851  triples=35,713,105  (5 ent/s, 345 triples/s, errors=13099)
  rows=361,891  triples=35,716,192  (5 ent/s, 345 triples/s, errors=13115)
  rows=361,934  triples=35,719,423  (5 ent/s, 345 triples/s, errors=13122)
  rows=361,975  triples=35,721,480  (5 ent/s, 345 triples/s, errors=13130)
  rows=362,001  triples=35,724,460  (5 ent/s, 345 triples/s, errors=13132)
  rows=362,037  triples=35,727,631  (5 ent/s, 345 triples/s, errors=13143)
  rows=362,078  triples=35,730,818  (5 ent/s, 346 triples/s, errors=13150)
  rows=362,116  triples=35,734,028  (5 ent/s, 346 triples/s, errors=13265)
  rows=362,156  triples=35,737,101  (5 ent/s, 346 triples/s, errors=13298)
  rows=362,198  triples=35,740,155  (5 ent/s, 346 triples/s, errors=13312)
  rows=362,227  triples=35,742,481  (5 ent/s, 346 triples/s, errors=13326)
  rows=362,275  triples=35,745,716  (5 ent/s, 346 triples/s, errors=13364)
  rows=362,312  triples=35,748,935  (5 ent/s, 346 triples/s, errors=13369)
  rows=362,349  triples=35,752,065  (5 ent/s, 346 triples/s, errors=13378)
  rows=362,385  triples=35,755,132  (5 ent/s, 346 triples/s, errors=13383)
  rows=362,438  triples=35,758,136  (5 ent/s, 346 triples/s, errors=13392)
  rows=362,482  triples=35,761,474  (5 ent/s, 346 triples/s, errors=13444)
  rows=362,529  triples=35,764,536  (5 ent/s, 346 triples/s, errors=13455)
  rows=362,568  triples=35,767,645  (5 ent/s, 346 triples/s, errors=13476)
  rows=362,601  triples=35,770,605  (5 ent/s, 346 triples/s, errors=13483)
  rows=362,639  triples=35,773,751  (5 ent/s, 347 triples/s, errors=13498)
  rows=362,672  triples=35,776,935  (5 ent/s, 347 triples/s, errors=13524)
  rows=362,707  triples=35,779,072  (5 ent/s, 347 triples/s, errors=13553)
  rows=362,736  triples=35,782,214  (5 ent/s, 347 triples/s, errors=13584)
  rows=362,768  triples=35,785,303  (5 ent/s, 347 triples/s, errors=13594)
  rows=362,813  triples=35,788,050  (5 ent/s, 347 triples/s, errors=13595)
  rows=362,857  triples=35,791,250  (5 ent/s, 347 triples/s, errors=13628)
  rows=362,898  triples=35,794,300  (5 ent/s, 347 triples/s, errors=13636)
  rows=362,935  triples=35,797,408  (5 ent/s, 347 triples/s, errors=13663)
  rows=362,977  triples=35,800,695  (5 ent/s, 347 triples/s, errors=13675)
  rows=363,013  triples=35,803,854  (5 ent/s, 347 triples/s, errors=13696)
  rows=363,053  triples=35,807,073  (5 ent/s, 347 triples/s, errors=13710)
  rows=363,097  triples=35,810,127  (5 ent/s, 347 triples/s, errors=13713)
  rows=363,147  triples=35,813,244  (5 ent/s, 347 triples/s, errors=13724)
  rows=363,195  triples=35,816,372  (5 ent/s, 348 triples/s, errors=13760)
  rows=363,224  triples=35,818,797  (5 ent/s, 348 triples/s, errors=13770)
  rows=363,263  triples=35,822,017  (5 ent/s, 348 triples/s, errors=13774)
  rows=363,298  triples=35,825,097  (5 ent/s, 348 triples/s, errors=13783)
  rows=363,338  triples=35,828,336  (5 ent/s, 348 triples/s, errors=13819)
  rows=363,379  triples=35,831,526  (5 ent/s, 348 triples/s, errors=13828)
  rows=363,414  triples=35,834,654  (5 ent/s, 348 triples/s, errors=13842)
  rows=363,456  triples=35,837,727  (5 ent/s, 348 triples/s, errors=13849)
  rows=363,510  triples=35,840,909  (5 ent/s, 348 triples/s, errors=13850)
  rows=363,552  triples=35,844,021  (5 ent/s, 348 triples/s, errors=13867)
  rows=363,592  triples=35,847,250  (5 ent/s, 348 triples/s, errors=13927)
  rows=363,601  triples=35,847,764  (5 ent/s, 348 triples/s, errors=13927)
  rows=363,635  triples=35,849,847  (5 ent/s, 348 triples/s, errors=13941)
  rows=363,667  triples=35,853,017  (5 ent/s, 348 triples/s, errors=13958)
  rows=363,703  triples=35,856,092  (5 ent/s, 348 triples/s, errors=13983)
  rows=363,744  triples=35,859,166  (5 ent/s, 348 triples/s, errors=13997)
  rows=363,794  triples=35,862,266  (5 ent/s, 348 triples/s, errors=14008)
  rows=363,829  triples=35,864,752  (5 ent/s, 348 triples/s, errors=14009)
  rows=363,872  triples=35,867,984  (5 ent/s, 348 triples/s, errors=14019)
  rows=363,908  triples=35,871,078  (5 ent/s, 348 triples/s, errors=14034)
  rows=363,945  triples=35,874,263  (5 ent/s, 348 triples/s, errors=14041)
  rows=363,991  triples=35,877,436  (5 ent/s, 348 triples/s, errors=14047)
  rows=364,026  triples=35,880,001  (5 ent/s, 348 triples/s, errors=14092)
  rows=364,066  triples=35,882,056  (5 ent/s, 348 triples/s, errors=14094)
  rows=364,108  triples=35,885,274  (5 ent/s, 348 triples/s, errors=14101)
  rows=364,150  triples=35,888,388  (5 ent/s, 348 triples/s, errors=14108)
  rows=364,187  triples=35,891,617  (5 ent/s, 348 triples/s, errors=14119)
  rows=364,221  triples=35,894,671  (5 ent/s, 348 triples/s, errors=14134)
  rows=364,264  triples=35,897,827  (5 ent/s, 349 triples/s, errors=14148)
  rows=364,304  triples=35,901,043  (5 ent/s, 349 triples/s, errors=14157)
  rows=364,343  triples=35,904,313  (5 ent/s, 349 triples/s, errors=14191)
  rows=364,381  triples=35,907,658  (5 ent/s, 349 triples/s, errors=14201)
  rows=364,415  triples=35,910,402  (5 ent/s, 349 triples/s, errors=14205)
  rows=364,459  triples=35,913,495  (5 ent/s, 349 triples/s, errors=14220)
  rows=364,500  triples=35,916,662  (5 ent/s, 349 triples/s, errors=14229)
  rows=364,540  triples=35,919,814  (5 ent/s, 349 triples/s, errors=14236)
  rows=364,570  triples=35,922,947  (5 ent/s, 349 triples/s, errors=14255)
  rows=364,601  triples=35,925,056  (5 ent/s, 349 triples/s, errors=14257)
  rows=364,635  triples=35,928,455  (5 ent/s, 349 triples/s, errors=14261)
  rows=364,682  triples=35,931,536  (5 ent/s, 349 triples/s, errors=14268)
  rows=364,718  triples=35,934,648  (5 ent/s, 349 triples/s, errors=14273)
  rows=364,755  triples=35,937,822  (5 ent/s, 349 triples/s, errors=14287)
  rows=364,798  triples=35,940,891  (5 ent/s, 349 triples/s, errors=14298)
  rows=364,828  triples=35,943,084  (5 ent/s, 349 triples/s, errors=14308)
  rows=364,869  triples=35,946,186  (5 ent/s, 350 triples/s, errors=14311)
  rows=364,913  triples=35,949,241  (5 ent/s, 350 triples/s, errors=14328)
  rows=364,959  triples=35,952,350  (5 ent/s, 350 triples/s, errors=14354)
  rows=364,997  triples=35,955,588  (5 ent/s, 350 triples/s, errors=14357)
  rows=365,034  triples=35,958,038  (5 ent/s, 350 triples/s, errors=14368)
  rows=365,078  triples=35,961,103  (5 ent/s, 350 triples/s, errors=14372)
  rows=365,127  triples=35,964,200  (5 ent/s, 350 triples/s, errors=14374)
  rows=365,167  triples=35,966,346  (5 ent/s, 350 triples/s, errors=14390)
  rows=365,201  triples=35,969,085  (5 ent/s, 350 triples/s, errors=14392)
  rows=365,236  triples=35,971,226  (5 ent/s, 350 triples/s, errors=14397)
  rows=365,279  triples=35,974,285  (5 ent/s, 350 triples/s, errors=14410)
  rows=365,322  triples=35,976,433  (5 ent/s, 350 triples/s, errors=14423)
  rows=365,354  triples=35,979,566  (5 ent/s, 350 triples/s, errors=14433)
  rows=365,401  triples=35,981,929  (5 ent/s, 350 triples/s, errors=14434)
  rows=365,419  triples=35,983,058  (5 ent/s, 349 triples/s, errors=14439)
  rows=365,457  triples=35,986,294  (5 ent/s, 349 triples/s, errors=14451)
  rows=365,495  triples=35,989,420  (5 ent/s, 349 triples/s, errors=14484)
  rows=365,525  triples=35,991,469  (5 ent/s, 349 triples/s, errors=14520)
  rows=365,561  triples=35,994,569  (5 ent/s, 350 triples/s, errors=14534)
  rows=365,601  triples=35,997,407  (5 ent/s, 350 triples/s, errors=14536)
  rows=365,640  triples=36,000,622  (5 ent/s, 350 triples/s, errors=14545)
  rows=365,684  triples=36,003,689  (5 ent/s, 350 triples/s, errors=14565)
  rows=365,720  triples=36,006,862  (5 ent/s, 350 triples/s, errors=14607)
  rows=365,757  triples=36,010,173  (5 ent/s, 350 triples/s, errors=14617)
  rows=365,801  triples=36,013,188  (5 ent/s, 350 triples/s, errors=14621)
  rows=365,850  triples=36,016,382  (5 ent/s, 350 triples/s, errors=14626)
  rows=365,880  triples=36,018,674  (5 ent/s, 350 triples/s, errors=14626)
  rows=365,920  triples=36,021,731  (5 ent/s, 350 triples/s, errors=14633)
  rows=365,958  triples=36,024,892  (5 ent/s, 350 triples/s, errors=14648)
  rows=365,994  triples=36,028,073  (5 ent/s, 350 triples/s, errors=14664)
  rows=366,028  triples=36,030,701  (5 ent/s, 350 triples/s, errors=14680)
  rows=366,078  triples=36,033,838  (5 ent/s, 350 triples/s, errors=14681)
  rows=366,118  triples=36,037,102  (5 ent/s, 350 triples/s, errors=14732)
  rows=366,157  triples=36,040,248  (5 ent/s, 350 triples/s, errors=14744)
  rows=366,200  triples=36,043,448  (5 ent/s, 351 triples/s, errors=14755)
  rows=366,241  triples=36,046,504  (5 ent/s, 351 triples/s, errors=14764)
  rows=366,284  triples=36,049,799  (5 ent/s, 351 triples/s, errors=14775)
  rows=366,328  triples=36,052,930  (5 ent/s, 351 triples/s, errors=14778)
  rows=366,373  triples=36,056,068  (5 ent/s, 351 triples/s, errors=14814)
  rows=366,414  triples=36,058,823  (5 ent/s, 351 triples/s, errors=14867)
  rows=366,452  triples=36,061,965  (5 ent/s, 351 triples/s, errors=14922)
  rows=366,497  triples=36,065,062  (5 ent/s, 351 triples/s, errors=14930)
  rows=366,533  triples=36,068,086  (5 ent/s, 351 triples/s, errors=14945)
  rows=366,567  triples=36,071,339  (5 ent/s, 351 triples/s, errors=14959)
  rows=366,601  triples=36,074,419  (5 ent/s, 351 triples/s, errors=14969)
  rows=366,652  triples=36,077,603  (5 ent/s, 351 triples/s, errors=14984)
  rows=366,689  triples=36,080,713  (5 ent/s, 351 triples/s, errors=14991)
  rows=366,729  triples=36,084,083  (5 ent/s, 351 triples/s, errors=14998)
  rows=366,766  triples=36,087,244  (5 ent/s, 352 triples/s, errors=15012)
  rows=366,817  triples=36,089,843  (5 ent/s, 352 triples/s, errors=15017)
  rows=366,855  triples=36,092,878  (5 ent/s, 352 triples/s, errors=15026)
  rows=366,895  triples=36,096,135  (5 ent/s, 352 triples/s, errors=15030)
  rows=366,946  triples=36,099,293  (5 ent/s, 352 triples/s, errors=15048)
  rows=366,996  triples=36,102,589  (5 ent/s, 352 triples/s, errors=15059)
  rows=367,027  triples=36,104,958  (5 ent/s, 352 triples/s, errors=15064)
  rows=367,074  triples=36,108,096  (5 ent/s, 352 triples/s, errors=15068)
  rows=367,118  triples=36,111,127  (5 ent/s, 352 triples/s, errors=15072)
  rows=367,164  triples=36,114,258  (5 ent/s, 352 triples/s, errors=15083)
  rows=367,201  triples=36,116,525  (5 ent/s, 352 triples/s, errors=15086)
  rows=367,235  triples=36,119,676  (5 ent/s, 352 triples/s, errors=15100)
  rows=367,237  triples=36,119,676  (5 ent/s, 351 triples/s, errors=15100)
  rows=367,273  triples=36,122,699  (5 ent/s, 351 triples/s, errors=15112)
  rows=367,321  triples=36,125,739  (5 ent/s, 352 triples/s, errors=15128)
  rows=367,372  triples=36,128,798  (5 ent/s, 352 triples/s, errors=15142)
  rows=367,418  triples=36,131,827  (5 ent/s, 352 triples/s, errors=15155)
  rows=367,464  triples=36,134,891  (5 ent/s, 352 triples/s, errors=15180)
  rows=367,505  triples=36,138,111  (5 ent/s, 352 triples/s, errors=15191)
  rows=367,546  triples=36,141,265  (5 ent/s, 352 triples/s, errors=15193)
  rows=367,597  triples=36,144,361  (5 ent/s, 352 triples/s, errors=15204)
  rows=367,633  triples=36,146,613  (5 ent/s, 352 triples/s, errors=15209)
  rows=367,683  triples=36,149,697  (5 ent/s, 352 triples/s, errors=15279)
  rows=367,728  triples=36,152,802  (5 ent/s, 352 triples/s, errors=15288)
  rows=367,767  triples=36,155,856  (5 ent/s, 352 triples/s, errors=15310)
  rows=367,815  triples=36,159,004  (5 ent/s, 352 triples/s, errors=15314)
  rows=367,854  triples=36,162,128  (5 ent/s, 352 triples/s, errors=15316)
  rows=367,896  triples=36,165,283  (5 ent/s, 352 triples/s, errors=15321)
  rows=367,937  triples=36,168,448  (5 ent/s, 352 triples/s, errors=15326)
  rows=367,984  triples=36,171,783  (5 ent/s, 352 triples/s, errors=15333)
  rows=368,019  triples=36,174,735  (5 ent/s, 352 triples/s, errors=15346)
  rows=368,053  triples=36,176,772  (5 ent/s, 352 triples/s, errors=15349)
  rows=368,104  triples=36,179,963  (5 ent/s, 353 triples/s, errors=15359)
  rows=368,151  triples=36,183,098  (5 ent/s, 353 triples/s, errors=15360)
  rows=368,193  triples=36,186,278  (5 ent/s, 353 triples/s, errors=15364)
  rows=368,230  triples=36,188,525  (5 ent/s, 353 triples/s, errors=15369)
  rows=368,283  triples=36,191,647  (5 ent/s, 353 triples/s, errors=15371)
  rows=368,334  triples=36,195,004  (5 ent/s, 353 triples/s, errors=15399)
  rows=368,377  triples=36,198,085  (5 ent/s, 353 triples/s, errors=15401)
  rows=368,408  triples=36,200,095  (5 ent/s, 353 triples/s, errors=15417)
  rows=368,440  triples=36,203,198  (5 ent/s, 353 triples/s, errors=15434)
  rows=368,485  triples=36,206,611  (5 ent/s, 353 triples/s, errors=15618)
  rows=368,530  triples=36,209,837  (5 ent/s, 353 triples/s, errors=15626)
  rows=368,577  triples=36,212,981  (5 ent/s, 353 triples/s, errors=15635)
  rows=368,616  triples=36,215,486  (5 ent/s, 353 triples/s, errors=15636)
  rows=368,662  triples=36,218,638  (5 ent/s, 353 triples/s, errors=15640)
  rows=368,707  triples=36,221,807  (5 ent/s, 353 triples/s, errors=15647)
  rows=368,755  triples=36,224,933  (5 ent/s, 353 triples/s, errors=15647)
  rows=368,799  triples=36,228,022  (5 ent/s, 353 triples/s, errors=15655)
  rows=368,828  triples=36,230,377  (5 ent/s, 353 triples/s, errors=15664)
  rows=368,881  triples=36,233,486  (5 ent/s, 353 triples/s, errors=15666)
  rows=368,927  triples=36,236,576  (5 ent/s, 354 triples/s, errors=15679)
  rows=368,978  triples=36,239,629  (5 ent/s, 354 triples/s, errors=15686)
  rows=369,013  triples=36,242,427  (5 ent/s, 354 triples/s, errors=15689)
  rows=369,055  triples=36,244,494  (5 ent/s, 353 triples/s, errors=15691)
  rows=369,091  triples=36,247,651  (5 ent/s, 353 triples/s, errors=15693)
  rows=369,141  triples=36,250,709  (5 ent/s, 353 triples/s, errors=15701)
  rows=369,185  triples=36,253,900  (5 ent/s, 353 triples/s, errors=15706)
  rows=369,239  triples=36,256,823  (5 ent/s, 353 triples/s, errors=15718)
  rows=369,289  triples=36,259,907  (5 ent/s, 353 triples/s, errors=15718)
  rows=369,338  triples=36,263,050  (5 ent/s, 353 triples/s, errors=15721)
  rows=369,392  triples=36,266,121  (5 ent/s, 354 triples/s, errors=15737)
  rows=369,429  triples=36,268,784  (5 ent/s, 354 triples/s, errors=15742)
  rows=369,478  triples=36,272,173  (5 ent/s, 354 triples/s, errors=15742)
  rows=369,521  triples=36,275,357  (5 ent/s, 354 triples/s, errors=15745)
  rows=369,568  triples=36,278,502  (5 ent/s, 354 triples/s, errors=15757)
  rows=369,601  triples=36,281,411  (5 ent/s, 354 triples/s, errors=15769)
  rows=369,643  triples=36,284,565  (5 ent/s, 354 triples/s, errors=15789)
  rows=369,692  triples=36,287,689  (5 ent/s, 354 triples/s, errors=15792)
  rows=369,729  triples=36,290,784  (5 ent/s, 354 triples/s, errors=15798)
  rows=369,766  triples=36,293,844  (5 ent/s, 354 triples/s, errors=15812)
  rows=369,801  triples=36,296,486  (5 ent/s, 354 triples/s, errors=15814)
  rows=369,850  triples=36,299,607  (5 ent/s, 354 triples/s, errors=15818)
  rows=369,899  triples=36,302,628  (5 ent/s, 354 triples/s, errors=15819)
  rows=369,943  triples=36,305,795  (5 ent/s, 354 triples/s, errors=15823)
  rows=369,991  triples=36,308,889  (5 ent/s, 354 triples/s, errors=15827)
  rows=370,033  triples=36,311,632  (5 ent/s, 354 triples/s, errors=15839)
  rows=370,080  triples=36,314,754  (5 ent/s, 354 triples/s, errors=15862)
  rows=370,128  triples=36,317,817  (5 ent/s, 354 triples/s, errors=15883)
  rows=370,183  triples=36,321,022  (5 ent/s, 355 triples/s, errors=15886)
  rows=370,217  triples=36,323,197  (5 ent/s, 354 triples/s, errors=15887)
  rows=370,264  triples=36,326,266  (5 ent/s, 355 triples/s, errors=15902)
  rows=370,314  triples=36,329,319  (5 ent/s, 355 triples/s, errors=15903)
  rows=370,356  triples=36,332,549  (5 ent/s, 355 triples/s, errors=15907)
  rows=370,397  triples=36,335,695  (5 ent/s, 355 triples/s, errors=15915)
  rows=370,434  triples=36,337,867  (5 ent/s, 355 triples/s, errors=15917)
  rows=370,482  triples=36,339,983  (5 ent/s, 355 triples/s, errors=15919)
  rows=370,524  triples=36,343,007  (5 ent/s, 355 triples/s, errors=15926)
  rows=370,578  triples=36,346,093  (5 ent/s, 355 triples/s, errors=15941)
  rows=370,617  triples=36,348,487  (5 ent/s, 355 triples/s, errors=15953)
  rows=370,655  triples=36,351,595  (5 ent/s, 355 triples/s, errors=15963)
  rows=370,702  triples=36,354,767  (5 ent/s, 355 triples/s, errors=15969)
  rows=370,732  triples=36,356,830  (5 ent/s, 355 triples/s, errors=15977)
  rows=370,768  triples=36,358,948  (5 ent/s, 355 triples/s, errors=15985)
  rows=370,798  triples=36,360,992  (5 ent/s, 355 triples/s, errors=15985)
  rows=370,826  triples=36,363,436  (5 ent/s, 355 triples/s, errors=15992)
  rows=370,856  triples=36,365,488  (5 ent/s, 355 triples/s, errors=15994)
  rows=370,873  triples=36,365,488  (5 ent/s, 354 triples/s, errors=15994)
  rows=370,889  triples=36,367,640  (5 ent/s, 355 triples/s, errors=15999)
  rows=370,911  triples=36,369,844  (5 ent/s, 355 triples/s, errors=16032)
  rows=370,935  triples=36,371,998  (5 ent/s, 355 triples/s, errors=16061)
  rows=370,980  triples=36,375,111  (5 ent/s, 355 triples/s, errors=16068)
  rows=371,013  triples=36,377,669  (5 ent/s, 355 triples/s, errors=16081)
  rows=371,054  triples=36,380,797  (5 ent/s, 355 triples/s, errors=16085)
  rows=371,080  triples=36,382,986  (5 ent/s, 355 triples/s, errors=16089)
  rows=371,123  triples=36,386,148  (5 ent/s, 355 triples/s, errors=16093)
  rows=371,159  triples=36,388,233  (5 ent/s, 355 triples/s, errors=16093)
  rows=371,196  triples=36,391,441  (5 ent/s, 355 triples/s, errors=16118)
  rows=371,237  triples=36,393,734  (5 ent/s, 355 triples/s, errors=16126)
  rows=371,259  triples=36,395,886  (5 ent/s, 355 triples/s, errors=16139)
  rows=371,306  triples=36,399,047  (5 ent/s, 355 triples/s, errors=16147)
  rows=371,336  triples=36,401,162  (5 ent/s, 355 triples/s, errors=16147)
  rows=371,372  triples=36,403,226  (5 ent/s, 355 triples/s, errors=16151)
  rows=371,401  triples=36,405,871  (5 ent/s, 355 triples/s, errors=16181)
  rows=371,430  triples=36,407,974  (5 ent/s, 355 triples/s, errors=16185)
  rows=371,456  triples=36,410,008  (5 ent/s, 355 triples/s, errors=16187)
  rows=371,503  triples=36,413,103  (5 ent/s, 355 triples/s, errors=16191)
  rows=371,538  triples=36,415,201  (5 ent/s, 355 triples/s, errors=16197)
  rows=371,583  triples=36,418,397  (5 ent/s, 355 triples/s, errors=16199)
  rows=371,637  triples=36,421,389  (5 ent/s, 355 triples/s, errors=16206)
  rows=371,663  triples=36,423,424  (5 ent/s, 355 triples/s, errors=16209)
  rows=371,699  triples=36,425,501  (5 ent/s, 355 triples/s, errors=16209)
  rows=371,742  triples=36,427,640  (5 ent/s, 355 triples/s, errors=16211)
  rows=371,769  triples=36,429,811  (5 ent/s, 355 triples/s, errors=16226)
  rows=371,818  triples=36,432,227  (5 ent/s, 355 triples/s, errors=16243)
  rows=371,852  triples=36,434,360  (5 ent/s, 355 triples/s, errors=16252)
  rows=371,880  triples=36,436,543  (5 ent/s, 355 triples/s, errors=16264)
  rows=371,909  triples=36,438,618  (5 ent/s, 355 triples/s, errors=16265)
  rows=371,941  triples=36,440,732  (5 ent/s, 355 triples/s, errors=16268)
  rows=371,968  triples=36,442,802  (5 ent/s, 356 triples/s, errors=16284)
  rows=371,998  triples=36,444,894  (5 ent/s, 356 triples/s, errors=16293)
  rows=372,025  triples=36,447,213  (5 ent/s, 356 triples/s, errors=16297)
  rows=372,055  triples=36,449,367  (5 ent/s, 356 triples/s, errors=16304)
  rows=372,078  triples=36,451,564  (5 ent/s, 356 triples/s, errors=16317)
  rows=372,106  triples=36,453,660  (5 ent/s, 356 triples/s, errors=16330)
  rows=372,154  triples=36,456,809  (5 ent/s, 356 triples/s, errors=16343)
  rows=372,182  triples=36,458,836  (5 ent/s, 356 triples/s, errors=16346)
  rows=372,214  triples=36,461,531  (5 ent/s, 356 triples/s, errors=16348)
  rows=372,245  triples=36,463,610  (5 ent/s, 356 triples/s, errors=16350)
  rows=372,274  triples=36,465,724  (5 ent/s, 356 triples/s, errors=16370)
  rows=372,319  triples=36,468,890  (5 ent/s, 356 triples/s, errors=16372)
  rows=372,351  triples=36,470,921  (5 ent/s, 356 triples/s, errors=16375)
  rows=372,382  triples=36,473,057  (5 ent/s, 356 triples/s, errors=16381)
  rows=372,401  triples=36,474,842  (5 ent/s, 356 triples/s, errors=16395)
  rows=372,431  triples=36,476,926  (5 ent/s, 356 triples/s, errors=16401)
  rows=372,458  triples=36,479,014  (5 ent/s, 356 triples/s, errors=16406)
  rows=372,485  triples=36,481,130  (5 ent/s, 355 triples/s, errors=16407)
  rows=372,519  triples=36,483,402  (5 ent/s, 355 triples/s, errors=16409)
  rows=372,553  triples=36,485,473  (5 ent/s, 355 triples/s, errors=16412)
  rows=372,577  triples=36,487,489  (5 ent/s, 355 triples/s, errors=16432)
  rows=372,601  triples=36,489,221  (5 ent/s, 355 triples/s, errors=16435)
  rows=372,632  triples=36,491,342  (5 ent/s, 355 triples/s, errors=16435)
  rows=372,658  triples=36,493,389  (5 ent/s, 355 triples/s, errors=16439)
  rows=372,691  triples=36,494,509  (5 ent/s, 355 triples/s, errors=16448)
  rows=372,713  triples=36,496,665  (5 ent/s, 355 triples/s, errors=16452)
  rows=372,746  triples=36,498,752  (5 ent/s, 355 triples/s, errors=16455)
  rows=372,781  triples=36,500,846  (5 ent/s, 355 triples/s, errors=16457)
  rows=372,811  triples=36,503,381  (5 ent/s, 355 triples/s, errors=16463)
  rows=372,842  triples=36,505,418  (5 ent/s, 355 triples/s, errors=16467)
  rows=372,870  triples=36,507,489  (5 ent/s, 355 triples/s, errors=16467)
  rows=372,897  triples=36,509,539  (5 ent/s, 355 triples/s, errors=16475)
  rows=372,938  triples=36,511,603  (5 ent/s, 355 triples/s, errors=16480)
  rows=372,971  triples=36,513,667  (5 ent/s, 355 triples/s, errors=16485)
  rows=372,997  triples=36,515,716  (5 ent/s, 355 triples/s, errors=16486)
  rows=373,030  triples=36,517,959  (5 ent/s, 355 triples/s, errors=16487)
  rows=373,062  triples=36,520,072  (5 ent/s, 355 triples/s, errors=16489)
  rows=373,091  triples=36,522,187  (5 ent/s, 355 triples/s, errors=16491)
  rows=373,120  triples=36,524,207  (5 ent/s, 355 triples/s, errors=16493)
  rows=373,150  triples=36,526,243  (5 ent/s, 355 triples/s, errors=16496)
  rows=373,179  triples=36,528,251  (5 ent/s, 355 triples/s, errors=16496)
  rows=373,211  triples=36,530,735  (5 ent/s, 355 triples/s, errors=16498)
  rows=373,238  triples=36,532,845  (5 ent/s, 355 triples/s, errors=16499)
  rows=373,269  triples=36,535,007  (5 ent/s, 355 triples/s, errors=16499)
  rows=373,302  triples=36,537,198  (5 ent/s, 355 triples/s, errors=16499)
  rows=373,329  triples=36,539,302  (5 ent/s, 355 triples/s, errors=16507)
  rows=373,355  triples=36,541,244  (5 ent/s, 355 triples/s, errors=16705)
  rows=373,382  triples=36,543,328  (5 ent/s, 355 triples/s, errors=16708)
  rows=373,419  triples=36,545,534  (5 ent/s, 355 triples/s, errors=16719)
  rows=373,453  triples=36,547,641  (5 ent/s, 355 triples/s, errors=16720)
  rows=373,483  triples=36,549,700  (5 ent/s, 355 triples/s, errors=16720)
  rows=373,514  triples=36,551,745  (5 ent/s, 355 triples/s, errors=16721)
  rows=373,530  triples=36,553,834  (5 ent/s, 355 triples/s, errors=16722)
  rows=373,570  triples=36,555,932  (5 ent/s, 355 triples/s, errors=16723)
  rows=373,601  triples=36,557,788  (5 ent/s, 355 triples/s, errors=16724)
  rows=373,631  triples=36,559,817  (5 ent/s, 355 triples/s, errors=16728)
  rows=373,660  triples=36,562,243  (5 ent/s, 355 triples/s, errors=16737)
  rows=373,694  triples=36,564,310  (5 ent/s, 355 triples/s, errors=16741)
  rows=373,720  triples=36,566,381  (5 ent/s, 355 triples/s, errors=16742)
  rows=373,749  triples=36,568,553  (5 ent/s, 355 triples/s, errors=16750)
  rows=373,781  triples=36,570,636  (5 ent/s, 355 triples/s, errors=16754)
  rows=373,801  triples=36,572,447  (5 ent/s, 355 triples/s, errors=16756)
  rows=373,829  triples=36,574,505  (5 ent/s, 355 triples/s, errors=16757)
  rows=373,858  triples=36,576,592  (5 ent/s, 355 triples/s, errors=16762)
  rows=373,893  triples=36,578,718  (5 ent/s, 355 triples/s, errors=16775)
  rows=373,919  triples=36,580,827  (5 ent/s, 355 triples/s, errors=16790)
  rows=373,951  triples=36,582,891  (5 ent/s, 355 triples/s, errors=16793)
  rows=373,983  triples=36,584,972  (5 ent/s, 355 triples/s, errors=16794)
  rows=374,014  triples=36,587,416  (5 ent/s, 355 triples/s, errors=16809)
  rows=374,036  triples=36,589,484  (5 ent/s, 355 triples/s, errors=16822)
  rows=374,064  triples=36,591,555  (5 ent/s, 355 triples/s, errors=16837)
  rows=374,092  triples=36,593,647  (5 ent/s, 355 triples/s, errors=16860)
  rows=374,117  triples=36,595,825  (5 ent/s, 355 triples/s, errors=16861)
  rows=374,141  triples=36,597,933  (5 ent/s, 355 triples/s, errors=16868)
  rows=374,169  triples=36,600,106  (5 ent/s, 355 triples/s, errors=16873)
  rows=374,197  triples=36,602,275  (5 ent/s, 355 triples/s, errors=16877)
  rows=374,226  triples=36,604,652  (5 ent/s, 355 triples/s, errors=16881)
  rows=374,254  triples=36,606,718  (5 ent/s, 355 triples/s, errors=16884)
  rows=374,282  triples=36,608,796  (5 ent/s, 355 triples/s, errors=16884)
  rows=374,310  triples=36,610,922  (5 ent/s, 355 triples/s, errors=16888)
  rows=374,337  triples=36,613,223  (5 ent/s, 355 triples/s, errors=16906)
  rows=374,372  triples=36,615,311  (5 ent/s, 355 triples/s, errors=16911)
  rows=374,396  triples=36,617,381  (5 ent/s, 355 triples/s, errors=16912)
  rows=374,410  triples=36,618,826  (5 ent/s, 355 triples/s, errors=16922)
  rows=374,440  triples=36,620,965  (5 ent/s, 355 triples/s, errors=16936)
  rows=374,468  triples=36,623,016  (5 ent/s, 356 triples/s, errors=16940)
  rows=374,492  triples=36,625,215  (5 ent/s, 356 triples/s, errors=16962)
  rows=374,509  triples=36,626,242  (5 ent/s, 355 triples/s, errors=16967)
  rows=374,531  triples=36,628,346  (5 ent/s, 355 triples/s, errors=16969)
  rows=374,558  triples=36,630,461  (5 ent/s, 355 triples/s, errors=16972)
  rows=374,588  triples=36,632,601  (5 ent/s, 355 triples/s, errors=17005)
  rows=374,607  triples=36,634,889  (5 ent/s, 355 triples/s, errors=17030)
  rows=374,635  triples=36,636,970  (5 ent/s, 355 triples/s, errors=17032)
  rows=374,660  triples=36,638,985  (5 ent/s, 355 triples/s, errors=17034)
  rows=374,687  triples=36,641,087  (5 ent/s, 355 triples/s, errors=17036)
  rows=374,723  triples=36,643,171  (5 ent/s, 355 triples/s, errors=17042)
  rows=374,749  triples=36,645,356  (5 ent/s, 355 triples/s, errors=17054)
  rows=374,779  triples=36,647,402  (5 ent/s, 355 triples/s, errors=17059)
  rows=374,812  triples=36,649,745  (5 ent/s, 355 triples/s, errors=17066)
  rows=374,843  triples=36,652,024  (5 ent/s, 355 triples/s, errors=17073)
  rows=374,873  triples=36,654,219  (5 ent/s, 355 triples/s, errors=17084)
  rows=374,900  triples=36,656,225  (5 ent/s, 355 triples/s, errors=17093)
  rows=374,929  triples=36,658,410  (5 ent/s, 355 triples/s, errors=17099)
  rows=374,956  triples=36,660,558  (5 ent/s, 355 triples/s, errors=17123)
  rows=374,980  triples=36,662,807  (5 ent/s, 355 triples/s, errors=17157)
  rows=374,998  triples=36,664,792  (5 ent/s, 355 triples/s, errors=17179)
  rows=375,025  triples=36,667,014  (5 ent/s, 355 triples/s, errors=17186)
  rows=375,047  triples=36,669,082  (5 ent/s, 355 triples/s, errors=17193)
  rows=375,073  triples=36,671,248  (5 ent/s, 355 triples/s, errors=17208)
  rows=375,097  triples=36,673,492  (5 ent/s, 355 triples/s, errors=17232)
  rows=375,123  triples=36,675,610  (5 ent/s, 355 triples/s, errors=17239)
  rows=375,150  triples=36,677,732  (5 ent/s, 355 triples/s, errors=17253)
  rows=375,178  triples=36,679,810  (5 ent/s, 355 triples/s, errors=17253)
  rows=375,212  triples=36,682,489  (5 ent/s, 355 triples/s, errors=17268)
  rows=375,247  triples=36,684,597  (5 ent/s, 355 triples/s, errors=17275)
  rows=375,272  triples=36,686,827  (5 ent/s, 355 triples/s, errors=17277)
  rows=375,299  triples=36,688,895  (5 ent/s, 355 triples/s, errors=17279)
  rows=375,327  triples=36,691,057  (5 ent/s, 355 triples/s, errors=17280)
  rows=375,352  triples=36,693,201  (5 ent/s, 355 triples/s, errors=17289)
  rows=375,378  triples=36,695,222  (5 ent/s, 355 triples/s, errors=17292)
  rows=375,416  triples=36,697,925  (5 ent/s, 355 triples/s, errors=17313)
  rows=375,440  triples=36,700,509  (5 ent/s, 355 triples/s, errors=17343)
  rows=375,474  triples=36,702,639  (5 ent/s, 356 triples/s, errors=17350)
  rows=375,502  triples=36,704,751  (5 ent/s, 356 triples/s, errors=17352)
  rows=375,526  triples=36,706,805  (5 ent/s, 356 triples/s, errors=17357)
  rows=375,549  triples=36,708,810  (5 ent/s, 356 triples/s, errors=17358)
  rows=375,584  triples=36,710,949  (5 ent/s, 356 triples/s, errors=17367)
  rows=375,614  triples=36,713,594  (5 ent/s, 356 triples/s, errors=17380)
  rows=375,643  triples=36,715,660  (5 ent/s, 356 triples/s, errors=17382)
  rows=375,678  triples=36,717,719  (5 ent/s, 356 triples/s, errors=17383)
  rows=375,701  triples=36,719,784  (5 ent/s, 356 triples/s, errors=17432)
  rows=375,732  triples=36,721,957  (5 ent/s, 356 triples/s, errors=17440)
  rows=375,764  triples=36,724,024  (5 ent/s, 356 triples/s, errors=17440)
  rows=375,792  triples=36,726,172  (5 ent/s, 356 triples/s, errors=17456)
  rows=375,817  triples=36,728,059  (5 ent/s, 356 triples/s, errors=17468)
  rows=375,839  triples=36,730,177  (5 ent/s, 356 triples/s, errors=17490)
  rows=375,870  triples=36,732,260  (5 ent/s, 356 triples/s, errors=17497)
  rows=375,894  triples=36,734,316  (5 ent/s, 356 triples/s, errors=17505)
  rows=375,929  triples=36,736,336  (5 ent/s, 356 triples/s, errors=17509)
  rows=375,957  triples=36,738,342  (5 ent/s, 356 triples/s, errors=17525)
  rows=375,991  triples=36,740,482  (5 ent/s, 356 triples/s, errors=17533)
  rows=376,013  triples=36,742,206  (5 ent/s, 356 triples/s, errors=17543)
  rows=376,039  triples=36,744,293  (5 ent/s, 356 triples/s, errors=17583)
  rows=376,067  triples=36,746,361  (5 ent/s, 356 triples/s, errors=17591)
  rows=376,092  triples=36,748,513  (5 ent/s, 356 triples/s, errors=17615)
  rows=376,125  triples=36,750,650  (5 ent/s, 356 triples/s, errors=17619)
  rows=376,152  triples=36,752,683  (5 ent/s, 356 triples/s, errors=17628)
  rows=376,178  triples=36,754,863  (5 ent/s, 356 triples/s, errors=17633)
  rows=376,202  triples=36,756,541  (5 ent/s, 356 triples/s, errors=17643)
  rows=376,229  triples=36,758,643  (5 ent/s, 356 triples/s, errors=17661)
  rows=376,256  triples=36,760,694  (5 ent/s, 356 triples/s, errors=17667)
  rows=376,280  triples=36,762,782  (5 ent/s, 356 triples/s, errors=17674)
  rows=376,312  triples=36,764,970  (5 ent/s, 356 triples/s, errors=17682)
  rows=376,327  triples=36,765,975  (5 ent/s, 355 triples/s, errors=17686)
  rows=376,349  triples=36,768,131  (5 ent/s, 355 triples/s, errors=17690)
  rows=376,380  triples=36,770,243  (5 ent/s, 355 triples/s, errors=17691)
  rows=376,415  triples=36,772,947  (5 ent/s, 356 triples/s, errors=17694)
  rows=376,445  triples=36,774,964  (5 ent/s, 356 triples/s, errors=17703)
  rows=376,472  triples=36,777,076  (5 ent/s, 356 triples/s, errors=17719)
  rows=376,504  triples=36,779,094  (5 ent/s, 356 triples/s, errors=17731)
  rows=376,547  triples=36,781,127  (5 ent/s, 356 triples/s, errors=17735)
  rows=376,573  triples=36,783,202  (5 ent/s, 356 triples/s, errors=17737)
  rows=376,601  triples=36,785,226  (5 ent/s, 356 triples/s, errors=17741)
  rows=376,631  triples=36,787,305  (5 ent/s, 356 triples/s, errors=17743)
  rows=376,666  triples=36,789,466  (5 ent/s, 356 triples/s, errors=17750)
  rows=376,698  triples=36,791,596  (5 ent/s, 356 triples/s, errors=17751)
  rows=376,719  triples=36,793,817  (5 ent/s, 356 triples/s, errors=17754)
  rows=376,755  triples=36,795,828  (5 ent/s, 356 triples/s, errors=17793)
  rows=376,776  triples=36,798,155  (5 ent/s, 356 triples/s, errors=17798)
  rows=376,820  triples=36,800,875  (5 ent/s, 356 triples/s, errors=17802)
  rows=376,846  triples=36,802,890  (5 ent/s, 356 triples/s, errors=17810)
  rows=376,873  triples=36,805,095  (5 ent/s, 356 triples/s, errors=17835)
  rows=376,898  triples=36,807,146  (5 ent/s, 356 triples/s, errors=17848)
  rows=376,917  triples=36,809,194  (5 ent/s, 356 triples/s, errors=17852)
  rows=376,946  triples=36,811,224  (5 ent/s, 356 triples/s, errors=17852)
  rows=376,969  triples=36,813,309  (5 ent/s, 356 triples/s, errors=17859)
  rows=376,995  triples=36,815,495  (5 ent/s, 356 triples/s, errors=17875)
  rows=377,028  triples=36,817,785  (5 ent/s, 356 triples/s, errors=17899)
  rows=377,061  triples=36,819,892  (5 ent/s, 356 triples/s, errors=17902)
  rows=377,092  triples=36,821,956  (5 ent/s, 356 triples/s, errors=17904)
  rows=377,114  triples=36,824,197  (5 ent/s, 356 triples/s, errors=17908)
  rows=377,149  triples=36,826,370  (5 ent/s, 356 triples/s, errors=17921)
  rows=377,175  triples=36,828,595  (5 ent/s, 356 triples/s, errors=17928)
  rows=377,215  triples=36,830,873  (5 ent/s, 356 triples/s, errors=17930)
  rows=377,238  triples=36,832,917  (5 ent/s, 356 triples/s, errors=17932)
  rows=377,267  triples=36,835,199  (5 ent/s, 356 triples/s, errors=17958)
  rows=377,303  triples=36,837,231  (5 ent/s, 356 triples/s, errors=17975)
  rows=377,333  triples=36,839,333  (5 ent/s, 356 triples/s, errors=18001)
  rows=377,360  triples=36,841,452  (5 ent/s, 356 triples/s, errors=18017)
  rows=377,397  triples=36,843,705  (5 ent/s, 356 triples/s, errors=18025)
  rows=377,433  triples=36,845,872  (5 ent/s, 356 triples/s, errors=18026)
  rows=377,463  triples=36,848,002  (5 ent/s, 356 triples/s, errors=18028)
  rows=377,487  triples=36,850,032  (5 ent/s, 356 triples/s, errors=18046)
  rows=377,521  triples=36,852,076  (5 ent/s, 356 triples/s, errors=18046)
  rows=377,544  triples=36,854,298  (5 ent/s, 356 triples/s, errors=18056)
  rows=377,570  triples=36,856,314  (5 ent/s, 356 triples/s, errors=18073)
  rows=377,598  triples=36,858,356  (5 ent/s, 356 triples/s, errors=18088)
  rows=377,625  triples=36,860,505  (5 ent/s, 356 triples/s, errors=18099)
  rows=377,655  triples=36,862,664  (5 ent/s, 356 triples/s, errors=18108)
  rows=377,694  triples=36,864,730  (5 ent/s, 356 triples/s, errors=18108)
  rows=377,723  triples=36,866,903  (5 ent/s, 356 triples/s, errors=18130)
  rows=377,745  triples=36,868,992  (5 ent/s, 356 triples/s, errors=18161)
  rows=377,778  triples=36,871,141  (5 ent/s, 356 triples/s, errors=18172)
  rows=377,811  triples=36,873,667  (5 ent/s, 356 triples/s, errors=18182)
  rows=377,844  triples=36,875,683  (5 ent/s, 356 triples/s, errors=18191)
  rows=377,874  triples=36,877,694  (5 ent/s, 356 triples/s, errors=18201)
  rows=377,912  triples=36,879,782  (5 ent/s, 356 triples/s, errors=18202)
  rows=377,948  triples=36,881,786  (5 ent/s, 356 triples/s, errors=18206)
  rows=377,986  triples=36,883,788  (5 ent/s, 356 triples/s, errors=18218)
  rows=378,022  triples=36,886,560  (5 ent/s, 356 triples/s, errors=18242)
  rows=378,058  triples=36,888,606  (5 ent/s, 356 triples/s, errors=18242)
  rows=378,090  triples=36,890,766  (5 ent/s, 356 triples/s, errors=18247)
  rows=378,129  triples=36,892,871  (5 ent/s, 356 triples/s, errors=18259)
  rows=378,145  triples=36,893,946  (5 ent/s, 356 triples/s, errors=18270)
  rows=378,167  triples=36,896,228  (5 ent/s, 356 triples/s, errors=18281)
  rows=378,196  triples=36,898,372  (5 ent/s, 356 triples/s, errors=18294)
  rows=378,227  triples=36,900,927  (5 ent/s, 356 triples/s, errors=18311)
  rows=378,257  triples=36,903,108  (5 ent/s, 356 triples/s, errors=18328)
  rows=378,280  triples=36,905,131  (5 ent/s, 356 triples/s, errors=18331)
  rows=378,305  triples=36,907,318  (5 ent/s, 356 triples/s, errors=18344)
  rows=378,336  triples=36,909,449  (5 ent/s, 356 triples/s, errors=18360)
  rows=378,359  triples=36,911,467  (5 ent/s, 356 triples/s, errors=18372)
  rows=378,385  triples=36,913,518  (5 ent/s, 356 triples/s, errors=18389)
  rows=378,413  triples=36,915,942  (5 ent/s, 356 triples/s, errors=18393)
  rows=378,442  triples=36,917,959  (5 ent/s, 356 triples/s, errors=18402)
  rows=378,470  triples=36,920,055  (5 ent/s, 356 triples/s, errors=18411)
  rows=378,501  triples=36,922,192  (5 ent/s, 356 triples/s, errors=18414)
  rows=378,533  triples=36,924,266  (5 ent/s, 356 triples/s, errors=18416)
  rows=378,570  triples=36,926,372  (5 ent/s, 356 triples/s, errors=18427)
  rows=378,595  triples=36,928,582  (5 ent/s, 356 triples/s, errors=18452)
  rows=378,627  triples=36,930,116  (5 ent/s, 356 triples/s, errors=18452)
  rows=378,649  triples=36,932,276  (5 ent/s, 356 triples/s, errors=18459)
  rows=378,682  triples=36,934,326  (5 ent/s, 356 triples/s, errors=18464)
  rows=378,714  triples=36,936,355  (5 ent/s, 356 triples/s, errors=18482)
  rows=378,745  triples=36,938,802  (5 ent/s, 356 triples/s, errors=18488)
  rows=378,778  triples=36,940,824  (5 ent/s, 356 triples/s, errors=18494)
  rows=378,818  triples=36,943,252  (5 ent/s, 356 triples/s, errors=18496)
  rows=378,857  triples=36,945,341  (5 ent/s, 356 triples/s, errors=18496)
  rows=378,880  triples=36,947,431  (5 ent/s, 356 triples/s, errors=18507)
  rows=378,913  triples=36,949,558  (5 ent/s, 356 triples/s, errors=18511)
  rows=378,945  triples=36,951,574  (5 ent/s, 356 triples/s, errors=18517)
  rows=378,973  triples=36,953,663  (5 ent/s, 356 triples/s, errors=18526)
  rows=378,999  triples=36,955,749  (5 ent/s, 356 triples/s, errors=18539)
  rows=379,034  triples=36,957,954  (5 ent/s, 356 triples/s, errors=18542)
  rows=379,063  triples=36,960,084  (5 ent/s, 356 triples/s, errors=18546)
  rows=379,088  triples=36,962,136  (5 ent/s, 356 triples/s, errors=18562)
  rows=379,116  triples=36,964,279  (5 ent/s, 356 triples/s, errors=18570)
  rows=379,146  triples=36,966,535  (5 ent/s, 356 triples/s, errors=18573)
  rows=379,175  triples=36,968,818  (5 ent/s, 356 triples/s, errors=18580)
  rows=379,201  triples=36,970,660  (5 ent/s, 356 triples/s, errors=18593)
  rows=379,224  triples=36,972,772  (5 ent/s, 356 triples/s, errors=18596)
  rows=379,253  triples=36,974,845  (5 ent/s, 356 triples/s, errors=18597)
  rows=379,286  triples=36,976,896  (5 ent/s, 356 triples/s, errors=18610)
  rows=379,314  triples=36,978,889  (5 ent/s, 356 triples/s, errors=18625)
  rows=379,340  triples=36,981,012  (5 ent/s, 356 triples/s, errors=18648)
  rows=379,366  triples=36,983,057  (5 ent/s, 356 triples/s, errors=18651)
  rows=379,394  triples=36,985,079  (5 ent/s, 356 triples/s, errors=18666)
  rows=379,415  triples=36,986,598  (5 ent/s, 356 triples/s, errors=18670)
  rows=379,439  triples=36,988,716  (5 ent/s, 356 triples/s, errors=18676)
  rows=379,473  triples=36,990,958  (5 ent/s, 356 triples/s, errors=18681)
  rows=379,503  triples=36,993,109  (5 ent/s, 356 triples/s, errors=18697)
  rows=379,530  triples=36,995,147  (5 ent/s, 356 triples/s, errors=18700)
  rows=379,560  triples=36,997,174  (5 ent/s, 356 triples/s, errors=18700)
  rows=379,588  triples=36,999,238  (5 ent/s, 356 triples/s, errors=18713)
  rows=379,622  triples=37,000,896  (5 ent/s, 356 triples/s, errors=18715)
  rows=379,644  triples=37,002,917  (5 ent/s, 356 triples/s, errors=18742)
  rows=379,670  triples=37,004,954  (5 ent/s, 356 triples/s, errors=18745)
  rows=379,702  triples=37,007,159  (5 ent/s, 357 triples/s, errors=18749)
  rows=379,731  triples=37,009,232  (5 ent/s, 357 triples/s, errors=18756)
  rows=379,766  triples=37,011,505  (5 ent/s, 357 triples/s, errors=18759)
  rows=379,798  triples=37,013,595  (5 ent/s, 357 triples/s, errors=18759)
  rows=379,833  triples=37,015,842  (5 ent/s, 357 triples/s, errors=18763)
  rows=379,865  triples=37,017,903  (5 ent/s, 357 triples/s, errors=18764)
  rows=379,894  triples=37,020,031  (5 ent/s, 357 triples/s, errors=18768)
  rows=379,925  triples=37,022,045  (5 ent/s, 357 triples/s, errors=18791)
  rows=379,951  triples=37,024,069  (5 ent/s, 357 triples/s, errors=18792)
  rows=379,963  triples=37,025,097  (5 ent/s, 356 triples/s, errors=18799)
  rows=379,989  triples=37,027,144  (5 ent/s, 356 triples/s, errors=18799)
  rows=380,029  triples=37,028,694  (5 ent/s, 356 triples/s, errors=18801)
  rows=380,052  triples=37,030,850  (5 ent/s, 356 triples/s, errors=18812)
  rows=380,082  triples=37,032,999  (5 ent/s, 356 triples/s, errors=18819)
  rows=380,116  triples=37,035,023  (5 ent/s, 356 triples/s, errors=18827)
  rows=380,154  triples=37,037,096  (5 ent/s, 356 triples/s, errors=18829)
  rows=380,195  triples=37,039,115  (5 ent/s, 356 triples/s, errors=18842)
  rows=380,231  triples=37,041,500  (5 ent/s, 356 triples/s, errors=18844)
  rows=380,258  triples=37,043,556  (5 ent/s, 356 triples/s, errors=18844)
  rows=380,280  triples=37,045,649  (5 ent/s, 356 triples/s, errors=18844)
  rows=380,314  triples=37,047,688  (5 ent/s, 356 triples/s, errors=18845)
  rows=380,341  triples=37,049,783  (5 ent/s, 356 triples/s, errors=18849)
  rows=380,373  triples=37,051,911  (5 ent/s, 356 triples/s, errors=18854)
  rows=380,400  triples=37,053,978  (5 ent/s, 356 triples/s, errors=18860)
  rows=380,427  triples=37,056,057  (5 ent/s, 356 triples/s, errors=18863)
  rows=380,461  triples=37,058,205  (5 ent/s, 356 triples/s, errors=18863)
  rows=380,494  triples=37,060,388  (5 ent/s, 356 triples/s, errors=18914)
  rows=380,528  triples=37,062,479  (5 ent/s, 356 triples/s, errors=18917)
  rows=380,568  triples=37,064,654  (5 ent/s, 356 triples/s, errors=18924)
  rows=380,600  triples=37,066,803  (5 ent/s, 356 triples/s, errors=18937)
  rows=380,626  triples=37,068,828  (5 ent/s, 356 triples/s, errors=18956)
  rows=380,658  triples=37,070,947  (5 ent/s, 356 triples/s, errors=18956)
  rows=380,702  triples=37,073,045  (5 ent/s, 356 triples/s, errors=18986)
  rows=380,742  triples=37,075,137  (5 ent/s, 356 triples/s, errors=18990)
  rows=380,783  triples=37,077,210  (5 ent/s, 356 triples/s, errors=18993)
  rows=380,817  triples=37,079,486  (5 ent/s, 356 triples/s, errors=18993)
  rows=380,855  triples=37,081,608  (5 ent/s, 356 triples/s, errors=18993)
  rows=380,894  triples=37,083,701  (5 ent/s, 356 triples/s, errors=18995)
  rows=380,922  triples=37,085,825  (5 ent/s, 356 triples/s, errors=19013)
  rows=380,945  triples=37,088,031  (5 ent/s, 356 triples/s, errors=19039)
  rows=380,972  triples=37,090,080  (5 ent/s, 356 triples/s, errors=19048)
  rows=380,996  triples=37,092,288  (5 ent/s, 356 triples/s, errors=19054)
  rows=381,034  triples=37,094,632  (5 ent/s, 356 triples/s, errors=19575)
  rows=381,067  triples=37,096,679  (5 ent/s, 356 triples/s, errors=19577)
  rows=381,104  triples=37,098,710  (5 ent/s, 356 triples/s, errors=19586)
  rows=381,124  triples=37,100,784  (5 ent/s, 356 triples/s, errors=19590)
  rows=381,156  triples=37,102,900  (5 ent/s, 356 triples/s, errors=19639)
  rows=381,182  triples=37,105,044  (5 ent/s, 357 triples/s, errors=19657)
  rows=381,202  triples=37,106,559  (5 ent/s, 356 triples/s, errors=19659)
  rows=381,230  triples=37,108,655  (5 ent/s, 357 triples/s, errors=19668)
  rows=381,258  triples=37,110,725  (5 ent/s, 357 triples/s, errors=19672)
  rows=381,291  triples=37,112,815  (5 ent/s, 357 triples/s, errors=19674)
  rows=381,314  triples=37,114,834  (5 ent/s, 357 triples/s, errors=19683)
  rows=381,352  triples=37,117,914  (5 ent/s, 357 triples/s, errors=19718)
  rows=381,383  triples=37,120,036  (5 ent/s, 357 triples/s, errors=19721)
  rows=381,414  triples=37,122,367  (5 ent/s, 357 triples/s, errors=19727)
  rows=381,445  triples=37,124,499  (5 ent/s, 357 triples/s, errors=19732)
  rows=381,475  triples=37,126,622  (5 ent/s, 357 triples/s, errors=19776)
  rows=381,510  triples=37,128,816  (5 ent/s, 357 triples/s, errors=19781)
  rows=381,544  triples=37,130,848  (5 ent/s, 357 triples/s, errors=19790)
  rows=381,570  triples=37,132,960  (5 ent/s, 357 triples/s, errors=19808)
  rows=381,614  triples=37,135,894  (5 ent/s, 357 triples/s, errors=19816)
  rows=381,653  triples=37,137,915  (5 ent/s, 357 triples/s, errors=19828)
  rows=381,688  triples=37,140,115  (5 ent/s, 357 triples/s, errors=19831)
  rows=381,722  triples=37,142,139  (5 ent/s, 357 triples/s, errors=19837)
  rows=381,758  triples=37,144,166  (5 ent/s, 357 triples/s, errors=19841)
  rows=381,781  triples=37,145,306  (5 ent/s, 351 triples/s, errors=19866)
  rows=381,801  triples=37,146,543  (5 ent/s, 351 triples/s, errors=19866)
  rows=381,834  triples=37,148,608  (5 ent/s, 351 triples/s, errors=19872)
  rows=381,861  triples=37,150,680  (5 ent/s, 351 triples/s, errors=19916)
  rows=381,884  triples=37,152,775  (5 ent/s, 351 triples/s, errors=19918)
  rows=381,915  triples=37,154,873  (5 ent/s, 351 triples/s, errors=19948)
  rows=381,956  triples=37,156,970  (5 ent/s, 351 triples/s, errors=19950)
  rows=381,993  triples=37,159,090  (5 ent/s, 351 triples/s, errors=19955)
  rows=382,020  triples=37,160,548  (5 ent/s, 351 triples/s, errors=19956)
  rows=382,050  triples=37,162,576  (5 ent/s, 351 triples/s, errors=19981)
  rows=382,086  triples=37,164,786  (5 ent/s, 351 triples/s, errors=19984)
  rows=382,120  triples=37,166,913  (5 ent/s, 351 triples/s, errors=19988)
  rows=382,154  triples=37,168,968  (5 ent/s, 351 triples/s, errors=19988)
  rows=382,182  triples=37,171,153  (5 ent/s, 351 triples/s, errors=19992)
  rows=382,201  triples=37,172,730  (5 ent/s, 351 triples/s, errors=19999)
  rows=382,231  triples=37,174,778  (5 ent/s, 351 triples/s, errors=20000)
  rows=382,265  triples=37,176,863  (5 ent/s, 351 triples/s, errors=20003)
  rows=382,299  triples=37,179,008  (5 ent/s, 351 triples/s, errors=20013)
  rows=382,330  triples=37,180,998  (5 ent/s, 351 triples/s, errors=20032)
  rows=382,366  triples=37,183,184  (5 ent/s, 351 triples/s, errors=20034)
  rows=382,393  triples=37,185,303  (5 ent/s, 351 triples/s, errors=20042)
  rows=382,427  triples=37,187,607  (5 ent/s, 351 triples/s, errors=20074)
  rows=382,457  triples=37,189,783  (5 ent/s, 351 triples/s, errors=20074)
  rows=382,481  triples=37,191,828  (5 ent/s, 351 triples/s, errors=20098)
  rows=382,508  triples=37,193,857  (5 ent/s, 351 triples/s, errors=20101)
  rows=382,537  triples=37,195,956  (5 ent/s, 351 triples/s, errors=20107)
  rows=382,569  triples=37,198,017  (5 ent/s, 351 triples/s, errors=20107)
  rows=382,597  triples=37,200,104  (5 ent/s, 351 triples/s, errors=20111)
  rows=382,631  triples=37,201,412  (5 ent/s, 351 triples/s, errors=20125)
  rows=382,653  triples=37,203,598  (5 ent/s, 351 triples/s, errors=20132)
  rows=382,684  triples=37,205,717  (5 ent/s, 351 triples/s, errors=20141)
  rows=382,708  triples=37,207,850  (5 ent/s, 351 triples/s, errors=20147)
  rows=382,737  triples=37,209,945  (5 ent/s, 351 triples/s, errors=20174)
  rows=382,762  triples=37,211,995  (5 ent/s, 351 triples/s, errors=20210)
  rows=382,796  triples=37,214,131  (5 ent/s, 351 triples/s, errors=20210)
  rows=382,814  triples=37,215,417  (5 ent/s, 351 triples/s, errors=20216)
  rows=382,849  triples=37,217,552  (5 ent/s, 351 triples/s, errors=20218)
  rows=382,879  triples=37,219,633  (5 ent/s, 351 triples/s, errors=20220)
  rows=382,910  triples=37,221,815  (5 ent/s, 351 triples/s, errors=20230)
  rows=382,944  triples=37,223,843  (5 ent/s, 351 triples/s, errors=20238)
  rows=382,971  triples=37,225,893  (5 ent/s, 351 triples/s, errors=20286)
  rows=382,998  triples=37,228,049  (5 ent/s, 351 triples/s, errors=20290)
  rows=383,015  triples=37,229,290  (5 ent/s, 351 triples/s, errors=20293)
  rows=383,030  triples=37,230,407  (5 ent/s, 351 triples/s, errors=20303)
  rows=383,061  triples=37,232,469  (5 ent/s, 351 triples/s, errors=20320)
  rows=383,088  triples=37,234,528  (5 ent/s, 351 triples/s, errors=20365)
  rows=383,121  triples=37,236,606  (5 ent/s, 351 triples/s, errors=20366)
  rows=383,152  triples=37,238,733  (5 ent/s, 351 triples/s, errors=20379)
  rows=383,179  triples=37,240,842  (5 ent/s, 351 triples/s, errors=20380)
  rows=383,201  triples=37,242,253  (5 ent/s, 351 triples/s, errors=20386)
  rows=383,229  triples=37,244,294  (5 ent/s, 351 triples/s, errors=20418)
  rows=383,252  triples=37,246,682  (5 ent/s, 351 triples/s, errors=20423)
  rows=383,276  triples=37,248,793  (5 ent/s, 351 triples/s, errors=20427)
  rows=383,301  triples=37,250,792  (5 ent/s, 351 triples/s, errors=20441)
  rows=383,329  triples=37,252,892  (5 ent/s, 351 triples/s, errors=20443)
  rows=383,355  triples=37,254,935  (5 ent/s, 351 triples/s, errors=20448)
  rows=383,387  triples=37,257,248  (5 ent/s, 351 triples/s, errors=20465)
  rows=383,415  triples=37,258,728  (5 ent/s, 351 triples/s, errors=20466)
  rows=383,438  triples=37,260,902  (5 ent/s, 351 triples/s, errors=20472)
  rows=383,470  triples=37,262,979  (5 ent/s, 351 triples/s, errors=20472)
  rows=383,494  triples=37,265,150  (5 ent/s, 351 triples/s, errors=20478)
  rows=383,527  triples=37,267,244  (5 ent/s, 351 triples/s, errors=20478)
  rows=383,549  triples=37,269,253  (5 ent/s, 351 triples/s, errors=20478)
  rows=383,578  triples=37,271,314  (5 ent/s, 351 triples/s, errors=20485)
  rows=383,599  triples=37,272,347  (5 ent/s, 350 triples/s, errors=20485)
  rows=383,616  triples=37,273,932  (5 ent/s, 350 triples/s, errors=20487)
  rows=383,643  triples=37,275,956  (5 ent/s, 350 triples/s, errors=20488)
  rows=383,675  triples=37,277,986  (5 ent/s, 350 triples/s, errors=20503)
  rows=383,703  triples=37,280,098  (5 ent/s, 350 triples/s, errors=20503)
  rows=383,732  triples=37,282,176  (5 ent/s, 350 triples/s, errors=20510)
  rows=383,761  triples=37,284,173  (5 ent/s, 350 triples/s, errors=20528)
  rows=383,790  triples=37,286,460  (5 ent/s, 350 triples/s, errors=20529)
  rows=383,812  triples=37,287,907  (5 ent/s, 350 triples/s, errors=20535)
  rows=383,839  triples=37,289,954  (5 ent/s, 350 triples/s, errors=20541)
  rows=383,880  triples=37,292,005  (5 ent/s, 350 triples/s, errors=20541)
  rows=383,921  triples=37,294,134  (5 ent/s, 350 triples/s, errors=20557)
  rows=383,948  triples=37,296,172  (5 ent/s, 350 triples/s, errors=20563)
  rows=383,973  triples=37,298,271  (5 ent/s, 350 triples/s, errors=20570)
  rows=384,001  triples=37,300,179  (5 ent/s, 350 triples/s, errors=20589)
  rows=384,033  triples=37,302,249  (5 ent/s, 350 triples/s, errors=20598)
  rows=384,062  triples=37,304,289  (5 ent/s, 350 triples/s, errors=20603)
  rows=384,089  triples=37,306,397  (5 ent/s, 350 triples/s, errors=20608)
  rows=384,118  triples=37,309,308  (5 ent/s, 350 triples/s, errors=20616)
  rows=384,150  triples=37,311,345  (5 ent/s, 350 triples/s, errors=20622)
  rows=384,176  triples=37,313,497  (5 ent/s, 350 triples/s, errors=20622)
  rows=384,201  triples=37,315,428  (5 ent/s, 350 triples/s, errors=20636)
  rows=384,230  triples=37,317,514  (5 ent/s, 350 triples/s, errors=20646)
  rows=384,251  triples=37,319,598  (5 ent/s, 350 triples/s, errors=20675)
  rows=384,276  triples=37,321,720  (5 ent/s, 350 triples/s, errors=20692)
  rows=384,308  triples=37,324,012  (5 ent/s, 350 triples/s, errors=20697)
  rows=384,340  triples=37,326,100  (5 ent/s, 350 triples/s, errors=20707)
  rows=384,381  triples=37,328,175  (5 ent/s, 350 triples/s, errors=20713)
  rows=384,424  triples=37,330,233  (5 ent/s, 350 triples/s, errors=20715)
  rows=384,459  triples=37,332,397  (5 ent/s, 350 triples/s, errors=20736)
  rows=384,491  triples=37,334,533  (5 ent/s, 350 triples/s, errors=20745)
  rows=384,525  triples=37,336,534  (5 ent/s, 350 triples/s, errors=20755)
  rows=384,556  triples=37,338,606  (5 ent/s, 350 triples/s, errors=20759)
  rows=384,587  triples=37,340,690  (5 ent/s, 350 triples/s, errors=20802)
  rows=384,617  triples=37,342,285  (5 ent/s, 350 triples/s, errors=20825)
  rows=384,647  triples=37,344,409  (5 ent/s, 350 triples/s, errors=20827)
  rows=384,685  triples=37,346,434  (5 ent/s, 350 triples/s, errors=20837)
  rows=384,724  triples=37,348,508  (5 ent/s, 350 triples/s, errors=20839)
  rows=384,758  triples=37,350,585  (5 ent/s, 350 triples/s, errors=20846)
  rows=384,797  triples=37,352,631  (5 ent/s, 350 triples/s, errors=20855)
  rows=384,823  triples=37,353,900  (5 ent/s, 350 triples/s, errors=20855)
  rows=384,852  triples=37,355,941  (5 ent/s, 350 triples/s, errors=20860)
  rows=384,869  triples=37,356,977  (5 ent/s, 350 triples/s, errors=20862)
  rows=384,891  triples=37,358,047  (5 ent/s, 350 triples/s, errors=20862)
  rows=384,923  triples=37,360,091  (5 ent/s, 350 triples/s, errors=20870)
  rows=384,947  triples=37,362,108  (5 ent/s, 350 triples/s, errors=20883)
  rows=384,985  triples=37,364,246  (5 ent/s, 350 triples/s, errors=20913)
  rows=385,000  triples=37,365,378  (5 ent/s, 350 triples/s, errors=20913)
  rows=385,028  triples=37,367,492  (5 ent/s, 350 triples/s, errors=20921)
  rows=385,066  triples=37,369,599  (5 ent/s, 350 triples/s, errors=20921)
  rows=385,105  triples=37,371,703  (5 ent/s, 350 triples/s, errors=20921)
  rows=385,141  triples=37,373,758  (5 ent/s, 350 triples/s, errors=20922)
  rows=385,173  triples=37,375,863  (5 ent/s, 350 triples/s, errors=20930)
  rows=385,195  triples=37,377,883  (5 ent/s, 350 triples/s, errors=21510)
  rows=385,217  triples=37,379,208  (5 ent/s, 350 triples/s, errors=21510)
  rows=385,245  triples=37,381,295  (5 ent/s, 350 triples/s, errors=21515)
  rows=385,278  triples=37,383,322  (5 ent/s, 350 triples/s, errors=21525)
  rows=385,311  triples=37,385,412  (5 ent/s, 350 triples/s, errors=21529)
  rows=385,341  triples=37,387,428  (5 ent/s, 350 triples/s, errors=21533)
  rows=385,369  triples=37,389,465  (5 ent/s, 350 triples/s, errors=21554)
  rows=385,397  triples=37,392,856  (5 ent/s, 350 triples/s, errors=21800)
  rows=385,413  triples=37,394,297  (5 ent/s, 350 triples/s, errors=21840)
  rows=385,417  triples=37,394,297  (5 ent/s, 349 triples/s, errors=21840)
  rows=385,446  triples=37,396,439  (5 ent/s, 349 triples/s, errors=21854)
  rows=385,487  triples=37,398,541  (5 ent/s, 349 triples/s, errors=21854)
  rows=385,519  triples=37,400,582  (5 ent/s, 349 triples/s, errors=21872)
  rows=385,550  triples=37,402,671  (5 ent/s, 349 triples/s, errors=21879)
  rows=385,581  triples=37,404,826  (5 ent/s, 349 triples/s, errors=21879)
  rows=385,601  triples=37,406,211  (5 ent/s, 349 triples/s, errors=21883)
  rows=385,635  triples=37,408,233  (5 ent/s, 349 triples/s, errors=21897)
  rows=385,671  triples=37,410,283  (5 ent/s, 349 triples/s, errors=21897)
  rows=385,710  triples=37,412,315  (5 ent/s, 349 triples/s, errors=21910)
  rows=385,749  triples=37,414,424  (5 ent/s, 349 triples/s, errors=21945)
  rows=385,786  triples=37,416,571  (5 ent/s, 349 triples/s, errors=21948)
  rows=385,817  triples=37,418,153  (5 ent/s, 349 triples/s, errors=21953)
  rows=385,850  triples=37,420,268  (5 ent/s, 349 triples/s, errors=21963)
  rows=385,889  triples=37,422,406  (5 ent/s, 349 triples/s, errors=21968)
  rows=385,917  triples=37,424,531  (5 ent/s, 349 triples/s, errors=21995)
  rows=385,961  triples=37,426,649  (5 ent/s, 349 triples/s, errors=22000)
  rows=386,001  triples=37,428,595  (5 ent/s, 349 triples/s, errors=22000)
  rows=386,029  triples=37,430,666  (5 ent/s, 349 triples/s, errors=22008)
  rows=386,060  triples=37,432,754  (5 ent/s, 349 triples/s, errors=22021)
  rows=386,096  triples=37,434,925  (5 ent/s, 349 triples/s, errors=22053)
  rows=386,131  triples=37,437,095  (5 ent/s, 349 triples/s, errors=22058)
  rows=386,169  triples=37,439,176  (5 ent/s, 349 triples/s, errors=22066)
  rows=386,201  triples=37,441,156  (5 ent/s, 349 triples/s, errors=22076)
  rows=386,240  triples=37,443,345  (5 ent/s, 349 triples/s, errors=22086)
  rows=386,279  triples=37,445,397  (5 ent/s, 349 triples/s, errors=22096)
  rows=386,316  triples=37,447,482  (5 ent/s, 349 triples/s, errors=22099)
  rows=386,347  triples=37,449,562  (5 ent/s, 349 triples/s, errors=22108)
  rows=386,380  triples=37,451,573  (5 ent/s, 349 triples/s, errors=22114)
  rows=386,401  triples=37,452,947  (5 ent/s, 349 triples/s, errors=22127)
  rows=386,430  triples=37,455,117  (5 ent/s, 349 triples/s, errors=22133)
  rows=386,463  triples=37,457,292  (5 ent/s, 349 triples/s, errors=22136)
  rows=386,500  triples=37,459,348  (5 ent/s, 349 triples/s, errors=22136)
  rows=386,535  triples=37,461,499  (5 ent/s, 349 triples/s, errors=22140)
  rows=386,569  triples=37,463,495  (5 ent/s, 349 triples/s, errors=22149)
  rows=386,596  triples=37,465,550  (5 ent/s, 349 triples/s, errors=22149)
  rows=386,615  triples=37,466,969  (5 ent/s, 349 triples/s, errors=22150)
  rows=386,646  triples=37,469,063  (5 ent/s, 349 triples/s, errors=22161)
  rows=386,680  triples=37,471,151  (5 ent/s, 349 triples/s, errors=22162)
  rows=386,720  triples=37,473,187  (5 ent/s, 349 triples/s, errors=22165)
  rows=386,759  triples=37,475,217  (5 ent/s, 349 triples/s, errors=22166)
  rows=386,790  triples=37,477,291  (5 ent/s, 349 triples/s, errors=22170)
  rows=386,812  triples=37,478,753  (5 ent/s, 349 triples/s, errors=22174)
  rows=386,848  triples=37,480,954  (5 ent/s, 349 triples/s, errors=22178)
  rows=386,882  triples=37,483,099  (5 ent/s, 349 triples/s, errors=22179)
  rows=386,911  triples=37,485,275  (5 ent/s, 349 triples/s, errors=22204)
  rows=386,943  triples=37,487,646  (5 ent/s, 349 triples/s, errors=22238)
  rows=386,972  triples=37,489,713  (5 ent/s, 349 triples/s, errors=22254)
  rows=387,001  triples=37,491,369  (5 ent/s, 349 triples/s, errors=22264)
  rows=387,038  triples=37,493,524  (5 ent/s, 349 triples/s, errors=22276)
  rows=387,076  triples=37,495,565  (5 ent/s, 350 triples/s, errors=22278)
  rows=387,106  triples=37,497,623  (5 ent/s, 350 triples/s, errors=22281)
  rows=387,142  triples=37,499,721  (5 ent/s, 350 triples/s, errors=22313)
  rows=387,176  triples=37,501,772  (5 ent/s, 350 triples/s, errors=22313)
  rows=387,216  triples=37,504,146  (5 ent/s, 350 triples/s, errors=22317)
  rows=387,235  triples=37,505,231  (5 ent/s, 349 triples/s, errors=22317)
  rows=387,260  triples=37,507,257  (5 ent/s, 349 triples/s, errors=22326)
  rows=387,298  triples=37,509,364  (5 ent/s, 349 triples/s, errors=22334)
  rows=387,322  triples=37,511,446  (5 ent/s, 349 triples/s, errors=22352)
  rows=387,350  triples=37,513,586  (5 ent/s, 349 triples/s, errors=22376)
  rows=387,384  triples=37,515,596  (5 ent/s, 349 triples/s, errors=22381)
  rows=387,401  triples=37,516,885  (5 ent/s, 349 triples/s, errors=22391)
  rows=387,434  triples=37,518,941  (5 ent/s, 349 triples/s, errors=22403)
  rows=387,472  triples=37,521,124  (5 ent/s, 349 triples/s, errors=22407)
  rows=387,493  triples=37,523,128  (5 ent/s, 349 triples/s, errors=22417)
  rows=387,521  triples=37,525,258  (5 ent/s, 349 triples/s, errors=22422)
  rows=387,548  triples=37,527,284  (5 ent/s, 349 triples/s, errors=22427)
  rows=387,572  triples=37,529,317  (5 ent/s, 349 triples/s, errors=22450)
  rows=387,593  triples=37,531,325  (5 ent/s, 349 triples/s, errors=22462)
  rows=387,612  triples=37,533,095  (5 ent/s, 349 triples/s, errors=22474)
  rows=387,644  triples=37,535,170  (5 ent/s, 349 triples/s, errors=22482)
  rows=387,676  triples=37,537,196  (5 ent/s, 349 triples/s, errors=22487)
  rows=387,719  triples=37,539,202  (5 ent/s, 349 triples/s, errors=22493)
  rows=387,764  triples=37,541,259  (5 ent/s, 349 triples/s, errors=22494)
  rows=387,796  triples=37,543,353  (5 ent/s, 349 triples/s, errors=22507)
  rows=387,834  triples=37,545,667  (5 ent/s, 349 triples/s, errors=22517)
  rows=387,865  triples=37,547,684  (5 ent/s, 349 triples/s, errors=22524)
  rows=387,902  triples=37,549,773  (5 ent/s, 349 triples/s, errors=22525)
  rows=387,922  triples=37,551,768  (5 ent/s, 349 triples/s, errors=22623)
  rows=387,957  triples=37,553,951  (5 ent/s, 349 triples/s, errors=22627)
  rows=387,990  triples=37,555,971  (5 ent/s, 349 triples/s, errors=22628)
  rows=388,015  triples=37,557,846  (5 ent/s, 349 triples/s, errors=22652)
  rows=388,038  triples=37,560,102  (5 ent/s, 349 triples/s, errors=22665)
  rows=388,070  triples=37,562,128  (5 ent/s, 349 triples/s, errors=22674)
  rows=388,113  triples=37,564,199  (5 ent/s, 349 triples/s, errors=22677)
  rows=388,147  triples=37,566,347  (5 ent/s, 349 triples/s, errors=22678)
  rows=388,178  triples=37,568,471  (5 ent/s, 349 triples/s, errors=22681)
  rows=388,220  triples=37,570,747  (5 ent/s, 349 triples/s, errors=22683)
  rows=388,257  triples=37,572,808  (5 ent/s, 349 triples/s, errors=22703)
  rows=388,286  triples=37,574,889  (5 ent/s, 349 triples/s, errors=22708)
  rows=388,323  triples=37,576,967  (5 ent/s, 350 triples/s, errors=22708)
  rows=388,358  triples=37,578,984  (5 ent/s, 350 triples/s, errors=22720)
  rows=388,399  triples=37,581,008  (5 ent/s, 350 triples/s, errors=22728)
  rows=388,423  triples=37,583,160  (5 ent/s, 350 triples/s, errors=22728)
  rows=388,454  triples=37,585,172  (5 ent/s, 350 triples/s, errors=22732)
  rows=388,485  triples=37,587,291  (5 ent/s, 350 triples/s, errors=22746)
  rows=388,525  triples=37,589,453  (5 ent/s, 350 triples/s, errors=22765)
  rows=388,553  triples=37,591,553  (5 ent/s, 350 triples/s, errors=22790)
  rows=388,583  triples=37,593,599  (5 ent/s, 350 triples/s, errors=22794)
  rows=388,618  triples=37,595,472  (5 ent/s, 350 triples/s, errors=22802)
  rows=388,650  triples=37,597,543  (5 ent/s, 350 triples/s, errors=22804)
  rows=388,684  triples=37,599,727  (5 ent/s, 350 triples/s, errors=22827)
  rows=388,724  triples=37,601,795  (5 ent/s, 350 triples/s, errors=22832)
  rows=388,754  triples=37,603,889  (5 ent/s, 350 triples/s, errors=22847)
  rows=388,782  triples=37,605,921  (5 ent/s, 350 triples/s, errors=22870)
  rows=388,813  triples=37,608,115  (5 ent/s, 350 triples/s, errors=22900)
  rows=388,852  triples=37,610,292  (5 ent/s, 350 triples/s, errors=22907)
  rows=388,880  triples=37,612,493  (5 ent/s, 350 triples/s, errors=22920)
  rows=388,911  triples=37,614,581  (5 ent/s, 350 triples/s, errors=22935)
  rows=388,951  triples=37,616,577  (5 ent/s, 350 triples/s, errors=22949)
  rows=388,985  triples=37,618,596  (5 ent/s, 350 triples/s, errors=22961)
  rows=389,014  triples=37,620,676  (5 ent/s, 350 triples/s, errors=22972)
  rows=389,052  triples=37,622,753  (5 ent/s, 350 triples/s, errors=22972)
  rows=389,053  triples=37,622,753  (5 ent/s, 349 triples/s, errors=22972)
  rows=389,094  triples=37,624,949  (5 ent/s, 349 triples/s, errors=22972)
  rows=389,131  triples=37,626,952  (5 ent/s, 349 triples/s, errors=22977)
  rows=389,166  triples=37,629,044  (5 ent/s, 349 triples/s, errors=23001)
  rows=389,200  triples=37,631,103  (5 ent/s, 349 triples/s, errors=23014)
  rows=389,241  triples=37,633,210  (5 ent/s, 349 triples/s, errors=23015)
  rows=389,278  triples=37,635,329  (5 ent/s, 349 triples/s, errors=23018)
  rows=389,305  triples=37,637,443  (5 ent/s, 349 triples/s, errors=23028)
  rows=389,341  triples=37,639,485  (5 ent/s, 349 triples/s, errors=23030)
  rows=389,383  triples=37,641,540  (5 ent/s, 349 triples/s, errors=23038)
  rows=389,421  triples=37,643,420  (5 ent/s, 349 triples/s, errors=23045)
  rows=389,445  triples=37,645,507  (5 ent/s, 349 triples/s, errors=23054)
  rows=389,477  triples=37,647,568  (5 ent/s, 349 triples/s, errors=23055)
  rows=389,508  triples=37,649,642  (5 ent/s, 349 triples/s, errors=23059)
  rows=389,537  triples=37,651,754  (5 ent/s, 349 triples/s, errors=23062)
  rows=389,568  triples=37,653,818  (5 ent/s, 349 triples/s, errors=23071)
  rows=389,600  triples=37,655,820  (5 ent/s, 349 triples/s, errors=23084)
  rows=389,636  triples=37,657,899  (5 ent/s, 350 triples/s, errors=23086)
  rows=389,682  triples=37,659,956  (5 ent/s, 350 triples/s, errors=23086)
  rows=389,724  triples=37,662,015  (5 ent/s, 350 triples/s, errors=23089)
  rows=389,756  triples=37,664,092  (5 ent/s, 350 triples/s, errors=23097)
  rows=389,792  triples=37,666,107  (5 ent/s, 350 triples/s, errors=23111)
  rows=389,824  triples=37,667,622  (5 ent/s, 350 triples/s, errors=23111)
  rows=389,839  triples=37,669,746  (5 ent/s, 350 triples/s, errors=23147)
  rows=389,864  triples=37,671,919  (5 ent/s, 350 triples/s, errors=23151)
  rows=389,902  triples=37,673,966  (5 ent/s, 350 triples/s, errors=23169)
  rows=389,937  triples=37,676,034  (5 ent/s, 350 triples/s, errors=23173)
  rows=389,979  triples=37,678,105  (5 ent/s, 350 triples/s, errors=23182)
  rows=390,001  triples=37,679,759  (5 ent/s, 350 triples/s, errors=23187)
  rows=390,040  triples=37,681,776  (5 ent/s, 350 triples/s, errors=23190)
  rows=390,071  triples=37,683,870  (5 ent/s, 350 triples/s, errors=23211)
  rows=390,111  triples=37,685,973  (5 ent/s, 350 triples/s, errors=23238)
  rows=390,145  triples=37,688,048  (5 ent/s, 350 triples/s, errors=23240)
  rows=390,176  triples=37,690,071  (5 ent/s, 350 triples/s, errors=23243)
  rows=390,201  triples=37,691,697  (5 ent/s, 350 triples/s, errors=23265)
  rows=390,237  triples=37,693,779  (5 ent/s, 350 triples/s, errors=23269)
  rows=390,267  triples=37,696,017  (5 ent/s, 350 triples/s, errors=23273)
  rows=390,301  triples=37,698,002  (5 ent/s, 350 triples/s, errors=23295)
  rows=390,335  triples=37,700,023  (5 ent/s, 350 triples/s, errors=23299)
  rows=390,367  triples=37,702,175  (5 ent/s, 350 triples/s, errors=23301)
  rows=390,401  triples=37,703,985  (5 ent/s, 350 triples/s, errors=23336)
  rows=390,433  triples=37,706,123  (5 ent/s, 350 triples/s, errors=23340)
  rows=390,476  triples=37,708,244  (5 ent/s, 350 triples/s, errors=23349)
  rows=390,515  triples=37,710,279  (5 ent/s, 350 triples/s, errors=23360)
  rows=390,550  triples=37,712,303  (5 ent/s, 350 triples/s, errors=23366)
  rows=390,593  triples=37,714,619  (5 ent/s, 350 triples/s, errors=23376)
  rows=390,617  triples=37,716,028  (5 ent/s, 350 triples/s, errors=23380)
  rows=390,663  triples=37,718,060  (5 ent/s, 350 triples/s, errors=23383)
  rows=390,706  triples=37,720,096  (5 ent/s, 350 triples/s, errors=23388)
  rows=390,738  triples=37,722,275  (5 ent/s, 350 triples/s, errors=23405)
  rows=390,779  triples=37,724,455  (5 ent/s, 350 triples/s, errors=23406)
  rows=390,801  triples=37,725,745  (5 ent/s, 350 triples/s, errors=23433)
  rows=390,839  triples=37,727,769  (5 ent/s, 350 triples/s, errors=23439)
  rows=390,871  triples=37,728,784  (5 ent/s, 349 triples/s, errors=23448)
  rows=390,898  triples=37,730,885  (5 ent/s, 349 triples/s, errors=23454)
  rows=390,925  triples=37,733,012  (5 ent/s, 349 triples/s, errors=23464)
  rows=390,964  triples=37,735,042  (5 ent/s, 349 triples/s, errors=23464)
  rows=391,001  triples=37,737,018  (5 ent/s, 349 triples/s, errors=23486)
  rows=391,033  triples=37,739,103  (5 ent/s, 349 triples/s, errors=23497)
  rows=391,069  triples=37,741,212  (5 ent/s, 349 triples/s, errors=23507)
  rows=391,108  triples=37,743,314  (5 ent/s, 349 triples/s, errors=23515)
  rows=391,147  triples=37,745,411  (5 ent/s, 349 triples/s, errors=23519)
  rows=391,181  triples=37,747,437  (5 ent/s, 349 triples/s, errors=23519)
  rows=391,201  triples=37,748,722  (5 ent/s, 349 triples/s, errors=23528)
  rows=391,236  triples=37,750,896  (5 ent/s, 349 triples/s, errors=23533)
  rows=391,267  triples=37,753,066  (5 ent/s, 349 triples/s, errors=23537)
  rows=391,305  triples=37,755,200  (5 ent/s, 349 triples/s, errors=23540)
  rows=391,337  triples=37,757,280  (5 ent/s, 349 triples/s, errors=23556)
  rows=391,378  triples=37,759,312  (5 ent/s, 349 triples/s, errors=23557)
  rows=391,424  triples=37,761,524  (5 ent/s, 349 triples/s, errors=23561)
  rows=391,464  triples=37,763,618  (5 ent/s, 349 triples/s, errors=23564)
  rows=391,502  triples=37,765,861  (5 ent/s, 349 triples/s, errors=23569)
  rows=391,523  triples=37,767,904  (5 ent/s, 349 triples/s, errors=23576)
  rows=391,556  triples=37,770,115  (5 ent/s, 349 triples/s, errors=23586)
  rows=391,592  triples=37,772,163  (5 ent/s, 349 triples/s, errors=23590)
  rows=391,639  triples=37,773,442  (5 ent/s, 349 triples/s, errors=23599)
  rows=391,672  triples=37,775,611  (5 ent/s, 349 triples/s, errors=23601)
  rows=391,708  triples=37,777,688  (5 ent/s, 349 triples/s, errors=23608)
  rows=391,742  triples=37,779,787  (5 ent/s, 349 triples/s, errors=23635)
  rows=391,786  triples=37,781,827  (5 ent/s, 349 triples/s, errors=23636)
  rows=391,818  triples=37,783,801  (5 ent/s, 349 triples/s, errors=23637)
  rows=391,856  triples=37,785,904  (5 ent/s, 349 triples/s, errors=23656)
  rows=391,889  triples=37,788,032  (5 ent/s, 349 triples/s, errors=23665)
  rows=391,934  triples=37,790,148  (5 ent/s, 349 triples/s, errors=23673)
  rows=391,966  triples=37,792,327  (5 ent/s, 349 triples/s, errors=23681)
  rows=392,001  triples=37,794,168  (5 ent/s, 349 triples/s, errors=23683)
  rows=392,031  triples=37,796,321  (5 ent/s, 349 triples/s, errors=23683)
  rows=392,068  triples=37,798,382  (5 ent/s, 349 triples/s, errors=23691)
  rows=392,103  triples=37,800,468  (5 ent/s, 349 triples/s, errors=23694)
  rows=392,148  triples=37,802,535  (5 ent/s, 349 triples/s, errors=23696)
  rows=392,179  triples=37,804,634  (5 ent/s, 349 triples/s, errors=23697)
  rows=392,215  triples=37,806,645  (5 ent/s, 349 triples/s, errors=23698)
  rows=392,244  triples=37,808,712  (5 ent/s, 349 triples/s, errors=23706)
  rows=392,280  triples=37,810,918  (5 ent/s, 349 triples/s, errors=23709)
  rows=392,318  triples=37,813,023  (5 ent/s, 349 triples/s, errors=23716)
  rows=392,341  triples=37,815,167  (5 ent/s, 349 triples/s, errors=23724)
  rows=392,372  triples=37,817,196  (5 ent/s, 349 triples/s, errors=23739)
  rows=392,401  triples=37,818,672  (5 ent/s, 349 triples/s, errors=23742)
  rows=392,435  triples=37,820,702  (5 ent/s, 349 triples/s, errors=23751)
  rows=392,465  triples=37,822,895  (5 ent/s, 349 triples/s, errors=23752)
  rows=392,496  triples=37,824,922  (5 ent/s, 349 triples/s, errors=23767)
  rows=392,527  triples=37,826,975  (5 ent/s, 349 triples/s, errors=23775)
  rows=392,561  triples=37,829,001  (5 ent/s, 349 triples/s, errors=23780)
  rows=392,592  triples=37,831,180  (5 ent/s, 349 triples/s, errors=23782)
  rows=392,613  triples=37,833,029  (5 ent/s, 349 triples/s, errors=23792)
  rows=392,646  triples=37,835,074  (5 ent/s, 349 triples/s, errors=23820)
  rows=392,678  triples=37,837,355  (5 ent/s, 349 triples/s, errors=23949)
  rows=392,689  triples=37,837,355  (5 ent/s, 349 triples/s, errors=23949)
  rows=392,710  triples=37,839,464  (5 ent/s, 349 triples/s, errors=23954)
  rows=392,746  triples=37,841,662  (5 ent/s, 349 triples/s, errors=23972)
  rows=392,778  triples=37,843,733  (5 ent/s, 349 triples/s, errors=23979)
  rows=392,801  triples=37,845,250  (5 ent/s, 349 triples/s, errors=23979)
  rows=392,839  triples=37,847,349  (5 ent/s, 349 triples/s, errors=23992)
  rows=392,876  triples=37,849,423  (5 ent/s, 349 triples/s, errors=23996)
  rows=392,906  triples=37,851,580  (5 ent/s, 349 triples/s, errors=24011)
  rows=392,942  triples=37,853,754  (5 ent/s, 349 triples/s, errors=24020)
  rows=392,973  triples=37,855,787  (5 ent/s, 349 triples/s, errors=24033)
  rows=393,001  triples=37,857,544  (5 ent/s, 349 triples/s, errors=24035)
  rows=393,028  triples=37,859,552  (5 ent/s, 349 triples/s, errors=24039)
  rows=393,057  triples=37,861,699  (5 ent/s, 349 triples/s, errors=24048)
  rows=393,088  triples=37,863,728  (5 ent/s, 349 triples/s, errors=24060)
  rows=393,123  triples=37,865,764  (5 ent/s, 349 triples/s, errors=24069)
  rows=393,160  triples=37,867,872  (5 ent/s, 349 triples/s, errors=24081)
  rows=393,198  triples=37,870,000  (5 ent/s, 349 triples/s, errors=24095)
  rows=393,216  triples=37,871,164  (5 ent/s, 349 triples/s, errors=24102)
  rows=393,250  triples=37,873,186  (5 ent/s, 349 triples/s, errors=24115)
  rows=393,289  triples=37,875,258  (5 ent/s, 349 triples/s, errors=24119)
  rows=393,326  triples=37,877,357  (5 ent/s, 349 triples/s, errors=24125)
  rows=393,358  triples=37,879,472  (5 ent/s, 349 triples/s, errors=24130)
  rows=393,401  triples=37,881,512  (5 ent/s, 349 triples/s, errors=24142)
  rows=393,431  triples=37,883,615  (5 ent/s, 349 triples/s, errors=24151)
  rows=393,457  triples=37,885,744  (5 ent/s, 349 triples/s, errors=24157)
  rows=393,483  triples=37,887,844  (5 ent/s, 349 triples/s, errors=24158)
  rows=393,514  triples=37,889,944  (5 ent/s, 349 triples/s, errors=24162)
  rows=393,557  triples=37,892,047  (5 ent/s, 349 triples/s, errors=24178)
  rows=393,584  triples=37,894,172  (5 ent/s, 349 triples/s, errors=24193)
  rows=393,619  triples=37,896,239  (5 ent/s, 349 triples/s, errors=24197)
  rows=393,647  triples=37,898,341  (5 ent/s, 349 triples/s, errors=24201)
  rows=393,683  triples=37,900,461  (5 ent/s, 349 triples/s, errors=24204)
  rows=393,718  triples=37,902,540  (5 ent/s, 349 triples/s, errors=24206)
  rows=393,751  triples=37,904,677  (5 ent/s, 349 triples/s, errors=24217)
  rows=393,787  triples=37,906,670  (5 ent/s, 349 triples/s, errors=24225)
  rows=393,820  triples=37,908,365  (5 ent/s, 349 triples/s, errors=24229)
  rows=393,846  triples=37,910,403  (5 ent/s, 349 triples/s, errors=24242)
  rows=393,883  triples=37,912,480  (5 ent/s, 349 triples/s, errors=24246)
  rows=393,910  triples=37,914,631  (5 ent/s, 349 triples/s, errors=24257)
  rows=393,945  triples=37,916,641  (5 ent/s, 349 triples/s, errors=24265)
  rows=393,975  triples=37,918,816  (5 ent/s, 349 triples/s, errors=24271)
  rows=394,001  triples=37,920,397  (5 ent/s, 349 triples/s, errors=24279)
  rows=394,039  triples=37,922,598  (5 ent/s, 349 triples/s, errors=24289)
  rows=394,070  triples=37,924,650  (5 ent/s, 349 triples/s, errors=24318)
  rows=394,104  triples=37,926,720  (5 ent/s, 349 triples/s, errors=24327)
  rows=394,136  triples=37,928,756  (5 ent/s, 349 triples/s, errors=24332)
  rows=394,162  triples=37,930,901  (5 ent/s, 349 triples/s, errors=24347)
  rows=394,194  triples=37,932,965  (5 ent/s, 349 triples/s, errors=24351)
  rows=394,222  triples=37,934,413  (5 ent/s, 349 triples/s, errors=24356)
  rows=394,252  triples=37,936,582  (5 ent/s, 349 triples/s, errors=24365)
  rows=394,286  triples=37,938,702  (5 ent/s, 349 triples/s, errors=24369)
  rows=394,318  triples=37,940,802  (5 ent/s, 349 triples/s, errors=24388)
  rows=394,359  triples=37,942,922  (5 ent/s, 349 triples/s, errors=24390)
  rows=394,397  triples=37,945,102  (5 ent/s, 349 triples/s, errors=24391)
  rows=394,416  triples=37,946,439  (5 ent/s, 349 triples/s, errors=24391)
  rows=394,438  triples=37,948,561  (5 ent/s, 349 triples/s, errors=24407)
  rows=394,469  triples=37,950,722  (5 ent/s, 349 triples/s, errors=24415)
  rows=394,502  triples=37,952,849  (5 ent/s, 349 triples/s, errors=24425)
  rows=394,507  triples=37,952,849  (5 ent/s, 349 triples/s, errors=24425)
  rows=394,536  triples=37,955,015  (5 ent/s, 349 triples/s, errors=24436)
  rows=394,571  triples=37,957,081  (5 ent/s, 349 triples/s, errors=24438)
  rows=394,601  triples=37,958,494  (5 ent/s, 349 triples/s, errors=24441)
  rows=394,632  triples=37,960,575  (5 ent/s, 349 triples/s, errors=24446)
  rows=394,658  triples=37,962,646  (5 ent/s, 349 triples/s, errors=24456)
  rows=394,691  triples=37,964,717  (5 ent/s, 349 triples/s, errors=24492)
  rows=394,724  triples=37,966,766  (5 ent/s, 349 triples/s, errors=24502)
  rows=394,766  triples=37,968,791  (5 ent/s, 349 triples/s, errors=24511)
  rows=394,799  triples=37,970,977  (5 ent/s, 349 triples/s, errors=24515)
  rows=394,830  triples=37,972,041  (5 ent/s, 349 triples/s, errors=24519)
  rows=394,868  triples=37,974,098  (5 ent/s, 349 triples/s, errors=24521)
  rows=394,903  triples=37,976,141  (5 ent/s, 349 triples/s, errors=24530)
  rows=394,931  triples=37,978,276  (5 ent/s, 349 triples/s, errors=24532)
  rows=394,953  triples=37,980,407  (5 ent/s, 349 triples/s, errors=24537)
  rows=394,991  triples=37,982,549  (5 ent/s, 349 triples/s, errors=24540)
  rows=395,015  triples=37,984,169  (5 ent/s, 349 triples/s, errors=24546)
  rows=395,041  triples=37,986,303  (5 ent/s, 349 triples/s, errors=24549)
  rows=395,074  triples=37,988,408  (5 ent/s, 349 triples/s, errors=24568)
  rows=395,110  triples=37,990,574  (5 ent/s, 349 triples/s, errors=24568)
  rows=395,143  triples=37,992,625  (5 ent/s, 349 triples/s, errors=24572)
  rows=395,185  triples=37,994,830  (5 ent/s, 349 triples/s, errors=24576)
  rows=395,215  triples=37,996,598  (5 ent/s, 349 triples/s, errors=24576)
  rows=395,244  triples=37,998,626  (5 ent/s, 349 triples/s, errors=24589)
  rows=395,280  triples=38,000,675  (5 ent/s, 349 triples/s, errors=24598)
  rows=395,314  triples=38,002,699  (5 ent/s, 349 triples/s, errors=24604)
  rows=395,343  triples=38,004,715  (5 ent/s, 349 triples/s, errors=24611)
  rows=395,383  triples=38,006,826  (5 ent/s, 349 triples/s, errors=24628)
  rows=395,401  triples=38,008,112  (5 ent/s, 349 triples/s, errors=24632)
  rows=395,427  triples=38,010,128  (5 ent/s, 349 triples/s, errors=24677)
  rows=395,460  triples=38,012,198  (5 ent/s, 349 triples/s, errors=24685)
  rows=395,488  triples=38,014,241  (5 ent/s, 349 triples/s, errors=24702)
  rows=395,524  triples=38,016,277  (5 ent/s, 349 triples/s, errors=24706)
  rows=395,562  triples=38,018,288  (5 ent/s, 349 triples/s, errors=24706)
  rows=395,601  triples=38,020,266  (5 ent/s, 349 triples/s, errors=24706)
  rows=395,635  triples=38,022,302  (5 ent/s, 349 triples/s, errors=24718)
  rows=395,663  triples=38,024,347  (5 ent/s, 349 triples/s, errors=24724)
  rows=395,696  triples=38,026,410  (5 ent/s, 349 triples/s, errors=24729)
  rows=395,724  triples=38,028,452  (5 ent/s, 349 triples/s, errors=24740)
  rows=395,762  triples=38,030,601  (5 ent/s, 349 triples/s, errors=24748)
  rows=395,797  triples=38,032,777  (5 ent/s, 349 triples/s, errors=24749)
  rows=395,832  triples=38,034,955  (5 ent/s, 349 triples/s, errors=24752)
  rows=395,872  triples=38,036,971  (5 ent/s, 349 triples/s, errors=24763)
  rows=395,902  triples=38,039,125  (5 ent/s, 349 triples/s, errors=24770)
  rows=395,926  triples=38,041,197  (5 ent/s, 349 triples/s, errors=24770)
  rows=395,956  triples=38,043,313  (5 ent/s, 349 triples/s, errors=24778)
  rows=395,994  triples=38,045,416  (5 ent/s, 349 triples/s, errors=24782)
  rows=396,020  triples=38,046,720  (5 ent/s, 349 triples/s, errors=24784)
  rows=396,066  triples=38,048,753  (5 ent/s, 349 triples/s, errors=24816)
  rows=396,094  triples=38,050,851  (5 ent/s, 349 triples/s, errors=24822)
  rows=396,131  triples=38,052,935  (5 ent/s, 349 triples/s, errors=24840)
  rows=396,162  triples=38,054,994  (5 ent/s, 349 triples/s, errors=24862)
  rows=396,194  triples=38,057,117  (5 ent/s, 349 triples/s, errors=24864)
  rows=396,211  triples=38,058,701  (5 ent/s, 349 triples/s, errors=24867)
  rows=396,254  triples=38,060,726  (5 ent/s, 349 triples/s, errors=24876)
  rows=396,286  triples=38,062,729  (5 ent/s, 349 triples/s, errors=24892)
  rows=396,325  triples=38,063,786  (5 ent/s, 348 triples/s, errors=24895)
  rows=396,346  triples=38,065,878  (5 ent/s, 348 triples/s, errors=24898)
  rows=396,385  triples=38,067,972  (5 ent/s, 348 triples/s, errors=24902)
  rows=396,414  triples=38,069,926  (5 ent/s, 348 triples/s, errors=24917)
  rows=396,447  triples=38,072,072  (5 ent/s, 348 triples/s, errors=24934)
  rows=396,476  triples=38,074,312  (5 ent/s, 348 triples/s, errors=24946)
  rows=396,515  triples=38,076,375  (5 ent/s, 348 triples/s, errors=24954)
  rows=396,548  triples=38,078,776  (5 ent/s, 348 triples/s, errors=25037)
  rows=396,581  triples=38,080,863  (5 ent/s, 348 triples/s, errors=25069)
  rows=396,615  triples=38,083,233  (5 ent/s, 348 triples/s, errors=25099)
  rows=396,656  triples=38,085,339  (5 ent/s, 348 triples/s, errors=25099)
  rows=396,690  triples=38,087,365  (5 ent/s, 348 triples/s, errors=25108)
  rows=396,724  triples=38,089,473  (5 ent/s, 348 triples/s, errors=25112)
  rows=396,761  triples=38,091,602  (5 ent/s, 348 triples/s, errors=25115)
  rows=396,793  triples=38,093,729  (5 ent/s, 349 triples/s, errors=25132)
  rows=396,819  triples=38,095,135  (5 ent/s, 348 triples/s, errors=25138)
  rows=396,853  triples=38,097,167  (5 ent/s, 348 triples/s, errors=25150)
  rows=396,896  triples=38,099,280  (5 ent/s, 348 triples/s, errors=25159)
  rows=396,933  triples=38,101,404  (5 ent/s, 349 triples/s, errors=25162)
  rows=396,968  triples=38,103,485  (5 ent/s, 349 triples/s, errors=25171)
  rows=396,992  triples=38,105,552  (5 ent/s, 349 triples/s, errors=25172)
  rows=397,016  triples=38,107,282  (5 ent/s, 349 triples/s, errors=25179)
  rows=397,055  triples=38,109,319  (5 ent/s, 349 triples/s, errors=25197)
  rows=397,095  triples=38,111,457  (5 ent/s, 349 triples/s, errors=25220)
  rows=397,125  triples=38,113,526  (5 ent/s, 348 triples/s, errors=25221)
  rows=397,154  triples=38,115,701  (5 ent/s, 348 triples/s, errors=25238)
  rows=397,191  triples=38,117,743  (5 ent/s, 348 triples/s, errors=25239)
  rows=397,201  triples=38,118,326  (5 ent/s, 348 triples/s, errors=25240)
  rows=397,218  triples=38,119,375  (5 ent/s, 348 triples/s, errors=25240)
  rows=397,258  triples=38,121,429  (5 ent/s, 348 triples/s, errors=25248)
  rows=397,288  triples=38,123,550  (5 ent/s, 348 triples/s, errors=25259)
  rows=397,317  triples=38,125,591  (5 ent/s, 348 triples/s, errors=25272)
  rows=397,357  triples=38,127,641  (5 ent/s, 348 triples/s, errors=25296)
  rows=397,396  triples=38,129,650  (5 ent/s, 348 triples/s, errors=25300)
  rows=397,434  triples=38,132,002  (5 ent/s, 348 triples/s, errors=25315)
  rows=397,475  triples=38,134,229  (5 ent/s, 348 triples/s, errors=25322)
  rows=397,504  triples=38,136,331  (5 ent/s, 348 triples/s, errors=25326)
  rows=397,541  triples=38,138,455  (5 ent/s, 348 triples/s, errors=25328)
  rows=397,576  triples=38,140,636  (5 ent/s, 348 triples/s, errors=25340)
  rows=397,601  triples=38,142,253  (5 ent/s, 348 triples/s, errors=25344)
  rows=397,639  triples=38,144,249  (5 ent/s, 348 triples/s, errors=25350)
  rows=397,667  triples=38,146,303  (5 ent/s, 348 triples/s, errors=25374)
  rows=397,713  triples=38,148,357  (5 ent/s, 348 triples/s, errors=25379)
  rows=397,750  triples=38,150,357  (5 ent/s, 348 triples/s, errors=25380)
  rows=397,778  triples=38,152,441  (5 ent/s, 348 triples/s, errors=25382)
  rows=397,801  triples=38,153,704  (5 ent/s, 348 triples/s, errors=25408)
  rows=397,837  triples=38,155,816  (5 ent/s, 348 triples/s, errors=25414)
  rows=397,862  triples=38,158,077  (5 ent/s, 348 triples/s, errors=25419)
  rows=397,899  triples=38,160,167  (5 ent/s, 348 triples/s, errors=25424)
  rows=397,933  triples=38,162,291  (5 ent/s, 348 triples/s, errors=25428)
  rows=397,963  triples=38,164,428  (5 ent/s, 348 triples/s, errors=25432)
  rows=398,001  triples=38,165,911  (5 ent/s, 348 triples/s, errors=25435)
  rows=398,037  triples=38,167,974  (5 ent/s, 348 triples/s, errors=25436)
  rows=398,066  triples=38,170,073  (5 ent/s, 348 triples/s, errors=25439)
  rows=398,106  triples=38,172,128  (5 ent/s, 348 triples/s, errors=25447)
  rows=398,125  triples=38,174,174  (5 ent/s, 348 triples/s, errors=25459)
  rows=398,143  triples=38,175,220  (5 ent/s, 348 triples/s, errors=25466)
  rows=398,175  triples=38,177,256  (5 ent/s, 348 triples/s, errors=25467)
  rows=398,201  triples=38,178,758  (5 ent/s, 348 triples/s, errors=25472)
  rows=398,235  triples=38,180,756  (5 ent/s, 348 triples/s, errors=25486)
  rows=398,264  triples=38,182,823  (5 ent/s, 348 triples/s, errors=25509)
  rows=398,302  triples=38,184,832  (5 ent/s, 348 triples/s, errors=25522)
  rows=398,336  triples=38,186,844  (5 ent/s, 348 triples/s, errors=25526)
  rows=398,369  triples=38,188,919  (5 ent/s, 348 triples/s, errors=25533)
  rows=398,401  triples=38,190,357  (5 ent/s, 348 triples/s, errors=25535)
  rows=398,427  triples=38,192,494  (5 ent/s, 348 triples/s, errors=25537)
  rows=398,460  triples=38,194,575  (5 ent/s, 348 triples/s, errors=25539)
  rows=398,497  triples=38,196,611  (5 ent/s, 348 triples/s, errors=25544)
  rows=398,532  triples=38,198,752  (5 ent/s, 348 triples/s, errors=25558)
  rows=398,561  triples=38,200,932  (5 ent/s, 348 triples/s, errors=25564)
  rows=398,601  triples=38,202,856  (5 ent/s, 348 triples/s, errors=25564)
  rows=398,643  triples=38,204,878  (5 ent/s, 348 triples/s, errors=25568)
  rows=398,679  triples=38,206,964  (5 ent/s, 348 triples/s, errors=25576)
  rows=398,720  triples=38,209,132  (5 ent/s, 348 triples/s, errors=25601)
  rows=398,752  triples=38,211,191  (5 ent/s, 348 triples/s, errors=25647)
  rows=398,792  triples=38,213,258  (5 ent/s, 348 triples/s, errors=25647)
  rows=398,816  triples=38,214,646  (5 ent/s, 348 triples/s, errors=25648)
  rows=398,852  triples=38,216,674  (5 ent/s, 348 triples/s, errors=25650)
  rows=398,878  triples=38,218,727  (5 ent/s, 348 triples/s, errors=25653)
  rows=398,911  triples=38,220,868  (5 ent/s, 348 triples/s, errors=25682)
  rows=398,950  triples=38,222,920  (5 ent/s, 348 triples/s, errors=25688)
  rows=398,987  triples=38,225,029  (5 ent/s, 348 triples/s, errors=25694)
  rows=399,014  triples=38,226,707  (5 ent/s, 348 triples/s, errors=25708)
  rows=399,047  triples=38,228,824  (5 ent/s, 348 triples/s, errors=25708)
  rows=399,076  triples=38,230,916  (5 ent/s, 348 triples/s, errors=25716)
  rows=399,111  triples=38,232,984  (5 ent/s, 348 triples/s, errors=25726)
  rows=399,140  triples=38,235,035  (5 ent/s, 348 triples/s, errors=25727)
  rows=399,174  triples=38,237,065  (5 ent/s, 348 triples/s, errors=25727)
  rows=399,201  triples=38,238,854  (5 ent/s, 348 triples/s, errors=25738)
  rows=399,238  triples=38,240,967  (5 ent/s, 348 triples/s, errors=25744)
  rows=399,271  triples=38,243,136  (5 ent/s, 348 triples/s, errors=25748)
  rows=399,305  triples=38,245,326  (5 ent/s, 348 triples/s, errors=25755)
  rows=399,328  triples=38,247,013  (5 ent/s, 348 triples/s, errors=26213)
  rows=399,366  triples=38,249,033  (5 ent/s, 348 triples/s, errors=26213)
  rows=399,398  triples=38,251,042  (5 ent/s, 348 triples/s, errors=26214)
  rows=399,433  triples=38,253,194  (5 ent/s, 348 triples/s, errors=26221)
  rows=399,463  triples=38,255,257  (5 ent/s, 348 triples/s, errors=26233)
  rows=399,491  triples=38,257,328  (5 ent/s, 348 triples/s, errors=26242)
  rows=399,525  triples=38,259,404  (5 ent/s, 348 triples/s, errors=26256)
  rows=399,563  triples=38,261,772  (5 ent/s, 348 triples/s, errors=26339)
  rows=399,589  triples=38,263,800  (5 ent/s, 348 triples/s, errors=26350)
  rows=399,622  triples=38,265,611  (5 ent/s, 348 triples/s, errors=26354)
  rows=399,658  triples=38,267,656  (5 ent/s, 348 triples/s, errors=26381)
  rows=399,692  triples=38,269,779  (5 ent/s, 348 triples/s, errors=26389)
  rows=399,726  triples=38,271,862  (5 ent/s, 348 triples/s, errors=26395)
  rows=399,756  triples=38,273,922  (5 ent/s, 348 triples/s, errors=26397)
  rows=399,789  triples=38,276,037  (5 ent/s, 348 triples/s, errors=26404)
  rows=399,818  triples=38,277,936  (5 ent/s, 348 triples/s, errors=26450)
  rows=399,844  triples=38,280,028  (5 ent/s, 348 triples/s, errors=26457)
  rows=399,880  triples=38,282,101  (5 ent/s, 348 triples/s, errors=26465)
  rows=399,909  triples=38,284,325  (5 ent/s, 348 triples/s, errors=26473)
  rows=399,951  triples=38,286,467  (5 ent/s, 348 triples/s, errors=26481)
  rows=399,961  triples=38,286,467  (5 ent/s, 348 triples/s, errors=26481)
  rows=399,987  triples=38,288,461  (5 ent/s, 348 triples/s, errors=26501)
  rows=400,012  triples=38,290,356  (5 ent/s, 348 triples/s, errors=26506)
  rows=400,045  triples=38,292,475  (5 ent/s, 348 triples/s, errors=26512)
  rows=400,074  triples=38,294,887  (5 ent/s, 348 triples/s, errors=26518)
  rows=400,109  triples=38,296,956  (5 ent/s, 348 triples/s, errors=26518)
  rows=400,139  triples=38,299,076  (5 ent/s, 348 triples/s, errors=26531)
  rows=400,171  triples=38,301,190  (5 ent/s, 348 triples/s, errors=26539)
  rows=400,201  triples=38,302,635  (5 ent/s, 348 triples/s, errors=26541)
  rows=400,241  triples=38,304,664  (5 ent/s, 348 triples/s, errors=26549)
  rows=400,281  triples=38,306,727  (5 ent/s, 348 triples/s, errors=26552)
  rows=400,327  triples=38,308,789  (5 ent/s, 348 triples/s, errors=26558)
  rows=400,355  triples=38,310,855  (5 ent/s, 348 triples/s, errors=26567)
  rows=400,388  triples=38,313,048  (5 ent/s, 348 triples/s, errors=26570)
  rows=400,419  triples=38,314,674  (5 ent/s, 348 triples/s, errors=26570)
  rows=400,455  triples=38,316,695  (5 ent/s, 348 triples/s, errors=26573)
  rows=400,490  triples=38,318,734  (5 ent/s, 348 triples/s, errors=26578)
  rows=400,530  triples=38,320,773  (5 ent/s, 348 triples/s, errors=26584)
  rows=400,569  triples=38,322,887  (5 ent/s, 348 triples/s, errors=26589)
  rows=400,601  triples=38,324,840  (5 ent/s, 348 triples/s, errors=26635)
  rows=400,644  triples=38,326,929  (5 ent/s, 348 triples/s, errors=26637)
  rows=400,681  triples=38,329,058  (5 ent/s, 348 triples/s, errors=26638)
  rows=400,721  triples=38,331,148  (5 ent/s, 348 triples/s, errors=26645)
  rows=400,758  triples=38,333,292  (5 ent/s, 348 triples/s, errors=26671)
  rows=400,801  triples=38,335,306  (5 ent/s, 348 triples/s, errors=26677)
  rows=400,829  triples=38,337,575  (5 ent/s, 348 triples/s, errors=26769)
  rows=400,861  triples=38,339,923  (5 ent/s, 348 triples/s, errors=26776)
  rows=400,894  triples=38,342,036  (5 ent/s, 348 triples/s, errors=26777)
  rows=400,922  triples=38,344,221  (5 ent/s, 348 triples/s, errors=26795)
  rows=400,956  triples=38,346,241  (5 ent/s, 348 triples/s, errors=26805)
  rows=400,983  triples=38,348,337  (5 ent/s, 348 triples/s, errors=26820)
  rows=401,001  triples=38,349,638  (5 ent/s, 348 triples/s, errors=26823)
  rows=401,028  triples=38,351,681  (5 ent/s, 348 triples/s, errors=26823)
  rows=401,066  triples=38,353,771  (5 ent/s, 348 triples/s, errors=26824)
  rows=401,100  triples=38,355,906  (5 ent/s, 348 triples/s, errors=26826)
  rows=401,129  triples=38,358,090  (5 ent/s, 348 triples/s, errors=26840)
  rows=401,169  triples=38,360,209  (5 ent/s, 348 triples/s, errors=26842)
  rows=401,201  triples=38,361,459  (5 ent/s, 348 triples/s, errors=26845)
  rows=401,238  triples=38,363,634  (5 ent/s, 348 triples/s, errors=26851)
  rows=401,273  triples=38,365,721  (5 ent/s, 348 triples/s, errors=26852)
  rows=401,303  triples=38,367,744  (5 ent/s, 348 triples/s, errors=26874)
  rows=401,341  triples=38,369,848  (5 ent/s, 348 triples/s, errors=26877)
  rows=401,376  triples=38,371,938  (5 ent/s, 348 triples/s, errors=26881)
  rows=401,401  triples=38,373,030  (5 ent/s, 348 triples/s, errors=26882)
  rows=401,436  triples=38,375,070  (5 ent/s, 348 triples/s, errors=26883)
  rows=401,471  triples=38,377,129  (5 ent/s, 348 triples/s, errors=26886)
  rows=401,499  triples=38,379,184  (5 ent/s, 348 triples/s, errors=26934)
  rows=401,527  triples=38,381,313  (5 ent/s, 348 triples/s, errors=26950)
  rows=401,562  triples=38,383,332  (5 ent/s, 348 triples/s, errors=26950)
  rows=401,590  triples=38,385,485  (5 ent/s, 348 triples/s, errors=26952)
  rows=401,623  triples=38,387,320  (5 ent/s, 348 triples/s, errors=26952)
  rows=401,657  triples=38,389,462  (5 ent/s, 348 triples/s, errors=26961)
  rows=401,698  triples=38,391,541  (5 ent/s, 348 triples/s, errors=26962)
  rows=401,731  triples=38,393,613  (5 ent/s, 348 triples/s, errors=26971)
  rows=401,760  triples=38,395,683  (5 ent/s, 348 triples/s, errors=26977)
  rows=401,779  triples=38,396,787  (5 ent/s, 347 triples/s, errors=26982)
  rows=401,809  triples=38,397,840  (5 ent/s, 347 triples/s, errors=26982)
  rows=401,829  triples=38,400,013  (5 ent/s, 347 triples/s, errors=27014)
  rows=401,857  triples=38,402,041  (5 ent/s, 347 triples/s, errors=27016)
  rows=401,897  triples=38,404,105  (5 ent/s, 347 triples/s, errors=27031)
  rows=401,934  triples=38,406,531  (5 ent/s, 347 triples/s, errors=27127)
  rows=401,967  triples=38,408,629  (5 ent/s, 347 triples/s, errors=27135)
  rows=402,000  triples=38,410,710  (5 ent/s, 347 triples/s, errors=27143)
  rows=402,044  triples=38,412,810  (5 ent/s, 347 triples/s, errors=27151)
  rows=402,074  triples=38,414,861  (5 ent/s, 347 triples/s, errors=27155)
  rows=402,103  triples=38,416,991  (5 ent/s, 347 triples/s, errors=27156)
  rows=402,142  triples=38,419,250  (5 ent/s, 347 triples/s, errors=27165)
  rows=402,177  triples=38,421,347  (5 ent/s, 347 triples/s, errors=27168)
  rows=402,201  triples=38,423,021  (5 ent/s, 347 triples/s, errors=27190)
  rows=402,231  triples=38,425,222  (5 ent/s, 347 triples/s, errors=27200)
  rows=402,259  triples=38,427,245  (5 ent/s, 347 triples/s, errors=27258)
  rows=402,292  triples=38,429,364  (5 ent/s, 347 triples/s, errors=27264)
  rows=402,326  triples=38,431,388  (5 ent/s, 347 triples/s, errors=27266)
  rows=402,368  triples=38,433,548  (5 ent/s, 347 triples/s, errors=27272)
  rows=402,401  triples=38,435,472  (5 ent/s, 347 triples/s, errors=27274)
  rows=402,440  triples=38,437,494  (5 ent/s, 347 triples/s, errors=27284)
  rows=402,473  triples=38,439,601  (5 ent/s, 347 triples/s, errors=27286)
  rows=402,504  triples=38,441,714  (5 ent/s, 347 triples/s, errors=27289)
  rows=402,535  triples=38,443,724  (5 ent/s, 347 triples/s, errors=27296)
  rows=402,568  triples=38,445,779  (5 ent/s, 347 triples/s, errors=27441)
  rows=402,598  triples=38,447,837  (5 ent/s, 347 triples/s, errors=27444)
  rows=402,651  triples=38,450,075  (5 ent/s, 347 triples/s, errors=27446)
  rows=402,685  triples=38,452,122  (5 ent/s, 347 triples/s, errors=27461)
  rows=402,725  triples=38,454,177  (5 ent/s, 347 triples/s, errors=27475)
  rows=402,757  triples=38,456,212  (5 ent/s, 347 triples/s, errors=27484)
  rows=402,786  triples=38,458,327  (5 ent/s, 347 triples/s, errors=27492)
  rows=402,819  triples=38,460,223  (5 ent/s, 347 triples/s, errors=27495)
  rows=402,864  triples=38,462,255  (5 ent/s, 347 triples/s, errors=27496)
  rows=402,906  triples=38,464,409  (5 ent/s, 347 triples/s, errors=27497)
  rows=402,951  triples=38,466,603  (5 ent/s, 347 triples/s, errors=27503)
  rows=402,987  triples=38,468,681  (5 ent/s, 347 triples/s, errors=27541)
  rows=403,024  triples=38,470,566  (5 ent/s, 347 triples/s, errors=27552)
  rows=403,067  triples=38,472,597  (5 ent/s, 347 triples/s, errors=27564)
  rows=403,092  triples=38,474,616  (5 ent/s, 347 triples/s, errors=27647)
  rows=403,117  triples=38,476,647  (5 ent/s, 347 triples/s, errors=27688)
  rows=403,158  triples=38,478,773  (5 ent/s, 347 triples/s, errors=27691)
  rows=403,201  triples=38,480,664  (5 ent/s, 347 triples/s, errors=27694)
  rows=403,240  triples=38,482,849  (5 ent/s, 347 triples/s, errors=27700)
  rows=403,281  triples=38,485,029  (5 ent/s, 348 triples/s, errors=27702)
  rows=403,307  triples=38,487,036  (5 ent/s, 348 triples/s, errors=27729)
  rows=403,348  triples=38,489,127  (5 ent/s, 348 triples/s, errors=27743)
  rows=403,381  triples=38,491,186  (5 ent/s, 348 triples/s, errors=27745)
  rows=403,410  triples=38,493,040  (5 ent/s, 348 triples/s, errors=27752)
  rows=403,451  triples=38,495,156  (5 ent/s, 348 triples/s, errors=27757)
  rows=403,487  triples=38,497,174  (5 ent/s, 348 triples/s, errors=27769)
  rows=403,517  triples=38,499,235  (5 ent/s, 348 triples/s, errors=27778)
  rows=403,555  triples=38,501,313  (5 ent/s, 348 triples/s, errors=27778)
  rows=403,591  triples=38,503,377  (5 ent/s, 348 triples/s, errors=27785)
  rows=403,597  triples=38,503,377  (5 ent/s, 347 triples/s, errors=27785)
  rows=403,617  triples=38,505,033  (5 ent/s, 347 triples/s, errors=27787)
  rows=403,657  triples=38,507,097  (5 ent/s, 347 triples/s, errors=27794)
  rows=403,692  triples=38,509,097  (5 ent/s, 347 triples/s, errors=27801)
  rows=403,725  triples=38,511,185  (5 ent/s, 347 triples/s, errors=27809)
  rows=403,770  triples=38,513,245  (5 ent/s, 347 triples/s, errors=27810)
  rows=403,801  triples=38,514,783  (5 ent/s, 347 triples/s, errors=27812)
  rows=403,828  triples=38,516,866  (5 ent/s, 347 triples/s, errors=27815)
  rows=403,855  triples=38,518,923  (5 ent/s, 347 triples/s, errors=27822)
  rows=403,887  triples=38,520,992  (5 ent/s, 347 triples/s, errors=27825)
  rows=403,927  triples=38,523,216  (5 ent/s, 347 triples/s, errors=27861)
  rows=403,960  triples=38,525,269  (5 ent/s, 347 triples/s, errors=27861)
  rows=404,001  triples=38,527,297  (5 ent/s, 347 triples/s, errors=27863)
  rows=404,041  triples=38,529,437  (5 ent/s, 347 triples/s, errors=27863)
  rows=404,085  triples=38,531,522  (5 ent/s, 347 triples/s, errors=27874)
  rows=404,115  triples=38,533,581  (5 ent/s, 347 triples/s, errors=27893)
  rows=404,135  triples=38,535,657  (5 ent/s, 347 triples/s, errors=27896)
  rows=404,171  triples=38,537,794  (5 ent/s, 347 triples/s, errors=27899)
  rows=404,197  triples=38,539,876  (5 ent/s, 347 triples/s, errors=27900)
  rows=404,214  triples=38,541,150  (5 ent/s, 347 triples/s, errors=27904)
  rows=404,243  triples=38,543,410  (5 ent/s, 347 triples/s, errors=27904)
  rows=404,284  triples=38,545,446  (5 ent/s, 347 triples/s, errors=27911)
  rows=404,318  triples=38,547,497  (5 ent/s, 347 triples/s, errors=27937)
  rows=404,355  triples=38,549,513  (5 ent/s, 347 triples/s, errors=27943)
  rows=404,383  triples=38,551,651  (5 ent/s, 347 triples/s, errors=27960)
  rows=404,401  triples=38,553,039  (5 ent/s, 347 triples/s, errors=27961)
  rows=404,431  triples=38,555,135  (5 ent/s, 347 triples/s, errors=27977)
  rows=404,458  triples=38,557,184  (5 ent/s, 347 triples/s, errors=27977)
  rows=404,478  triples=38,559,269  (5 ent/s, 347 triples/s, errors=27995)
  rows=404,516  triples=38,561,568  (5 ent/s, 347 triples/s, errors=28005)
  rows=404,550  triples=38,563,638  (5 ent/s, 347 triples/s, errors=28009)
  rows=404,592  triples=38,565,648  (5 ent/s, 347 triples/s, errors=28010)
  rows=404,621  triples=38,567,044  (5 ent/s, 347 triples/s, errors=28015)
  rows=404,649  triples=38,569,138  (5 ent/s, 347 triples/s, errors=28025)
  rows=404,684  triples=38,571,230  (5 ent/s, 347 triples/s, errors=28027)
  rows=404,724  triples=38,573,320  (5 ent/s, 347 triples/s, errors=28031)
  rows=404,759  triples=38,575,461  (5 ent/s, 347 triples/s, errors=28036)
  rows=404,779  triples=38,577,612  (5 ent/s, 347 triples/s, errors=28074)
  rows=404,801  triples=38,579,064  (5 ent/s, 347 triples/s, errors=28094)
  rows=404,827  triples=38,581,116  (5 ent/s, 347 triples/s, errors=28101)
  rows=404,857  triples=38,583,194  (5 ent/s, 347 triples/s, errors=28102)
  rows=404,894  triples=38,585,308  (5 ent/s, 347 triples/s, errors=28106)
  rows=404,926  triples=38,587,431  (5 ent/s, 347 triples/s, errors=28110)
  rows=404,955  triples=38,589,520  (5 ent/s, 347 triples/s, errors=28110)
  rows=404,988  triples=38,591,531  (5 ent/s, 347 triples/s, errors=28127)
  rows=405,020  triples=38,593,298  (5 ent/s, 347 triples/s, errors=28132)
  rows=405,058  triples=38,595,358  (5 ent/s, 347 triples/s, errors=28139)
  rows=405,078  triples=38,597,431  (5 ent/s, 347 triples/s, errors=28154)
  rows=405,100  triples=38,599,783  (5 ent/s, 347 triples/s, errors=28157)
  rows=405,130  triples=38,601,829  (5 ent/s, 347 triples/s, errors=28163)
  rows=405,155  triples=38,604,122  (5 ent/s, 347 triples/s, errors=28164)
  rows=405,184  triples=38,606,275  (5 ent/s, 347 triples/s, errors=28209)
  rows=405,210  triples=38,608,273  (5 ent/s, 348 triples/s, errors=28209)
  rows=405,242  triples=38,610,472  (5 ent/s, 348 triples/s, errors=28254)
  rows=405,265  triples=38,613,000  (5 ent/s, 348 triples/s, errors=28257)
  rows=405,286  triples=38,615,200  (5 ent/s, 348 triples/s, errors=28260)
  rows=405,303  triples=38,617,194  (5 ent/s, 348 triples/s, errors=28273)
  rows=405,328  triples=38,619,312  (5 ent/s, 348 triples/s, errors=28276)
  rows=405,356  triples=38,621,371  (5 ent/s, 348 triples/s, errors=28295)
  rows=405,388  triples=38,623,524  (5 ent/s, 348 triples/s, errors=28305)
  rows=405,415  triples=38,624,332  (5 ent/s, 347 triples/s, errors=28305)
  rows=405,434  triples=38,626,472  (5 ent/s, 347 triples/s, errors=28306)
  rows=405,459  triples=38,628,774  (5 ent/s, 347 triples/s, errors=28310)
  rows=405,497  triples=38,631,026  (5 ent/s, 347 triples/s, errors=28315)
  rows=405,529  triples=38,633,124  (5 ent/s, 347 triples/s, errors=28320)
  rows=405,571  triples=38,635,232  (5 ent/s, 347 triples/s, errors=28320)
  rows=405,600  triples=38,637,434  (5 ent/s, 347 triples/s, errors=28449)
  rows=405,643  triples=38,639,465  (5 ent/s, 347 triples/s, errors=28449)
  rows=405,685  triples=38,641,561  (5 ent/s, 347 triples/s, errors=28450)
  rows=405,730  triples=38,644,064  (5 ent/s, 347 triples/s, errors=28562)
  rows=405,762  triples=38,646,117  (5 ent/s, 347 triples/s, errors=28567)
  rows=405,801  triples=38,647,782  (5 ent/s, 347 triples/s, errors=28573)
  rows=405,834  triples=38,649,905  (5 ent/s, 347 triples/s, errors=28581)
  rows=405,868  triples=38,651,936  (5 ent/s, 347 triples/s, errors=28585)
  rows=405,918  triples=38,653,957  (5 ent/s, 347 triples/s, errors=28589)
  rows=405,959  triples=38,656,099  (5 ent/s, 348 triples/s, errors=28592)
  rows=406,001  triples=38,657,993  (5 ent/s, 348 triples/s, errors=28599)
  rows=406,039  triples=38,660,124  (5 ent/s, 348 triples/s, errors=28605)
  rows=406,081  triples=38,662,158  (5 ent/s, 348 triples/s, errors=28605)
  rows=406,121  triples=38,664,182  (5 ent/s, 348 triples/s, errors=28607)
  rows=406,162  triples=38,666,207  (5 ent/s, 348 triples/s, errors=28610)
  rows=406,193  triples=38,668,340  (5 ent/s, 348 triples/s, errors=28627)
  rows=406,236  triples=38,670,791  (5 ent/s, 348 triples/s, errors=28653)
  rows=406,268  triples=38,672,942  (5 ent/s, 348 triples/s, errors=28653)
  rows=406,305  triples=38,675,021  (5 ent/s, 348 triples/s, errors=28659)
  rows=406,340  triples=38,677,094  (5 ent/s, 348 triples/s, errors=28663)
  rows=406,386  triples=38,679,196  (5 ent/s, 348 triples/s, errors=28664)
  rows=406,421  triples=38,681,387  (5 ent/s, 348 triples/s, errors=28674)
  rows=406,450  triples=38,683,411  (5 ent/s, 348 triples/s, errors=28710)
  rows=406,493  triples=38,685,444  (5 ent/s, 348 triples/s, errors=28717)
  rows=406,526  triples=38,687,497  (5 ent/s, 348 triples/s, errors=28726)
  rows=406,563  triples=38,689,552  (5 ent/s, 348 triples/s, errors=28731)
  rows=406,591  triples=38,691,707  (5 ent/s, 348 triples/s, errors=28733)
  rows=406,617  triples=38,693,256  (5 ent/s, 348 triples/s, errors=28739)
  rows=406,671  triples=38,695,312  (5 ent/s, 348 triples/s, errors=28741)
  rows=406,713  triples=38,697,322  (5 ent/s, 348 triples/s, errors=28746)
  rows=406,755  triples=38,699,370  (5 ent/s, 348 triples/s, errors=28761)
  rows=406,798  triples=38,701,667  (5 ent/s, 348 triples/s, errors=28768)
  rows=406,836  triples=38,703,891  (5 ent/s, 348 triples/s, errors=28771)
  rows=406,873  triples=38,706,074  (5 ent/s, 348 triples/s, errors=28781)
  rows=406,903  triples=38,708,092  (5 ent/s, 348 triples/s, errors=28796)
  rows=406,938  triples=38,710,202  (5 ent/s, 348 triples/s, errors=28805)
  rows=406,981  triples=38,712,274  (5 ent/s, 348 triples/s, errors=28831)
  rows=407,019  triples=38,714,648  (5 ent/s, 348 triples/s, errors=28832)
  rows=407,059  triples=38,716,822  (5 ent/s, 348 triples/s, errors=28842)
  rows=407,087  triples=38,718,990  (5 ent/s, 348 triples/s, errors=28848)
  rows=407,122  triples=38,721,002  (5 ent/s, 348 triples/s, errors=28850)
  rows=407,152  triples=38,723,130  (5 ent/s, 348 triples/s, errors=28857)
  rows=407,195  triples=38,725,209  (5 ent/s, 348 triples/s, errors=28862)
  rows=407,233  triples=38,726,563  (5 ent/s, 347 triples/s, errors=28862)
  rows=407,249  triples=38,728,642  (5 ent/s, 347 triples/s, errors=28882)
  rows=407,278  triples=38,730,707  (5 ent/s, 347 triples/s, errors=28884)
  rows=407,298  triples=38,732,881  (5 ent/s, 347 triples/s, errors=28884)
  rows=407,328  triples=38,735,046  (5 ent/s, 347 triples/s, errors=28888)
  rows=407,355  triples=38,737,130  (5 ent/s, 347 triples/s, errors=28898)
  rows=407,377  triples=38,739,321  (5 ent/s, 348 triples/s, errors=28910)
  rows=407,400  triples=38,741,374  (5 ent/s, 348 triples/s, errors=28912)
  rows=407,417  triples=38,743,408  (5 ent/s, 348 triples/s, errors=28921)
  rows=407,442  triples=38,745,515  (5 ent/s, 348 triples/s, errors=28923)
  rows=407,465  triples=38,747,888  (5 ent/s, 348 triples/s, errors=28944)
  rows=407,496  triples=38,750,008  (5 ent/s, 348 triples/s, errors=28946)
  rows=407,524  triples=38,752,259  (5 ent/s, 348 triples/s, errors=28948)
  rows=407,554  triples=38,754,483  (5 ent/s, 348 triples/s, errors=28951)
  rows=407,581  triples=38,756,728  (5 ent/s, 348 triples/s, errors=28957)
  rows=407,601  triples=38,758,749  (5 ent/s, 348 triples/s, errors=28962)
  rows=407,628  triples=38,760,863  (5 ent/s, 348 triples/s, errors=28970)
  rows=407,645  triples=38,762,992  (5 ent/s, 348 triples/s, errors=28977)
  rows=407,664  triples=38,765,462  (5 ent/s, 348 triples/s, errors=28980)
  rows=407,686  triples=38,767,661  (5 ent/s, 348 triples/s, errors=28980)
  rows=407,709  triples=38,770,907  (5 ent/s, 348 triples/s, errors=29002)
  rows=407,736  triples=38,774,160  (5 ent/s, 348 triples/s, errors=29012)
  rows=407,751  triples=38,776,177  (5 ent/s, 348 triples/s, errors=29014)
  rows=407,773  triples=38,778,198  (5 ent/s, 348 triples/s, errors=29023)
  rows=407,787  triples=38,780,394  (5 ent/s, 348 triples/s, errors=29026)
  rows=407,809  triples=38,782,114  (5 ent/s, 348 triples/s, errors=29027)
  rows=407,828  triples=38,784,212  (5 ent/s, 348 triples/s, errors=29034)
  rows=407,853  triples=38,786,286  (5 ent/s, 348 triples/s, errors=29052)
  rows=407,882  triples=38,788,384  (5 ent/s, 348 triples/s, errors=29052)
  rows=407,907  triples=38,790,675  (5 ent/s, 348 triples/s, errors=29053)
  rows=407,943  triples=38,792,760  (5 ent/s, 348 triples/s, errors=29063)
  rows=407,969  triples=38,794,996  (5 ent/s, 348 triples/s, errors=29066)
  rows=407,995  triples=38,797,131  (5 ent/s, 348 triples/s, errors=29067)
  rows=408,027  triples=38,798,709  (5 ent/s, 348 triples/s, errors=29105)
  rows=408,045  triples=38,800,819  (5 ent/s, 348 triples/s, errors=29105)
  rows=408,076  triples=38,802,915  (5 ent/s, 348 triples/s, errors=29108)
  rows=408,104  triples=38,805,036  (5 ent/s, 348 triples/s, errors=29126)
  rows=408,131  triples=38,807,172  (5 ent/s, 348 triples/s, errors=29133)
  rows=408,163  triples=38,809,218  (5 ent/s, 348 triples/s, errors=29142)
  rows=408,201  triples=38,810,716  (5 ent/s, 348 triples/s, errors=29143)
  rows=408,237  triples=38,812,749  (5 ent/s, 348 triples/s, errors=29151)
  rows=408,267  triples=38,814,767  (5 ent/s, 348 triples/s, errors=29178)
  rows=408,301  triples=38,816,860  (5 ent/s, 348 triples/s, errors=29184)
  rows=408,335  triples=38,819,023  (5 ent/s, 348 triples/s, errors=29188)
  rows=408,380  triples=38,821,058  (5 ent/s, 348 triples/s, errors=29203)
  rows=408,401  triples=38,822,296  (5 ent/s, 348 triples/s, errors=29205)
  rows=408,442  triples=38,824,330  (5 ent/s, 348 triples/s, errors=29207)
  rows=408,481  triples=38,826,410  (5 ent/s, 348 triples/s, errors=29213)
  rows=408,520  triples=38,828,563  (5 ent/s, 348 triples/s, errors=29219)
  rows=408,559  triples=38,830,596  (5 ent/s, 348 triples/s, errors=29222)
  rows=408,595  triples=38,832,609  (5 ent/s, 348 triples/s, errors=29223)
  rows=408,617  triples=38,834,072  (5 ent/s, 348 triples/s, errors=29246)
  rows=408,658  triples=38,836,147  (5 ent/s, 348 triples/s, errors=29247)
  rows=408,696  triples=38,838,218  (5 ent/s, 348 triples/s, errors=29254)
  rows=408,733  triples=38,840,205  (5 ent/s, 348 triples/s, errors=29282)
  rows=408,765  triples=38,842,250  (5 ent/s, 348 triples/s, errors=29283)
  rows=408,801  triples=38,843,845  (5 ent/s, 348 triples/s, errors=29284)
  rows=408,830  triples=38,845,957  (5 ent/s, 348 triples/s, errors=29294)
  rows=408,869  triples=38,848,021  (5 ent/s, 348 triples/s, errors=29298)
  rows=408,907  triples=38,850,178  (5 ent/s, 348 triples/s, errors=29307)
  rows=408,953  triples=38,852,278  (5 ent/s, 348 triples/s, errors=29308)
  rows=408,980  triples=38,854,285  (5 ent/s, 348 triples/s, errors=29319)
  rows=409,009  triples=38,855,977  (5 ent/s, 348 triples/s, errors=29327)
  rows=409,032  triples=38,858,053  (5 ent/s, 348 triples/s, errors=29333)
  rows=409,051  triples=38,859,095  (5 ent/s, 348 triples/s, errors=29339)
  rows=409,074  triples=38,861,100  (5 ent/s, 348 triples/s, errors=29391)
  rows=409,097  triples=38,863,259  (5 ent/s, 348 triples/s, errors=29419)
  rows=409,127  triples=38,865,314  (5 ent/s, 348 triples/s, errors=29423)
  rows=409,158  triples=38,867,371  (5 ent/s, 348 triples/s, errors=29437)
  rows=409,183  triples=38,869,482  (5 ent/s, 348 triples/s, errors=29448)
  rows=409,220  triples=38,871,395  (5 ent/s, 348 triples/s, errors=29455)
  rows=409,259  triples=38,873,452  (5 ent/s, 348 triples/s, errors=29457)
  rows=409,295  triples=38,875,505  (5 ent/s, 348 triples/s, errors=29460)
  rows=409,330  triples=38,877,555  (5 ent/s, 348 triples/s, errors=29461)
  rows=409,365  triples=38,879,718  (5 ent/s, 348 triples/s, errors=29462)
  rows=409,395  triples=38,881,996  (5 ent/s, 348 triples/s, errors=29486)
  rows=409,441  triples=38,884,709  (5 ent/s, 348 triples/s, errors=29507)
  rows=409,479  triples=38,886,889  (5 ent/s, 348 triples/s, errors=29520)
  rows=409,512  triples=38,888,955  (5 ent/s, 348 triples/s, errors=29524)
  rows=409,563  triples=38,891,093  (5 ent/s, 348 triples/s, errors=29528)
  rows=409,598  triples=38,893,555  (5 ent/s, 348 triples/s, errors=29545)
  rows=409,629  triples=38,895,813  (5 ent/s, 348 triples/s, errors=29549)
  rows=409,654  triples=38,897,980  (5 ent/s, 348 triples/s, errors=29554)
  rows=409,688  triples=38,900,060  (5 ent/s, 348 triples/s, errors=29557)
  rows=409,709  triples=38,902,134  (5 ent/s, 348 triples/s, errors=29563)
  rows=409,745  triples=38,904,242  (5 ent/s, 348 triples/s, errors=29566)
  rows=409,766  triples=38,906,319  (5 ent/s, 348 triples/s, errors=29572)
  rows=409,794  triples=38,908,575  (5 ent/s, 348 triples/s, errors=29575)
  rows=409,813  triples=38,910,332  (5 ent/s, 348 triples/s, errors=29577)
  rows=409,838  triples=38,912,509  (5 ent/s, 348 triples/s, errors=29578)
  rows=409,868  triples=38,914,681  (5 ent/s, 348 triples/s, errors=29579)
  rows=409,895  triples=38,916,922  (5 ent/s, 348 triples/s, errors=29579)
  rows=409,924  triples=38,919,131  (5 ent/s, 348 triples/s, errors=29588)
  rows=409,953  triples=38,921,151  (5 ent/s, 348 triples/s, errors=29598)
  rows=409,982  triples=38,923,226  (5 ent/s, 348 triples/s, errors=29607)
  rows=410,024  triples=38,925,921  (5 ent/s, 348 triples/s, errors=29612)
  rows=410,052  triples=38,928,122  (5 ent/s, 348 triples/s, errors=29616)
  rows=410,093  triples=38,930,261  (5 ent/s, 348 triples/s, errors=29616)
  rows=410,113  triples=38,932,357  (5 ent/s, 348 triples/s, errors=29617)
  rows=410,150  triples=38,934,441  (5 ent/s, 348 triples/s, errors=29632)
  rows=410,178  triples=38,936,674  (5 ent/s, 349 triples/s, errors=29638)
  rows=410,213  triples=38,939,724  (5 ent/s, 349 triples/s, errors=29652)
  rows=410,265  triples=38,941,756  (5 ent/s, 349 triples/s, errors=29655)
  rows=410,281  triples=38,943,808  (5 ent/s, 349 triples/s, errors=29692)
  rows=410,312  triples=38,947,097  (5 ent/s, 349 triples/s, errors=29717)
  rows=410,339  triples=38,949,132  (5 ent/s, 349 triples/s, errors=29733)
  rows=410,391  triples=38,952,324  (5 ent/s, 349 triples/s, errors=29738)
  rows=410,423  triples=38,955,348  (5 ent/s, 349 triples/s, errors=29739)
  rows=410,466  triples=38,958,578  (5 ent/s, 349 triples/s, errors=29756)
  rows=410,497  triples=38,960,900  (5 ent/s, 349 triples/s, errors=29762)
  rows=410,535  triples=38,963,012  (5 ent/s, 349 triples/s, errors=29786)
  rows=410,561  triples=38,965,024  (5 ent/s, 349 triples/s, errors=29801)
  rows=410,598  triples=38,967,050  (5 ent/s, 349 triples/s, errors=29803)
  rows=410,615  triples=38,968,330  (5 ent/s, 349 triples/s, errors=29806)
  rows=410,649  triples=38,970,463  (5 ent/s, 349 triples/s, errors=29821)
  rows=410,690  triples=38,972,577  (5 ent/s, 349 triples/s, errors=29826)
  rows=410,724  triples=38,974,633  (5 ent/s, 349 triples/s, errors=29832)
  rows=410,768  triples=38,976,919  (5 ent/s, 349 triples/s, errors=29841)
  rows=410,801  triples=38,978,188  (5 ent/s, 349 triples/s, errors=29841)
  rows=410,832  triples=38,980,302  (5 ent/s, 349 triples/s, errors=29955)
  rows=410,869  triples=38,982,298  (5 ent/s, 348 triples/s, errors=29979)
  rows=410,926  triples=38,985,393  (5 ent/s, 348 triples/s, errors=29989)
  rows=410,954  triples=38,987,483  (5 ent/s, 348 triples/s, errors=30034)
  rows=411,024  triples=38,989,909  (5 ent/s, 348 triples/s, errors=30040)
  rows=411,067  triples=38,991,930  (5 ent/s, 348 triples/s, errors=30054)
  rows=411,123  triples=38,993,969  (5 ent/s, 348 triples/s, errors=30061)
  rows=411,167  triples=38,995,988  (5 ent/s, 348 triples/s, errors=30062)
  rows=411,201  triples=38,997,609  (5 ent/s, 348 triples/s, errors=30064)
  rows=411,235  triples=38,999,623  (5 ent/s, 348 triples/s, errors=30093)
  rows=411,277  triples=39,001,661  (5 ent/s, 348 triples/s, errors=30121)
  rows=411,314  triples=39,003,760  (5 ent/s, 348 triples/s, errors=30124)
  rows=411,357  triples=39,005,804  (5 ent/s, 348 triples/s, errors=30140)
  rows=411,394  triples=39,007,953  (5 ent/s, 348 triples/s, errors=30145)
  rows=411,438  triples=39,010,362  (5 ent/s, 348 triples/s, errors=30156)
  rows=411,474  triples=39,012,497  (5 ent/s, 348 triples/s, errors=30164)
  rows=411,519  triples=39,014,629  (5 ent/s, 348 triples/s, errors=30166)
  rows=411,566  triples=39,016,720  (5 ent/s, 348 triples/s, errors=30168)
  rows=411,601  triples=39,018,192  (5 ent/s, 348 triples/s, errors=30171)
  rows=411,639  triples=39,020,189  (5 ent/s, 348 triples/s, errors=30174)
  rows=411,673  triples=39,022,218  (5 ent/s, 348 triples/s, errors=30180)
  rows=411,708  triples=39,024,353  (5 ent/s, 348 triples/s, errors=30204)
  rows=411,739  triples=39,026,359  (5 ent/s, 348 triples/s, errors=30215)
  rows=411,768  triples=39,028,553  (5 ent/s, 349 triples/s, errors=30240)
  rows=411,801  triples=39,030,514  (5 ent/s, 349 triples/s, errors=30260)
  rows=411,828  triples=39,032,534  (5 ent/s, 349 triples/s, errors=30264)
  rows=411,859  triples=39,034,550  (5 ent/s, 349 triples/s, errors=30273)
  rows=411,898  triples=39,036,591  (5 ent/s, 349 triples/s, errors=30275)
  rows=411,930  triples=39,038,592  (5 ent/s, 349 triples/s, errors=30282)
  rows=411,956  triples=39,040,609  (5 ent/s, 349 triples/s, errors=30294)
  rows=412,000  triples=39,043,804  (5 ent/s, 349 triples/s, errors=30304)
  rows=412,027  triples=39,046,122  (5 ent/s, 349 triples/s, errors=30316)
  rows=412,065  triples=39,048,215  (5 ent/s, 349 triples/s, errors=30317)
  rows=412,089  triples=39,050,351  (5 ent/s, 349 triples/s, errors=30324)
  rows=412,122  triples=39,052,718  (5 ent/s, 349 triples/s, errors=30431)
  rows=412,156  triples=39,054,739  (5 ent/s, 349 triples/s, errors=30451)
  rows=412,186  triples=39,056,918  (5 ent/s, 349 triples/s, errors=30456)
  rows=412,238  triples=39,059,608  (5 ent/s, 349 triples/s, errors=30468)
  rows=412,277  triples=39,061,756  (5 ent/s, 349 triples/s, errors=30469)
  rows=412,293  triples=39,064,017  (5 ent/s, 349 triples/s, errors=30475)
  rows=412,330  triples=39,067,380  (5 ent/s, 349 triples/s, errors=30480)
  rows=412,371  triples=39,069,425  (5 ent/s, 349 triples/s, errors=30480)
  rows=412,386  triples=39,071,636  (5 ent/s, 349 triples/s, errors=30488)
  rows=412,408  triples=39,073,689  (5 ent/s, 349 triples/s, errors=30495)
  rows=412,441  triples=39,075,697  (5 ent/s, 349 triples/s, errors=30499)
  rows=412,473  triples=39,078,920  (5 ent/s, 349 triples/s, errors=30510)
  rows=412,493  triples=39,081,116  (5 ent/s, 349 triples/s, errors=30524)
  rows=412,523  triples=39,083,397  (5 ent/s, 349 triples/s, errors=30527)
  rows=412,554  triples=39,085,487  (5 ent/s, 349 triples/s, errors=30538)
  rows=412,601  triples=39,088,353  (5 ent/s, 349 triples/s, errors=30549)
  rows=412,631  triples=39,090,652  (5 ent/s, 349 triples/s, errors=30549)
  rows=412,660  triples=39,092,876  (5 ent/s, 349 triples/s, errors=30558)
  rows=412,687  triples=39,094,935  (5 ent/s, 349 triples/s, errors=30559)
  rows=412,728  triples=39,097,380  (5 ent/s, 349 triples/s, errors=30559)
  rows=412,763  triples=39,099,429  (5 ent/s, 349 triples/s, errors=30561)
  rows=412,799  triples=39,101,449  (5 ent/s, 349 triples/s, errors=30566)
  rows=412,829  triples=39,103,499  (5 ent/s, 349 triples/s, errors=30579)
  rows=412,865  triples=39,105,557  (5 ent/s, 349 triples/s, errors=30583)
  rows=412,899  triples=39,107,670  (5 ent/s, 349 triples/s, errors=30591)
  rows=412,941  triples=39,109,691  (5 ent/s, 349 triples/s, errors=30593)
  rows=412,972  triples=39,111,741  (5 ent/s, 349 triples/s, errors=30596)
  rows=413,020  triples=39,114,659  (5 ent/s, 349 triples/s, errors=30627)
  rows=413,052  triples=39,116,769  (5 ent/s, 349 triples/s, errors=30633)
  rows=413,088  triples=39,118,793  (5 ent/s, 349 triples/s, errors=30640)
  rows=413,133  triples=39,120,827  (5 ent/s, 349 triples/s, errors=30640)
  rows=413,171  triples=39,122,958  (5 ent/s, 349 triples/s, errors=30640)
  rows=413,216  triples=39,125,514  (5 ent/s, 349 triples/s, errors=30659)
  rows=413,259  triples=39,127,542  (5 ent/s, 349 triples/s, errors=30663)
  rows=413,284  triples=39,129,657  (5 ent/s, 349 triples/s, errors=30672)
  rows=413,331  triples=39,131,738  (5 ent/s, 349 triples/s, errors=30676)
  rows=413,377  triples=39,133,862  (5 ent/s, 349 triples/s, errors=30684)
  rows=413,421  triples=39,136,155  (5 ent/s, 349 triples/s, errors=30684)
  rows=413,476  triples=39,139,193  (5 ent/s, 349 triples/s, errors=30697)
  rows=413,509  triples=39,141,391  (5 ent/s, 349 triples/s, errors=30700)
  rows=413,545  triples=39,143,437  (5 ent/s, 349 triples/s, errors=30706)
  rows=413,588  triples=39,145,491  (5 ent/s, 349 triples/s, errors=30711)
  rows=413,620  triples=39,147,170  (5 ent/s, 349 triples/s, errors=30728)
  rows=413,650  triples=39,149,437  (5 ent/s, 349 triples/s, errors=30769)
  rows=413,687  triples=39,151,566  (5 ent/s, 349 triples/s, errors=30777)
  rows=413,723  triples=39,153,623  (5 ent/s, 349 triples/s, errors=30783)
  rows=413,762  triples=39,155,820  (5 ent/s, 349 triples/s, errors=30784)
  rows=413,818  triples=39,158,185  (5 ent/s, 349 triples/s, errors=30793)
  rows=413,858  triples=39,160,297  (5 ent/s, 349 triples/s, errors=30799)
  rows=413,898  triples=39,162,393  (5 ent/s, 349 triples/s, errors=30799)
  rows=413,934  triples=39,164,828  (5 ent/s, 349 triples/s, errors=30986)
  rows=413,977  triples=39,166,886  (5 ent/s, 349 triples/s, errors=30995)
  rows=414,021  triples=39,168,985  (5 ent/s, 349 triples/s, errors=31014)
  rows=414,051  triples=39,171,101  (5 ent/s, 349 triples/s, errors=31015)
  rows=414,100  triples=39,173,305  (5 ent/s, 349 triples/s, errors=31018)
  rows=414,134  triples=39,175,459  (5 ent/s, 349 triples/s, errors=31034)
  rows=414,168  triples=39,177,651  (5 ent/s, 349 triples/s, errors=31039)
  rows=414,193  triples=39,179,867  (5 ent/s, 349 triples/s, errors=31042)
  rows=414,226  triples=39,182,123  (5 ent/s, 349 triples/s, errors=31071)
  rows=414,263  triples=39,184,254  (5 ent/s, 349 triples/s, errors=31102)
  rows=414,312  triples=39,186,382  (5 ent/s, 349 triples/s, errors=31103)
  rows=414,337  triples=39,188,380  (5 ent/s, 349 triples/s, errors=31269)
  rows=414,386  triples=39,190,549  (5 ent/s, 349 triples/s, errors=31291)
  rows=414,412  triples=39,192,488  (5 ent/s, 349 triples/s, errors=31293)
  rows=414,438  triples=39,194,591  (5 ent/s, 349 triples/s, errors=31313)
  rows=414,463  triples=39,196,646  (5 ent/s, 349 triples/s, errors=31320)
  rows=414,496  triples=39,198,757  (5 ent/s, 349 triples/s, errors=31324)
  rows=414,505  triples=39,198,757  (5 ent/s, 349 triples/s, errors=31324)
  rows=414,533  triples=39,200,747  (5 ent/s, 349 triples/s, errors=31354)
  rows=414,576  triples=39,202,783  (5 ent/s, 349 triples/s, errors=31375)
  rows=414,617  triples=39,205,097  (5 ent/s, 349 triples/s, errors=31378)
  rows=414,654  triples=39,207,185  (5 ent/s, 349 triples/s, errors=31385)
  rows=414,685  triples=39,209,353  (5 ent/s, 349 triples/s, errors=31402)
  rows=414,721  triples=39,211,387  (5 ent/s, 349 triples/s, errors=31411)
  rows=414,763  triples=39,213,517  (5 ent/s, 349 triples/s, errors=31411)
  rows=414,799  triples=39,215,617  (5 ent/s, 349 triples/s, errors=31422)
  rows=414,840  triples=39,217,688  (5 ent/s, 349 triples/s, errors=31438)
  rows=414,881  triples=39,219,883  (5 ent/s, 349 triples/s, errors=31443)
  rows=414,913  triples=39,222,045  (5 ent/s, 349 triples/s, errors=31449)
  rows=414,949  triples=39,224,278  (5 ent/s, 349 triples/s, errors=31451)
  rows=414,983  triples=39,226,320  (5 ent/s, 349 triples/s, errors=31455)
  rows=415,021  triples=39,228,493  (5 ent/s, 349 triples/s, errors=31455)
  rows=415,055  triples=39,230,606  (5 ent/s, 349 triples/s, errors=31458)
  rows=415,089  triples=39,232,764  (5 ent/s, 349 triples/s, errors=31473)
  rows=415,131  triples=39,234,804  (5 ent/s, 349 triples/s, errors=31474)
  rows=415,170  triples=39,236,958  (5 ent/s, 349 triples/s, errors=31474)
  rows=415,223  triples=39,239,576  (5 ent/s, 349 triples/s, errors=31474)
  rows=415,263  triples=39,241,764  (5 ent/s, 349 triples/s, errors=31476)
  rows=415,307  triples=39,243,832  (5 ent/s, 349 triples/s, errors=31483)
  rows=415,344  triples=39,245,873  (5 ent/s, 349 triples/s, errors=31483)
  rows=415,384  triples=39,247,919  (5 ent/s, 349 triples/s, errors=31483)
  rows=415,424  triples=39,249,918  (5 ent/s, 349 triples/s, errors=31485)
  rows=415,463  triples=39,252,040  (5 ent/s, 349 triples/s, errors=31491)
  rows=415,499  triples=39,254,178  (5 ent/s, 349 triples/s, errors=31493)
  rows=415,540  triples=39,256,262  (5 ent/s, 349 triples/s, errors=31494)
  rows=415,580  triples=39,258,169  (5 ent/s, 349 triples/s, errors=31595)
  rows=415,626  triples=39,260,502  (5 ent/s, 349 triples/s, errors=31598)
  rows=415,667  triples=39,262,514  (5 ent/s, 349 triples/s, errors=31599)
  rows=415,707  triples=39,264,619  (5 ent/s, 349 triples/s, errors=31601)
  rows=415,740  triples=39,266,629  (5 ent/s, 349 triples/s, errors=31603)
  rows=415,785  triples=39,268,769  (5 ent/s, 349 triples/s, errors=31624)
  rows=415,843  triples=39,271,476  (5 ent/s, 349 triples/s, errors=31630)
  rows=415,902  triples=39,274,716  (5 ent/s, 349 triples/s, errors=31632)
  rows=415,941  triples=39,276,798  (5 ent/s, 349 triples/s, errors=31634)
  rows=415,987  triples=39,278,997  (5 ent/s, 350 triples/s, errors=31637)
  rows=416,027  triples=39,280,541  (5 ent/s, 349 triples/s, errors=31641)
  rows=416,070  triples=39,282,656  (5 ent/s, 349 triples/s, errors=31643)
  rows=416,108  triples=39,284,761  (5 ent/s, 350 triples/s, errors=31650)
  rows=416,170  triples=39,287,941  (5 ent/s, 350 triples/s, errors=31654)
  rows=416,219  triples=39,290,450  (5 ent/s, 350 triples/s, errors=31655)
  rows=416,263  triples=39,292,480  (5 ent/s, 350 triples/s, errors=31665)
  rows=416,302  triples=39,294,634  (5 ent/s, 350 triples/s, errors=31665)
  rows=416,323  triples=39,294,634  (5 ent/s, 349 triples/s, errors=31665)
  rows=416,342  triples=39,296,711  (5 ent/s, 349 triples/s, errors=31667)
  rows=416,397  triples=39,298,818  (5 ent/s, 349 triples/s, errors=31674)
  rows=416,444  triples=39,301,151  (5 ent/s, 349 triples/s, errors=31689)
  rows=416,477  triples=39,303,296  (5 ent/s, 349 triples/s, errors=31689)
  rows=416,517  triples=39,305,332  (5 ent/s, 349 triples/s, errors=31692)
  rows=416,553  triples=39,307,395  (5 ent/s, 349 triples/s, errors=31712)
  rows=416,583  triples=39,309,497  (5 ent/s, 349 triples/s, errors=31715)
  rows=416,619  triples=39,311,421  (5 ent/s, 349 triples/s, errors=31727)
  rows=416,653  triples=39,313,606  (5 ent/s, 349 triples/s, errors=31734)
  rows=416,685  triples=39,315,796  (5 ent/s, 349 triples/s, errors=31734)
  rows=416,733  triples=39,317,883  (5 ent/s, 349 triples/s, errors=31739)
  rows=416,768  triples=39,321,074  (5 ent/s, 349 triples/s, errors=31746)
  rows=416,788  triples=39,323,366  (5 ent/s, 349 triples/s, errors=31761)
  rows=416,836  triples=39,325,861  (5 ent/s, 349 triples/s, errors=31768)
  rows=416,883  triples=39,329,161  (5 ent/s, 350 triples/s, errors=31770)
  rows=416,912  triples=39,331,189  (5 ent/s, 350 triples/s, errors=31775)
  rows=416,965  triples=39,334,426  (5 ent/s, 350 triples/s, errors=31779)
  rows=417,001  triples=39,336,578  (5 ent/s, 350 triples/s, errors=31781)
  rows=417,025  triples=39,338,728  (5 ent/s, 350 triples/s, errors=32193)
  rows=417,065  triples=39,340,852  (5 ent/s, 350 triples/s, errors=32195)
  rows=417,109  triples=39,344,006  (5 ent/s, 350 triples/s, errors=32207)
  rows=417,155  triples=39,346,063  (5 ent/s, 350 triples/s, errors=32210)
  rows=417,189  triples=39,349,146  (5 ent/s, 350 triples/s, errors=32215)
  rows=417,243  triples=39,351,525  (5 ent/s, 350 triples/s, errors=32219)
  rows=417,283  triples=39,353,870  (5 ent/s, 350 triples/s, errors=32229)
  rows=417,317  triples=39,355,965  (5 ent/s, 350 triples/s, errors=32236)
  rows=417,361  triples=39,359,057  (5 ent/s, 350 triples/s, errors=32243)
  rows=417,418  triples=39,361,649  (5 ent/s, 350 triples/s, errors=32262)
  rows=417,452  triples=39,363,683  (5 ent/s, 350 triples/s, errors=32264)
  rows=417,506  triples=39,367,166  (5 ent/s, 350 triples/s, errors=32273)
  rows=417,555  triples=39,370,278  (5 ent/s, 350 triples/s, errors=32279)
  rows=417,596  triples=39,372,412  (5 ent/s, 350 triples/s, errors=32282)
  rows=417,632  triples=39,375,008  (5 ent/s, 350 triples/s, errors=32287)
  rows=417,688  triples=39,378,226  (5 ent/s, 350 triples/s, errors=32294)
  rows=417,728  triples=39,381,391  (5 ent/s, 350 triples/s, errors=32302)
  rows=417,757  triples=39,383,572  (5 ent/s, 350 triples/s, errors=32307)
  rows=417,801  triples=39,386,073  (5 ent/s, 350 triples/s, errors=32310)
  rows=417,850  triples=39,389,168  (5 ent/s, 350 triples/s, errors=32317)
  rows=417,895  triples=39,391,272  (5 ent/s, 350 triples/s, errors=32323)
  rows=417,919  triples=39,393,430  (5 ent/s, 350 triples/s, errors=32323)
  rows=417,947  triples=39,395,631  (5 ent/s, 350 triples/s, errors=32331)
  rows=417,993  triples=39,398,708  (5 ent/s, 350 triples/s, errors=32331)
  rows=418,033  triples=39,401,189  (5 ent/s, 350 triples/s, errors=32337)
  rows=418,066  triples=39,403,376  (5 ent/s, 350 triples/s, errors=32341)
  rows=418,117  triples=39,406,716  (5 ent/s, 350 triples/s, errors=32343)
  rows=418,141  triples=39,407,765  (5 ent/s, 350 triples/s, errors=32343)
  rows=418,170  triples=39,409,808  (5 ent/s, 350 triples/s, errors=32345)
  rows=418,219  triples=39,412,877  (5 ent/s, 350 triples/s, errors=32345)
  rows=418,261  triples=39,414,996  (5 ent/s, 350 triples/s, errors=32346)
  rows=418,297  triples=39,417,095  (5 ent/s, 350 triples/s, errors=32351)
  rows=418,334  triples=39,419,154  (5 ent/s, 350 triples/s, errors=32352)
  rows=418,373  triples=39,421,352  (5 ent/s, 350 triples/s, errors=32358)
  rows=418,416  triples=39,424,113  (5 ent/s, 350 triples/s, errors=32358)
  rows=418,453  triples=39,426,170  (5 ent/s, 350 triples/s, errors=32364)
  rows=418,490  triples=39,428,293  (5 ent/s, 350 triples/s, errors=32377)
  rows=418,529  triples=39,430,308  (5 ent/s, 350 triples/s, errors=32380)
  rows=418,563  triples=39,432,443  (5 ent/s, 350 triples/s, errors=32381)
  rows=418,622  triples=39,435,174  (5 ent/s, 350 triples/s, errors=32385)
  rows=418,653  triples=39,437,215  (5 ent/s, 350 triples/s, errors=32388)
  rows=418,690  triples=39,439,328  (5 ent/s, 350 triples/s, errors=32391)
  rows=418,733  triples=39,441,518  (5 ent/s, 350 triples/s, errors=32395)
  rows=418,772  triples=39,443,656  (5 ent/s, 350 triples/s, errors=32396)
  rows=418,821  triples=39,446,134  (5 ent/s, 350 triples/s, errors=32401)
  rows=418,854  triples=39,448,194  (5 ent/s, 350 triples/s, errors=32406)
  rows=418,889  triples=39,450,209  (5 ent/s, 350 triples/s, errors=32409)
  rows=418,927  triples=39,452,227  (5 ent/s, 350 triples/s, errors=32421)
  rows=418,973  triples=39,454,274  (5 ent/s, 350 triples/s, errors=32424)
  rows=419,014  triples=39,457,029  (5 ent/s, 350 triples/s, errors=32430)
  rows=419,046  triples=39,459,086  (5 ent/s, 350 triples/s, errors=32436)
  rows=419,072  triples=39,461,154  (5 ent/s, 350 triples/s, errors=32439)
  rows=419,104  triples=39,463,306  (5 ent/s, 350 triples/s, errors=32439)
  rows=419,136  triples=39,465,398  (5 ent/s, 350 triples/s, errors=32442)
  rows=419,168  triples=39,467,467  (5 ent/s, 350 triples/s, errors=32443)
  rows=419,201  triples=39,469,865  (5 ent/s, 350 triples/s, errors=32449)
  rows=419,239  triples=39,472,075  (5 ent/s, 350 triples/s, errors=32450)
  rows=419,260  triples=39,474,123  (5 ent/s, 350 triples/s, errors=32457)
  rows=419,283  triples=39,476,213  (5 ent/s, 350 triples/s, errors=32462)
  rows=419,311  triples=39,478,327  (5 ent/s, 350 triples/s, errors=32471)
  rows=419,350  triples=39,480,442  (5 ent/s, 350 triples/s, errors=32483)
  rows=419,385  triples=39,483,587  (5 ent/s, 350 triples/s, errors=32485)
  rows=419,414  triples=39,485,976  (5 ent/s, 350 triples/s, errors=32488)
  rows=419,452  triples=39,488,036  (5 ent/s, 350 triples/s, errors=32494)
  rows=419,486  triples=39,490,190  (5 ent/s, 350 triples/s, errors=32497)
  rows=419,516  triples=39,492,365  (5 ent/s, 350 triples/s, errors=32499)
  rows=419,554  triples=39,494,499  (5 ent/s, 350 triples/s, errors=32501)
  rows=419,601  triples=39,497,505  (5 ent/s, 350 triples/s, errors=32508)
  rows=419,633  triples=39,499,645  (5 ent/s, 350 triples/s, errors=32511)
  rows=419,664  triples=39,501,691  (5 ent/s, 350 triples/s, errors=32511)
  rows=419,696  triples=39,503,900  (5 ent/s, 351 triples/s, errors=32514)
  rows=419,746  triples=39,506,985  (5 ent/s, 351 triples/s, errors=32516)
  rows=419,785  triples=39,509,038  (5 ent/s, 351 triples/s, errors=32520)
  rows=419,813  triples=39,511,090  (5 ent/s, 351 triples/s, errors=32527)
  rows=419,865  triples=39,514,315  (5 ent/s, 351 triples/s, errors=32544)
  rows=419,905  triples=39,517,562  (5 ent/s, 351 triples/s, errors=32555)
  rows=419,942  triples=39,520,958  (5 ent/s, 351 triples/s, errors=32557)
  rows=419,959  triples=39,522,016  (5 ent/s, 350 triples/s, errors=32566)
  rows=420,001  triples=39,524,633  (5 ent/s, 350 triples/s, errors=32575)
  rows=420,033  triples=39,526,854  (5 ent/s, 350 triples/s, errors=32605)
  rows=420,081  triples=39,530,172  (5 ent/s, 350 triples/s, errors=32615)
  rows=420,129  triples=39,533,190  (5 ent/s, 351 triples/s, errors=32657)
  rows=420,162  triples=39,536,345  (5 ent/s, 351 triples/s, errors=32670)
  rows=420,199  triples=39,539,422  (5 ent/s, 351 triples/s, errors=32672)
  rows=420,234  triples=39,541,563  (5 ent/s, 351 triples/s, errors=32676)
  rows=420,284  triples=39,544,603  (5 ent/s, 351 triples/s, errors=32682)
  rows=420,333  triples=39,547,813  (5 ent/s, 351 triples/s, errors=32683)
  rows=420,379  triples=39,550,907  (5 ent/s, 351 triples/s, errors=32708)
  rows=420,434  triples=39,553,947  (5 ent/s, 351 triples/s, errors=32713)
  rows=420,485  triples=39,556,023  (5 ent/s, 351 triples/s, errors=32713)
  rows=420,523  triples=39,559,121  (5 ent/s, 351 triples/s, errors=32720)
  rows=420,567  triples=39,562,294  (5 ent/s, 351 triples/s, errors=32728)
  rows=420,612  triples=39,565,446  (5 ent/s, 351 triples/s, errors=32730)
  rows=420,657  triples=39,568,535  (5 ent/s, 351 triples/s, errors=32745)
  rows=420,696  triples=39,570,635  (5 ent/s, 351 triples/s, errors=32748)
  rows=420,735  triples=39,572,659  (5 ent/s, 351 triples/s, errors=32762)
  rows=420,759  triples=39,574,811  (5 ent/s, 351 triples/s, errors=32804)
  rows=420,801  triples=39,577,631  (5 ent/s, 351 triples/s, errors=32816)
  rows=420,841  triples=39,580,662  (5 ent/s, 351 triples/s, errors=32829)
  rows=420,894  triples=39,583,732  (5 ent/s, 351 triples/s, errors=32832)
  rows=420,933  triples=39,585,876  (5 ent/s, 351 triples/s, errors=32836)
  rows=420,986  triples=39,588,945  (5 ent/s, 351 triples/s, errors=32837)
  rows=421,013  triples=39,591,206  (5 ent/s, 351 triples/s, errors=32838)
  rows=421,062  triples=39,594,291  (5 ent/s, 351 triples/s, errors=32848)
  rows=421,111  triples=39,597,349  (5 ent/s, 351 triples/s, errors=32856)
  rows=421,172  triples=39,600,512  (5 ent/s, 351 triples/s, errors=32858)
  rows=421,218  triples=39,603,286  (5 ent/s, 351 triples/s, errors=32882)
  rows=421,257  triples=39,605,330  (5 ent/s, 351 triples/s, errors=32884)
  rows=421,300  triples=39,607,372  (5 ent/s, 351 triples/s, errors=32886)
  rows=421,342  triples=39,609,427  (5 ent/s, 351 triples/s, errors=32894)
  rows=421,360  triples=39,611,613  (5 ent/s, 351 triples/s, errors=32917)
  rows=421,395  triples=39,613,741  (5 ent/s, 351 triples/s, errors=32959)
  rows=421,437  triples=39,615,944  (5 ent/s, 351 triples/s, errors=32964)
  rows=421,478  triples=39,618,007  (5 ent/s, 351 triples/s, errors=32969)
  rows=421,507  triples=39,620,091  (5 ent/s, 351 triples/s, errors=32970)
  rows=421,531  triples=39,622,174  (5 ent/s, 351 triples/s, errors=32971)
  rows=421,562  triples=39,624,295  (5 ent/s, 351 triples/s, errors=32989)
  rows=421,592  triples=39,626,350  (5 ent/s, 351 triples/s, errors=33014)
  rows=421,636  triples=39,628,833  (5 ent/s, 351 triples/s, errors=33020)
  rows=421,666  triples=39,630,859  (5 ent/s, 351 triples/s, errors=33021)
  rows=421,715  triples=39,633,964  (5 ent/s, 351 triples/s, errors=33025)
  rows=421,746  triples=39,636,105  (5 ent/s, 351 triples/s, errors=33036)
  rows=421,777  triples=39,638,140  (5 ent/s, 351 triples/s, errors=33038)
  rows=421,801  triples=39,640,622  (5 ent/s, 351 triples/s, errors=33046)
  rows=421,841  triples=39,643,937  (5 ent/s, 351 triples/s, errors=33061)
  rows=421,889  triples=39,647,018  (5 ent/s, 351 triples/s, errors=33069)
  rows=421,938  triples=39,650,160  (5 ent/s, 351 triples/s, errors=33078)
  rows=421,962  triples=39,652,113  (5 ent/s, 351 triples/s, errors=33180)
  rows=422,001  triples=39,654,610  (5 ent/s, 351 triples/s, errors=33180)
  rows=422,045  triples=39,657,775  (5 ent/s, 351 triples/s, errors=33191)
  rows=422,082  triples=39,659,839  (5 ent/s, 351 triples/s, errors=33195)
  rows=422,139  triples=39,663,029  (5 ent/s, 351 triples/s, errors=33198)
  rows=422,173  triples=39,665,192  (5 ent/s, 351 triples/s, errors=33204)
  rows=422,217  triples=39,667,498  (5 ent/s, 351 triples/s, errors=33209)
  rows=422,263  triples=39,670,628  (5 ent/s, 351 triples/s, errors=33212)
  rows=422,297  triples=39,672,794  (5 ent/s, 351 triples/s, errors=33227)
  rows=422,339  triples=39,674,940  (5 ent/s, 351 triples/s, errors=33232)
  rows=422,353  triples=39,677,033  (5 ent/s, 351 triples/s, errors=33243)
  rows=422,397  triples=39,680,178  (5 ent/s, 351 triples/s, errors=33251)
  rows=422,435  triples=39,682,456  (5 ent/s, 351 triples/s, errors=33262)
  rows=422,471  triples=39,685,669  (5 ent/s, 351 triples/s, errors=33264)
  rows=422,508  triples=39,688,837  (5 ent/s, 351 triples/s, errors=33265)
  rows=422,534  triples=39,691,020  (5 ent/s, 351 triples/s, errors=33270)
  rows=422,560  triples=39,693,112  (5 ent/s, 351 triples/s, errors=33281)
  rows=422,597  triples=39,695,182  (5 ent/s, 351 triples/s, errors=33282)
  rows=422,630  triples=39,697,466  (5 ent/s, 351 triples/s, errors=33285)
  rows=422,663  triples=39,699,517  (5 ent/s, 351 triples/s, errors=33288)
  rows=422,701  triples=39,701,538  (5 ent/s, 351 triples/s, errors=33295)
  rows=422,740  triples=39,703,590  (5 ent/s, 351 triples/s, errors=33296)
  rows=422,761  triples=39,705,644  (5 ent/s, 351 triples/s, errors=33315)
  rows=422,798  triples=39,707,695  (5 ent/s, 351 triples/s, errors=33328)
  rows=422,830  triples=39,710,339  (5 ent/s, 351 triples/s, errors=33331)
  rows=422,859  triples=39,712,467  (5 ent/s, 351 triples/s, errors=33331)
  rows=422,892  triples=39,714,524  (5 ent/s, 351 triples/s, errors=33349)
  rows=422,925  triples=39,716,692  (5 ent/s, 351 triples/s, errors=33350)
  rows=422,962  triples=39,718,797  (5 ent/s, 351 triples/s, errors=33354)
  rows=422,993  triples=39,720,912  (5 ent/s, 351 triples/s, errors=33367)
  rows=423,031  triples=39,723,346  (5 ent/s, 351 triples/s, errors=33368)
  rows=423,059  triples=39,725,552  (5 ent/s, 351 triples/s, errors=33373)
  rows=423,090  triples=39,727,705  (5 ent/s, 352 triples/s, errors=33384)
  rows=423,119  triples=39,729,804  (5 ent/s, 352 triples/s, errors=33415)
  rows=423,149  triples=39,731,891  (5 ent/s, 352 triples/s, errors=33419)
  rows=423,182  triples=39,734,001  (5 ent/s, 352 triples/s, errors=33422)
  rows=423,216  triples=39,736,253  (5 ent/s, 352 triples/s, errors=33428)
  rows=423,251  triples=39,738,285  (5 ent/s, 352 triples/s, errors=33433)
  rows=423,288  triples=39,740,368  (5 ent/s, 352 triples/s, errors=33439)
  rows=423,316  triples=39,742,506  (5 ent/s, 352 triples/s, errors=33461)
  rows=423,351  triples=39,744,548  (5 ent/s, 352 triples/s, errors=33489)
  rows=423,390  triples=39,746,642  (5 ent/s, 352 triples/s, errors=33498)
  rows=423,433  triples=39,749,226  (5 ent/s, 352 triples/s, errors=33506)
  rows=423,461  triples=39,751,263  (5 ent/s, 352 triples/s, errors=33540)
  rows=423,491  triples=39,753,364  (5 ent/s, 352 triples/s, errors=33540)
  rows=423,518  triples=39,755,378  (5 ent/s, 352 triples/s, errors=33551)
  rows=423,549  triples=39,757,403  (5 ent/s, 352 triples/s, errors=33553)
  rows=423,585  triples=39,759,582  (5 ent/s, 352 triples/s, errors=33559)
  rows=423,595  triples=39,759,582  (5 ent/s, 351 triples/s, errors=33559)
  rows=423,616  triples=39,761,245  (5 ent/s, 351 triples/s, errors=33564)
  rows=423,654  triples=39,763,321  (5 ent/s, 351 triples/s, errors=33568)
  rows=423,679  triples=39,765,430  (5 ent/s, 351 triples/s, errors=33584)
  rows=423,709  triples=39,767,507  (5 ent/s, 351 triples/s, errors=33611)
  rows=423,735  triples=39,769,511  (5 ent/s, 351 triples/s, errors=33641)
  rows=423,766  triples=39,771,619  (5 ent/s, 351 triples/s, errors=33641)
  rows=423,798  triples=39,773,629  (5 ent/s, 351 triples/s, errors=33675)
  rows=423,835  triples=39,775,728  (5 ent/s, 351 triples/s, errors=33706)
  rows=423,866  triples=39,777,739  (5 ent/s, 351 triples/s, errors=33710)
  rows=423,900  triples=39,779,844  (5 ent/s, 351 triples/s, errors=33721)
  rows=423,937  triples=39,782,080  (5 ent/s, 351 triples/s, errors=33726)
  rows=423,972  triples=39,784,128  (5 ent/s, 351 triples/s, errors=33730)
  rows=424,001  triples=39,786,016  (5 ent/s, 351 triples/s, errors=33754)
  rows=424,034  triples=39,788,090  (5 ent/s, 351 triples/s, errors=33754)
  rows=424,059  triples=39,790,165  (5 ent/s, 352 triples/s, errors=33765)
  rows=424,090  triples=39,792,251  (5 ent/s, 352 triples/s, errors=33770)
  rows=424,117  triples=39,794,284  (5 ent/s, 352 triples/s, errors=33807)
  rows=424,146  triples=39,796,342  (5 ent/s, 352 triples/s, errors=33814)
  rows=424,177  triples=39,798,385  (5 ent/s, 352 triples/s, errors=33842)
  rows=424,201  triples=39,799,909  (5 ent/s, 352 triples/s, errors=33844)
  rows=424,227  triples=39,801,929  (5 ent/s, 352 triples/s, errors=33889)
  rows=424,251  triples=39,804,002  (5 ent/s, 352 triples/s, errors=33897)
  rows=424,281  triples=39,806,132  (5 ent/s, 352 triples/s, errors=33899)
  rows=424,311  triples=39,808,254  (5 ent/s, 352 triples/s, errors=33908)
  rows=424,341  triples=39,810,297  (5 ent/s, 352 triples/s, errors=33910)
  rows=424,361  triples=39,812,415  (5 ent/s, 352 triples/s, errors=33914)
  rows=424,389  triples=39,814,495  (5 ent/s, 352 triples/s, errors=33915)
  rows=424,411  triples=39,816,359  (5 ent/s, 352 triples/s, errors=33922)
  rows=424,439  triples=39,818,437  (5 ent/s, 352 triples/s, errors=33925)
  rows=424,468  triples=39,820,613  (5 ent/s, 352 triples/s, errors=33930)
  rows=424,497  triples=39,822,753  (5 ent/s, 352 triples/s, errors=33931)
  rows=424,530  triples=39,824,921  (5 ent/s, 352 triples/s, errors=33935)
  rows=424,562  triples=39,826,944  (5 ent/s, 352 triples/s, errors=33935)
  rows=424,593  triples=39,828,989  (5 ent/s, 352 triples/s, errors=33940)
  rows=424,637  triples=39,831,486  (5 ent/s, 352 triples/s, errors=33945)
  rows=424,666  triples=39,833,516  (5 ent/s, 352 triples/s, errors=33949)
  rows=424,699  triples=39,835,567  (5 ent/s, 352 triples/s, errors=33957)
  rows=424,723  triples=39,837,676  (5 ent/s, 352 triples/s, errors=33959)
  rows=424,751  triples=39,839,790  (5 ent/s, 352 triples/s, errors=33963)
  rows=424,790  triples=39,841,963  (5 ent/s, 352 triples/s, errors=33965)
  rows=424,816  triples=39,843,562  (5 ent/s, 352 triples/s, errors=33983)
  rows=424,844  triples=39,845,617  (5 ent/s, 352 triples/s, errors=33993)
  rows=424,873  triples=39,847,666  (5 ent/s, 352 triples/s, errors=33993)
  rows=424,902  triples=39,849,834  (5 ent/s, 352 triples/s, errors=33996)
  rows=424,925  triples=39,851,935  (5 ent/s, 352 triples/s, errors=33996)
  rows=424,948  triples=39,853,965  (5 ent/s, 352 triples/s, errors=34002)
  rows=424,972  triples=39,856,088  (5 ent/s, 352 triples/s, errors=34006)
  rows=425,001  triples=39,857,863  (5 ent/s, 352 triples/s, errors=34014)
  rows=425,026  triples=39,859,943  (5 ent/s, 352 triples/s, errors=34028)
  rows=425,055  triples=39,861,956  (5 ent/s, 352 triples/s, errors=34046)
  rows=425,090  triples=39,864,040  (5 ent/s, 352 triples/s, errors=34063)
  rows=425,120  triples=39,866,114  (5 ent/s, 352 triples/s, errors=34066)
  rows=425,153  triples=39,868,265  (5 ent/s, 352 triples/s, errors=34069)
  rows=425,180  triples=39,870,286  (5 ent/s, 352 triples/s, errors=34074)
  rows=425,201  triples=39,871,973  (5 ent/s, 352 triples/s, errors=34085)
  rows=425,225  triples=39,874,053  (5 ent/s, 352 triples/s, errors=34104)
  rows=425,246  triples=39,876,114  (5 ent/s, 352 triples/s, errors=34105)
  rows=425,274  triples=39,878,155  (5 ent/s, 352 triples/s, errors=34107)
  rows=425,302  triples=39,880,467  (5 ent/s, 352 triples/s, errors=34107)
  rows=425,325  triples=39,882,547  (5 ent/s, 352 triples/s, errors=34113)
  rows=425,350  triples=39,884,647  (5 ent/s, 352 triples/s, errors=34123)
  rows=425,372  triples=39,886,745  (5 ent/s, 352 triples/s, errors=34131)
  rows=425,395  triples=39,888,926  (5 ent/s, 352 triples/s, errors=34133)
  rows=425,411  triples=39,890,599  (5 ent/s, 352 triples/s, errors=34140)
  rows=425,413  triples=39,890,599  (5 ent/s, 352 triples/s, errors=34140)
  rows=425,431  triples=39,892,651  (5 ent/s, 352 triples/s, errors=34147)
  rows=425,451  triples=39,894,679  (5 ent/s, 352 triples/s, errors=34148)
  rows=425,482  triples=39,896,767  (5 ent/s, 352 triples/s, errors=34150)
  rows=425,511  triples=39,898,809  (5 ent/s, 352 triples/s, errors=34151)
  rows=425,547  triples=39,900,906  (5 ent/s, 352 triples/s, errors=34159)
  rows=425,583  triples=39,903,050  (5 ent/s, 352 triples/s, errors=34164)
  rows=425,617  triples=39,905,671  (5 ent/s, 352 triples/s, errors=34166)
  rows=425,648  triples=39,907,707  (5 ent/s, 352 triples/s, errors=34176)
  rows=425,683  triples=39,910,361  (5 ent/s, 352 triples/s, errors=34184)
  rows=425,703  triples=39,912,556  (5 ent/s, 352 triples/s, errors=34186)
  rows=425,735  triples=39,915,191  (5 ent/s, 352 triples/s, errors=34347)
  rows=425,763  triples=39,917,265  (5 ent/s, 352 triples/s, errors=34351)
  rows=425,790  triples=39,919,336  (5 ent/s, 352 triples/s, errors=34353)
  rows=425,819  triples=39,921,071  (5 ent/s, 352 triples/s, errors=34371)
  rows=425,835  triples=39,923,174  (5 ent/s, 352 triples/s, errors=34374)
  rows=425,857  triples=39,925,220  (5 ent/s, 352 triples/s, errors=34399)
  rows=425,887  triples=39,927,282  (5 ent/s, 352 triples/s, errors=34405)
  rows=425,916  triples=39,929,308  (5 ent/s, 352 triples/s, errors=34408)
  rows=425,947  triples=39,931,467  (5 ent/s, 352 triples/s, errors=34409)
  rows=425,976  triples=39,933,492  (5 ent/s, 352 triples/s, errors=34411)
  rows=426,014  triples=39,935,648  (5 ent/s, 352 triples/s, errors=34447)
  rows=426,046  triples=39,937,791  (5 ent/s, 352 triples/s, errors=34453)
  rows=426,085  triples=39,939,824  (5 ent/s, 352 triples/s, errors=34462)
  rows=426,107  triples=39,941,852  (5 ent/s, 352 triples/s, errors=34476)
  rows=426,140  triples=39,943,908  (5 ent/s, 352 triples/s, errors=34478)
  rows=426,173  triples=39,946,042  (5 ent/s, 352 triples/s, errors=34486)
  rows=426,200  triples=39,948,120  (5 ent/s, 352 triples/s, errors=34494)
  rows=426,234  triples=39,950,226  (5 ent/s, 352 triples/s, errors=34517)
  rows=426,266  triples=39,952,309  (5 ent/s, 352 triples/s, errors=34532)
  rows=426,305  triples=39,954,557  (5 ent/s, 352 triples/s, errors=34576)
  rows=426,339  triples=39,956,594  (5 ent/s, 352 triples/s, errors=34576)
  rows=426,379  triples=39,958,664  (5 ent/s, 352 triples/s, errors=34581)
  rows=426,402  triples=39,960,277  (5 ent/s, 352 triples/s, errors=34583)
  rows=426,432  triples=39,962,333  (5 ent/s, 352 triples/s, errors=34614)
  rows=426,449  triples=39,964,461  (5 ent/s, 352 triples/s, errors=34616)
  rows=426,483  triples=39,966,658  (5 ent/s, 352 triples/s, errors=34651)
  rows=426,523  triples=39,968,687  (5 ent/s, 352 triples/s, errors=34663)
  rows=426,556  triples=39,970,800  (5 ent/s, 352 triples/s, errors=34667)
  rows=426,587  triples=39,972,920  (5 ent/s, 352 triples/s, errors=34687)
  rows=426,614  triples=39,975,090  (5 ent/s, 352 triples/s, errors=34695)
  rows=426,633  triples=39,976,832  (5 ent/s, 352 triples/s, errors=35199)
  rows=426,657  triples=39,978,911  (5 ent/s, 352 triples/s, errors=35207)
  rows=426,683  triples=39,980,992  (5 ent/s, 352 triples/s, errors=35214)
  rows=426,715  triples=39,983,090  (5 ent/s, 352 triples/s, errors=35225)
  rows=426,757  triples=39,985,149  (5 ent/s, 352 triples/s, errors=35225)
  rows=426,788  triples=39,987,212  (5 ent/s, 352 triples/s, errors=35228)
  rows=426,822  triples=39,988,865  (5 ent/s, 352 triples/s, errors=35233)
  rows=426,840  triples=39,990,863  (5 ent/s, 352 triples/s, errors=35244)
  rows=426,868  triples=39,993,048  (5 ent/s, 352 triples/s, errors=35246)
  rows=426,903  triples=39,995,147  (5 ent/s, 352 triples/s, errors=35252)
  rows=426,932  triples=39,997,189  (5 ent/s, 352 triples/s, errors=35253)
  rows=426,970  triples=39,999,284  (5 ent/s, 352 triples/s, errors=35255)
  rows=426,995  triples=40,001,312  (5 ent/s, 352 triples/s, errors=35256)
  rows=427,026  triples=40,003,785  (5 ent/s, 352 triples/s, errors=35258)
  rows=427,064  triples=40,005,894  (5 ent/s, 352 triples/s, errors=35278)
  rows=427,093  triples=40,007,962  (5 ent/s, 352 triples/s, errors=35288)
  rows=427,122  triples=40,010,013  (5 ent/s, 352 triples/s, errors=35328)
  rows=427,151  triples=40,012,140  (5 ent/s, 352 triples/s, errors=35329)
  rows=427,188  triples=40,014,413  (5 ent/s, 352 triples/s, errors=35404)
  rows=427,231  triples=40,016,093  (5 ent/s, 352 triples/s, errors=35404)
  rows=427,251  triples=40,018,254  (5 ent/s, 352 triples/s, errors=35405)
  rows=427,281  triples=40,020,356  (5 ent/s, 352 triples/s, errors=35416)
  rows=427,308  triples=40,022,486  (5 ent/s, 352 triples/s, errors=35417)
  rows=427,334  triples=40,024,531  (5 ent/s, 352 triples/s, errors=35427)
  rows=427,367  triples=40,026,723  (5 ent/s, 352 triples/s, errors=35432)
  rows=427,400  triples=40,028,901  (5 ent/s, 352 triples/s, errors=35436)
  rows=427,428  triples=40,031,040  (5 ent/s, 352 triples/s, errors=35436)
  rows=427,452  triples=40,033,131  (5 ent/s, 352 triples/s, errors=35438)
  rows=427,476  triples=40,035,545  (5 ent/s, 352 triples/s, errors=35566)
  rows=427,503  triples=40,037,616  (5 ent/s, 352 triples/s, errors=35567)
  rows=427,522  triples=40,039,957  (5 ent/s, 352 triples/s, errors=35576)
  rows=427,548  triples=40,042,024  (5 ent/s, 352 triples/s, errors=35580)
  rows=427,578  triples=40,044,157  (5 ent/s, 352 triples/s, errors=35583)
  rows=427,612  triples=40,046,432  (5 ent/s, 352 triples/s, errors=35591)
  rows=427,647  triples=40,048,506  (5 ent/s, 352 triples/s, errors=35593)
  rows=427,675  triples=40,050,646  (5 ent/s, 352 triples/s, errors=35594)
  rows=427,713  triples=40,052,681  (5 ent/s, 352 triples/s, errors=35599)
  rows=427,745  triples=40,054,777  (5 ent/s, 352 triples/s, errors=35602)
  rows=427,783  triples=40,056,867  (5 ent/s, 352 triples/s, errors=35602)
  rows=427,814  triples=40,059,321  (5 ent/s, 352 triples/s, errors=35619)
  rows=427,848  triples=40,061,363  (5 ent/s, 352 triples/s, errors=35621)
  rows=427,883  triples=40,063,387  (5 ent/s, 352 triples/s, errors=35625)
  rows=427,916  triples=40,065,554  (5 ent/s, 352 triples/s, errors=35628)
  rows=427,945  triples=40,067,615  (5 ent/s, 352 triples/s, errors=35642)
  rows=427,972  triples=40,069,726  (5 ent/s, 352 triples/s, errors=35656)
  rows=428,001  triples=40,071,657  (5 ent/s, 352 triples/s, errors=35661)
  rows=428,030  triples=40,073,722  (5 ent/s, 352 triples/s, errors=35671)
  rows=428,058  triples=40,075,879  (5 ent/s, 352 triples/s, errors=35680)
  rows=428,086  triples=40,077,900  (5 ent/s, 352 triples/s, errors=35682)
  rows=428,118  triples=40,079,926  (5 ent/s, 352 triples/s, errors=35692)
  rows=428,150  triples=40,082,130  (5 ent/s, 352 triples/s, errors=35696)
  rows=428,182  triples=40,085,527  (5 ent/s, 352 triples/s, errors=35703)
  rows=428,218  triples=40,087,775  (5 ent/s, 352 triples/s, errors=35703)
  rows=428,247  triples=40,089,821  (5 ent/s, 352 triples/s, errors=35718)
  rows=428,275  triples=40,091,939  (5 ent/s, 352 triples/s, errors=35720)
  rows=428,304  triples=40,094,015  (5 ent/s, 353 triples/s, errors=35734)
  rows=428,333  triples=40,096,120  (5 ent/s, 353 triples/s, errors=35746)
  rows=428,363  triples=40,098,156  (5 ent/s, 353 triples/s, errors=35750)
  rows=428,397  triples=40,100,339  (5 ent/s, 353 triples/s, errors=35772)
  rows=428,429  triples=40,102,676  (5 ent/s, 353 triples/s, errors=35785)
  rows=428,451  triples=40,104,725  (5 ent/s, 353 triples/s, errors=35811)
  rows=428,482  triples=40,106,868  (5 ent/s, 353 triples/s, errors=35816)
  rows=428,516  triples=40,108,971  (5 ent/s, 353 triples/s, errors=35825)
  rows=428,543  triples=40,111,080  (5 ent/s, 353 triples/s, errors=35829)
  rows=428,586  triples=40,113,147  (5 ent/s, 353 triples/s, errors=35839)
  rows=428,616  triples=40,115,116  (5 ent/s, 353 triples/s, errors=35841)
  rows=428,641  triples=40,117,252  (5 ent/s, 353 triples/s, errors=35867)
  rows=428,681  triples=40,119,303  (5 ent/s, 353 triples/s, errors=35874)
  rows=428,718  triples=40,121,322  (5 ent/s, 353 triples/s, errors=35888)
  rows=428,744  triples=40,123,353  (5 ent/s, 353 triples/s, errors=35899)
  rows=428,783  triples=40,125,469  (5 ent/s, 353 triples/s, errors=35899)
  rows=428,801  triples=40,126,674  (5 ent/s, 353 triples/s, errors=35903)
  rows=428,833  triples=40,128,695  (5 ent/s, 353 triples/s, errors=35904)
  rows=428,861  triples=40,130,665  (5 ent/s, 352 triples/s, errors=35954)
  rows=428,895  triples=40,132,820  (5 ent/s, 352 triples/s, errors=35962)
  rows=428,927  triples=40,134,862  (5 ent/s, 352 triples/s, errors=35972)
  rows=428,941  triples=40,135,924  (5 ent/s, 352 triples/s, errors=35995)
  rows=428,973  triples=40,138,093  (5 ent/s, 352 triples/s, errors=36004)
  rows=429,001  triples=40,139,864  (5 ent/s, 352 triples/s, errors=36008)
  rows=429,030  triples=40,141,929  (5 ent/s, 352 triples/s, errors=36009)
  rows=429,049  triples=40,142,942  (5 ent/s, 352 triples/s, errors=36014)
  rows=429,073  triples=40,145,147  (5 ent/s, 352 triples/s, errors=36022)
  rows=429,098  triples=40,147,236  (5 ent/s, 352 triples/s, errors=36025)
  rows=429,138  triples=40,149,277  (5 ent/s, 352 triples/s, errors=36040)
  rows=429,168  triples=40,151,374  (5 ent/s, 352 triples/s, errors=36058)
  rows=429,201  triples=40,153,265  (5 ent/s, 352 triples/s, errors=36095)
  rows=429,231  triples=40,155,446  (5 ent/s, 352 triples/s, errors=36114)
  rows=429,257  triples=40,157,595  (5 ent/s, 352 triples/s, errors=36122)
  rows=429,290  triples=40,159,641  (5 ent/s, 352 triples/s, errors=36131)
  rows=429,330  triples=40,161,764  (5 ent/s, 352 triples/s, errors=36131)
  rows=429,359  triples=40,163,989  (5 ent/s, 352 triples/s, errors=36131)
  rows=429,401  triples=40,165,966  (5 ent/s, 352 triples/s, errors=36138)
  rows=429,432  triples=40,168,162  (5 ent/s, 352 triples/s, errors=36138)
  rows=429,470  triples=40,170,400  (5 ent/s, 352 triples/s, errors=36147)
  rows=429,504  triples=40,172,519  (5 ent/s, 352 triples/s, errors=36147)
  rows=429,529  triples=40,174,546  (5 ent/s, 352 triples/s, errors=36147)
  rows=429,556  triples=40,176,592  (5 ent/s, 352 triples/s, errors=36151)
  rows=429,585  triples=40,178,797  (5 ent/s, 352 triples/s, errors=36155)
  rows=429,612  triples=40,181,211  (5 ent/s, 352 triples/s, errors=36156)
  rows=429,641  triples=40,183,354  (5 ent/s, 352 triples/s, errors=36158)
  rows=429,670  triples=40,185,467  (5 ent/s, 352 triples/s, errors=36159)
  rows=429,701  triples=40,187,574  (5 ent/s, 352 triples/s, errors=36162)
  rows=429,727  triples=40,189,564  (5 ent/s, 352 triples/s, errors=36217)
  rows=429,758  triples=40,191,647  (5 ent/s, 352 triples/s, errors=36224)
  rows=429,787  triples=40,193,862  (5 ent/s, 352 triples/s, errors=36224)
  rows=429,814  triples=40,195,856  (5 ent/s, 352 triples/s, errors=36227)
  rows=429,848  triples=40,197,868  (5 ent/s, 352 triples/s, errors=36229)
  rows=429,881  triples=40,200,150  (5 ent/s, 352 triples/s, errors=36237)
  rows=429,914  triples=40,202,186  (5 ent/s, 352 triples/s, errors=36250)
  rows=429,946  triples=40,204,238  (5 ent/s, 352 triples/s, errors=36253)
  rows=429,984  triples=40,206,344  (5 ent/s, 352 triples/s, errors=36255)
  rows=430,013  triples=40,208,478  (5 ent/s, 352 triples/s, errors=36255)
  rows=430,043  triples=40,210,597  (5 ent/s, 352 triples/s, errors=36259)
  rows=430,070  triples=40,212,833  (5 ent/s, 352 triples/s, errors=36261)
  rows=430,113  triples=40,214,872  (5 ent/s, 352 triples/s, errors=36261)
  rows=430,127  triples=40,217,035  (5 ent/s, 352 triples/s, errors=36278)
  rows=430,154  triples=40,219,159  (5 ent/s, 352 triples/s, errors=36279)
  rows=430,185  triples=40,221,257  (5 ent/s, 352 triples/s, errors=36283)
  rows=430,213  triples=40,224,089  (5 ent/s, 352 triples/s, errors=36308)
  rows=430,238  triples=40,226,238  (5 ent/s, 352 triples/s, errors=36314)
  rows=430,266  triples=40,228,332  (5 ent/s, 352 triples/s, errors=36319)
  rows=430,298  triples=40,230,383  (5 ent/s, 352 triples/s, errors=36336)
  rows=430,325  triples=40,232,496  (5 ent/s, 352 triples/s, errors=36339)
  rows=430,359  triples=40,234,685  (5 ent/s, 352 triples/s, errors=36342)
  rows=430,390  triples=40,236,761  (5 ent/s, 352 triples/s, errors=36353)
  rows=430,413  triples=40,238,580  (5 ent/s, 352 triples/s, errors=36359)
  rows=430,446  triples=40,240,737  (5 ent/s, 352 triples/s, errors=36375)
  rows=430,474  triples=40,242,733  (5 ent/s, 352 triples/s, errors=36388)
  rows=430,502  triples=40,244,764  (5 ent/s, 352 triples/s, errors=36398)
  rows=430,525  triples=40,246,918  (5 ent/s, 352 triples/s, errors=36400)
  rows=430,560  triples=40,249,033  (5 ent/s, 352 triples/s, errors=36405)
  rows=430,585  triples=40,251,205  (5 ent/s, 353 triples/s, errors=36425)
  rows=430,614  triples=40,253,203  (5 ent/s, 353 triples/s, errors=36425)
  rows=430,643  triples=40,255,223  (5 ent/s, 353 triples/s, errors=36438)
  rows=430,673  triples=40,257,281  (5 ent/s, 353 triples/s, errors=36439)
  rows=430,707  triples=40,259,472  (5 ent/s, 353 triples/s, errors=36454)
  rows=430,735  triples=40,261,681  (5 ent/s, 353 triples/s, errors=36465)
  rows=430,755  triples=40,263,730  (5 ent/s, 353 triples/s, errors=36469)
  rows=430,785  triples=40,265,793  (5 ent/s, 353 triples/s, errors=36480)
  rows=430,814  triples=40,267,738  (5 ent/s, 353 triples/s, errors=36481)
  rows=430,842  triples=40,269,770  (5 ent/s, 353 triples/s, errors=36481)
  rows=430,867  triples=40,271,784  (5 ent/s, 352 triples/s, errors=36481)
  rows=430,889  triples=40,273,881  (5 ent/s, 352 triples/s, errors=36483)
  rows=430,921  triples=40,275,946  (5 ent/s, 352 triples/s, errors=36488)
  rows=430,950  triples=40,278,064  (5 ent/s, 352 triples/s, errors=36498)
  rows=430,982  triples=40,280,163  (5 ent/s, 352 triples/s, errors=36504)
  rows=431,016  triples=40,282,465  (5 ent/s, 352 triples/s, errors=36507)
  rows=431,050  triples=40,284,513  (5 ent/s, 352 triples/s, errors=36530)
  rows=431,085  triples=40,286,672  (5 ent/s, 352 triples/s, errors=36540)
  rows=431,115  triples=40,288,714  (5 ent/s, 352 triples/s, errors=36549)
  rows=431,154  triples=40,290,909  (5 ent/s, 352 triples/s, errors=36570)
  rows=431,176  triples=40,292,997  (5 ent/s, 352 triples/s, errors=36596)
  rows=431,201  triples=40,294,721  (5 ent/s, 352 triples/s, errors=36598)
  rows=431,234  triples=40,297,007  (5 ent/s, 352 triples/s, errors=36601)
  rows=431,269  triples=40,299,057  (5 ent/s, 352 triples/s, errors=36604)
  rows=431,310  triples=40,301,239  (5 ent/s, 352 triples/s, errors=36653)
  rows=431,345  triples=40,303,369  (5 ent/s, 352 triples/s, errors=36662)
  rows=431,376  triples=40,305,445  (5 ent/s, 352 triples/s, errors=36689)
  rows=431,398  triples=40,307,441  (5 ent/s, 352 triples/s, errors=36706)
  rows=431,436  triples=40,309,502  (5 ent/s, 352 triples/s, errors=36712)
  rows=431,463  triples=40,311,590  (5 ent/s, 352 triples/s, errors=36723)
  rows=431,493  triples=40,314,037  (5 ent/s, 353 triples/s, errors=36770)
  rows=431,526  triples=40,316,091  (5 ent/s, 353 triples/s, errors=36772)
  rows=431,558  triples=40,318,110  (5 ent/s, 353 triples/s, errors=36780)
  rows=431,591  triples=40,320,197  (5 ent/s, 353 triples/s, errors=36785)
  rows=431,617  triples=40,321,862  (5 ent/s, 353 triples/s, errors=36803)
  rows=431,647  triples=40,323,917  (5 ent/s, 353 triples/s, errors=36824)
  rows=431,676  triples=40,326,001  (5 ent/s, 353 triples/s, errors=36838)
  rows=431,720  triples=40,329,108  (5 ent/s, 353 triples/s, errors=36847)
  rows=431,746  triples=40,331,250  (5 ent/s, 353 triples/s, errors=36858)
  rows=431,790  triples=40,333,323  (5 ent/s, 353 triples/s, errors=36860)
  rows=431,838  triples=40,336,180  (5 ent/s, 353 triples/s, errors=36864)
  rows=431,867  triples=40,338,200  (5 ent/s, 353 triples/s, errors=36886)
  rows=431,901  triples=40,340,242  (5 ent/s, 353 triples/s, errors=36889)
  rows=431,930  triples=40,342,393  (5 ent/s, 353 triples/s, errors=36890)
  rows=431,955  triples=40,344,558  (5 ent/s, 353 triples/s, errors=36901)
  rows=431,994  triples=40,346,654  (5 ent/s, 353 triples/s, errors=36914)
  rows=432,025  triples=40,349,249  (5 ent/s, 353 triples/s, errors=36917)
  rows=432,054  triples=40,351,313  (5 ent/s, 353 triples/s, errors=36925)
  rows=432,083  triples=40,353,354  (5 ent/s, 353 triples/s, errors=36927)
  rows=432,114  triples=40,355,433  (5 ent/s, 353 triples/s, errors=36930)
  rows=432,144  triples=40,357,460  (5 ent/s, 353 triples/s, errors=36937)
  rows=432,176  triples=40,359,471  (5 ent/s, 353 triples/s, errors=36938)
  rows=432,222  triples=40,361,598  (5 ent/s, 353 triples/s, errors=36938)
  rows=432,256  triples=40,363,718  (5 ent/s, 353 triples/s, errors=36945)
  rows=432,293  triples=40,365,744  (5 ent/s, 353 triples/s, errors=36949)
  rows=432,333  triples=40,367,795  (5 ent/s, 353 triples/s, errors=36951)
  rows=432,379  triples=40,370,958  (5 ent/s, 353 triples/s, errors=36962)
  rows=432,411  triples=40,373,004  (5 ent/s, 353 triples/s, errors=36962)
  rows=432,448  triples=40,375,301  (5 ent/s, 353 triples/s, errors=36963)
  rows=432,474  triples=40,377,464  (5 ent/s, 353 triples/s, errors=36974)
  rows=432,503  triples=40,379,616  (5 ent/s, 353 triples/s, errors=36980)
  rows=432,530  triples=40,381,729  (5 ent/s, 353 triples/s, errors=36981)
  rows=432,550  triples=40,383,739  (5 ent/s, 353 triples/s, errors=36995)
  rows=432,575  triples=40,385,894  (5 ent/s, 353 triples/s, errors=36998)
  rows=432,601  triples=40,387,857  (5 ent/s, 353 triples/s, errors=37007)
  rows=432,633  triples=40,390,008  (5 ent/s, 353 triples/s, errors=37007)
  rows=432,666  triples=40,392,207  (5 ent/s, 353 triples/s, errors=37015)
  rows=432,685  triples=40,393,204  (5 ent/s, 353 triples/s, errors=37020)
  rows=432,711  triples=40,395,283  (5 ent/s, 353 triples/s, errors=37024)
  rows=432,735  triples=40,397,316  (5 ent/s, 353 triples/s, errors=37037)
  rows=432,758  triples=40,399,516  (5 ent/s, 353 triples/s, errors=37038)
  rows=432,785  triples=40,401,628  (5 ent/s, 353 triples/s, errors=37039)
  rows=432,801  triples=40,403,394  (5 ent/s, 353 triples/s, errors=37042)
  rows=432,834  triples=40,405,477  (5 ent/s, 353 triples/s, errors=37045)
  rows=432,874  triples=40,407,561  (5 ent/s, 353 triples/s, errors=37048)
  rows=432,901  triples=40,409,566  (5 ent/s, 353 triples/s, errors=37054)
  rows=432,934  triples=40,411,664  (5 ent/s, 353 triples/s, errors=37085)
  rows=432,966  triples=40,413,778  (5 ent/s, 353 triples/s, errors=37100)
  rows=432,997  triples=40,415,912  (5 ent/s, 353 triples/s, errors=37119)
  rows=433,036  triples=40,418,092  (5 ent/s, 353 triples/s, errors=37122)
  rows=433,069  triples=40,420,179  (5 ent/s, 353 triples/s, errors=37124)
  rows=433,103  triples=40,423,372  (5 ent/s, 353 triples/s, errors=37127)
  rows=433,148  triples=40,426,465  (5 ent/s, 353 triples/s, errors=37131)
  rows=433,187  triples=40,428,541  (5 ent/s, 353 triples/s, errors=37135)
  rows=433,218  triples=40,430,626  (5 ent/s, 353 triples/s, errors=37160)
  rows=433,257  triples=40,432,657  (5 ent/s, 353 triples/s, errors=37161)
  rows=433,298  triples=40,434,687  (5 ent/s, 353 triples/s, errors=37182)
  rows=433,337  triples=40,436,933  (5 ent/s, 353 triples/s, errors=37183)
  rows=433,367  triples=40,439,059  (5 ent/s, 353 triples/s, errors=37186)
  rows=433,400  triples=40,441,186  (5 ent/s, 353 triples/s, errors=37186)
  rows=433,447  triples=40,444,327  (5 ent/s, 353 triples/s, errors=37191)
  rows=433,474  triples=40,446,367  (5 ent/s, 353 triples/s, errors=37193)
  rows=433,508  triples=40,448,489  (5 ent/s, 353 triples/s, errors=37207)
  rows=433,535  triples=40,450,675  (5 ent/s, 353 triples/s, errors=37207)
  rows=433,576  triples=40,453,792  (5 ent/s, 353 triples/s, errors=37210)
  rows=433,601  triples=40,455,624  (5 ent/s, 353 triples/s, errors=37213)
  rows=433,624  triples=40,457,643  (5 ent/s, 353 triples/s, errors=37260)
  rows=433,671  triples=40,460,782  (5 ent/s, 353 triples/s, errors=37274)
  rows=433,708  triples=40,462,880  (5 ent/s, 353 triples/s, errors=37275)
  rows=433,737  triples=40,465,089  (5 ent/s, 353 triples/s, errors=37286)
  rows=433,783  triples=40,468,358  (5 ent/s, 353 triples/s, errors=37291)
  rows=433,816  triples=40,470,775  (5 ent/s, 353 triples/s, errors=37295)
  rows=433,851  triples=40,472,834  (5 ent/s, 353 triples/s, errors=37306)
  rows=433,885  triples=40,474,869  (5 ent/s, 353 triples/s, errors=37311)
  rows=433,929  triples=40,476,980  (5 ent/s, 353 triples/s, errors=37316)
  rows=433,971  triples=40,479,067  (5 ent/s, 353 triples/s, errors=37319)
  rows=434,010  triples=40,481,608  (5 ent/s, 353 triples/s, errors=37324)
  rows=434,041  triples=40,483,757  (5 ent/s, 353 triples/s, errors=37328)
  rows=434,072  triples=40,485,830  (5 ent/s, 353 triples/s, errors=37331)
  rows=434,103  triples=40,487,954  (5 ent/s, 353 triples/s, errors=37333)
  rows=434,136  triples=40,490,003  (5 ent/s, 353 triples/s, errors=37333)
  rows=434,174  triples=40,492,073  (5 ent/s, 353 triples/s, errors=37334)
  rows=434,201  triples=40,493,660  (5 ent/s, 353 triples/s, errors=37341)
  rows=434,228  triples=40,495,717  (5 ent/s, 353 triples/s, errors=37345)
  rows=434,260  triples=40,497,961  (5 ent/s, 353 triples/s, errors=37374)
  rows=434,295  triples=40,500,073  (5 ent/s, 353 triples/s, errors=37376)
  rows=434,323  triples=40,502,177  (5 ent/s, 353 triples/s, errors=37378)
  rows=434,350  triples=40,504,418  (5 ent/s, 353 triples/s, errors=37383)
  rows=434,380  triples=40,506,465  (5 ent/s, 353 triples/s, errors=37385)
  rows=434,401  triples=40,508,083  (5 ent/s, 353 triples/s, errors=37392)
  rows=434,431  triples=40,510,189  (5 ent/s, 353 triples/s, errors=37397)
  rows=434,461  triples=40,512,230  (5 ent/s, 353 triples/s, errors=37398)
  rows=434,487  triples=40,514,337  (5 ent/s, 353 triples/s, errors=37424)
  rows=434,503  triples=40,515,405  (5 ent/s, 353 triples/s, errors=37424)
  rows=434,529  triples=40,517,564  (5 ent/s, 353 triples/s, errors=37428)
  rows=434,563  triples=40,519,751  (5 ent/s, 353 triples/s, errors=37432)
  rows=434,601  triples=40,521,602  (5 ent/s, 353 triples/s, errors=37432)
  rows=434,640  triples=40,523,644  (5 ent/s, 353 triples/s, errors=37432)
  rows=434,678  triples=40,525,672  (5 ent/s, 353 triples/s, errors=37447)
  rows=434,720  triples=40,527,844  (5 ent/s, 353 triples/s, errors=37451)
  rows=434,752  triples=40,529,952  (5 ent/s, 353 triples/s, errors=37465)
  rows=434,775  triples=40,532,137  (5 ent/s, 353 triples/s, errors=37488)
  rows=434,801  triples=40,533,743  (5 ent/s, 353 triples/s, errors=37499)
  rows=434,839  triples=40,535,929  (5 ent/s, 353 triples/s, errors=37517)
  rows=434,868  triples=40,538,013  (5 ent/s, 353 triples/s, errors=37530)
  rows=434,900  triples=40,540,057  (5 ent/s, 353 triples/s, errors=37536)
  rows=434,926  triples=40,542,054  (5 ent/s, 353 triples/s, errors=37554)
  rows=434,957  triples=40,544,187  (5 ent/s, 353 triples/s, errors=37556)
  rows=434,986  triples=40,546,209  (5 ent/s, 353 triples/s, errors=37560)
  rows=435,030  triples=40,548,063  (5 ent/s, 353 triples/s, errors=37562)
  rows=435,060  triples=40,550,123  (5 ent/s, 353 triples/s, errors=37566)
  rows=435,112  triples=40,552,163  (5 ent/s, 353 triples/s, errors=37570)
  rows=435,147  triples=40,554,240  (5 ent/s, 353 triples/s, errors=37583)
  rows=435,181  triples=40,556,271  (5 ent/s, 353 triples/s, errors=37592)
  rows=435,213  triples=40,558,516  (5 ent/s, 353 triples/s, errors=37593)
  rows=435,263  triples=40,560,577  (5 ent/s, 353 triples/s, errors=37595)
  rows=435,292  triples=40,562,653  (5 ent/s, 353 triples/s, errors=37603)
  rows=435,338  triples=40,564,794  (5 ent/s, 353 triples/s, errors=37603)
  rows=435,373  triples=40,566,830  (5 ent/s, 353 triples/s, errors=37616)
  rows=435,401  triples=40,568,102  (5 ent/s, 353 triples/s, errors=37618)
  rows=435,441  triples=40,570,153  (5 ent/s, 353 triples/s, errors=37618)
  rows=435,474  triples=40,572,284  (5 ent/s, 353 triples/s, errors=37623)
  rows=435,509  triples=40,574,299  (5 ent/s, 353 triples/s, errors=37624)
  rows=435,551  triples=40,576,483  (5 ent/s, 353 triples/s, errors=37629)
  rows=435,581  triples=40,578,541  (5 ent/s, 353 triples/s, errors=37653)
  rows=435,627  triples=40,580,635  (5 ent/s, 353 triples/s, errors=37655)
  rows=435,664  triples=40,582,634  (5 ent/s, 353 triples/s, errors=37661)
  rows=435,697  triples=40,584,815  (5 ent/s, 353 triples/s, errors=37664)
  rows=435,728  triples=40,586,860  (5 ent/s, 353 triples/s, errors=37673)
  rows=435,765  triples=40,588,972  (5 ent/s, 353 triples/s, errors=37682)
  rows=435,791  triples=40,591,004  (5 ent/s, 353 triples/s, errors=37695)
  rows=435,831  triples=40,593,866  (5 ent/s, 353 triples/s, errors=37699)
  rows=435,868  triples=40,595,967  (5 ent/s, 353 triples/s, errors=37704)
  rows=435,898  triples=40,598,136  (5 ent/s, 353 triples/s, errors=37706)
  rows=435,938  triples=40,600,244  (5 ent/s, 353 triples/s, errors=37715)
  rows=435,973  triples=40,602,459  (5 ent/s, 353 triples/s, errors=37719)
  rows=436,012  triples=40,605,557  (5 ent/s, 353 triples/s, errors=37739)
  rows=436,042  triples=40,607,722  (5 ent/s, 353 triples/s, errors=37746)
  rows=436,076  triples=40,609,878  (5 ent/s, 353 triples/s, errors=37772)
  rows=436,105  triples=40,612,193  (5 ent/s, 353 triples/s, errors=37806)
  rows=436,131  triples=40,614,267  (5 ent/s, 353 triples/s, errors=37822)
  rows=436,160  triples=40,616,396  (5 ent/s, 353 triples/s, errors=37828)
  rows=436,195  triples=40,618,417  (5 ent/s, 353 triples/s, errors=37831)
  rows=436,229  triples=40,621,037  (5 ent/s, 353 triples/s, errors=37843)
  rows=436,272  triples=40,624,153  (5 ent/s, 353 triples/s, errors=37846)
  rows=436,317  triples=40,627,252  (5 ent/s, 353 triples/s, errors=37846)
  rows=436,321  triples=40,627,252  (5 ent/s, 353 triples/s, errors=37846)
  rows=436,339  triples=40,629,300  (5 ent/s, 353 triples/s, errors=37846)
  rows=436,366  triples=40,631,366  (5 ent/s, 353 triples/s, errors=37850)
  rows=436,406  triples=40,633,049  (5 ent/s, 353 triples/s, errors=37851)
  rows=436,443  triples=40,635,249  (5 ent/s, 353 triples/s, errors=37853)
  rows=436,493  triples=40,638,385  (5 ent/s, 353 triples/s, errors=37857)
  rows=436,535  triples=40,640,451  (5 ent/s, 353 triples/s, errors=37866)
  rows=436,565  triples=40,642,556  (5 ent/s, 353 triples/s, errors=37866)
  rows=436,601  triples=40,644,441  (5 ent/s, 353 triples/s, errors=37876)
  rows=436,629  triples=40,646,577  (5 ent/s, 353 triples/s, errors=37907)
  rows=436,667  triples=40,648,636  (5 ent/s, 353 triples/s, errors=37932)
  rows=436,700  triples=40,650,734  (5 ent/s, 353 triples/s, errors=37934)
  rows=436,729  triples=40,652,839  (5 ent/s, 353 triples/s, errors=37945)
  rows=436,763  triples=40,655,041  (5 ent/s, 353 triples/s, errors=37952)
  rows=436,786  triples=40,656,937  (5 ent/s, 353 triples/s, errors=38156)
  rows=436,830  triples=40,659,821  (5 ent/s, 353 triples/s, errors=38158)
  rows=436,861  triples=40,661,861  (5 ent/s, 353 triples/s, errors=38158)
  rows=436,893  triples=40,664,017  (5 ent/s, 353 triples/s, errors=38158)
  rows=436,926  triples=40,666,093  (5 ent/s, 353 triples/s, errors=38170)
  rows=436,960  triples=40,668,176  (5 ent/s, 353 triples/s, errors=38188)
  rows=436,994  triples=40,670,186  (5 ent/s, 353 triples/s, errors=38196)
  rows=437,036  triples=40,672,491  (5 ent/s, 353 triples/s, errors=38210)
  rows=437,095  triples=40,675,553  (5 ent/s, 353 triples/s, errors=38219)
  rows=437,129  triples=40,677,783  (5 ent/s, 353 triples/s, errors=38221)
  rows=437,196  triples=40,680,801  (5 ent/s, 353 triples/s, errors=38241)
  rows=437,239  triples=40,683,025  (5 ent/s, 353 triples/s, errors=38244)
  rows=437,271  triples=40,685,075  (5 ent/s, 353 triples/s, errors=38248)
  rows=437,320  triples=40,687,217  (5 ent/s, 353 triples/s, errors=38288)
  rows=437,343  triples=40,689,417  (5 ent/s, 353 triples/s, errors=38302)
  rows=437,370  triples=40,691,593  (5 ent/s, 354 triples/s, errors=38315)
  rows=437,401  triples=40,694,046  (5 ent/s, 354 triples/s, errors=38317)
  rows=437,440  triples=40,696,114  (5 ent/s, 354 triples/s, errors=38324)
  rows=437,468  triples=40,698,428  (5 ent/s, 354 triples/s, errors=38324)
  rows=437,518  triples=40,701,459  (5 ent/s, 354 triples/s, errors=38324)
  rows=437,557  triples=40,703,611  (5 ent/s, 354 triples/s, errors=38329)
  rows=437,593  triples=40,705,706  (5 ent/s, 354 triples/s, errors=38330)
  rows=437,637  triples=40,708,013  (5 ent/s, 354 triples/s, errors=38337)
  rows=437,674  triples=40,710,027  (5 ent/s, 354 triples/s, errors=38349)
  rows=437,707  triples=40,712,115  (5 ent/s, 354 triples/s, errors=38354)
  rows=437,748  triples=40,714,325  (5 ent/s, 354 triples/s, errors=38357)
  rows=437,783  triples=40,716,423  (5 ent/s, 354 triples/s, errors=38357)
  rows=437,818  triples=40,718,198  (5 ent/s, 354 triples/s, errors=38360)
  rows=437,861  triples=40,720,267  (5 ent/s, 354 triples/s, errors=38364)
  rows=437,908  triples=40,722,307  (5 ent/s, 354 triples/s, errors=38371)
  rows=437,957  triples=40,724,396  (5 ent/s, 354 triples/s, errors=38371)
  rows=437,992  triples=40,726,550  (5 ent/s, 354 triples/s, errors=38375)
  rows=438,033  triples=40,727,911  (5 ent/s, 354 triples/s, errors=38380)
  rows=438,065  triples=40,729,990  (5 ent/s, 354 triples/s, errors=38390)
  rows=438,101  triples=40,732,034  (5 ent/s, 354 triples/s, errors=38393)
  rows=438,132  triples=40,734,111  (5 ent/s, 354 triples/s, errors=38395)
  rows=438,139  triples=40,734,111  (5 ent/s, 353 triples/s, errors=38395)
  rows=438,162  triples=40,736,236  (5 ent/s, 353 triples/s, errors=38400)
  rows=438,192  triples=40,738,245  (5 ent/s, 353 triples/s, errors=38406)
  rows=438,219  triples=40,739,618  (5 ent/s, 353 triples/s, errors=38413)
  rows=438,264  triples=40,741,651  (5 ent/s, 353 triples/s, errors=38413)
  rows=438,299  triples=40,743,726  (5 ent/s, 353 triples/s, errors=38413)
  rows=438,337  triples=40,745,857  (5 ent/s, 353 triples/s, errors=38413)
  rows=438,377  triples=40,747,884  (5 ent/s, 353 triples/s, errors=38418)
  rows=438,425  triples=40,749,955  (5 ent/s, 353 triples/s, errors=38423)
  rows=438,468  triples=40,752,151  (5 ent/s, 353 triples/s, errors=38435)
  rows=438,518  triples=40,754,298  (5 ent/s, 353 triples/s, errors=38435)
  rows=438,546  triples=40,756,350  (5 ent/s, 353 triples/s, errors=38442)
  rows=438,579  triples=40,758,417  (5 ent/s, 354 triples/s, errors=38446)
  rows=438,617  triples=40,760,582  (5 ent/s, 354 triples/s, errors=38458)
  rows=438,662  triples=40,762,622  (5 ent/s, 354 triples/s, errors=38470)
  rows=438,716  triples=40,765,739  (5 ent/s, 354 triples/s, errors=38472)
  rows=438,764  triples=40,767,905  (5 ent/s, 354 triples/s, errors=38472)
  rows=438,784  triples=40,769,940  (5 ent/s, 354 triples/s, errors=38483)
  rows=438,815  triples=40,771,983  (5 ent/s, 354 triples/s, errors=38490)
  rows=438,852  triples=40,773,987  (5 ent/s, 354 triples/s, errors=38496)
  rows=438,881  triples=40,776,088  (5 ent/s, 354 triples/s, errors=38513)
  rows=438,911  triples=40,778,277  (5 ent/s, 354 triples/s, errors=38521)
  rows=438,946  triples=40,780,351  (5 ent/s, 354 triples/s, errors=38551)
  rows=438,980  triples=40,782,430  (5 ent/s, 354 triples/s, errors=38556)
  rows=439,014  triples=40,784,739  (5 ent/s, 354 triples/s, errors=38561)
  rows=439,040  triples=40,786,794  (5 ent/s, 354 triples/s, errors=38573)
  rows=439,086  triples=40,788,982  (5 ent/s, 354 triples/s, errors=38576)
  rows=439,133  triples=40,792,053  (5 ent/s, 354 triples/s, errors=38583)
  rows=439,166  triples=40,794,228  (5 ent/s, 354 triples/s, errors=38583)
  rows=439,201  triples=40,796,059  (5 ent/s, 354 triples/s, errors=38592)
  rows=439,232  triples=40,798,281  (5 ent/s, 354 triples/s, errors=38608)
  rows=439,267  triples=40,800,491  (5 ent/s, 354 triples/s, errors=38623)
  rows=439,306  triples=40,802,553  (5 ent/s, 354 triples/s, errors=38639)
  rows=439,346  triples=40,804,618  (5 ent/s, 354 triples/s, errors=38641)
  rows=439,381  triples=40,806,791  (5 ent/s, 354 triples/s, errors=38696)
  rows=439,401  triples=40,808,320  (5 ent/s, 354 triples/s, errors=38705)
  rows=439,444  triples=40,810,451  (5 ent/s, 354 triples/s, errors=38707)
  rows=439,478  triples=40,812,531  (5 ent/s, 354 triples/s, errors=38716)
  rows=439,508  triples=40,814,553  (5 ent/s, 354 triples/s, errors=38727)
  rows=439,533  triples=40,815,716  (5 ent/s, 354 triples/s, errors=38741)
  rows=439,573  triples=40,817,730  (5 ent/s, 354 triples/s, errors=38746)
  rows=439,601  triples=40,819,569  (5 ent/s, 354 triples/s, errors=38746)
  rows=439,634  triples=40,821,632  (5 ent/s, 354 triples/s, errors=38750)
  rows=439,674  triples=40,823,749  (5 ent/s, 354 triples/s, errors=38756)
  rows=439,705  triples=40,825,875  (5 ent/s, 354 triples/s, errors=38771)
  rows=439,718  triples=40,826,895  (5 ent/s, 354 triples/s, errors=38782)
  rows=439,740  triples=40,827,929  (5 ent/s, 353 triples/s, errors=38782)
  rows=439,779  triples=40,830,112  (5 ent/s, 353 triples/s, errors=38798)
  rows=439,825  triples=40,831,873  (5 ent/s, 353 triples/s, errors=38800)
  rows=439,858  triples=40,833,906  (5 ent/s, 354 triples/s, errors=38800)
  rows=439,892  triples=40,836,053  (5 ent/s, 354 triples/s, errors=38837)
  rows=439,929  triples=40,838,166  (5 ent/s, 354 triples/s, errors=38837)
  rows=439,957  triples=40,839,184  (5 ent/s, 353 triples/s, errors=38842)
  rows=439,984  triples=40,841,242  (5 ent/s, 353 triples/s, errors=38844)
  rows=440,023  triples=40,843,173  (5 ent/s, 353 triples/s, errors=38865)
  rows=440,060  triples=40,845,392  (5 ent/s, 353 triples/s, errors=38891)
  rows=440,092  triples=40,847,452  (5 ent/s, 353 triples/s, errors=38895)
  rows=440,126  triples=40,849,565  (5 ent/s, 353 triples/s, errors=38899)
  rows=440,163  triples=40,851,647  (5 ent/s, 353 triples/s, errors=38903)
  rows=440,211  triples=40,853,095  (5 ent/s, 353 triples/s, errors=38904)
  rows=440,234  triples=40,855,109  (5 ent/s, 353 triples/s, errors=38913)
  rows=440,278  triples=40,857,108  (5 ent/s, 353 triples/s, errors=38918)
  rows=440,316  triples=40,859,258  (5 ent/s, 353 triples/s, errors=38928)
  rows=440,352  triples=40,861,255  (5 ent/s, 353 triples/s, errors=38947)
  rows=440,389  triples=40,863,489  (5 ent/s, 353 triples/s, errors=38954)
  rows=440,424  triples=40,865,016  (5 ent/s, 353 triples/s, errors=38955)
  rows=440,487  triples=40,868,139  (5 ent/s, 353 triples/s, errors=38965)
  rows=440,531  triples=40,870,187  (5 ent/s, 353 triples/s, errors=38969)
  rows=440,569  triples=40,872,274  (5 ent/s, 353 triples/s, errors=38969)
  rows=440,598  triples=40,874,330  (5 ent/s, 353 triples/s, errors=38974)
  rows=440,632  triples=40,876,665  (5 ent/s, 353 triples/s, errors=38990)
  rows=440,671  triples=40,878,779  (5 ent/s, 353 triples/s, errors=38996)
  rows=440,706  triples=40,880,952  (5 ent/s, 353 triples/s, errors=39002)
  rows=440,744  triples=40,883,007  (5 ent/s, 353 triples/s, errors=39005)
  rows=440,781  triples=40,885,108  (5 ent/s, 353 triples/s, errors=39005)
  rows=440,815  triples=40,887,183  (5 ent/s, 353 triples/s, errors=39007)
  rows=440,851  triples=40,889,559  (5 ent/s, 354 triples/s, errors=39027)
  rows=440,894  triples=40,891,581  (5 ent/s, 354 triples/s, errors=39027)
  rows=440,928  triples=40,893,614  (5 ent/s, 354 triples/s, errors=39039)
  rows=440,971  triples=40,895,692  (5 ent/s, 354 triples/s, errors=39043)
  rows=441,000  triples=40,897,809  (5 ent/s, 354 triples/s, errors=39056)
  rows=441,051  triples=40,899,928  (5 ent/s, 354 triples/s, errors=39069)
  rows=441,089  triples=40,901,933  (5 ent/s, 354 triples/s, errors=39079)
  rows=441,127  triples=40,904,036  (5 ent/s, 354 triples/s, errors=39084)
  rows=441,162  triples=40,906,128  (5 ent/s, 354 triples/s, errors=39084)
  rows=441,222  triples=40,908,702  (5 ent/s, 354 triples/s, errors=39111)
  rows=441,269  triples=40,911,823  (5 ent/s, 354 triples/s, errors=39124)
  rows=441,317  triples=40,913,901  (5 ent/s, 354 triples/s, errors=39124)
  rows=441,347  triples=40,915,929  (5 ent/s, 354 triples/s, errors=39135)
  rows=441,381  triples=40,918,043  (5 ent/s, 354 triples/s, errors=39137)
  rows=441,427  triples=40,920,897  (5 ent/s, 354 triples/s, errors=39141)
  rows=441,459  triples=40,922,965  (5 ent/s, 354 triples/s, errors=39146)
  rows=441,498  triples=40,925,141  (5 ent/s, 354 triples/s, errors=39152)
  rows=441,540  triples=40,927,203  (5 ent/s, 354 triples/s, errors=39152)
  rows=441,578  triples=40,929,389  (5 ent/s, 354 triples/s, errors=39155)
  rows=441,621  triples=40,931,764  (5 ent/s, 354 triples/s, errors=39155)
  rows=441,657  triples=40,933,829  (5 ent/s, 354 triples/s, errors=39157)
  rows=441,696  triples=40,935,915  (5 ent/s, 354 triples/s, errors=39158)
  rows=441,753  triples=40,939,100  (5 ent/s, 354 triples/s, errors=39158)
  rows=441,775  triples=40,940,103  (5 ent/s, 354 triples/s, errors=39158)
  rows=441,799  triples=40,942,157  (5 ent/s, 354 triples/s, errors=39160)
  rows=441,834  triples=40,944,374  (5 ent/s, 354 triples/s, errors=39167)
  rows=441,867  triples=40,946,392  (5 ent/s, 354 triples/s, errors=39168)
  rows=441,912  triples=40,948,604  (5 ent/s, 354 triples/s, errors=39170)
  rows=441,949  triples=40,950,739  (5 ent/s, 354 triples/s, errors=39175)
  rows=441,984  triples=40,952,781  (5 ent/s, 354 triples/s, errors=39193)
  rows=442,024  triples=40,955,196  (5 ent/s, 354 triples/s, errors=39210)
  rows=442,055  triples=40,957,306  (5 ent/s, 354 triples/s, errors=39226)
  rows=442,095  triples=40,959,495  (5 ent/s, 354 triples/s, errors=39233)
  rows=442,126  triples=40,961,506  (5 ent/s, 354 triples/s, errors=39247)
  rows=442,161  triples=40,963,639  (5 ent/s, 354 triples/s, errors=39265)
  rows=442,187  triples=40,965,741  (5 ent/s, 354 triples/s, errors=39267)
  rows=442,241  triples=40,968,863  (5 ent/s, 354 triples/s, errors=39268)
  rows=442,272  triples=40,970,876  (5 ent/s, 354 triples/s, errors=39269)
  rows=442,302  triples=40,972,953  (5 ent/s, 354 triples/s, errors=39279)
  rows=442,336  triples=40,974,953  (5 ent/s, 354 triples/s, errors=39289)
  rows=442,383  triples=40,977,066  (5 ent/s, 354 triples/s, errors=39290)
  rows=442,423  triples=40,979,172  (5 ent/s, 354 triples/s, errors=39297)
  rows=442,481  triples=40,982,268  (5 ent/s, 354 triples/s, errors=39312)
  rows=442,534  triples=40,985,354  (5 ent/s, 354 triples/s, errors=39313)
  rows=442,583  triples=40,987,352  (5 ent/s, 354 triples/s, errors=39320)
  rows=442,613  triples=40,989,687  (5 ent/s, 354 triples/s, errors=39322)
  rows=442,655  triples=40,991,846  (5 ent/s, 354 triples/s, errors=39327)
  rows=442,705  triples=40,993,973  (5 ent/s, 354 triples/s, errors=39328)
  rows=442,751  triples=40,996,109  (5 ent/s, 354 triples/s, errors=39342)
  rows=442,801  triples=40,998,638  (5 ent/s, 354 triples/s, errors=39346)
  rows=442,845  triples=41,000,815  (5 ent/s, 354 triples/s, errors=39359)
  rows=442,876  triples=41,003,055  (5 ent/s, 354 triples/s, errors=39359)
  rows=442,918  triples=41,005,194  (5 ent/s, 354 triples/s, errors=39364)
  rows=442,955  triples=41,007,279  (5 ent/s, 354 triples/s, errors=39367)
  rows=443,001  triples=41,009,354  (5 ent/s, 354 triples/s, errors=39368)
  rows=443,034  triples=41,011,466  (5 ent/s, 354 triples/s, errors=39371)
  rows=443,066  triples=41,013,481  (5 ent/s, 354 triples/s, errors=39399)
  rows=443,090  triples=41,015,507  (5 ent/s, 354 triples/s, errors=39400)
  rows=443,129  triples=41,017,581  (5 ent/s, 354 triples/s, errors=39402)
  rows=443,171  triples=41,019,647  (5 ent/s, 354 triples/s, errors=39411)
  rows=443,198  triples=41,021,698  (5 ent/s, 354 triples/s, errors=39421)
  rows=443,222  triples=41,022,927  (5 ent/s, 354 triples/s, errors=39423)
  rows=443,264  triples=41,025,056  (5 ent/s, 354 triples/s, errors=39423)
  rows=443,297  triples=41,027,129  (5 ent/s, 354 triples/s, errors=39430)
  rows=443,330  triples=41,029,318  (5 ent/s, 354 triples/s, errors=39432)
  rows=443,363  triples=41,031,331  (5 ent/s, 354 triples/s, errors=39434)
  rows=443,400  triples=41,033,378  (5 ent/s, 354 triples/s, errors=39435)
  rows=443,436  triples=41,035,501  (5 ent/s, 354 triples/s, errors=39440)
  rows=443,473  triples=41,037,606  (5 ent/s, 354 triples/s, errors=39442)
  rows=443,507  triples=41,039,966  (5 ent/s, 354 triples/s, errors=39453)
  rows=443,559  triples=41,042,096  (5 ent/s, 354 triples/s, errors=39470)
  rows=443,587  triples=41,044,103  (5 ent/s, 354 triples/s, errors=39506)
  rows=443,593  triples=41,044,103  (5 ent/s, 354 triples/s, errors=39506)
  rows=443,619  triples=41,045,772  (5 ent/s, 354 triples/s, errors=39508)
  rows=443,657  triples=41,047,809  (5 ent/s, 354 triples/s, errors=39510)
  rows=443,690  triples=41,049,896  (5 ent/s, 354 triples/s, errors=39515)
  rows=443,724  triples=41,052,088  (5 ent/s, 354 triples/s, errors=39520)
  rows=443,759  triples=41,054,120  (5 ent/s, 354 triples/s, errors=39528)
  rows=443,801  triples=41,056,128  (5 ent/s, 354 triples/s, errors=39538)
  rows=443,836  triples=41,058,247  (5 ent/s, 354 triples/s, errors=39542)
  rows=443,880  triples=41,060,342  (5 ent/s, 354 triples/s, errors=39542)
  rows=443,913  triples=41,062,365  (5 ent/s, 354 triples/s, errors=39546)
  rows=443,953  triples=41,064,409  (5 ent/s, 354 triples/s, errors=39546)
  rows=443,998  triples=41,066,548  (5 ent/s, 354 triples/s, errors=39549)
  rows=444,032  triples=41,068,638  (5 ent/s, 354 triples/s, errors=39556)
  rows=444,073  triples=41,070,681  (5 ent/s, 354 triples/s, errors=39571)
  rows=444,109  triples=41,072,917  (5 ent/s, 354 triples/s, errors=39576)
  rows=444,140  triples=41,075,006  (5 ent/s, 354 triples/s, errors=39591)
  rows=444,170  triples=41,077,022  (5 ent/s, 354 triples/s, errors=39598)
  rows=444,201  triples=41,078,965  (5 ent/s, 354 triples/s, errors=39598)
  rows=444,233  triples=41,081,042  (5 ent/s, 354 triples/s, errors=39598)
  rows=444,265  triples=41,083,086  (5 ent/s, 354 triples/s, errors=39640)
  rows=444,301  triples=41,085,091  (5 ent/s, 354 triples/s, errors=39648)
  rows=444,330  triples=41,087,354  (5 ent/s, 354 triples/s, errors=39658)
  rows=444,362  triples=41,089,378  (5 ent/s, 354 triples/s, errors=39659)
  rows=444,390  triples=41,091,547  (5 ent/s, 354 triples/s, errors=39660)
  rows=444,423  triples=41,093,075  (5 ent/s, 354 triples/s, errors=39660)
  rows=444,457  triples=41,095,134  (5 ent/s, 354 triples/s, errors=39671)
  rows=444,493  triples=41,097,159  (5 ent/s, 354 triples/s, errors=39678)
  rows=444,527  triples=41,099,393  (5 ent/s, 354 triples/s, errors=39683)
  rows=444,562  triples=41,101,561  (5 ent/s, 354 triples/s, errors=39694)
  rows=444,600  triples=41,103,671  (5 ent/s, 354 triples/s, errors=39702)
  rows=444,638  triples=41,105,783  (5 ent/s, 354 triples/s, errors=39703)
  rows=444,667  triples=41,108,022  (5 ent/s, 354 triples/s, errors=39705)
  rows=444,705  triples=41,110,063  (5 ent/s, 354 triples/s, errors=39705)
  rows=444,747  triples=41,112,170  (5 ent/s, 354 triples/s, errors=39705)
  rows=444,783  triples=41,114,261  (5 ent/s, 354 triples/s, errors=39713)
  rows=444,815  triples=41,116,096  (5 ent/s, 354 triples/s, errors=39758)
  rows=444,851  triples=41,118,138  (5 ent/s, 354 triples/s, errors=39776)
  rows=444,896  triples=41,120,162  (5 ent/s, 354 triples/s, errors=39783)
  rows=444,936  triples=41,122,305  (5 ent/s, 354 triples/s, errors=39783)
  rows=444,973  triples=41,124,442  (5 ent/s, 354 triples/s, errors=39783)
  rows=445,001  triples=41,126,392  (5 ent/s, 354 triples/s, errors=39793)
  rows=445,031  triples=41,128,536  (5 ent/s, 354 triples/s, errors=39798)
  rows=445,071  triples=41,130,690  (5 ent/s, 354 triples/s, errors=39806)
  rows=445,099  triples=41,132,739  (5 ent/s, 354 triples/s, errors=39813)
  rows=445,130  triples=41,134,797  (5 ent/s, 354 triples/s, errors=39814)
  rows=445,169  triples=41,137,032  (5 ent/s, 354 triples/s, errors=39814)
  rows=445,201  triples=41,138,730  (5 ent/s, 354 triples/s, errors=39818)
  rows=445,235  triples=41,140,798  (5 ent/s, 354 triples/s, errors=39819)
  rows=445,274  triples=41,142,878  (5 ent/s, 354 triples/s, errors=39828)
  rows=445,313  triples=41,145,067  (5 ent/s, 354 triples/s, errors=39829)
  rows=445,347  triples=41,147,141  (5 ent/s, 354 triples/s, errors=39832)
  rows=445,371  triples=41,149,285  (5 ent/s, 354 triples/s, errors=39836)
  rows=445,400  triples=41,151,324  (5 ent/s, 354 triples/s, errors=39841)
  rows=445,411  triples=41,152,323  (5 ent/s, 354 triples/s, errors=39845)
  rows=445,443  triples=41,154,382  (5 ent/s, 354 triples/s, errors=39848)
  rows=445,475  triples=41,156,547  (5 ent/s, 354 triples/s, errors=39851)
  rows=445,515  triples=41,158,674  (5 ent/s, 354 triples/s, errors=39851)
  rows=445,553  triples=41,160,829  (5 ent/s, 354 triples/s, errors=39854)
  rows=445,601  triples=41,162,856  (5 ent/s, 354 triples/s, errors=39860)
  rows=445,633  triples=41,165,027  (5 ent/s, 354 triples/s, errors=39866)
  rows=445,668  triples=41,167,147  (5 ent/s, 354 triples/s, errors=39875)
  rows=445,711  triples=41,170,074  (5 ent/s, 354 triples/s, errors=39877)
  rows=445,762  triples=41,172,203  (5 ent/s, 354 triples/s, errors=39880)
  rows=445,801  triples=41,174,048  (5 ent/s, 354 triples/s, errors=39887)
  rows=445,834  triples=41,176,123  (5 ent/s, 354 triples/s, errors=39901)
  rows=445,872  triples=41,178,215  (5 ent/s, 354 triples/s, errors=39912)
  rows=445,907  triples=41,180,370  (5 ent/s, 354 triples/s, errors=39914)
  rows=445,938  triples=41,182,475  (5 ent/s, 354 triples/s, errors=39916)
  rows=445,976  triples=41,184,606  (5 ent/s, 354 triples/s, errors=39916)
  rows=445,999  triples=41,186,778  (5 ent/s, 354 triples/s, errors=39917)
  rows=446,039  triples=41,188,881  (5 ent/s, 354 triples/s, errors=39927)
  rows=446,072  triples=41,190,965  (5 ent/s, 354 triples/s, errors=39932)
  rows=446,104  triples=41,193,087  (5 ent/s, 354 triples/s, errors=39935)
  rows=446,154  triples=41,195,103  (5 ent/s, 354 triples/s, errors=39937)
  rows=446,191  triples=41,197,201  (5 ent/s, 354 triples/s, errors=39937)
  rows=446,237  triples=41,199,575  (5 ent/s, 354 triples/s, errors=39937)
  rows=446,275  triples=41,201,688  (5 ent/s, 354 triples/s, errors=39939)
  rows=446,310  triples=41,203,754  (5 ent/s, 354 triples/s, errors=39942)
  rows=446,342  triples=41,205,864  (5 ent/s, 354 triples/s, errors=39947)
  rows=446,382  triples=41,207,924  (5 ent/s, 354 triples/s, errors=39949)
  rows=446,423  triples=41,209,926  (5 ent/s, 354 triples/s, errors=39949)
  rows=446,466  triples=41,212,045  (5 ent/s, 354 triples/s, errors=39950)
  rows=446,506  triples=41,214,079  (5 ent/s, 354 triples/s, errors=39951)
  rows=446,550  triples=41,216,175  (5 ent/s, 354 triples/s, errors=39951)
  rows=446,600  triples=41,218,220  (5 ent/s, 354 triples/s, errors=39952)
  rows=446,633  triples=41,220,343  (5 ent/s, 354 triples/s, errors=39963)
  rows=446,671  triples=41,222,398  (5 ent/s, 354 triples/s, errors=39963)
  rows=446,708  triples=41,224,402  (5 ent/s, 354 triples/s, errors=39964)
  rows=446,771  triples=41,226,415  (5 ent/s, 354 triples/s, errors=39964)
  rows=446,798  triples=41,228,466  (5 ent/s, 354 triples/s, errors=39973)
  rows=446,856  triples=41,230,574  (5 ent/s, 354 triples/s, errors=39980)
  rows=446,895  triples=41,232,677  (5 ent/s, 354 triples/s, errors=39980)
  rows=446,936  triples=41,234,742  (5 ent/s, 354 triples/s, errors=39985)
  rows=446,976  triples=41,236,885  (5 ent/s, 354 triples/s, errors=39990)
  rows=447,017  triples=41,239,438  (5 ent/s, 354 triples/s, errors=39991)
  rows=447,046  triples=41,241,503  (5 ent/s, 354 triples/s, errors=39992)
  rows=447,079  triples=41,243,589  (5 ent/s, 354 triples/s, errors=39993)
  rows=447,130  triples=41,245,823  (5 ent/s, 354 triples/s, errors=39997)
  rows=447,180  triples=41,247,864  (5 ent/s, 354 triples/s, errors=39999)
  rows=447,213  triples=41,249,850  (5 ent/s, 354 triples/s, errors=40000)
  rows=447,229  triples=41,249,850  (5 ent/s, 354 triples/s, errors=40000)
  rows=447,257  triples=41,251,931  (5 ent/s, 354 triples/s, errors=40001)
  rows=447,291  triples=41,254,069  (5 ent/s, 354 triples/s, errors=40004)
  rows=447,324  triples=41,256,115  (5 ent/s, 354 triples/s, errors=40009)
  rows=447,361  triples=41,258,174  (5 ent/s, 354 triples/s, errors=40014)
  rows=447,399  triples=41,260,309  (5 ent/s, 354 triples/s, errors=40017)
  rows=447,447  triples=41,262,427  (5 ent/s, 354 triples/s, errors=40019)
  rows=447,485  triples=41,264,454  (5 ent/s, 354 triples/s, errors=40045)
  rows=447,521  triples=41,266,544  (5 ent/s, 354 triples/s, errors=40047)
  rows=447,554  triples=41,268,722  (5 ent/s, 354 triples/s, errors=40076)
  rows=447,588  triples=41,270,892  (5 ent/s, 354 triples/s, errors=40077)
  rows=447,637  triples=41,273,699  (5 ent/s, 354 triples/s, errors=40079)
  rows=447,675  triples=41,276,062  (5 ent/s, 354 triples/s, errors=40091)
  rows=447,722  triples=41,278,094  (5 ent/s, 354 triples/s, errors=40097)
  rows=447,784  triples=41,281,272  (5 ent/s, 354 triples/s, errors=40105)
  rows=447,820  triples=41,283,364  (5 ent/s, 354 triples/s, errors=40105)
  rows=447,874  triples=41,285,490  (5 ent/s, 354 triples/s, errors=40112)
  rows=447,911  triples=41,287,578  (5 ent/s, 354 triples/s, errors=40122)
  rows=447,959  triples=41,289,772  (5 ent/s, 354 triples/s, errors=40122)
  rows=447,995  triples=41,291,788  (5 ent/s, 354 triples/s, errors=40122)
  rows=448,048  triples=41,294,003  (5 ent/s, 354 triples/s, errors=40125)
  rows=448,101  triples=41,296,113  (5 ent/s, 354 triples/s, errors=40125)
  rows=448,131  triples=41,298,150  (5 ent/s, 354 triples/s, errors=40134)
  rows=448,181  triples=41,300,242  (5 ent/s, 354 triples/s, errors=40136)
  rows=448,218  triples=41,302,421  (5 ent/s, 354 triples/s, errors=40149)
  rows=448,258  triples=41,304,599  (5 ent/s, 354 triples/s, errors=40150)
  rows=448,293  triples=41,306,702  (5 ent/s, 354 triples/s, errors=40152)
  rows=448,335  triples=41,308,761  (5 ent/s, 354 triples/s, errors=40156)
  rows=448,374  triples=41,310,883  (5 ent/s, 354 triples/s, errors=40167)
  rows=448,418  triples=41,313,193  (5 ent/s, 354 triples/s, errors=40177)
  rows=448,458  triples=41,315,239  (5 ent/s, 354 triples/s, errors=40181)
  rows=448,495  triples=41,317,297  (5 ent/s, 354 triples/s, errors=40194)
  rows=448,527  triples=41,319,443  (5 ent/s, 354 triples/s, errors=40194)
  rows=448,564  triples=41,321,469  (5 ent/s, 354 triples/s, errors=40196)
  rows=448,619  triples=41,324,024  (5 ent/s, 354 triples/s, errors=40197)
  rows=448,652  triples=41,326,081  (5 ent/s, 354 triples/s, errors=40211)
  rows=448,677  triples=41,328,111  (5 ent/s, 354 triples/s, errors=40224)
  rows=448,715  triples=41,330,251  (5 ent/s, 354 triples/s, errors=40225)
  rows=448,758  triples=41,332,374  (5 ent/s, 354 triples/s, errors=40227)
  rows=448,818  triples=41,335,067  (5 ent/s, 354 triples/s, errors=40239)
  rows=448,861  triples=41,337,173  (5 ent/s, 354 triples/s, errors=40251)
  rows=448,903  triples=41,339,196  (5 ent/s, 354 triples/s, errors=40268)
  rows=448,948  triples=41,341,236  (5 ent/s, 354 triples/s, errors=40273)
  rows=448,989  triples=41,343,342  (5 ent/s, 354 triples/s, errors=40276)
  rows=449,041  triples=41,345,934  (5 ent/s, 354 triples/s, errors=40278)
  rows=449,047  triples=41,345,934  (5 ent/s, 354 triples/s, errors=40278)
  rows=449,083  triples=41,347,980  (5 ent/s, 354 triples/s, errors=40286)
  rows=449,121  triples=41,350,157  (5 ent/s, 354 triples/s, errors=40294)
  rows=449,170  triples=41,352,362  (5 ent/s, 354 triples/s, errors=40327)
  rows=449,206  triples=41,354,157  (5 ent/s, 354 triples/s, errors=40362)
  rows=449,242  triples=41,356,244  (5 ent/s, 354 triples/s, errors=40376)
  rows=449,298  triples=41,358,317  (5 ent/s, 354 triples/s, errors=40376)
  rows=449,335  triples=41,360,403  (5 ent/s, 354 triples/s, errors=40379)
  rows=449,381  triples=41,362,505  (5 ent/s, 354 triples/s, errors=40380)
  rows=449,408  triples=41,364,144  (5 ent/s, 354 triples/s, errors=40384)
  rows=449,433  triples=41,366,182  (5 ent/s, 354 triples/s, errors=40388)
  rows=449,476  triples=41,368,220  (5 ent/s, 354 triples/s, errors=40388)
  rows=449,518  triples=41,370,254  (5 ent/s, 354 triples/s, errors=40389)
  rows=449,557  triples=41,372,362  (5 ent/s, 354 triples/s, errors=40390)
  rows=449,591  triples=41,374,491  (5 ent/s, 354 triples/s, errors=40393)
  rows=449,643  triples=41,376,799  (5 ent/s, 354 triples/s, errors=40407)
  rows=449,684  triples=41,378,823  (5 ent/s, 354 triples/s, errors=40408)
  rows=449,717  triples=41,380,926  (5 ent/s, 354 triples/s, errors=40417)
  rows=449,750  triples=41,382,970  (5 ent/s, 354 triples/s, errors=40426)
  rows=449,775  triples=41,385,059  (5 ent/s, 354 triples/s, errors=40436)
  rows=449,812  triples=41,386,709  (5 ent/s, 354 triples/s, errors=40439)
  rows=449,832  triples=41,388,858  (5 ent/s, 354 triples/s, errors=40442)
  rows=449,878  triples=41,390,868  (5 ent/s, 354 triples/s, errors=40446)
  rows=449,926  triples=41,393,006  (5 ent/s, 354 triples/s, errors=40451)
  rows=449,991  triples=41,396,149  (5 ent/s, 354 triples/s, errors=40464)
  rows=450,048  triples=41,398,527  (5 ent/s, 354 triples/s, errors=40464)
  rows=450,095  triples=41,400,572  (5 ent/s, 354 triples/s, errors=40467)
  rows=450,158  triples=41,402,768  (5 ent/s, 354 triples/s, errors=40468)
  rows=450,201  triples=41,405,200  (5 ent/s, 354 triples/s, errors=40492)
  rows=450,260  triples=41,408,283  (5 ent/s, 354 triples/s, errors=40499)
  rows=450,305  triples=41,410,370  (5 ent/s, 354 triples/s, errors=40506)
  rows=450,359  triples=41,413,490  (5 ent/s, 354 triples/s, errors=40507)
  rows=450,418  triples=41,416,222  (5 ent/s, 354 triples/s, errors=40507)
  rows=450,488  triples=41,418,240  (5 ent/s, 354 triples/s, errors=40513)
  rows=450,538  triples=41,421,388  (5 ent/s, 354 triples/s, errors=40513)
  rows=450,580  triples=41,423,593  (5 ent/s, 354 triples/s, errors=40513)
  rows=450,626  triples=41,425,907  (5 ent/s, 354 triples/s, errors=40515)
  rows=450,674  triples=41,428,959  (5 ent/s, 354 triples/s, errors=40517)
  rows=450,718  triples=41,431,141  (5 ent/s, 355 triples/s, errors=40524)
  rows=450,764  triples=41,433,144  (5 ent/s, 355 triples/s, errors=40530)
  rows=450,818  triples=41,435,755  (5 ent/s, 355 triples/s, errors=40541)
  rows=450,863  triples=41,437,969  (5 ent/s, 355 triples/s, errors=40548)
  rows=450,865  triples=41,437,969  (5 ent/s, 354 triples/s, errors=40548)
  rows=450,901  triples=41,440,123  (5 ent/s, 354 triples/s, errors=40552)
  rows=450,940  triples=41,442,271  (5 ent/s, 354 triples/s, errors=40567)
  rows=450,997  triples=41,445,430  (5 ent/s, 354 triples/s, errors=40567)
  rows=451,036  triples=41,447,656  (5 ent/s, 354 triples/s, errors=40580)
  rows=451,111  triples=41,450,757  (5 ent/s, 354 triples/s, errors=40581)
  rows=451,160  triples=41,454,035  (5 ent/s, 354 triples/s, errors=40609)
  rows=451,201  triples=41,455,744  (5 ent/s, 354 triples/s, errors=40609)
  rows=451,244  triples=41,457,821  (5 ent/s, 354 triples/s, errors=40611)
  rows=451,293  triples=41,459,873  (5 ent/s, 354 triples/s, errors=40618)
  rows=451,355  triples=41,463,022  (5 ent/s, 354 triples/s, errors=40628)
  rows=451,403  triples=41,464,882  (5 ent/s, 354 triples/s, errors=40630)
  rows=451,453  triples=41,466,955  (5 ent/s, 354 triples/s, errors=40638)
  rows=451,493  triples=41,469,201  (5 ent/s, 355 triples/s, errors=40645)
  rows=451,530  triples=41,471,365  (5 ent/s, 355 triples/s, errors=40671)
  rows=451,570  triples=41,473,385  (5 ent/s, 355 triples/s, errors=40691)
  rows=451,619  triples=41,475,582  (5 ent/s, 355 triples/s, errors=40694)
  rows=451,651  triples=41,477,620  (5 ent/s, 355 triples/s, errors=40695)
  rows=451,689  triples=41,479,701  (5 ent/s, 355 triples/s, errors=40703)
  rows=451,729  triples=41,481,836  (5 ent/s, 355 triples/s, errors=40705)
  rows=451,768  triples=41,483,899  (5 ent/s, 355 triples/s, errors=40705)
  rows=451,801  triples=41,486,033  (5 ent/s, 355 triples/s, errors=40711)
  rows=451,841  triples=41,488,182  (5 ent/s, 355 triples/s, errors=40716)
  rows=451,872  triples=41,490,306  (5 ent/s, 355 triples/s, errors=40716)
  rows=451,908  triples=41,492,336  (5 ent/s, 355 triples/s, errors=40719)
  rows=451,957  triples=41,495,463  (5 ent/s, 355 triples/s, errors=40720)
  rows=452,001  triples=41,497,336  (5 ent/s, 355 triples/s, errors=40732)
  rows=452,048  triples=41,499,435  (5 ent/s, 355 triples/s, errors=40732)
  rows=452,086  triples=41,501,549  (5 ent/s, 355 triples/s, errors=40735)
  rows=452,128  triples=41,503,606  (5 ent/s, 355 triples/s, errors=40737)
  rows=452,175  triples=41,505,738  (5 ent/s, 355 triples/s, errors=40751)
  rows=452,216  triples=41,507,623  (5 ent/s, 355 triples/s, errors=40758)
  rows=452,261  triples=41,509,758  (5 ent/s, 354 triples/s, errors=40764)
  rows=452,282  triples=41,510,776  (5 ent/s, 354 triples/s, errors=40773)
  rows=452,301  triples=41,511,865  (5 ent/s, 354 triples/s, errors=40775)
  rows=452,353  triples=41,513,980  (5 ent/s, 354 triples/s, errors=40776)
  rows=452,390  triples=41,516,117  (5 ent/s, 354 triples/s, errors=40778)
  rows=452,420  triples=41,517,697  (5 ent/s, 354 triples/s, errors=40790)
  rows=452,444  triples=41,519,741  (5 ent/s, 354 triples/s, errors=40791)
  rows=452,476  triples=41,521,788  (5 ent/s, 354 triples/s, errors=40813)
  rows=452,526  triples=41,524,969  (5 ent/s, 354 triples/s, errors=40821)
  rows=452,572  triples=41,527,046  (5 ent/s, 354 triples/s, errors=40822)
  rows=452,616  triples=41,529,447  (5 ent/s, 354 triples/s, errors=40827)
  rows=452,655  triples=41,531,537  (5 ent/s, 354 triples/s, errors=40829)
  rows=452,683  triples=41,532,552  (5 ent/s, 354 triples/s, errors=40829)
  rows=452,715  triples=41,534,590  (5 ent/s, 354 triples/s, errors=40830)
  rows=452,748  triples=41,536,667  (5 ent/s, 354 triples/s, errors=40830)
  rows=452,784  triples=41,538,716  (5 ent/s, 354 triples/s, errors=40833)
  rows=452,825  triples=41,540,395  (5 ent/s, 354 triples/s, errors=40835)
  rows=452,869  triples=41,542,544  (5 ent/s, 354 triples/s, errors=40845)
  rows=452,910  triples=41,544,589  (5 ent/s, 354 triples/s, errors=40849)
  rows=452,948  triples=41,546,791  (5 ent/s, 354 triples/s, errors=40853)
  rows=452,983  triples=41,548,805  (5 ent/s, 354 triples/s, errors=40855)
  rows=453,017  triples=41,550,850  (5 ent/s, 354 triples/s, errors=40872)
  rows=453,059  triples=41,552,883  (5 ent/s, 354 triples/s, errors=40883)
  rows=453,092  triples=41,554,993  (5 ent/s, 354 triples/s, errors=40889)
  rows=453,130  triples=41,557,162  (5 ent/s, 354 triples/s, errors=40891)
  rows=453,181  triples=41,559,298  (5 ent/s, 354 triples/s, errors=40891)
  rows=453,217  triples=41,561,538  (5 ent/s, 354 triples/s, errors=40892)
  rows=453,250  triples=41,563,643  (5 ent/s, 354 triples/s, errors=40893)
  rows=453,292  triples=41,565,796  (5 ent/s, 354 triples/s, errors=40909)
  rows=453,341  triples=41,567,875  (5 ent/s, 354 triples/s, errors=40910)
  rows=453,376  triples=41,569,956  (5 ent/s, 354 triples/s, errors=40910)
  rows=453,402  triples=41,571,556  (5 ent/s, 354 triples/s, errors=40910)
  rows=453,446  triples=41,573,731  (5 ent/s, 354 triples/s, errors=40915)
  rows=453,482  triples=41,575,770  (5 ent/s, 354 triples/s, errors=40915)
  rows=453,536  triples=41,578,931  (5 ent/s, 354 triples/s, errors=40915)
  rows=453,576  triples=41,580,965  (5 ent/s, 354 triples/s, errors=40916)
  rows=453,620  triples=41,583,228  (5 ent/s, 354 triples/s, errors=40982)
  rows=453,666  triples=41,585,280  (5 ent/s, 354 triples/s, errors=40982)
  rows=453,704  triples=41,587,478  (5 ent/s, 354 triples/s, errors=40992)
  rows=453,745  triples=41,589,583  (5 ent/s, 354 triples/s, errors=41002)
  rows=453,781  triples=41,591,696  (5 ent/s, 354 triples/s, errors=41011)
  rows=453,815  triples=41,593,842  (5 ent/s, 354 triples/s, errors=41012)
  rows=453,857  triples=41,595,913  (5 ent/s, 354 triples/s, errors=41012)
  rows=453,895  triples=41,597,934  (5 ent/s, 354 triples/s, errors=41014)
  rows=453,927  triples=41,600,113  (5 ent/s, 354 triples/s, errors=41014)
  rows=453,954  triples=41,602,164  (5 ent/s, 354 triples/s, errors=41022)
  rows=453,999  triples=41,604,250  (5 ent/s, 354 triples/s, errors=41040)
  rows=454,049  triples=41,606,337  (6 ent/s, 354 triples/s, errors=41042)
  rows=454,084  triples=41,608,321  (6 ent/s, 354 triples/s, errors=41070)
  rows=454,130  triples=41,610,378  (6 ent/s, 354 triples/s, errors=41071)
  rows=454,157  triples=41,612,497  (6 ent/s, 354 triples/s, errors=41073)
  rows=454,199  triples=41,614,681  (6 ent/s, 354 triples/s, errors=41081)
  rows=454,232  triples=41,615,790  (6 ent/s, 354 triples/s, errors=41081)
  rows=454,262  triples=41,617,828  (6 ent/s, 354 triples/s, errors=41087)
  rows=454,296  triples=41,620,007  (6 ent/s, 354 triples/s, errors=41094)
  rows=454,337  triples=41,622,060  (6 ent/s, 354 triples/s, errors=41094)
  rows=454,378  triples=41,624,097  (6 ent/s, 354 triples/s, errors=41120)
  rows=454,412  triples=41,626,335  (6 ent/s, 354 triples/s, errors=41141)
  rows=454,453  triples=41,628,493  (6 ent/s, 354 triples/s, errors=41153)
  rows=454,491  triples=41,630,536  (6 ent/s, 354 triples/s, errors=41157)
  rows=454,501  triples=41,630,536  (6 ent/s, 354 triples/s, errors=41157)
  rows=454,518  triples=41,632,665  (5 ent/s, 354 triples/s, errors=41158)
  rows=454,558  triples=41,634,683  (6 ent/s, 354 triples/s, errors=41163)
  rows=454,595  triples=41,636,737  (6 ent/s, 354 triples/s, errors=41227)
  rows=454,612  triples=41,638,133  (5 ent/s, 354 triples/s, errors=41228)
  rows=454,643  triples=41,640,225  (5 ent/s, 354 triples/s, errors=41228)
  rows=454,674  triples=41,642,271  (5 ent/s, 354 triples/s, errors=41240)
  rows=454,707  triples=41,644,441  (5 ent/s, 354 triples/s, errors=41241)
  rows=454,752  triples=41,646,521  (6 ent/s, 354 triples/s, errors=41246)
  rows=454,782  triples=41,648,636  (6 ent/s, 354 triples/s, errors=41253)
  rows=454,820  triples=41,650,676  (6 ent/s, 354 triples/s, errors=41258)
  rows=454,858  triples=41,652,793  (6 ent/s, 354 triples/s, errors=41264)
  rows=454,898  triples=41,654,844  (6 ent/s, 354 triples/s, errors=41266)
  rows=454,937  triples=41,656,981  (6 ent/s, 354 triples/s, errors=41272)
  rows=454,972  triples=41,659,005  (6 ent/s, 354 triples/s, errors=41323)
  rows=455,001  triples=41,660,664  (6 ent/s, 354 triples/s, errors=41326)
  rows=455,038  triples=41,662,737  (6 ent/s, 354 triples/s, errors=41326)
  rows=455,069  triples=41,664,807  (6 ent/s, 354 triples/s, errors=41328)
  rows=455,106  triples=41,666,961  (6 ent/s, 354 triples/s, errors=41334)
  rows=455,150  triples=41,669,001  (6 ent/s, 354 triples/s, errors=41344)
  rows=455,197  triples=41,671,083  (6 ent/s, 354 triples/s, errors=41345)
  rows=455,237  triples=41,673,164  (6 ent/s, 354 triples/s, errors=41355)
  rows=455,271  triples=41,675,226  (6 ent/s, 354 triples/s, errors=41365)
  rows=455,314  triples=41,677,333  (6 ent/s, 354 triples/s, errors=41369)
  rows=455,345  triples=41,679,418  (6 ent/s, 354 triples/s, errors=41375)
  rows=455,374  triples=41,681,520  (6 ent/s, 354 triples/s, errors=41381)
  rows=455,421  triples=41,683,417  (6 ent/s, 354 triples/s, errors=41381)
  rows=455,446  triples=41,685,663  (6 ent/s, 354 triples/s, errors=41383)
  rows=455,472  triples=41,687,709  (6 ent/s, 354 triples/s, errors=41388)
  rows=455,516  triples=41,689,796  (6 ent/s, 354 triples/s, errors=41391)
  rows=455,540  triples=41,691,891  (6 ent/s, 354 triples/s, errors=41396)
  rows=455,571  triples=41,694,070  (6 ent/s, 354 triples/s, errors=41396)
  rows=455,601  triples=41,696,040  (6 ent/s, 354 triples/s, errors=41397)
  rows=455,637  triples=41,698,149  (6 ent/s, 354 triples/s, errors=41398)
  rows=455,682  triples=41,700,245  (6 ent/s, 354 triples/s, errors=41402)
  rows=455,723  triples=41,702,386  (6 ent/s, 354 triples/s, errors=41404)
  rows=455,760  triples=41,704,410  (6 ent/s, 354 triples/s, errors=41406)
  rows=455,796  triples=41,706,489  (6 ent/s, 354 triples/s, errors=41408)
  rows=455,826  triples=41,707,542  (6 ent/s, 354 triples/s, errors=41409)
  rows=455,849  triples=41,709,591  (6 ent/s, 354 triples/s, errors=41413)
  rows=455,882  triples=41,711,751  (6 ent/s, 354 triples/s, errors=41428)
  rows=455,921  triples=41,713,757  (6 ent/s, 354 triples/s, errors=41439)
  rows=455,966  triples=41,715,786  (6 ent/s, 354 triples/s, errors=41446)
  rows=456,000  triples=41,717,848  (6 ent/s, 354 triples/s, errors=41451)
  rows=456,034  triples=41,720,076  (6 ent/s, 354 triples/s, errors=41452)
  rows=456,073  triples=41,722,092  (6 ent/s, 354 triples/s, errors=41453)
  rows=456,113  triples=41,724,322  (6 ent/s, 354 triples/s, errors=41457)
  rows=456,145  triples=41,726,355  (6 ent/s, 354 triples/s, errors=41458)
  rows=456,175  triples=41,728,431  (6 ent/s, 354 triples/s, errors=41464)
  rows=456,218  triples=41,730,871  (6 ent/s, 354 triples/s, errors=41488)
  rows=456,252  triples=41,732,874  (6 ent/s, 354 triples/s, errors=41491)
  rows=456,285  triples=41,734,993  (6 ent/s, 354 triples/s, errors=41494)
  rows=456,317  triples=41,737,000  (6 ent/s, 354 triples/s, errors=41498)
  rows=456,319  triples=41,737,000  (6 ent/s, 354 triples/s, errors=41498)
  rows=456,352  triples=41,739,049  (6 ent/s, 354 triples/s, errors=41503)
  rows=456,388  triples=41,741,163  (6 ent/s, 354 triples/s, errors=41503)
  rows=456,416  triples=41,742,792  (6 ent/s, 354 triples/s, errors=41503)
  rows=456,449  triples=41,744,862  (6 ent/s, 354 triples/s, errors=41506)
  rows=456,486  triples=41,747,017  (6 ent/s, 354 triples/s, errors=41507)
  rows=456,520  triples=41,749,170  (6 ent/s, 354 triples/s, errors=41516)
  rows=456,558  triples=41,751,319  (6 ent/s, 354 triples/s, errors=41531)
  rows=456,596  triples=41,753,483  (6 ent/s, 354 triples/s, errors=41533)
  rows=456,632  triples=41,754,900  (6 ent/s, 354 triples/s, errors=41551)
  rows=456,659  triples=41,756,923  (6 ent/s, 354 triples/s, errors=41552)
  rows=456,693  triples=41,758,976  (6 ent/s, 354 triples/s, errors=41555)
  rows=456,721  triples=41,761,048  (6 ent/s, 354 triples/s, errors=41563)
  rows=456,762  triples=41,763,101  (6 ent/s, 354 triples/s, errors=41574)
  rows=456,799  triples=41,765,278  (6 ent/s, 354 triples/s, errors=41575)
  rows=456,830  triples=41,767,347  (6 ent/s, 354 triples/s, errors=41576)
  rows=456,853  triples=41,769,990  (6 ent/s, 354 triples/s, errors=41856)
  rows=456,879  triples=41,772,080  (6 ent/s, 354 triples/s, errors=41891)
  rows=456,909  triples=41,774,353  (6 ent/s, 354 triples/s, errors=41905)
  rows=456,938  triples=41,776,461  (6 ent/s, 354 triples/s, errors=41908)
  rows=456,973  triples=41,778,516  (6 ent/s, 354 triples/s, errors=41918)
  rows=457,001  triples=41,779,981  (6 ent/s, 354 triples/s, errors=41920)
  rows=457,032  triples=41,782,047  (6 ent/s, 354 triples/s, errors=41926)
  rows=457,069  triples=41,784,081  (6 ent/s, 354 triples/s, errors=41942)
  rows=457,103  triples=41,786,175  (6 ent/s, 354 triples/s, errors=41943)
  rows=457,133  triples=41,788,198  (6 ent/s, 354 triples/s, errors=41945)
  rows=457,154  triples=41,790,335  (6 ent/s, 354 triples/s, errors=41955)
  rows=457,184  triples=41,792,866  (6 ent/s, 354 triples/s, errors=42093)
  rows=457,217  triples=41,795,081  (6 ent/s, 354 triples/s, errors=42094)
  rows=457,270  triples=41,797,178  (6 ent/s, 354 triples/s, errors=42095)
  rows=457,303  triples=41,799,187  (6 ent/s, 354 triples/s, errors=42103)
  rows=457,341  triples=41,801,286  (6 ent/s, 354 triples/s, errors=42115)
  rows=457,376  triples=41,803,299  (6 ent/s, 354 triples/s, errors=42117)
  rows=457,415  triples=41,805,398  (6 ent/s, 354 triples/s, errors=42117)
  rows=457,450  triples=41,807,472  (6 ent/s, 354 triples/s, errors=42117)
  rows=457,482  triples=41,809,630  (6 ent/s, 354 triples/s, errors=42117)
  rows=457,519  triples=41,811,714  (6 ent/s, 354 triples/s, errors=42122)
  rows=457,552  triples=41,813,735  (6 ent/s, 354 triples/s, errors=42126)
  rows=457,579  triples=41,815,866  (6 ent/s, 354 triples/s, errors=42136)
  rows=457,615  triples=41,818,172  (6 ent/s, 354 triples/s, errors=42136)
  rows=457,645  triples=41,820,263  (6 ent/s, 354 triples/s, errors=42136)
  rows=457,679  triples=41,822,482  (6 ent/s, 354 triples/s, errors=42145)
  rows=457,714  triples=41,824,626  (6 ent/s, 354 triples/s, errors=42146)
  rows=457,750  triples=41,826,714  (6 ent/s, 354 triples/s, errors=42148)
  rows=457,777  triples=41,828,791  (6 ent/s, 354 triples/s, errors=42149)
  rows=457,802  triples=41,830,317  (6 ent/s, 354 triples/s, errors=42149)
  rows=457,828  triples=41,832,347  (6 ent/s, 354 triples/s, errors=42149)
  rows=457,865  triples=41,834,465  (6 ent/s, 354 triples/s, errors=42159)
  rows=457,897  triples=41,836,459  (6 ent/s, 354 triples/s, errors=42176)
  rows=457,934  triples=41,838,476  (6 ent/s, 354 triples/s, errors=42177)
  rows=457,972  triples=41,840,578  (6 ent/s, 354 triples/s, errors=42183)
  rows=458,001  triples=41,842,128  (6 ent/s, 354 triples/s, errors=42196)
  rows=458,032  triples=41,844,166  (6 ent/s, 354 triples/s, errors=42199)
  rows=458,058  triples=41,846,240  (6 ent/s, 354 triples/s, errors=42201)
  rows=458,104  triples=41,848,306  (6 ent/s, 355 triples/s, errors=42202)
  rows=458,134  triples=41,850,326  (6 ent/s, 355 triples/s, errors=42218)
  rows=458,137  triples=41,850,326  (6 ent/s, 354 triples/s, errors=42218)
  rows=458,166  triples=41,852,363  (6 ent/s, 354 triples/s, errors=42241)
  rows=458,196  triples=41,854,599  (6 ent/s, 354 triples/s, errors=42311)
  rows=458,228  triples=41,857,038  (6 ent/s, 354 triples/s, errors=42319)
  rows=458,271  triples=41,859,138  (6 ent/s, 354 triples/s, errors=42321)
  rows=458,311  triples=41,861,321  (6 ent/s, 354 triples/s, errors=42330)
  rows=458,340  triples=41,863,435  (6 ent/s, 354 triples/s, errors=42333)
  rows=458,373  triples=41,865,604  (6 ent/s, 354 triples/s, errors=42338)
  rows=458,401  triples=41,867,263  (6 ent/s, 354 triples/s, errors=42350)
  rows=458,437  triples=41,869,350  (6 ent/s, 354 triples/s, errors=42352)
  rows=458,484  triples=41,872,476  (6 ent/s, 354 triples/s, errors=42352)
  rows=458,518  triples=41,874,506  (6 ent/s, 354 triples/s, errors=42356)
  rows=458,550  triples=41,876,551  (6 ent/s, 354 triples/s, errors=42362)
  rows=458,592  triples=41,878,698  (6 ent/s, 354 triples/s, errors=42365)
  rows=458,637  triples=41,881,012  (6 ent/s, 354 triples/s, errors=42365)
  rows=458,660  triples=41,882,976  (6 ent/s, 354 triples/s, errors=42463)
  rows=458,697  triples=41,885,048  (6 ent/s, 354 triples/s, errors=42473)
  rows=458,729  triples=41,887,160  (6 ent/s, 354 triples/s, errors=42482)
  rows=458,760  triples=41,889,332  (6 ent/s, 354 triples/s, errors=42497)
  rows=458,801  triples=41,892,268  (6 ent/s, 354 triples/s, errors=42525)
  rows=458,831  triples=41,894,344  (6 ent/s, 354 triples/s, errors=42534)
  rows=458,868  triples=41,896,446  (6 ent/s, 354 triples/s, errors=42541)
  rows=458,919  triples=41,898,522  (6 ent/s, 354 triples/s, errors=42541)
  rows=458,939  triples=41,900,718  (6 ent/s, 354 triples/s, errors=42551)
  rows=458,974  triples=41,902,839  (6 ent/s, 354 triples/s, errors=42552)
  rows=459,001  triples=41,904,739  (6 ent/s, 354 triples/s, errors=42562)
  rows=459,043  triples=41,906,830  (6 ent/s, 355 triples/s, errors=42566)
  rows=459,102  triples=41,909,951  (6 ent/s, 355 triples/s, errors=42569)
  rows=459,136  triples=41,912,002  (6 ent/s, 355 triples/s, errors=42574)
  rows=459,163  triples=41,914,092  (6 ent/s, 355 triples/s, errors=42576)
  rows=459,201  triples=41,915,871  (6 ent/s, 355 triples/s, errors=42580)
  rows=459,234  triples=41,917,885  (6 ent/s, 355 triples/s, errors=42581)
  rows=459,273  triples=41,919,956  (6 ent/s, 355 triples/s, errors=42584)
  rows=459,306  triples=41,921,817  (6 ent/s, 355 triples/s, errors=42776)
  rows=459,334  triples=41,923,885  (6 ent/s, 355 triples/s, errors=42777)
  rows=459,364  triples=41,925,894  (6 ent/s, 355 triples/s, errors=42782)
  rows=459,401  triples=41,927,792  (6 ent/s, 355 triples/s, errors=42785)
  rows=459,430  triples=41,929,804  (6 ent/s, 355 triples/s, errors=42798)
  rows=459,460  triples=41,931,863  (6 ent/s, 355 triples/s, errors=42816)
  rows=459,499  triples=41,933,936  (6 ent/s, 355 triples/s, errors=42819)
  rows=459,530  triples=41,935,996  (6 ent/s, 355 triples/s, errors=42826)
  rows=459,569  triples=41,938,089  (6 ent/s, 355 triples/s, errors=42826)
  rows=459,620  triples=41,940,857  (6 ent/s, 355 triples/s, errors=42838)
  rows=459,652  triples=41,943,016  (6 ent/s, 355 triples/s, errors=42840)
  rows=459,686  triples=41,945,043  (6 ent/s, 355 triples/s, errors=42843)
  rows=459,736  triples=41,947,127  (6 ent/s, 355 triples/s, errors=42844)
  rows=459,763  triples=41,950,204  (6 ent/s, 355 triples/s, errors=42847)
  rows=459,805  triples=41,952,111  (6 ent/s, 355 triples/s, errors=42847)
  rows=459,844  triples=41,954,229  (6 ent/s, 355 triples/s, errors=42848)
  rows=459,882  triples=41,956,373  (6 ent/s, 355 triples/s, errors=42848)
  rows=459,919  triples=41,958,436  (6 ent/s, 355 triples/s, errors=42849)
  rows=459,952  triples=41,960,528  (6 ent/s, 355 triples/s, errors=42852)
  rows=459,955  triples=41,960,528  (6 ent/s, 355 triples/s, errors=42852)
  rows=459,980  triples=41,962,563  (6 ent/s, 355 triples/s, errors=42854)
  rows=460,013  triples=41,964,754  (6 ent/s, 355 triples/s, errors=42951)
  rows=460,052  triples=41,966,904  (6 ent/s, 355 triples/s, errors=42956)
  rows=460,072  triples=41,968,376  (6 ent/s, 355 triples/s, errors=43503)
  rows=460,106  triples=41,970,530  (6 ent/s, 355 triples/s, errors=43511)
  rows=460,140  triples=41,972,647  (6 ent/s, 355 triples/s, errors=43519)
  rows=460,182  triples=41,974,774  (6 ent/s, 355 triples/s, errors=43523)
  rows=460,221  triples=41,976,739  (6 ent/s, 355 triples/s, errors=43523)
  rows=460,254  triples=41,978,830  (6 ent/s, 355 triples/s, errors=43524)
  rows=460,286  triples=41,980,982  (6 ent/s, 355 triples/s, errors=43529)
  rows=460,318  triples=41,983,020  (6 ent/s, 355 triples/s, errors=43529)
  rows=460,364  triples=41,985,094  (6 ent/s, 355 triples/s, errors=43529)
  rows=460,386  triples=41,987,345  (6 ent/s, 355 triples/s, errors=43636)
  rows=460,415  triples=41,989,255  (6 ent/s, 355 triples/s, errors=43638)
  rows=460,446  triples=41,991,552  (6 ent/s, 355 triples/s, errors=43699)
  rows=460,473  triples=41,993,633  (6 ent/s, 355 triples/s, errors=43701)
  rows=460,507  triples=41,996,148  (6 ent/s, 355 triples/s, errors=43853)
  rows=460,539  triples=41,998,200  (6 ent/s, 355 triples/s, errors=43855)
  rows=460,564  triples=42,000,265  (6 ent/s, 355 triples/s, errors=43873)
  rows=460,594  triples=42,002,369  (6 ent/s, 355 triples/s, errors=43876)
  rows=460,615  triples=42,003,824  (6 ent/s, 355 triples/s, errors=43877)
  rows=460,654  triples=42,005,832  (6 ent/s, 355 triples/s, errors=43882)
  rows=460,684  triples=42,008,053  (6 ent/s, 355 triples/s, errors=43882)
  rows=460,720  triples=42,010,085  (6 ent/s, 355 triples/s, errors=43886)
  rows=460,756  triples=42,012,174  (6 ent/s, 355 triples/s, errors=43891)
  rows=460,797  triples=42,014,212  (6 ent/s, 355 triples/s, errors=43904)
  rows=460,829  triples=42,016,005  (6 ent/s, 355 triples/s, errors=43909)
  rows=460,865  triples=42,018,039  (6 ent/s, 355 triples/s, errors=43911)
  rows=460,899  triples=42,020,073  (6 ent/s, 355 triples/s, errors=43920)
  rows=460,934  triples=42,022,290  (6 ent/s, 355 triples/s, errors=43930)
  rows=460,965  triples=42,024,358  (6 ent/s, 355 triples/s, errors=43944)
  rows=461,001  triples=42,026,360  (6 ent/s, 355 triples/s, errors=43949)
  rows=461,036  triples=42,028,381  (6 ent/s, 355 triples/s, errors=43954)
  rows=461,078  triples=42,030,431  (6 ent/s, 355 triples/s, errors=43954)
  rows=461,119  triples=42,033,479  (6 ent/s, 355 triples/s, errors=43961)
  rows=461,163  triples=42,035,620  (6 ent/s, 355 triples/s, errors=43967)
  rows=461,186  triples=42,037,711  (6 ent/s, 355 triples/s, errors=43971)
  rows=461,212  triples=42,039,587  (6 ent/s, 355 triples/s, errors=43980)
  rows=461,245  triples=42,041,669  (6 ent/s, 355 triples/s, errors=43982)
  rows=461,280  triples=42,043,710  (6 ent/s, 355 triples/s, errors=43986)
  rows=461,314  triples=42,045,780  (6 ent/s, 355 triples/s, errors=44005)
  rows=461,348  triples=42,047,922  (6 ent/s, 355 triples/s, errors=44008)
  rows=461,390  triples=42,049,931  (6 ent/s, 355 triples/s, errors=44014)
  rows=461,418  triples=42,051,567  (6 ent/s, 355 triples/s, errors=44016)
  rows=461,454  triples=42,053,592  (6 ent/s, 355 triples/s, errors=44017)
  rows=461,478  triples=42,055,538  (6 ent/s, 355 triples/s, errors=44151)
  rows=461,505  triples=42,057,647  (6 ent/s, 355 triples/s, errors=44331)
  rows=461,543  triples=42,059,751  (6 ent/s, 355 triples/s, errors=44345)
  rows=461,569  triples=42,061,848  (6 ent/s, 355 triples/s, errors=44362)
  rows=461,612  triples=42,064,523  (6 ent/s, 355 triples/s, errors=44367)
  rows=461,652  triples=42,066,648  (6 ent/s, 355 triples/s, errors=44369)
  rows=461,680  triples=42,068,759  (6 ent/s, 355 triples/s, errors=44382)
  rows=461,716  triples=42,070,844  (6 ent/s, 355 triples/s, errors=44392)
  rows=461,749  triples=42,072,980  (6 ent/s, 355 triples/s, errors=44409)
  rows=461,773  triples=42,073,816  (6 ent/s, 355 triples/s, errors=44582)
  rows=461,798  triples=42,075,915  (6 ent/s, 355 triples/s, errors=44582)
  rows=461,838  triples=42,078,179  (6 ent/s, 355 triples/s, errors=44584)
  rows=461,871  triples=42,080,171  (6 ent/s, 355 triples/s, errors=44604)
  rows=461,907  triples=42,082,245  (6 ent/s, 355 triples/s, errors=44607)
  rows=461,942  triples=42,084,429  (6 ent/s, 355 triples/s, errors=44616)
  rows=461,976  triples=42,086,460  (6 ent/s, 355 triples/s, errors=44624)
  rows=462,025  triples=42,089,087  (6 ent/s, 355 triples/s, errors=44635)
  rows=462,055  triples=42,091,117  (6 ent/s, 355 triples/s, errors=44639)
  rows=462,089  triples=42,093,222  (6 ent/s, 355 triples/s, errors=44640)
  rows=462,123  triples=42,095,309  (6 ent/s, 355 triples/s, errors=44647)
  rows=462,163  triples=42,097,363  (6 ent/s, 355 triples/s, errors=44650)
  rows=462,201  triples=42,099,306  (6 ent/s, 355 triples/s, errors=44662)
  rows=462,240  triples=42,101,395  (6 ent/s, 355 triples/s, errors=44667)
  rows=462,292  triples=42,104,540  (6 ent/s, 355 triples/s, errors=44676)
  rows=462,331  triples=42,106,629  (6 ent/s, 355 triples/s, errors=44681)
  rows=462,363  triples=42,108,653  (6 ent/s, 355 triples/s, errors=44684)
  rows=462,401  triples=42,110,582  (6 ent/s, 355 triples/s, errors=44686)
  rows=462,439  triples=42,112,656  (6 ent/s, 355 triples/s, errors=44688)
  rows=462,471  triples=42,114,734  (6 ent/s, 355 triples/s, errors=44688)
  rows=462,501  triples=42,116,740  (6 ent/s, 355 triples/s, errors=44730)
  rows=462,537  triples=42,118,900  (6 ent/s, 355 triples/s, errors=44732)
  rows=462,570  triples=42,120,984  (6 ent/s, 355 triples/s, errors=44732)
  rows=462,601  triples=42,122,524  (6 ent/s, 355 triples/s, errors=44732)
  rows=462,637  triples=42,124,581  (6 ent/s, 355 triples/s, errors=44734)
  rows=462,672  triples=42,126,715  (6 ent/s, 355 triples/s, errors=44735)
  rows=462,705  triples=42,128,782  (6 ent/s, 355 triples/s, errors=44745)
  rows=462,721  triples=42,129,800  (6 ent/s, 355 triples/s, errors=44746)
  rows=462,743  triples=42,130,817  (6 ent/s, 355 triples/s, errors=44748)
  rows=462,778  triples=42,132,904  (6 ent/s, 355 triples/s, errors=44756)
  rows=462,811  triples=42,135,316  (6 ent/s, 355 triples/s, errors=44764)
  rows=462,846  triples=42,137,411  (6 ent/s, 355 triples/s, errors=44770)
  rows=462,880  triples=42,139,622  (6 ent/s, 355 triples/s, errors=44771)
  rows=462,912  triples=42,141,647  (6 ent/s, 355 triples/s, errors=44775)
  rows=462,942  triples=42,143,772  (6 ent/s, 355 triples/s, errors=44783)
  rows=462,983  triples=42,145,888  (6 ent/s, 355 triples/s, errors=44783)
  rows=463,018  triples=42,148,354  (6 ent/s, 355 triples/s, errors=44785)
  rows=463,051  triples=42,150,417  (6 ent/s, 355 triples/s, errors=44790)
  rows=463,088  triples=42,152,433  (6 ent/s, 355 triples/s, errors=44794)
  rows=463,121  triples=42,154,513  (6 ent/s, 355 triples/s, errors=44794)
  rows=463,155  triples=42,156,713  (6 ent/s, 355 triples/s, errors=44796)
  rows=463,189  triples=42,158,945  (6 ent/s, 355 triples/s, errors=44798)
  rows=463,238  triples=42,161,493  (6 ent/s, 355 triples/s, errors=44801)
  rows=463,271  triples=42,163,601  (6 ent/s, 355 triples/s, errors=44801)
  rows=463,307  triples=42,165,810  (6 ent/s, 355 triples/s, errors=44813)
  rows=463,342  triples=42,167,832  (6 ent/s, 355 triples/s, errors=44820)
  rows=463,373  triples=42,169,883  (6 ent/s, 355 triples/s, errors=44820)
  rows=463,410  triples=42,171,712  (6 ent/s, 355 triples/s, errors=44823)
  rows=463,434  triples=42,173,754  (6 ent/s, 355 triples/s, errors=44827)
  rows=463,463  triples=42,176,142  (6 ent/s, 355 triples/s, errors=44956)
  rows=463,499  triples=42,178,241  (6 ent/s, 355 triples/s, errors=44960)
  rows=463,533  triples=42,180,302  (6 ent/s, 355 triples/s, errors=44966)
  rows=463,571  triples=42,182,376  (6 ent/s, 355 triples/s, errors=44975)
  rows=463,591  triples=42,183,381  (6 ent/s, 354 triples/s, errors=44975)
  rows=463,642  triples=42,186,373  (6 ent/s, 355 triples/s, errors=44975)
  rows=463,674  triples=42,188,417  (6 ent/s, 355 triples/s, errors=44976)
  rows=463,708  triples=42,190,602  (6 ent/s, 355 triples/s, errors=44978)
  rows=463,737  triples=42,192,677  (6 ent/s, 355 triples/s, errors=44982)
  rows=463,778  triples=42,194,703  (6 ent/s, 355 triples/s, errors=44983)
  rows=463,824  triples=42,197,001  (6 ent/s, 355 triples/s, errors=44983)
  rows=463,867  triples=42,199,156  (6 ent/s, 355 triples/s, errors=44988)
  rows=463,905  triples=42,202,270  (6 ent/s, 355 triples/s, errors=44988)
  rows=463,940  triples=42,204,327  (6 ent/s, 355 triples/s, errors=44988)
  rows=463,971  triples=42,206,404  (6 ent/s, 355 triples/s, errors=44990)
  rows=464,001  triples=42,208,242  (6 ent/s, 355 triples/s, errors=45011)
  rows=464,029  triples=42,210,289  (6 ent/s, 355 triples/s, errors=45024)
  rows=464,065  triples=42,212,361  (6 ent/s, 355 triples/s, errors=45025)
  rows=464,101  triples=42,214,369  (6 ent/s, 355 triples/s, errors=45028)
  rows=464,137  triples=42,216,390  (6 ent/s, 355 triples/s, errors=45036)
  rows=464,177  triples=42,218,432  (6 ent/s, 355 triples/s, errors=45039)
  rows=464,201  triples=42,220,347  (6 ent/s, 355 triples/s, errors=45040)
  rows=464,229  triples=42,222,497  (6 ent/s, 355 triples/s, errors=45043)
  rows=464,271  triples=42,224,559  (6 ent/s, 355 triples/s, errors=45046)
  rows=464,309  triples=42,226,624  (6 ent/s, 355 triples/s, errors=45065)
  rows=464,341  triples=42,228,737  (6 ent/s, 355 triples/s, errors=45068)
  rows=464,371  triples=42,230,777  (6 ent/s, 355 triples/s, errors=45069)
  rows=464,412  triples=42,232,418  (6 ent/s, 355 triples/s, errors=45071)
  rows=464,428  triples=42,234,908  (6 ent/s, 355 triples/s, errors=45156)
  rows=464,459  triples=42,237,000  (6 ent/s, 355 triples/s, errors=45158)
  rows=464,490  triples=42,239,104  (6 ent/s, 355 triples/s, errors=45164)
  rows=464,521  triples=42,241,247  (6 ent/s, 355 triples/s, errors=45164)
  rows=464,559  triples=42,243,298  (6 ent/s, 355 triples/s, errors=45168)
  rows=464,595  triples=42,245,443  (6 ent/s, 355 triples/s, errors=45169)
  rows=464,634  triples=42,247,654  (6 ent/s, 355 triples/s, errors=45187)
  rows=464,667  triples=42,249,764  (6 ent/s, 355 triples/s, errors=45190)
  rows=464,702  triples=42,251,801  (6 ent/s, 355 triples/s, errors=45193)
  rows=464,732  triples=42,253,861  (6 ent/s, 355 triples/s, errors=45201)
  rows=464,764  triples=42,255,988  (6 ent/s, 355 triples/s, errors=45213)
  rows=464,792  triples=42,257,991  (6 ent/s, 355 triples/s, errors=45274)
  rows=464,819  triples=42,259,687  (6 ent/s, 355 triples/s, errors=45276)
  rows=464,855  triples=42,261,751  (6 ent/s, 355 triples/s, errors=45276)
  rows=464,890  triples=42,263,900  (6 ent/s, 355 triples/s, errors=45281)
  rows=464,931  triples=42,266,028  (6 ent/s, 355 triples/s, errors=45285)
  rows=464,963  triples=42,268,134  (6 ent/s, 355 triples/s, errors=45286)
  rows=464,998  triples=42,270,140  (6 ent/s, 355 triples/s, errors=45296)
  rows=465,034  triples=42,272,222  (6 ent/s, 355 triples/s, errors=45302)
  rows=465,069  triples=42,274,378  (6 ent/s, 355 triples/s, errors=45519)
  rows=465,101  triples=42,276,417  (6 ent/s, 355 triples/s, errors=45525)
  rows=465,136  triples=42,278,523  (6 ent/s, 355 triples/s, errors=45527)
  rows=465,169  triples=42,280,557  (6 ent/s, 355 triples/s, errors=45543)
  rows=465,196  triples=42,282,637  (6 ent/s, 355 triples/s, errors=45643)
  rows=465,222  triples=42,283,921  (6 ent/s, 355 triples/s, errors=45645)
  rows=465,250  triples=42,285,966  (6 ent/s, 355 triples/s, errors=45653)
  rows=465,282  triples=42,288,059  (6 ent/s, 355 triples/s, errors=45659)
  rows=465,315  triples=42,290,096  (6 ent/s, 355 triples/s, errors=45662)
  rows=465,338  triples=42,292,103  (6 ent/s, 355 triples/s, errors=45801)
  rows=465,372  triples=42,294,150  (6 ent/s, 355 triples/s, errors=45803)
  rows=465,409  triples=42,295,443  (6 ent/s, 355 triples/s, errors=45803)
  rows=465,435  triples=42,297,594  (6 ent/s, 355 triples/s, errors=45812)
  rows=465,464  triples=42,299,590  (6 ent/s, 355 triples/s, errors=45882)
  rows=465,497  triples=42,301,680  (6 ent/s, 355 triples/s, errors=45893)
  rows=465,529  triples=42,303,732  (6 ent/s, 355 triples/s, errors=45895)
  rows=465,561  triples=42,305,858  (6 ent/s, 355 triples/s, errors=45897)
  rows=465,593  triples=42,307,925  (6 ent/s, 355 triples/s, errors=45907)
  rows=465,632  triples=42,310,420  (6 ent/s, 355 triples/s, errors=45911)
  rows=465,671  triples=42,312,541  (6 ent/s, 355 triples/s, errors=45911)
  rows=465,698  triples=42,314,670  (6 ent/s, 355 triples/s, errors=46145)
  rows=465,735  triples=42,316,641  (6 ent/s, 355 triples/s, errors=46181)
  rows=465,774  triples=42,318,805  (6 ent/s, 355 triples/s, errors=46185)
  rows=465,815  triples=42,321,791  (6 ent/s, 355 triples/s, errors=46199)
  rows=465,840  triples=42,323,856  (6 ent/s, 355 triples/s, errors=46209)
  rows=465,872  triples=42,325,899  (6 ent/s, 355 triples/s, errors=46209)
  rows=465,911  triples=42,327,933  (6 ent/s, 355 triples/s, errors=46209)
  rows=465,943  triples=42,330,070  (6 ent/s, 355 triples/s, errors=46210)
  rows=465,983  triples=42,332,068  (6 ent/s, 355 triples/s, errors=46222)
  rows=466,020  triples=42,334,047  (6 ent/s, 355 triples/s, errors=46222)
  rows=466,051  triples=42,336,160  (6 ent/s, 355 triples/s, errors=46223)
  rows=466,076  triples=42,338,228  (6 ent/s, 355 triples/s, errors=46250)
  rows=466,116  triples=42,340,269  (6 ent/s, 355 triples/s, errors=46251)
  rows=466,145  triples=42,342,312  (6 ent/s, 355 triples/s, errors=46265)
  rows=466,171  triples=42,344,389  (6 ent/s, 355 triples/s, errors=46267)
  rows=466,215  triples=42,346,979  (6 ent/s, 355 triples/s, errors=46270)
  rows=466,241  triples=42,348,968  (6 ent/s, 355 triples/s, errors=46306)
  rows=466,277  triples=42,350,963  (6 ent/s, 355 triples/s, errors=46352)
  rows=466,315  triples=42,353,042  (6 ent/s, 355 triples/s, errors=46365)
  rows=466,353  triples=42,355,108  (6 ent/s, 355 triples/s, errors=46366)
  rows=466,390  triples=42,357,153  (6 ent/s, 355 triples/s, errors=46373)
  rows=466,419  triples=42,358,777  (6 ent/s, 355 triples/s, errors=46376)
  rows=466,458  triples=42,361,686  (6 ent/s, 355 triples/s, errors=46528)
  rows=466,494  triples=42,363,722  (6 ent/s, 355 triples/s, errors=46531)
  rows=466,527  triples=42,365,850  (6 ent/s, 355 triples/s, errors=46536)
  rows=466,564  triples=42,367,920  (6 ent/s, 355 triples/s, errors=46536)
  rows=466,599  triples=42,369,964  (6 ent/s, 355 triples/s, errors=46538)
  rows=466,638  triples=42,372,039  (6 ent/s, 355 triples/s, errors=46539)
  rows=466,667  triples=42,374,073  (6 ent/s, 355 triples/s, errors=46542)
  rows=466,696  triples=42,376,236  (6 ent/s, 355 triples/s, errors=46544)
  rows=466,729  triples=42,378,253  (6 ent/s, 355 triples/s, errors=46547)
  rows=466,768  triples=42,380,362  (6 ent/s, 355 triples/s, errors=46550)
  rows=466,812  triples=42,382,061  (6 ent/s, 355 triples/s, errors=46553)
  rows=466,838  triples=42,384,086  (6 ent/s, 355 triples/s, errors=46558)
  rows=466,871  triples=42,386,165  (6 ent/s, 355 triples/s, errors=46563)
  rows=466,903  triples=42,388,244  (6 ent/s, 355 triples/s, errors=46572)
  rows=466,939  triples=42,390,284  (6 ent/s, 355 triples/s, errors=46572)
  rows=466,972  triples=42,392,312  (6 ent/s, 355 triples/s, errors=46574)
  rows=467,023  triples=42,394,813  (6 ent/s, 355 triples/s, errors=46583)
  rows=467,056  triples=42,397,081  (6 ent/s, 355 triples/s, errors=46584)
  rows=467,084  triples=42,399,129  (6 ent/s, 355 triples/s, errors=46661)
  rows=467,122  triples=42,401,204  (6 ent/s, 355 triples/s, errors=46670)
  rows=467,158  triples=42,403,366  (6 ent/s, 355 triples/s, errors=46672)
  rows=467,196  triples=42,405,658  (6 ent/s, 355 triples/s, errors=46675)
  rows=467,227  triples=42,406,896  (6 ent/s, 355 triples/s, errors=46675)
  rows=467,252  triples=42,409,012  (6 ent/s, 355 triples/s, errors=46679)
  rows=467,290  triples=42,411,116  (6 ent/s, 355 triples/s, errors=46686)
  rows=467,313  triples=42,413,223  (6 ent/s, 355 triples/s, errors=46827)
  rows=467,344  triples=42,415,298  (6 ent/s, 355 triples/s, errors=46831)
  rows=467,377  triples=42,417,383  (6 ent/s, 355 triples/s, errors=46837)
  rows=467,401  triples=42,418,805  (6 ent/s, 355 triples/s, errors=46837)
  rows=467,440  triples=42,420,951  (6 ent/s, 355 triples/s, errors=46844)
  rows=467,477  triples=42,423,022  (6 ent/s, 355 triples/s, errors=46853)
  rows=467,515  triples=42,425,102  (6 ent/s, 355 triples/s, errors=46860)
  rows=467,551  triples=42,427,209  (6 ent/s, 355 triples/s, errors=46869)
  rows=467,582  triples=42,429,319  (6 ent/s, 355 triples/s, errors=46869)
  rows=467,615  triples=42,431,448  (6 ent/s, 355 triples/s, errors=46875)
  rows=467,635  triples=42,433,463  (6 ent/s, 355 triples/s, errors=46885)
  rows=467,665  triples=42,435,566  (6 ent/s, 355 triples/s, errors=46890)
  rows=467,704  triples=42,437,632  (6 ent/s, 355 triples/s, errors=46898)
  rows=467,729  triples=42,439,718  (6 ent/s, 355 triples/s, errors=46907)
  rows=467,756  triples=42,441,726  (6 ent/s, 355 triples/s, errors=46913)
  rows=467,790  triples=42,443,759  (6 ent/s, 355 triples/s, errors=46930)
  rows=467,834  triples=42,446,456  (6 ent/s, 355 triples/s, errors=46931)
  rows=467,862  triples=42,448,455  (6 ent/s, 355 triples/s, errors=46987)
  rows=467,898  triples=42,450,560  (6 ent/s, 355 triples/s, errors=46992)
  rows=467,938  triples=42,452,619  (6 ent/s, 355 triples/s, errors=46993)
  rows=467,980  triples=42,454,716  (6 ent/s, 355 triples/s, errors=47004)
  rows=468,013  triples=42,457,224  (6 ent/s, 355 triples/s, errors=47005)
  rows=468,048  triples=42,459,347  (6 ent/s, 355 triples/s, errors=47009)
  rows=468,080  triples=42,461,386  (6 ent/s, 355 triples/s, errors=47015)
  rows=468,110  triples=42,463,434  (6 ent/s, 355 triples/s, errors=47023)
  rows=468,139  triples=42,465,480  (6 ent/s, 355 triples/s, errors=47024)
  rows=468,168  triples=42,467,575  (6 ent/s, 355 triples/s, errors=47102)
  rows=468,199  triples=42,469,608  (6 ent/s, 355 triples/s, errors=47110)
  rows=468,238  triples=42,471,978  (6 ent/s, 355 triples/s, errors=47113)
  rows=468,273  triples=42,473,989  (6 ent/s, 355 triples/s, errors=47118)
  rows=468,304  triples=42,476,146  (6 ent/s, 355 triples/s, errors=47125)
  rows=468,343  triples=42,478,315  (6 ent/s, 355 triples/s, errors=47128)
  rows=468,377  triples=42,480,335  (6 ent/s, 355 triples/s, errors=47136)
  rows=468,416  triples=42,482,919  (6 ent/s, 355 triples/s, errors=47150)
  rows=468,449  triples=42,484,958  (6 ent/s, 355 triples/s, errors=47151)
  rows=468,489  triples=42,487,023  (6 ent/s, 355 triples/s, errors=47155)
  rows=468,524  triples=42,489,126  (6 ent/s, 355 triples/s, errors=47161)
  rows=468,556  triples=42,491,204  (6 ent/s, 355 triples/s, errors=47164)
  rows=468,592  triples=42,493,214  (6 ent/s, 355 triples/s, errors=47166)
  rows=468,624  triples=42,494,767  (6 ent/s, 355 triples/s, errors=47171)
  rows=468,651  triples=42,496,795  (6 ent/s, 355 triples/s, errors=47181)
  rows=468,684  triples=42,498,954  (6 ent/s, 355 triples/s, errors=47263)
  rows=468,718  triples=42,500,994  (6 ent/s, 355 triples/s, errors=47264)
  rows=468,751  triples=42,503,079  (6 ent/s, 355 triples/s, errors=47269)
  rows=468,781  triples=42,505,135  (6 ent/s, 355 triples/s, errors=47274)
  rows=468,817  triples=42,507,394  (6 ent/s, 355 triples/s, errors=47279)
  rows=468,847  triples=42,509,434  (6 ent/s, 355 triples/s, errors=47283)
  rows=468,889  triples=42,511,561  (6 ent/s, 355 triples/s, errors=47290)
  rows=468,927  triples=42,513,627  (6 ent/s, 355 triples/s, errors=47292)
  rows=468,960  triples=42,515,747  (6 ent/s, 355 triples/s, errors=47323)
  rows=469,001  triples=42,517,782  (6 ent/s, 355 triples/s, errors=47327)
  rows=469,024  triples=42,519,956  (6 ent/s, 355 triples/s, errors=47448)
  rows=469,045  triples=42,521,650  (6 ent/s, 355 triples/s, errors=48077)
  rows=469,074  triples=42,523,826  (6 ent/s, 355 triples/s, errors=48078)
  rows=469,099  triples=42,525,838  (6 ent/s, 355 triples/s, errors=48094)
  rows=469,129  triples=42,527,910  (6 ent/s, 355 triples/s, errors=48094)
  rows=469,162  triples=42,530,000  (6 ent/s, 355 triples/s, errors=48097)
  rows=469,190  triples=42,532,057  (6 ent/s, 355 triples/s, errors=48100)
  rows=469,231  triples=42,534,959  (6 ent/s, 355 triples/s, errors=48565)
  rows=469,263  triples=42,536,965  (6 ent/s, 355 triples/s, errors=48565)
  rows=469,296  triples=42,539,072  (6 ent/s, 355 triples/s, errors=48578)
  rows=469,335  triples=42,541,121  (6 ent/s, 355 triples/s, errors=48582)
  rows=469,371  triples=42,543,277  (6 ent/s, 355 triples/s, errors=48593)
  rows=469,405  triples=42,545,187  (6 ent/s, 355 triples/s, errors=48599)
  rows=469,451  triples=42,548,343  (6 ent/s, 355 triples/s, errors=48604)
  rows=469,481  triples=42,550,418  (6 ent/s, 355 triples/s, errors=48624)
  rows=469,512  triples=42,552,468  (6 ent/s, 355 triples/s, errors=48625)
  rows=469,546  triples=42,554,512  (6 ent/s, 355 triples/s, errors=48625)
  rows=469,580  triples=42,556,577  (6 ent/s, 355 triples/s, errors=48626)
  rows=469,622  triples=42,558,806  (6 ent/s, 355 triples/s, errors=48629)
  rows=469,663  triples=42,560,890  (6 ent/s, 355 triples/s, errors=48634)
  rows=469,695  triples=42,562,959  (6 ent/s, 355 triples/s, errors=48639)
  rows=469,727  triples=42,565,021  (6 ent/s, 355 triples/s, errors=48640)
  rows=469,752  triples=42,567,075  (6 ent/s, 355 triples/s, errors=48642)
  rows=469,786  triples=42,569,200  (6 ent/s, 355 triples/s, errors=48645)
  rows=469,820  triples=42,571,425  (6 ent/s, 355 triples/s, errors=48673)
  rows=469,852  triples=42,573,494  (6 ent/s, 355 triples/s, errors=48681)
  rows=469,888  triples=42,575,533  (6 ent/s, 355 triples/s, errors=48684)
  rows=469,938  triples=42,577,626  (6 ent/s, 355 triples/s, errors=48691)
  rows=469,955  triples=42,579,842  (6 ent/s, 355 triples/s, errors=48708)
  rows=469,995  triples=42,582,936  (6 ent/s, 355 triples/s, errors=48720)
  rows=470,027  triples=42,585,130  (6 ent/s, 355 triples/s, errors=48731)
  rows=470,065  triples=42,587,190  (6 ent/s, 355 triples/s, errors=48735)
  rows=470,087  triples=42,589,148  (6 ent/s, 355 triples/s, errors=48853)
  rows=470,124  triples=42,591,217  (6 ent/s, 355 triples/s, errors=48857)
  rows=470,155  triples=42,593,308  (6 ent/s, 355 triples/s, errors=48857)
  rows=470,186  triples=42,595,376  (6 ent/s, 355 triples/s, errors=48858)
  rows=470,218  triples=42,597,205  (6 ent/s, 355 triples/s, errors=48859)
  rows=470,249  triples=42,599,299  (6 ent/s, 355 triples/s, errors=48864)
  rows=470,283  triples=42,601,452  (6 ent/s, 355 triples/s, errors=48865)
  rows=470,318  triples=42,603,459  (6 ent/s, 355 triples/s, errors=48873)
  rows=470,354  triples=42,605,457  (6 ent/s, 355 triples/s, errors=48995)
  rows=470,384  triples=42,607,529  (6 ent/s, 355 triples/s, errors=48996)
  rows=470,418  triples=42,609,696  (6 ent/s, 355 triples/s, errors=49003)
  rows=470,454  triples=42,611,747  (6 ent/s, 355 triples/s, errors=49013)
  rows=470,494  triples=42,613,779  (6 ent/s, 355 triples/s, errors=49015)
  rows=470,528  triples=42,615,896  (6 ent/s, 355 triples/s, errors=49021)
  rows=470,560  triples=42,617,941  (6 ent/s, 355 triples/s, errors=49157)
  rows=470,600  triples=42,620,006  (6 ent/s, 355 triples/s, errors=49163)
  rows=470,637  triples=42,622,221  (6 ent/s, 355 triples/s, errors=49163)
  rows=470,670  triples=42,624,230  (6 ent/s, 355 triples/s, errors=49170)
  rows=470,702  triples=42,626,424  (6 ent/s, 355 triples/s, errors=49181)
  rows=470,732  triples=42,628,551  (6 ent/s, 355 triples/s, errors=49187)
  rows=470,772  triples=42,630,612  (6 ent/s, 355 triples/s, errors=49193)
  rows=470,796  triples=42,632,629  (6 ent/s, 355 triples/s, errors=49195)
  rows=470,835  triples=42,634,902  (6 ent/s, 355 triples/s, errors=49195)
  rows=470,863  triples=42,635,929  (6 ent/s, 355 triples/s, errors=49197)
  rows=470,890  triples=42,637,983  (6 ent/s, 355 triples/s, errors=49213)
  rows=470,931  triples=42,640,070  (6 ent/s, 355 triples/s, errors=49216)
  rows=470,961  triples=42,642,040  (6 ent/s, 355 triples/s, errors=49264)
  rows=471,001  triples=42,644,246  (6 ent/s, 355 triples/s, errors=49264)
  rows=471,036  triples=42,646,258  (6 ent/s, 355 triples/s, errors=49354)
  rows=471,063  triples=42,648,357  (6 ent/s, 355 triples/s, errors=49367)
  rows=471,097  triples=42,650,783  (6 ent/s, 355 triples/s, errors=49535)
  rows=471,125  triples=42,652,819  (6 ent/s, 355 triples/s, errors=49540)
  rows=471,158  triples=42,655,065  (6 ent/s, 355 triples/s, errors=49567)
  rows=471,197  triples=42,657,196  (6 ent/s, 355 triples/s, errors=49575)
  rows=471,239  triples=42,659,427  (6 ent/s, 355 triples/s, errors=49578)
  rows=471,280  triples=42,661,429  (6 ent/s, 355 triples/s, errors=49582)
  rows=471,317  triples=42,663,513  (6 ent/s, 355 triples/s, errors=49582)
  rows=471,356  triples=42,665,594  (6 ent/s, 355 triples/s, errors=49595)
  rows=471,393  triples=42,667,638  (6 ent/s, 355 triples/s, errors=49596)
  rows=471,434  triples=42,670,132  (6 ent/s, 355 triples/s, errors=49608)
  rows=471,476  triples=42,672,187  (6 ent/s, 355 triples/s, errors=49612)
  rows=471,510  triples=42,674,240  (6 ent/s, 355 triples/s, errors=49618)
  rows=471,553  triples=42,677,288  (6 ent/s, 355 triples/s, errors=49648)
  rows=471,579  triples=42,679,327  (6 ent/s, 355 triples/s, errors=49680)
  rows=471,615  triples=42,681,904  (6 ent/s, 355 triples/s, errors=49683)
  rows=471,649  triples=42,683,848  (6 ent/s, 355 triples/s, errors=49747)
  rows=471,686  triples=42,686,013  (6 ent/s, 355 triples/s, errors=49762)
  rows=471,741  triples=42,689,057  (6 ent/s, 355 triples/s, errors=49767)
  rows=471,778  triples=42,691,096  (6 ent/s, 355 triples/s, errors=49771)
  rows=471,801  triples=42,692,775  (6 ent/s, 355 triples/s, errors=49900)
  rows=471,834  triples=42,694,881  (6 ent/s, 355 triples/s, errors=49902)
  rows=471,869  triples=42,696,954  (6 ent/s, 355 triples/s, errors=49909)
  rows=471,918  triples=42,700,043  (6 ent/s, 355 triples/s, errors=49911)
  rows=471,953  triples=42,702,188  (6 ent/s, 355 triples/s, errors=49923)
  rows=471,981  triples=42,704,222  (6 ent/s, 355 triples/s, errors=49931)
  rows=472,018  triples=42,706,204  (6 ent/s, 355 triples/s, errors=49937)
  rows=472,048  triples=42,708,043  (6 ent/s, 355 triples/s, errors=50137)
  rows=472,073  triples=42,710,104  (6 ent/s, 355 triples/s, errors=50149)
  rows=472,112  triples=42,712,165  (6 ent/s, 355 triples/s, errors=50156)
  rows=472,147  triples=42,714,282  (6 ent/s, 355 triples/s, errors=50157)
  rows=472,181  triples=42,716,383  (6 ent/s, 355 triples/s, errors=50168)
  rows=472,205  triples=42,718,635  (6 ent/s, 355 triples/s, errors=50383)
  rows=472,230  triples=42,720,781  (6 ent/s, 355 triples/s, errors=50388)
  rows=472,267  triples=42,722,848  (6 ent/s, 355 triples/s, errors=50392)
  rows=472,298  triples=42,724,871  (6 ent/s, 355 triples/s, errors=50395)
  rows=472,341  triples=42,727,233  (6 ent/s, 355 triples/s, errors=50399)
  rows=472,368  triples=42,729,485  (6 ent/s, 355 triples/s, errors=50453)
  rows=472,410  triples=42,731,468  (6 ent/s, 355 triples/s, errors=50458)
  rows=472,437  triples=42,733,689  (6 ent/s, 355 triples/s, errors=50473)
  rows=472,465  triples=42,735,710  (6 ent/s, 355 triples/s, errors=50490)
  rows=472,482  triples=42,737,619  (6 ent/s, 355 triples/s, errors=50741)
  rows=472,510  triples=42,739,633  (6 ent/s, 355 triples/s, errors=50778)
  rows=472,552  triples=42,741,677  (6 ent/s, 355 triples/s, errors=50778)
  rows=472,592  triples=42,743,707  (6 ent/s, 355 triples/s, errors=50781)
  rows=472,627  triples=42,745,332  (6 ent/s, 355 triples/s, errors=50782)
  rows=472,647  triples=42,747,342  (6 ent/s, 355 triples/s, errors=50784)
  rows=472,681  triples=42,748,376  (6 ent/s, 355 triples/s, errors=50788)
  rows=472,707  triples=42,750,407  (6 ent/s, 355 triples/s, errors=50793)
  rows=472,738  triples=42,752,477  (6 ent/s, 355 triples/s, errors=50796)
  rows=472,761  triples=42,754,566  (6 ent/s, 355 triples/s, errors=50813)
  rows=472,797  triples=42,756,732  (6 ent/s, 355 triples/s, errors=50819)
  rows=472,836  triples=42,759,028  (6 ent/s, 355 triples/s, errors=50842)
  rows=472,880  triples=42,761,101  (6 ent/s, 355 triples/s, errors=50848)
  rows=472,921  triples=42,763,223  (6 ent/s, 355 triples/s, errors=50856)
  rows=472,959  triples=42,765,337  (6 ent/s, 355 triples/s, errors=50860)
  rows=472,989  triples=42,767,379  (6 ent/s, 355 triples/s, errors=50866)
  rows=473,043  triples=42,770,190  (6 ent/s, 355 triples/s, errors=50870)
  rows=473,083  triples=42,772,254  (6 ent/s, 355 triples/s, errors=50871)
  rows=473,108  triples=42,774,411  (6 ent/s, 355 triples/s, errors=50971)
  rows=473,151  triples=42,776,521  (6 ent/s, 355 triples/s, errors=50976)
  rows=473,187  triples=42,778,539  (6 ent/s, 355 triples/s, errors=50983)
  rows=473,220  triples=42,780,217  (6 ent/s, 355 triples/s, errors=50983)
  rows=473,253  triples=42,782,091  (6 ent/s, 355 triples/s, errors=51115)
  rows=473,285  triples=42,784,175  (6 ent/s, 355 triples/s, errors=51119)
  rows=473,303  triples=42,785,300  (6 ent/s, 355 triples/s, errors=51129)
  rows=473,325  triples=42,786,311  (6 ent/s, 355 triples/s, errors=51130)
  rows=473,343  triples=42,787,347  (6 ent/s, 355 triples/s, errors=51132)
  rows=473,377  triples=42,789,438  (6 ent/s, 355 triples/s, errors=51143)
  rows=473,413  triples=42,791,574  (6 ent/s, 355 triples/s, errors=51171)
  rows=473,447  triples=42,793,636  (6 ent/s, 355 triples/s, errors=51173)
  rows=473,479  triples=42,795,678  (6 ent/s, 355 triples/s, errors=51182)
  rows=473,534  triples=42,798,715  (6 ent/s, 355 triples/s, errors=51193)
  rows=473,569  triples=42,800,922  (6 ent/s, 355 triples/s, errors=51206)
  rows=473,605  triples=42,802,614  (6 ent/s, 355 triples/s, errors=51209)
  rows=473,632  triples=42,804,668  (6 ent/s, 355 triples/s, errors=51217)
  rows=473,657  triples=42,806,695  (6 ent/s, 355 triples/s, errors=51221)
  rows=473,688  triples=42,808,724  (6 ent/s, 355 triples/s, errors=51245)
  rows=473,727  triples=42,810,813  (6 ent/s, 355 triples/s, errors=51249)
  rows=473,759  triples=42,812,926  (6 ent/s, 355 triples/s, errors=51254)
  rows=473,801  triples=42,815,197  (6 ent/s, 355 triples/s, errors=51256)
  rows=473,824  triples=42,817,245  (6 ent/s, 355 triples/s, errors=51371)
  rows=473,855  triples=42,819,276  (6 ent/s, 355 triples/s, errors=51374)
  rows=473,885  triples=42,821,370  (6 ent/s, 355 triples/s, errors=51378)
  rows=473,917  triples=42,823,413  (6 ent/s, 355 triples/s, errors=51384)
  rows=473,964  triples=42,826,443  (6 ent/s, 355 triples/s, errors=51396)
  rows=474,001  triples=42,828,427  (6 ent/s, 355 triples/s, errors=51400)
  rows=474,037  triples=42,830,453  (6 ent/s, 355 triples/s, errors=51409)
  rows=474,072  triples=42,832,537  (6 ent/s, 355 triples/s, errors=51413)
  rows=474,105  triples=42,834,605  (6 ent/s, 355 triples/s, errors=51424)
  rows=474,134  triples=42,836,728  (6 ent/s, 355 triples/s, errors=51442)
  rows=474,175  triples=42,838,816  (6 ent/s, 355 triples/s, errors=51446)
  rows=474,215  triples=42,841,415  (6 ent/s, 355 triples/s, errors=51449)
  rows=474,248  triples=42,843,467  (6 ent/s, 355 triples/s, errors=51452)
  rows=474,269  triples=42,845,605  (6 ent/s, 355 triples/s, errors=51585)
  rows=474,318  triples=42,848,625  (6 ent/s, 355 triples/s, errors=51598)
  rows=474,345  triples=42,850,683  (6 ent/s, 355 triples/s, errors=51713)
  rows=474,377  triples=42,852,793  (6 ent/s, 355 triples/s, errors=51717)
  rows=474,416  triples=42,855,387  (6 ent/s, 355 triples/s, errors=51720)
  rows=474,449  triples=42,857,599  (6 ent/s, 355 triples/s, errors=51733)
  rows=474,474  triples=42,859,682  (6 ent/s, 355 triples/s, errors=51746)
  rows=474,499  triples=42,860,872  (6 ent/s, 355 triples/s, errors=51758)
  rows=474,527  triples=42,862,954  (6 ent/s, 355 triples/s, errors=51761)
  rows=474,552  triples=42,865,003  (6 ent/s, 355 triples/s, errors=51764)
  rows=474,601  triples=42,867,959  (6 ent/s, 355 triples/s, errors=51776)
  rows=474,648  triples=42,871,200  (6 ent/s, 355 triples/s, errors=51786)
  rows=474,679  triples=42,873,262  (6 ent/s, 355 triples/s, errors=51796)
  rows=474,718  triples=42,875,414  (6 ent/s, 355 triples/s, errors=51798)
  rows=474,765  triples=42,878,533  (6 ent/s, 355 triples/s, errors=51806)
  rows=474,794  triples=42,880,794  (6 ent/s, 355 triples/s, errors=51808)
  rows=474,838  triples=42,883,242  (6 ent/s, 355 triples/s, errors=51811)
  rows=474,874  triples=42,885,378  (6 ent/s, 355 triples/s, errors=51817)
  rows=474,907  triples=42,887,413  (6 ent/s, 355 triples/s, errors=51822)
  rows=474,935  triples=42,889,509  (6 ent/s, 355 triples/s, errors=51959)
  rows=474,973  triples=42,891,604  (6 ent/s, 355 triples/s, errors=51968)
  rows=475,014  triples=42,893,999  (6 ent/s, 355 triples/s, errors=52010)
  rows=475,053  triples=42,896,138  (6 ent/s, 355 triples/s, errors=52011)
  rows=475,084  triples=42,898,348  (6 ent/s, 355 triples/s, errors=52012)
  rows=475,125  triples=42,900,378  (6 ent/s, 355 triples/s, errors=52015)
  rows=475,153  triples=42,902,430  (6 ent/s, 355 triples/s, errors=52033)
  rows=475,186  triples=42,904,459  (6 ent/s, 355 triples/s, errors=52037)
  rows=475,225  triples=42,907,457  (6 ent/s, 355 triples/s, errors=52063)
  rows=475,257  triples=42,909,662  (6 ent/s, 355 triples/s, errors=52076)
  rows=475,314  triples=42,912,749  (6 ent/s, 355 triples/s, errors=52135)
  rows=475,355  triples=42,914,824  (6 ent/s, 355 triples/s, errors=52139)
  rows=475,401  triples=42,917,897  (6 ent/s, 355 triples/s, errors=52145)
  rows=475,432  triples=42,919,996  (6 ent/s, 355 triples/s, errors=52147)
  rows=475,467  triples=42,922,071  (6 ent/s, 355 triples/s, errors=52153)
  rows=475,502  triples=42,924,137  (6 ent/s, 355 triples/s, errors=52178)
  rows=475,554  triples=42,926,189  (6 ent/s, 355 triples/s, errors=52183)
  rows=475,591  triples=42,929,276  (6 ent/s, 355 triples/s, errors=52185)
  rows=475,629  triples=42,932,014  (6 ent/s, 355 triples/s, errors=52191)
  rows=475,659  triples=42,934,098  (6 ent/s, 355 triples/s, errors=52194)
  rows=475,686  triples=42,936,260  (6 ent/s, 355 triples/s, errors=52204)
  rows=475,737  triples=42,939,318  (6 ent/s, 355 triples/s, errors=52208)
  rows=475,762  triples=42,941,313  (6 ent/s, 355 triples/s, errors=52276)
  rows=475,796  triples=42,943,333  (6 ent/s, 355 triples/s, errors=52281)
  rows=475,839  triples=42,945,651  (6 ent/s, 355 triples/s, errors=52284)
  rows=475,872  triples=42,947,677  (6 ent/s, 355 triples/s, errors=52290)
  rows=475,913  triples=42,949,763  (6 ent/s, 356 triples/s, errors=52296)
  rows=475,946  triples=42,951,742  (6 ent/s, 356 triples/s, errors=52359)
  rows=475,978  triples=42,953,808  (6 ent/s, 356 triples/s, errors=52361)
  rows=476,014  triples=42,956,354  (6 ent/s, 356 triples/s, errors=52408)
  rows=476,046  triples=42,958,693  (6 ent/s, 356 triples/s, errors=52567)
  rows=476,080  triples=42,960,830  (6 ent/s, 356 triples/s, errors=52578)
  rows=476,119  triples=42,962,880  (6 ent/s, 356 triples/s, errors=52579)
  rows=476,160  triples=42,964,961  (6 ent/s, 356 triples/s, errors=52601)
  rows=476,184  triples=42,967,036  (6 ent/s, 356 triples/s, errors=52605)
  rows=476,217  triples=42,969,059  (6 ent/s, 356 triples/s, errors=52609)
  rows=476,248  triples=42,971,138  (6 ent/s, 356 triples/s, errors=52611)
  rows=476,289  triples=42,973,185  (6 ent/s, 356 triples/s, errors=52616)
  rows=476,317  triples=42,974,337  (6 ent/s, 355 triples/s, errors=52616)
  rows=476,349  triples=42,976,443  (6 ent/s, 355 triples/s, errors=52625)
  rows=476,377  triples=42,978,519  (6 ent/s, 355 triples/s, errors=52628)
  rows=476,414  triples=42,980,900  (6 ent/s, 355 triples/s, errors=52628)
  rows=476,448  triples=42,983,029  (6 ent/s, 355 triples/s, errors=52636)
  rows=476,485  triples=42,985,056  (6 ent/s, 355 triples/s, errors=52637)
  rows=476,527  triples=42,987,077  (6 ent/s, 355 triples/s, errors=52643)
  rows=476,555  triples=42,989,136  (6 ent/s, 355 triples/s, errors=52648)
  rows=476,593  triples=42,991,229  (6 ent/s, 355 triples/s, errors=52660)
  rows=476,616  triples=42,993,122  (6 ent/s, 355 triples/s, errors=52663)
  rows=476,650  triples=42,995,203  (6 ent/s, 355 triples/s, errors=52671)
  rows=476,700  triples=42,998,350  (6 ent/s, 355 triples/s, errors=52673)
  rows=476,729  triples=43,000,393  (6 ent/s, 355 triples/s, errors=52686)
  rows=476,761  triples=43,002,435  (6 ent/s, 355 triples/s, errors=52697)
  rows=476,801  triples=43,005,289  (6 ent/s, 355 triples/s, errors=52708)
  rows=476,831  triples=43,007,330  (6 ent/s, 355 triples/s, errors=52754)
  rows=476,864  triples=43,009,502  (6 ent/s, 355 triples/s, errors=52754)
  rows=476,896  triples=43,011,620  (6 ent/s, 356 triples/s, errors=52758)
  rows=476,927  triples=43,013,688  (6 ent/s, 356 triples/s, errors=52763)
  rows=476,961  triples=43,015,705  (6 ent/s, 356 triples/s, errors=52765)
  rows=476,993  triples=43,017,777  (6 ent/s, 356 triples/s, errors=52766)
  rows=477,035  triples=43,020,172  (6 ent/s, 356 triples/s, errors=52768)
  rows=477,070  triples=43,022,256  (6 ent/s, 356 triples/s, errors=52773)
  rows=477,093  triples=43,024,328  (6 ent/s, 356 triples/s, errors=52779)
  rows=477,135  triples=43,026,419  (6 ent/s, 356 triples/s, errors=52781)
  rows=477,153  triples=43,028,507  (6 ent/s, 356 triples/s, errors=52812)
  rows=477,177  triples=43,030,579  (6 ent/s, 356 triples/s, errors=52816)
  rows=477,218  triples=43,033,082  (6 ent/s, 356 triples/s, errors=52820)
  rows=477,242  triples=43,035,336  (6 ent/s, 356 triples/s, errors=53032)
  rows=477,276  triples=43,037,425  (6 ent/s, 356 triples/s, errors=53049)
  rows=477,316  triples=43,039,592  (6 ent/s, 356 triples/s, errors=53057)
  rows=477,352  triples=43,041,638  (6 ent/s, 356 triples/s, errors=53060)
  rows=477,387  triples=43,043,696  (6 ent/s, 356 triples/s, errors=53066)
  rows=477,420  triples=43,045,607  (6 ent/s, 356 triples/s, errors=53071)
  rows=477,455  triples=43,047,738  (6 ent/s, 356 triples/s, errors=53094)
  rows=477,487  triples=43,049,776  (6 ent/s, 356 triples/s, errors=53095)
  rows=477,517  triples=43,051,823  (6 ent/s, 356 triples/s, errors=53097)
  rows=477,555  triples=43,053,900  (6 ent/s, 356 triples/s, errors=53104)
  rows=477,586  triples=43,055,901  (6 ent/s, 356 triples/s, errors=53119)
  rows=477,613  triples=43,057,975  (6 ent/s, 356 triples/s, errors=53121)
  rows=477,648  triples=43,060,169  (6 ent/s, 356 triples/s, errors=53126)
  rows=477,676  triples=43,062,184  (6 ent/s, 356 triples/s, errors=53252)
  rows=477,707  triples=43,064,203  (6 ent/s, 356 triples/s, errors=53255)
  rows=477,749  triples=43,067,217  (6 ent/s, 356 triples/s, errors=53330)
  rows=477,781  triples=43,069,389  (6 ent/s, 356 triples/s, errors=53335)
  rows=477,815  triples=43,071,816  (6 ent/s, 356 triples/s, errors=53341)
  rows=477,849  triples=43,073,814  (6 ent/s, 356 triples/s, errors=53348)
  rows=477,872  triples=43,075,850  (6 ent/s, 356 triples/s, errors=53352)
  rows=477,901  triples=43,077,960  (6 ent/s, 356 triples/s, errors=53360)
  rows=477,929  triples=43,080,007  (6 ent/s, 356 triples/s, errors=53365)
  rows=477,963  triples=43,082,115  (6 ent/s, 356 triples/s, errors=53365)
  rows=478,001  triples=43,084,268  (6 ent/s, 356 triples/s, errors=53369)
  rows=478,036  triples=43,086,356  (6 ent/s, 356 triples/s, errors=53374)
  rows=478,062  triples=43,088,399  (6 ent/s, 356 triples/s, errors=53378)
  rows=478,094  triples=43,090,542  (6 ent/s, 356 triples/s, errors=53385)
  rows=478,127  triples=43,092,617  (6 ent/s, 356 triples/s, errors=53390)
  rows=478,135  triples=43,092,617  (6 ent/s, 356 triples/s, errors=53390)
  rows=478,154  triples=43,094,682  (6 ent/s, 356 triples/s, errors=53396)
  rows=478,188  triples=43,096,718  (6 ent/s, 356 triples/s, errors=53400)
  rows=478,217  triples=43,098,459  (6 ent/s, 356 triples/s, errors=53411)
  rows=478,253  triples=43,100,484  (6 ent/s, 356 triples/s, errors=53418)
  rows=478,289  triples=43,102,522  (6 ent/s, 356 triples/s, errors=53421)
  rows=478,326  triples=43,104,662  (6 ent/s, 356 triples/s, errors=53424)
  rows=478,362  triples=43,106,731  (6 ent/s, 356 triples/s, errors=53428)
  rows=478,397  triples=43,108,837  (6 ent/s, 356 triples/s, errors=53437)
  rows=478,437  triples=43,110,972  (6 ent/s, 356 triples/s, errors=53444)
  rows=478,464  triples=43,113,141  (6 ent/s, 356 triples/s, errors=53447)
  rows=478,491  triples=43,115,216  (6 ent/s, 356 triples/s, errors=53453)
  rows=478,524  triples=43,117,286  (6 ent/s, 356 triples/s, errors=53459)
  rows=478,558  triples=43,119,439  (6 ent/s, 356 triples/s, errors=53474)
  rows=478,594  triples=43,121,514  (6 ent/s, 356 triples/s, errors=53478)
  rows=478,633  triples=43,123,898  (6 ent/s, 356 triples/s, errors=53483)
  rows=478,661  triples=43,125,952  (6 ent/s, 356 triples/s, errors=53495)
  rows=478,687  triples=43,128,054  (6 ent/s, 356 triples/s, errors=53509)
  rows=478,714  triples=43,130,111  (6 ent/s, 356 triples/s, errors=53521)
  rows=478,746  triples=43,132,189  (6 ent/s, 356 triples/s, errors=53524)
  rows=478,782  triples=43,134,239  (6 ent/s, 356 triples/s, errors=53527)
  rows=478,815  triples=43,136,585  (6 ent/s, 356 triples/s, errors=53529)
  rows=478,846  triples=43,138,628  (6 ent/s, 356 triples/s, errors=53538)
  rows=478,891  triples=43,140,653  (6 ent/s, 356 triples/s, errors=53555)
  rows=478,927  triples=43,143,742  (6 ent/s, 356 triples/s, errors=53594)
  rows=478,962  triples=43,145,840  (6 ent/s, 356 triples/s, errors=53600)
  rows=479,000  triples=43,147,874  (6 ent/s, 356 triples/s, errors=53603)
  rows=479,036  triples=43,149,948  (6 ent/s, 356 triples/s, errors=53607)
  rows=479,069  triples=43,151,950  (6 ent/s, 356 triples/s, errors=53617)
  rows=479,108  triples=43,154,106  (6 ent/s, 356 triples/s, errors=53694)
  rows=479,140  triples=43,156,149  (6 ent/s, 356 triples/s, errors=53700)
  rows=479,186  triples=43,159,198  (6 ent/s, 356 triples/s, errors=53705)
  rows=479,230  triples=43,162,122  (6 ent/s, 356 triples/s, errors=53722)
  rows=479,279  triples=43,165,238  (6 ent/s, 356 triples/s, errors=53727)
  rows=479,310  triples=43,167,287  (6 ent/s, 356 triples/s, errors=53744)
  rows=479,349  triples=43,169,376  (6 ent/s, 356 triples/s, errors=53751)
  rows=479,373  triples=43,171,512  (6 ent/s, 356 triples/s, errors=53761)
  rows=479,416  triples=43,174,222  (6 ent/s, 356 triples/s, errors=53888)
  rows=479,462  triples=43,177,263  (6 ent/s, 356 triples/s, errors=53896)
  rows=479,492  triples=43,179,604  (6 ent/s, 356 triples/s, errors=54111)
  rows=479,522  triples=43,181,666  (6 ent/s, 356 triples/s, errors=54114)
  rows=479,568  triples=43,184,855  (6 ent/s, 356 triples/s, errors=54117)
  rows=479,619  triples=43,187,698  (6 ent/s, 356 triples/s, errors=54122)
  rows=479,667  triples=43,190,808  (6 ent/s, 356 triples/s, errors=54129)
  rows=479,697  triples=43,192,873  (6 ent/s, 356 triples/s, errors=54137)
  rows=479,746  triples=43,195,965  (6 ent/s, 356 triples/s, errors=54147)
  rows=479,770  triples=43,198,103  (6 ent/s, 356 triples/s, errors=54159)
  rows=479,800  triples=43,200,252  (6 ent/s, 356 triples/s, errors=54220)
  rows=479,855  triples=43,203,388  (6 ent/s, 356 triples/s, errors=54222)
  rows=479,902  triples=43,206,428  (6 ent/s, 356 triples/s, errors=54227)
  rows=479,925  triples=43,208,298  (6 ent/s, 356 triples/s, errors=54410)
  rows=479,953  triples=43,209,316  (6 ent/s, 356 triples/s, errors=54414)
  rows=479,982  triples=43,212,400  (6 ent/s, 356 triples/s, errors=54428)
  rows=480,031  triples=43,215,493  (6 ent/s, 356 triples/s, errors=54447)
  rows=480,079  triples=43,218,582  (6 ent/s, 356 triples/s, errors=54472)
  rows=480,115  triples=43,220,670  (6 ent/s, 356 triples/s, errors=54478)
  rows=480,160  triples=43,223,738  (6 ent/s, 356 triples/s, errors=54483)
  rows=480,201  triples=43,226,431  (6 ent/s, 356 triples/s, errors=54492)
  rows=480,251  triples=43,229,513  (6 ent/s, 356 triples/s, errors=54495)
  rows=480,291  triples=43,232,623  (6 ent/s, 356 triples/s, errors=54499)
  rows=480,329  triples=43,234,670  (6 ent/s, 356 triples/s, errors=54506)
  rows=480,367  triples=43,236,827  (6 ent/s, 356 triples/s, errors=54514)
  rows=480,395  triples=43,238,910  (6 ent/s, 356 triples/s, errors=54518)
  rows=480,432  triples=43,241,383  (6 ent/s, 356 triples/s, errors=54519)
  rows=480,478  triples=43,244,570  (6 ent/s, 356 triples/s, errors=54546)
  rows=480,534  triples=43,247,671  (6 ent/s, 356 triples/s, errors=54553)
  rows=480,583  triples=43,250,788  (6 ent/s, 356 triples/s, errors=54611)
  rows=480,637  triples=43,253,957  (6 ent/s, 356 triples/s, errors=54643)
  rows=480,680  triples=43,256,990  (6 ent/s, 356 triples/s, errors=54646)
  rows=480,732  triples=43,260,044  (6 ent/s, 356 triples/s, errors=54658)
  rows=480,778  triples=43,263,197  (6 ent/s, 356 triples/s, errors=54675)
  rows=480,819  triples=43,265,626  (6 ent/s, 356 triples/s, errors=54686)
  rows=480,876  triples=43,268,678  (6 ent/s, 356 triples/s, errors=54691)
  rows=480,923  triples=43,271,750  (6 ent/s, 356 triples/s, errors=54710)
  rows=480,957  triples=43,273,788  (6 ent/s, 356 triples/s, errors=54722)
  rows=481,001  triples=43,276,223  (6 ent/s, 356 triples/s, errors=54738)
  rows=481,055  triples=43,279,341  (6 ent/s, 356 triples/s, errors=54739)
  rows=481,100  triples=43,282,461  (6 ent/s, 356 triples/s, errors=54861)
  rows=481,134  triples=43,284,542  (6 ent/s, 356 triples/s, errors=54875)
  rows=481,168  triples=43,286,627  (6 ent/s, 356 triples/s, errors=54875)
  rows=481,215  triples=43,289,211  (6 ent/s, 356 triples/s, errors=54885)
  rows=481,266  triples=43,292,315  (6 ent/s, 356 triples/s, errors=54915)
  rows=481,323  triples=43,295,398  (6 ent/s, 356 triples/s, errors=54957)
  rows=481,377  triples=43,298,536  (6 ent/s, 356 triples/s, errors=54958)
  rows=481,414  triples=43,301,294  (6 ent/s, 356 triples/s, errors=54962)
  rows=481,455  triples=43,303,463  (6 ent/s, 356 triples/s, errors=54963)
  rows=481,505  triples=43,306,580  (6 ent/s, 356 triples/s, errors=54971)
  rows=481,553  triples=43,309,727  (6 ent/s, 356 triples/s, errors=54973)
  rows=481,598  triples=43,312,774  (6 ent/s, 356 triples/s, errors=54980)
  rows=481,630  triples=43,314,983  (6 ent/s, 356 triples/s, errors=54983)
  rows=481,675  triples=43,318,012  (6 ent/s, 356 triples/s, errors=54989)
  rows=481,719  triples=43,321,085  (6 ent/s, 356 triples/s, errors=55009)
  rows=481,771  triples=43,324,222  (6 ent/s, 356 triples/s, errors=55015)
  rows=481,816  triples=43,327,029  (6 ent/s, 356 triples/s, errors=55018)
  rows=481,854  triples=43,329,189  (6 ent/s, 356 triples/s, errors=55020)
  rows=481,906  triples=43,332,250  (6 ent/s, 356 triples/s, errors=55030)
  rows=481,946  triples=43,335,285  (6 ent/s, 356 triples/s, errors=55045)
  rows=481,995  triples=43,338,350  (6 ent/s, 356 triples/s, errors=55050)
  rows=482,039  triples=43,340,744  (6 ent/s, 356 triples/s, errors=55056)
  rows=482,090  triples=43,343,860  (6 ent/s, 356 triples/s, errors=55060)
  rows=482,136  triples=43,347,226  (6 ent/s, 356 triples/s, errors=55067)
  rows=482,183  triples=43,350,301  (6 ent/s, 356 triples/s, errors=55071)
  rows=482,222  triples=43,352,360  (6 ent/s, 356 triples/s, errors=55073)
  rows=482,259  triples=43,354,483  (6 ent/s, 356 triples/s, errors=55079)
  rows=482,310  triples=43,357,596  (6 ent/s, 356 triples/s, errors=55080)
  rows=482,346  triples=43,359,645  (6 ent/s, 356 triples/s, errors=55082)
  rows=482,379  triples=43,361,728  (6 ent/s, 356 triples/s, errors=55084)
  rows=482,401  triples=43,363,029  (6 ent/s, 356 triples/s, errors=55087)
  rows=482,429  triples=43,365,136  (6 ent/s, 356 triples/s, errors=55087)
  rows=482,465  triples=43,367,164  (6 ent/s, 356 triples/s, errors=55090)
  rows=482,497  triples=43,369,205  (6 ent/s, 356 triples/s, errors=55097)
  rows=482,529  triples=43,371,226  (6 ent/s, 356 triples/s, errors=55101)
  rows=482,563  triples=43,373,325  (6 ent/s, 356 triples/s, errors=55101)
  rows=482,601  triples=43,375,330  (6 ent/s, 356 triples/s, errors=55104)
  rows=482,640  triples=43,377,456  (6 ent/s, 356 triples/s, errors=55104)
  rows=482,678  triples=43,379,570  (6 ent/s, 356 triples/s, errors=55125)
  rows=482,717  triples=43,381,632  (6 ent/s, 356 triples/s, errors=55126)
  rows=482,774  triples=43,384,770  (6 ent/s, 356 triples/s, errors=55130)
  rows=482,817  triples=43,386,951  (6 ent/s, 356 triples/s, errors=55132)
  rows=482,869  triples=43,390,053  (6 ent/s, 356 triples/s, errors=55135)
  rows=482,920  triples=43,393,161  (6 ent/s, 356 triples/s, errors=55136)
  rows=482,953  triples=43,395,197  (6 ent/s, 356 triples/s, errors=55148)
  rows=483,001  triples=43,398,117  (6 ent/s, 356 triples/s, errors=55158)
  rows=483,059  triples=43,401,221  (6 ent/s, 356 triples/s, errors=55160)
  rows=483,096  triples=43,403,259  (6 ent/s, 356 triples/s, errors=55160)
  rows=483,137  triples=43,405,311  (6 ent/s, 356 triples/s, errors=55160)
  rows=483,162  triples=43,407,317  (6 ent/s, 356 triples/s, errors=55164)
  rows=483,201  triples=43,409,828  (6 ent/s, 356 triples/s, errors=55166)
  rows=483,232  triples=43,411,882  (6 ent/s, 356 triples/s, errors=55172)
  rows=483,288  triples=43,414,958  (6 ent/s, 356 triples/s, errors=55173)
  rows=483,323  triples=43,417,163  (6 ent/s, 356 triples/s, errors=55173)
  rows=483,362  triples=43,419,390  (6 ent/s, 356 triples/s, errors=55174)
  rows=483,401  triples=43,421,754  (6 ent/s, 356 triples/s, errors=55176)
  rows=483,458  triples=43,424,793  (6 ent/s, 356 triples/s, errors=55183)
  rows=483,502  triples=43,427,886  (6 ent/s, 356 triples/s, errors=55193)
  rows=483,536  triples=43,429,985  (6 ent/s, 356 triples/s, errors=55194)
  rows=483,589  triples=43,433,080  (6 ent/s, 356 triples/s, errors=55202)
  rows=483,639  triples=43,435,947  (6 ent/s, 356 triples/s, errors=55204)
  rows=483,682  triples=43,437,987  (6 ent/s, 356 triples/s, errors=55207)
  rows=483,723  triples=43,441,029  (6 ent/s, 356 triples/s, errors=55239)
  rows=483,771  triples=43,444,054  (6 ent/s, 356 triples/s, errors=55252)
  rows=483,821  triples=43,446,770  (6 ent/s, 356 triples/s, errors=55258)
  rows=483,851  triples=43,449,026  (6 ent/s, 356 triples/s, errors=55263)
  rows=483,907  triples=43,452,169  (6 ent/s, 356 triples/s, errors=55266)
  rows=483,930  triples=43,454,272  (6 ent/s, 356 triples/s, errors=55609)
  rows=483,960  triples=43,456,399  (6 ent/s, 356 triples/s, errors=55612)
  rows=484,001  triples=43,458,902  (6 ent/s, 356 triples/s, errors=55621)
  rows=484,050  triples=43,461,951  (6 ent/s, 356 triples/s, errors=55629)
  rows=484,107  triples=43,465,102  (6 ent/s, 356 triples/s, errors=55631)
  rows=484,141  triples=43,467,170  (6 ent/s, 356 triples/s, errors=55632)
  rows=484,178  triples=43,469,471  (6 ent/s, 356 triples/s, errors=55639)
  rows=484,220  triples=43,471,884  (6 ent/s, 356 triples/s, errors=55640)
  rows=484,255  triples=43,473,914  (6 ent/s, 356 triples/s, errors=55642)
  rows=484,306  triples=43,477,073  (6 ent/s, 356 triples/s, errors=55646)
  rows=484,356  triples=43,480,375  (6 ent/s, 356 triples/s, errors=55724)
  rows=484,401  triples=43,483,305  (6 ent/s, 356 triples/s, errors=55727)
  rows=484,431  triples=43,485,317  (6 ent/s, 356 triples/s, errors=55741)
  rows=484,481  triples=43,488,431  (6 ent/s, 356 triples/s, errors=55749)
  rows=484,534  triples=43,491,540  (6 ent/s, 356 triples/s, errors=55756)
  rows=484,581  triples=43,494,564  (6 ent/s, 356 triples/s, errors=55761)
  rows=484,616  triples=43,497,260  (6 ent/s, 356 triples/s, errors=55768)
  rows=484,647  triples=43,499,591  (6 ent/s, 356 triples/s, errors=55816)
  rows=484,697  triples=43,501,627  (6 ent/s, 356 triples/s, errors=55817)
  rows=484,729  triples=43,504,786  (6 ent/s, 356 triples/s, errors=55821)
  rows=484,778  triples=43,508,195  (6 ent/s, 357 triples/s, errors=55847)
  rows=484,821  triples=43,510,476  (6 ent/s, 357 triples/s, errors=55851)
  rows=484,884  triples=43,513,566  (6 ent/s, 357 triples/s, errors=55859)
  rows=484,918  triples=43,515,702  (6 ent/s, 357 triples/s, errors=55875)
  rows=484,966  triples=43,518,796  (6 ent/s, 357 triples/s, errors=55889)
  rows=485,005  triples=43,521,715  (6 ent/s, 357 triples/s, errors=56479)
  rows=485,051  triples=43,523,675  (6 ent/s, 357 triples/s, errors=56579)
  rows=485,096  triples=43,526,852  (6 ent/s, 357 triples/s, errors=56588)
  rows=485,131  triples=43,528,948  (6 ent/s, 357 triples/s, errors=56590)
  rows=485,181  triples=43,531,005  (6 ent/s, 357 triples/s, errors=56590)
  rows=485,200  triples=43,533,069  (6 ent/s, 357 triples/s, errors=56593)
  rows=485,235  triples=43,535,144  (6 ent/s, 357 triples/s, errors=56597)
  rows=485,292  triples=43,538,288  (6 ent/s, 357 triples/s, errors=56602)
  rows=485,361  triples=43,541,348  (6 ent/s, 357 triples/s, errors=56610)
  rows=485,398  triples=43,543,381  (6 ent/s, 357 triples/s, errors=56611)
  rows=485,407  triples=43,543,437  (6 ent/s, 356 triples/s, errors=56611)
  rows=485,436  triples=43,545,630  (6 ent/s, 356 triples/s, errors=56614)
  rows=485,468  triples=43,547,729  (6 ent/s, 356 triples/s, errors=56617)
  rows=485,511  triples=43,550,941  (6 ent/s, 356 triples/s, errors=56619)
  rows=485,545  triples=43,553,028  (6 ent/s, 356 triples/s, errors=56627)
  rows=485,579  triples=43,555,155  (6 ent/s, 356 triples/s, errors=56628)
  rows=485,619  triples=43,557,226  (6 ent/s, 356 triples/s, errors=56632)
  rows=485,678  triples=43,560,393  (6 ent/s, 356 triples/s, errors=56640)
  rows=485,714  triples=43,562,459  (6 ent/s, 357 triples/s, errors=56647)
  rows=485,760  triples=43,565,502  (6 ent/s, 357 triples/s, errors=56655)
  rows=485,797  triples=43,567,627  (6 ent/s, 357 triples/s, errors=56659)
  rows=485,830  triples=43,569,822  (6 ent/s, 357 triples/s, errors=56663)
  rows=485,868  triples=43,571,891  (6 ent/s, 357 triples/s, errors=56667)
  rows=485,922  triples=43,575,042  (6 ent/s, 357 triples/s, errors=56686)
  rows=485,972  triples=43,578,156  (6 ent/s, 357 triples/s, errors=56696)
  rows=486,015  triples=43,580,724  (6 ent/s, 357 triples/s, errors=56702)
  rows=486,059  triples=43,583,737  (6 ent/s, 357 triples/s, errors=56766)
  rows=486,092  triples=43,585,869  (6 ent/s, 357 triples/s, errors=56772)
  rows=486,131  triples=43,587,950  (6 ent/s, 357 triples/s, errors=56773)
  rows=486,167  triples=43,589,990  (6 ent/s, 357 triples/s, errors=56776)
  rows=486,204  triples=43,591,658  (6 ent/s, 357 triples/s, errors=56785)
  rows=486,251  triples=43,594,833  (6 ent/s, 357 triples/s, errors=56814)
  rows=486,304  triples=43,596,923  (6 ent/s, 357 triples/s, errors=56816)
  rows=486,327  triples=43,598,918  (6 ent/s, 357 triples/s, errors=56837)
  rows=486,373  triples=43,602,067  (6 ent/s, 357 triples/s, errors=56844)
  rows=486,419  triples=43,604,834  (6 ent/s, 357 triples/s, errors=56889)
  rows=486,456  triples=43,606,889  (6 ent/s, 357 triples/s, errors=56891)
  rows=486,483  triples=43,609,170  (6 ent/s, 357 triples/s, errors=56965)
  rows=486,524  triples=43,612,209  (6 ent/s, 357 triples/s, errors=56971)
  rows=486,556  triples=43,614,241  (6 ent/s, 357 triples/s, errors=56983)
  rows=486,589  triples=43,616,352  (6 ent/s, 357 triples/s, errors=56990)
  rows=486,631  triples=43,619,402  (6 ent/s, 357 triples/s, errors=56991)
  rows=486,672  triples=43,622,494  (6 ent/s, 357 triples/s, errors=56995)
  rows=486,701  triples=43,624,873  (6 ent/s, 357 triples/s, errors=57031)
  rows=486,751  triples=43,626,873  (6 ent/s, 357 triples/s, errors=57034)
  rows=486,786  triples=43,629,009  (6 ent/s, 357 triples/s, errors=57045)
  rows=486,815  triples=43,631,279  (6 ent/s, 357 triples/s, errors=57052)
  rows=486,863  triples=43,634,322  (6 ent/s, 357 triples/s, errors=57088)
  rows=486,900  triples=43,636,464  (6 ent/s, 357 triples/s, errors=57094)
  rows=486,959  triples=43,639,572  (6 ent/s, 357 triples/s, errors=57099)
  rows=487,022  triples=43,643,009  (6 ent/s, 357 triples/s, errors=57109)
  rows=487,075  triples=43,646,085  (6 ent/s, 357 triples/s, errors=57113)
  rows=487,140  triples=43,649,143  (6 ent/s, 357 triples/s, errors=57142)
  rows=487,169  triples=43,651,194  (6 ent/s, 357 triples/s, errors=57154)
  rows=487,201  triples=43,653,403  (6 ent/s, 357 triples/s, errors=57159)
  rows=487,225  triples=43,654,503  (6 ent/s, 357 triples/s, errors=57159)
  rows=487,270  triples=43,657,578  (6 ent/s, 357 triples/s, errors=57168)
  rows=487,318  triples=43,659,624  (6 ent/s, 357 triples/s, errors=57174)
  rows=487,353  triples=43,662,883  (6 ent/s, 357 triples/s, errors=57175)
  rows=487,388  triples=43,665,039  (6 ent/s, 357 triples/s, errors=57185)
  rows=487,438  triples=43,668,018  (6 ent/s, 357 triples/s, errors=57239)
  rows=487,474  triples=43,670,079  (6 ent/s, 357 triples/s, errors=57241)
  rows=487,508  triples=43,672,230  (6 ent/s, 357 triples/s, errors=57241)
  rows=487,556  triples=43,675,230  (6 ent/s, 357 triples/s, errors=57366)
  rows=487,601  triples=43,678,128  (6 ent/s, 357 triples/s, errors=57367)
  rows=487,635  triples=43,680,231  (6 ent/s, 357 triples/s, errors=57375)
  rows=487,666  triples=43,682,260  (6 ent/s, 357 triples/s, errors=57396)
  rows=487,718  triples=43,685,381  (6 ent/s, 357 triples/s, errors=57418)
  rows=487,760  triples=43,687,528  (6 ent/s, 357 triples/s, errors=57418)
  rows=487,801  triples=43,689,439  (6 ent/s, 357 triples/s, errors=57428)
  rows=487,840  triples=43,691,532  (6 ent/s, 357 triples/s, errors=57430)
  rows=487,881  triples=43,694,607  (6 ent/s, 357 triples/s, errors=57443)
  rows=487,911  triples=43,696,907  (6 ent/s, 357 triples/s, errors=57447)
  rows=487,956  triples=43,698,947  (6 ent/s, 357 triples/s, errors=57447)
  rows=487,992  triples=43,701,029  (6 ent/s, 357 triples/s, errors=57451)
  rows=488,035  triples=43,703,655  (6 ent/s, 357 triples/s, errors=57456)
  rows=488,070  triples=43,705,821  (6 ent/s, 357 triples/s, errors=57459)
  rows=488,119  triples=43,708,882  (6 ent/s, 357 triples/s, errors=57461)
  rows=488,159  triples=43,710,983  (6 ent/s, 357 triples/s, errors=57465)
  rows=488,182  triples=43,713,062  (6 ent/s, 357 triples/s, errors=57474)
  rows=488,216  triples=43,715,373  (6 ent/s, 357 triples/s, errors=57487)
  rows=488,248  triples=43,717,419  (6 ent/s, 357 triples/s, errors=57492)
  rows=488,302  triples=43,720,484  (6 ent/s, 357 triples/s, errors=57493)
  rows=488,334  triples=43,722,550  (6 ent/s, 357 triples/s, errors=57540)
  rows=488,395  triples=43,725,838  (6 ent/s, 357 triples/s, errors=57554)
  rows=488,424  triples=43,728,007  (6 ent/s, 357 triples/s, errors=57558)
  rows=488,452  triples=43,730,072  (6 ent/s, 357 triples/s, errors=57575)
  rows=488,502  triples=43,733,230  (6 ent/s, 357 triples/s, errors=57584)
  rows=488,528  triples=43,735,323  (6 ent/s, 357 triples/s, errors=57591)
  rows=488,556  triples=43,737,329  (6 ent/s, 357 triples/s, errors=57594)
  rows=488,584  triples=43,739,345  (6 ent/s, 357 triples/s, errors=57621)
  rows=488,614  triples=43,741,276  (6 ent/s, 357 triples/s, errors=57629)
  rows=488,668  triples=43,743,349  (6 ent/s, 357 triples/s, errors=57631)
  rows=488,694  triples=43,745,481  (6 ent/s, 357 triples/s, errors=57631)
  rows=488,746  triples=43,748,514  (6 ent/s, 357 triples/s, errors=57632)
  rows=488,796  triples=43,751,580  (6 ent/s, 357 triples/s, errors=57641)
  rows=488,837  triples=43,753,893  (6 ent/s, 357 triples/s, errors=57669)
  rows=488,867  triples=43,756,014  (6 ent/s, 357 triples/s, errors=57677)
  rows=488,930  triples=43,759,184  (6 ent/s, 357 triples/s, errors=57685)
  rows=488,984  triples=43,762,218  (6 ent/s, 357 triples/s, errors=57695)
  rows=489,025  triples=43,764,370  (6 ent/s, 357 triples/s, errors=57699)
  rows=489,043  triples=43,765,503  (6 ent/s, 357 triples/s, errors=57699)
  rows=489,078  triples=43,767,428  (6 ent/s, 357 triples/s, errors=57796)
  rows=489,114  triples=43,770,588  (6 ent/s, 357 triples/s, errors=57800)
  rows=489,151  triples=43,772,598  (6 ent/s, 357 triples/s, errors=57801)
  rows=489,199  triples=43,775,709  (6 ent/s, 357 triples/s, errors=57819)
  rows=489,235  triples=43,778,152  (6 ent/s, 357 triples/s, errors=58051)
  rows=489,298  triples=43,781,237  (6 ent/s, 357 triples/s, errors=58058)
  rows=489,327  triples=43,783,408  (6 ent/s, 357 triples/s, errors=58066)
  rows=489,384  triples=43,786,624  (6 ent/s, 357 triples/s, errors=58082)
  rows=489,428  triples=43,788,647  (6 ent/s, 357 triples/s, errors=58090)
  rows=489,446  triples=43,790,626  (6 ent/s, 357 triples/s, errors=58121)
  rows=489,501  triples=43,792,714  (6 ent/s, 357 triples/s, errors=58121)
  rows=489,521  triples=43,794,882  (6 ent/s, 357 triples/s, errors=58125)
  rows=489,566  triples=43,797,966  (6 ent/s, 357 triples/s, errors=58141)
  rows=489,621  triples=43,800,896  (6 ent/s, 357 triples/s, errors=58143)
  rows=489,648  triples=43,802,900  (6 ent/s, 357 triples/s, errors=58155)
  rows=489,675  triples=43,805,184  (6 ent/s, 357 triples/s, errors=58158)
  rows=489,707  triples=43,807,386  (6 ent/s, 357 triples/s, errors=58181)
  rows=489,755  triples=43,810,521  (6 ent/s, 357 triples/s, errors=58191)
  rows=489,789  triples=43,812,645  (6 ent/s, 357 triples/s, errors=58191)
  rows=489,837  triples=43,815,267  (6 ent/s, 357 triples/s, errors=58191)
  rows=489,894  triples=43,818,435  (6 ent/s, 357 triples/s, errors=58199)
  rows=489,946  triples=43,821,510  (6 ent/s, 357 triples/s, errors=58209)
  rows=489,999  triples=43,824,565  (6 ent/s, 357 triples/s, errors=58211)
  rows=490,029  triples=43,826,724  (6 ent/s, 357 triples/s, errors=58228)
  rows=490,084  triples=43,829,831  (6 ent/s, 357 triples/s, errors=58233)
  rows=490,125  triples=43,831,910  (6 ent/s, 357 triples/s, errors=58367)
  rows=490,166  triples=43,834,094  (6 ent/s, 357 triples/s, errors=58379)
  rows=490,201  triples=43,836,558  (6 ent/s, 357 triples/s, errors=58379)
  rows=490,256  triples=43,839,621  (6 ent/s, 357 triples/s, errors=58383)
  rows=490,302  triples=43,842,711  (6 ent/s, 357 triples/s, errors=58399)
  rows=490,341  triples=43,844,811  (6 ent/s, 357 triples/s, errors=58403)
  rows=490,396  triples=43,847,873  (6 ent/s, 357 triples/s, errors=58410)
  rows=490,435  triples=43,849,991  (6 ent/s, 357 triples/s, errors=58413)
  rows=490,485  triples=43,853,060  (6 ent/s, 357 triples/s, errors=58419)
  rows=490,537  triples=43,856,236  (6 ent/s, 357 triples/s, errors=58426)
  rows=490,593  triples=43,859,272  (6 ent/s, 357 triples/s, errors=58431)
  rows=490,644  triples=43,861,772  (6 ent/s, 357 triples/s, errors=58432)
  rows=490,687  triples=43,863,860  (6 ent/s, 357 triples/s, errors=58433)
  rows=490,735  triples=43,866,953  (6 ent/s, 357 triples/s, errors=58442)
  rows=490,759  triples=43,868,918  (6 ent/s, 357 triples/s, errors=58644)
  rows=490,801  triples=43,871,484  (6 ent/s, 357 triples/s, errors=58646)
  rows=490,845  triples=43,873,658  (6 ent/s, 357 triples/s, errors=58649)
  rows=490,861  triples=43,874,655  (6 ent/s, 357 triples/s, errors=58653)
  rows=490,904  triples=43,877,711  (6 ent/s, 357 triples/s, errors=58658)
  rows=490,948  triples=43,879,781  (6 ent/s, 357 triples/s, errors=58659)
  rows=490,979  triples=43,881,795  (6 ent/s, 357 triples/s, errors=58774)
  rows=491,018  triples=43,883,787  (6 ent/s, 357 triples/s, errors=58780)
  rows=491,056  triples=43,885,996  (6 ent/s, 357 triples/s, errors=58782)
  rows=491,093  triples=43,888,332  (6 ent/s, 357 triples/s, errors=58880)
  rows=491,110  triples=43,889,378  (6 ent/s, 357 triples/s, errors=58880)
  rows=491,127  triples=43,890,393  (6 ent/s, 357 triples/s, errors=58880)
  rows=491,164  triples=43,892,425  (6 ent/s, 357 triples/s, errors=58883)
  rows=491,201  triples=43,894,620  (6 ent/s, 357 triples/s, errors=58885)
  rows=491,236  triples=43,896,907  (6 ent/s, 357 triples/s, errors=58953)
  rows=491,291  triples=43,899,982  (6 ent/s, 357 triples/s, errors=58954)
  rows=491,342  triples=43,903,240  (6 ent/s, 357 triples/s, errors=58970)
  rows=491,391  triples=43,905,366  (6 ent/s, 357 triples/s, errors=58978)
  rows=491,431  triples=43,908,594  (6 ent/s, 357 triples/s, errors=58982)
  rows=491,482  triples=43,910,690  (6 ent/s, 357 triples/s, errors=58995)
  rows=491,531  triples=43,913,836  (6 ent/s, 357 triples/s, errors=58996)
  rows=491,588  triples=43,916,884  (6 ent/s, 357 triples/s, errors=58999)
  rows=491,626  triples=43,919,588  (6 ent/s, 357 triples/s, errors=58999)
  rows=491,680  triples=43,922,808  (6 ent/s, 357 triples/s, errors=59000)
  rows=491,732  triples=43,925,952  (6 ent/s, 357 triples/s, errors=59004)
  rows=491,773  triples=43,929,084  (6 ent/s, 357 triples/s, errors=59029)
  rows=491,814  triples=43,931,574  (6 ent/s, 357 triples/s, errors=59030)
  rows=491,853  triples=43,933,609  (6 ent/s, 357 triples/s, errors=59043)
  rows=491,900  triples=43,936,743  (6 ent/s, 357 triples/s, errors=59047)
  rows=491,953  triples=43,939,885  (6 ent/s, 357 triples/s, errors=59048)
  rows=491,995  triples=43,942,779  (6 ent/s, 357 triples/s, errors=59295)
  rows=492,029  triples=43,945,216  (6 ent/s, 357 triples/s, errors=59301)
  rows=492,080  triples=43,948,296  (6 ent/s, 357 triples/s, errors=59302)
  rows=492,141  triples=43,951,511  (6 ent/s, 357 triples/s, errors=59303)
  rows=492,188  triples=43,954,712  (6 ent/s, 357 triples/s, errors=59314)
  rows=492,239  triples=43,957,561  (6 ent/s, 357 triples/s, errors=59322)
  rows=492,287  triples=43,960,677  (6 ent/s, 357 triples/s, errors=59323)
  rows=492,335  triples=43,963,721  (6 ent/s, 357 triples/s, errors=59324)
  rows=492,395  triples=43,966,806  (6 ent/s, 357 triples/s, errors=59329)
  rows=492,428  triples=43,969,290  (6 ent/s, 357 triples/s, errors=59389)
  rows=492,480  triples=43,972,372  (6 ent/s, 357 triples/s, errors=59400)
  rows=492,514  triples=43,974,521  (6 ent/s, 357 triples/s, errors=59414)
  rows=492,570  triples=43,977,590  (6 ent/s, 357 triples/s, errors=59423)
  rows=492,601  triples=43,979,622  (6 ent/s, 357 triples/s, errors=59427)
  rows=492,661  triples=43,982,753  (6 ent/s, 357 triples/s, errors=59429)
  rows=492,679  triples=43,983,791  (6 ent/s, 357 triples/s, errors=59429)
  rows=492,711  triples=43,985,886  (6 ent/s, 357 triples/s, errors=59436)
  rows=492,765  triples=43,987,970  (6 ent/s, 357 triples/s, errors=59436)
  rows=492,801  triples=43,990,693  (6 ent/s, 357 triples/s, errors=59439)
  rows=492,852  triples=43,993,681  (6 ent/s, 357 triples/s, errors=59589)
  rows=492,899  triples=43,996,791  (6 ent/s, 357 triples/s, errors=59594)
  rows=492,942  triples=43,999,910  (6 ent/s, 357 triples/s, errors=59637)
  rows=492,995  triples=44,002,979  (6 ent/s, 357 triples/s, errors=59639)
  rows=493,030  triples=44,005,421  (6 ent/s, 357 triples/s, errors=59645)
  rows=493,072  triples=44,007,485  (6 ent/s, 357 triples/s, errors=59648)
  rows=493,106  triples=44,010,570  (6 ent/s, 357 triples/s, errors=59690)
  rows=493,156  triples=44,012,759  (6 ent/s, 357 triples/s, errors=59692)
  rows=493,201  triples=44,015,596  (6 ent/s, 357 triples/s, errors=59701)
  rows=493,247  triples=44,017,773  (6 ent/s, 357 triples/s, errors=59707)
  rows=493,266  triples=44,019,833  (6 ent/s, 357 triples/s, errors=59715)
  rows=493,315  triples=44,021,866  (6 ent/s, 357 triples/s, errors=59732)
  rows=493,364  triples=44,024,968  (6 ent/s, 357 triples/s, errors=59734)
  rows=493,398  triples=44,027,039  (6 ent/s, 357 triples/s, errors=59752)
  rows=493,428  triples=44,029,194  (6 ent/s, 357 triples/s, errors=59756)
  rows=493,468  triples=44,031,153  (6 ent/s, 357 triples/s, errors=59896)
  rows=493,499  triples=44,033,126  (6 ent/s, 357 triples/s, errors=59953)
  rows=493,553  triples=44,036,311  (6 ent/s, 357 triples/s, errors=59954)
  rows=493,595  triples=44,038,342  (6 ent/s, 357 triples/s, errors=59962)
  rows=493,614  triples=44,040,408  (6 ent/s, 357 triples/s, errors=59983)
  rows=493,653  triples=44,042,490  (6 ent/s, 357 triples/s, errors=59989)
  rows=493,700  triples=44,045,818  (6 ent/s, 357 triples/s, errors=59995)
  rows=493,737  triples=44,047,870  (6 ent/s, 357 triples/s, errors=59999)
  rows=493,768  triples=44,049,977  (6 ent/s, 357 triples/s, errors=60001)
  rows=493,801  triples=44,052,305  (6 ent/s, 357 triples/s, errors=60270)
  rows=493,841  triples=44,054,405  (6 ent/s, 357 triples/s, errors=60271)
  rows=493,873  triples=44,057,573  (6 ent/s, 357 triples/s, errors=60312)
  rows=493,909  triples=44,059,641  (6 ent/s, 357 triples/s, errors=60313)
  rows=493,961  triples=44,062,671  (6 ent/s, 358 triples/s, errors=60315)
  rows=494,013  triples=44,065,623  (6 ent/s, 358 triples/s, errors=60325)
  rows=494,045  triples=44,067,627  (6 ent/s, 358 triples/s, errors=60340)
  rows=494,092  triples=44,069,680  (6 ent/s, 358 triples/s, errors=60342)
  rows=494,131  triples=44,071,799  (6 ent/s, 358 triples/s, errors=60347)
  rows=494,174  triples=44,074,987  (6 ent/s, 358 triples/s, errors=60356)
  rows=494,212  triples=44,077,732  (6 ent/s, 358 triples/s, errors=60363)
  rows=494,261  triples=44,080,973  (6 ent/s, 358 triples/s, errors=60371)
  rows=494,315  triples=44,084,076  (6 ent/s, 358 triples/s, errors=60377)
  rows=494,365  triples=44,087,239  (6 ent/s, 358 triples/s, errors=60385)
  rows=494,401  triples=44,089,412  (6 ent/s, 358 triples/s, errors=60393)
  rows=494,419  triples=44,091,110  (6 ent/s, 358 triples/s, errors=61055)
  rows=494,468  triples=44,094,230  (6 ent/s, 358 triples/s, errors=61207)
  rows=494,497  triples=44,095,295  (6 ent/s, 357 triples/s, errors=61208)
  rows=494,537  triples=44,098,314  (6 ent/s, 357 triples/s, errors=61215)
  rows=494,596  triples=44,101,351  (6 ent/s, 357 triples/s, errors=61217)
  rows=494,636  triples=44,103,631  (6 ent/s, 357 triples/s, errors=61218)
  rows=494,688  triples=44,105,704  (6 ent/s, 357 triples/s, errors=61219)
  rows=494,717  triples=44,107,756  (6 ent/s, 357 triples/s, errors=61219)
  rows=494,761  triples=44,110,835  (6 ent/s, 358 triples/s, errors=61253)
  rows=494,801  triples=44,113,204  (6 ent/s, 358 triples/s, errors=61264)
  rows=494,845  triples=44,116,331  (6 ent/s, 358 triples/s, errors=61266)
  rows=494,889  triples=44,119,651  (6 ent/s, 358 triples/s, errors=61299)
  rows=494,940  triples=44,122,648  (6 ent/s, 358 triples/s, errors=61346)
  rows=494,989  triples=44,125,703  (6 ent/s, 358 triples/s, errors=61354)
  rows=495,033  triples=44,128,881  (6 ent/s, 358 triples/s, errors=61370)
  rows=495,081  triples=44,131,905  (6 ent/s, 358 triples/s, errors=61387)
  rows=495,123  triples=44,135,026  (6 ent/s, 358 triples/s, errors=61393)
  rows=495,184  triples=44,138,052  (6 ent/s, 358 triples/s, errors=61398)
  rows=495,239  triples=44,141,176  (6 ent/s, 358 triples/s, errors=61411)
  rows=495,283  triples=44,144,177  (6 ent/s, 358 triples/s, errors=61455)
  rows=495,337  triples=44,147,038  (6 ent/s, 358 triples/s, errors=61610)
  rows=495,377  triples=44,149,151  (6 ent/s, 358 triples/s, errors=61620)
  rows=495,429  triples=44,152,061  (6 ent/s, 358 triples/s, errors=61626)
  rows=495,459  triples=44,154,141  (6 ent/s, 358 triples/s, errors=61626)
  rows=495,509  triples=44,157,228  (6 ent/s, 358 triples/s, errors=61630)
  rows=495,535  triples=44,159,399  (6 ent/s, 358 triples/s, errors=61648)
  rows=495,579  triples=44,162,525  (6 ent/s, 358 triples/s, errors=61656)
  rows=495,609  triples=44,165,046  (6 ent/s, 358 triples/s, errors=61681)
  rows=495,651  triples=44,168,081  (6 ent/s, 358 triples/s, errors=61698)
  rows=495,684  triples=44,170,137  (6 ent/s, 358 triples/s, errors=61712)
  rows=495,733  triples=44,173,254  (6 ent/s, 358 triples/s, errors=61713)
  rows=495,776  triples=44,176,401  (6 ent/s, 358 triples/s, errors=61717)
  rows=495,822  triples=44,178,981  (6 ent/s, 358 triples/s, errors=61725)
  rows=495,859  triples=44,181,854  (6 ent/s, 358 triples/s, errors=61922)
  rows=495,915  triples=44,185,002  (6 ent/s, 358 triples/s, errors=61946)
  rows=495,970  triples=44,188,083  (6 ent/s, 358 triples/s, errors=61950)
  rows=496,018  triples=44,191,165  (6 ent/s, 358 triples/s, errors=62012)
  rows=496,071  triples=44,194,140  (6 ent/s, 358 triples/s, errors=62081)
  rows=496,125  triples=44,197,109  (6 ent/s, 358 triples/s, errors=62186)
  rows=496,189  triples=44,200,212  (6 ent/s, 358 triples/s, errors=62186)
  rows=496,223  triples=44,201,768  (6 ent/s, 358 triples/s, errors=62189)
  rows=496,264  triples=44,203,837  (6 ent/s, 358 triples/s, errors=62196)
  rows=496,300  triples=44,205,867  (6 ent/s, 358 triples/s, errors=62199)
  rows=496,315  triples=44,206,865  (6 ent/s, 358 triples/s, errors=62203)
  rows=496,373  triples=44,209,904  (6 ent/s, 358 triples/s, errors=62204)
  rows=496,417  triples=44,212,752  (6 ent/s, 358 triples/s, errors=62205)
  rows=496,448  triples=44,214,863  (6 ent/s, 358 triples/s, errors=62210)
  rows=496,487  triples=44,216,896  (6 ent/s, 358 triples/s, errors=62239)
  rows=496,514  triples=44,218,958  (6 ent/s, 358 triples/s, errors=62240)
  rows=496,543  triples=44,221,038  (6 ent/s, 358 triples/s, errors=62249)
  rows=496,573  triples=44,223,146  (6 ent/s, 358 triples/s, errors=62250)
  rows=496,621  triples=44,225,736  (6 ent/s, 358 triples/s, errors=62255)
  rows=496,668  triples=44,228,811  (6 ent/s, 358 triples/s, errors=62261)
  rows=496,716  triples=44,231,912  (6 ent/s, 358 triples/s, errors=62263)
  rows=496,748  triples=44,234,037  (6 ent/s, 358 triples/s, errors=62263)
  rows=496,783  triples=44,236,307  (6 ent/s, 358 triples/s, errors=62269)
  rows=496,819  triples=44,238,436  (6 ent/s, 358 triples/s, errors=62275)
  rows=496,862  triples=44,240,509  (6 ent/s, 358 triples/s, errors=62278)
  rows=496,908  triples=44,243,653  (6 ent/s, 358 triples/s, errors=62288)
  rows=496,947  triples=44,245,726  (6 ent/s, 358 triples/s, errors=62292)
  rows=496,986  triples=44,247,806  (6 ent/s, 358 triples/s, errors=62292)
  rows=497,024  triples=44,249,861  (6 ent/s, 358 triples/s, errors=62305)
  rows=497,061  triples=44,251,870  (6 ent/s, 358 triples/s, errors=62315)
  rows=497,115  triples=44,255,011  (6 ent/s, 358 triples/s, errors=62318)
  rows=497,156  triples=44,257,156  (6 ent/s, 358 triples/s, errors=62319)
  rows=497,182  triples=44,259,243  (6 ent/s, 358 triples/s, errors=62515)
  rows=497,213  triples=44,261,355  (6 ent/s, 358 triples/s, errors=62527)
  rows=497,264  triples=44,264,440  (6 ent/s, 358 triples/s, errors=62535)
  rows=497,317  triples=44,267,523  (6 ent/s, 358 triples/s, errors=62608)
  rows=497,380  triples=44,270,669  (6 ent/s, 358 triples/s, errors=62612)
  rows=497,418  triples=44,273,312  (6 ent/s, 358 triples/s, errors=62617)
  rows=497,453  triples=44,275,345  (6 ent/s, 358 triples/s, errors=62617)
  rows=497,487  triples=44,277,405  (6 ent/s, 358 triples/s, errors=62620)
  rows=497,526  triples=44,279,516  (6 ent/s, 358 triples/s, errors=62622)
  rows=497,578  triples=44,282,647  (6 ent/s, 358 triples/s, errors=62622)
  rows=497,615  triples=44,285,116  (6 ent/s, 358 triples/s, errors=62630)
  rows=497,646  triples=44,287,157  (6 ent/s, 358 triples/s, errors=62630)
  rows=497,693  triples=44,290,230  (6 ent/s, 358 triples/s, errors=62667)
  rows=497,731  triples=44,292,296  (6 ent/s, 358 triples/s, errors=62670)
  rows=497,764  triples=44,294,307  (6 ent/s, 358 triples/s, errors=62674)
  rows=497,801  triples=44,296,395  (6 ent/s, 358 triples/s, errors=62679)
  rows=497,846  triples=44,299,521  (6 ent/s, 358 triples/s, errors=62685)
  rows=497,882  triples=44,301,573  (6 ent/s, 358 triples/s, errors=62685)
  rows=497,917  triples=44,303,689  (6 ent/s, 358 triples/s, errors=62688)
  rows=497,954  triples=44,305,666  (6 ent/s, 358 triples/s, errors=62774)
  rows=497,987  triples=44,307,716  (6 ent/s, 358 triples/s, errors=62779)
  rows=498,017  triples=44,309,633  (6 ent/s, 358 triples/s, errors=62780)
  rows=498,058  triples=44,311,881  (6 ent/s, 358 triples/s, errors=62782)
  rows=498,092  triples=44,313,949  (6 ent/s, 358 triples/s, errors=62785)
  rows=498,133  triples=44,316,003  (6 ent/s, 358 triples/s, errors=62792)
  rows=498,187  triples=44,319,079  (6 ent/s, 358 triples/s, errors=62796)
  rows=498,238  triples=44,321,928  (6 ent/s, 358 triples/s, errors=62799)
  rows=498,273  triples=44,324,073  (6 ent/s, 358 triples/s, errors=62805)
  rows=498,308  triples=44,326,192  (6 ent/s, 358 triples/s, errors=62805)
  rows=498,342  triples=44,328,279  (6 ent/s, 358 triples/s, errors=62805)
  rows=498,377  triples=44,330,336  (6 ent/s, 358 triples/s, errors=62809)
  rows=498,417  triples=44,332,516  (6 ent/s, 358 triples/s, errors=62812)
  rows=498,465  triples=44,335,597  (6 ent/s, 358 triples/s, errors=62849)
  rows=498,527  triples=44,338,731  (6 ent/s, 358 triples/s, errors=62849)
  rows=498,565  triples=44,340,806  (6 ent/s, 358 triples/s, errors=62857)
  rows=498,591  triples=44,342,939  (6 ent/s, 358 triples/s, errors=62869)
  rows=498,636  triples=44,345,487  (6 ent/s, 358 triples/s, errors=62875)
  rows=498,672  triples=44,347,595  (6 ent/s, 358 triples/s, errors=62882)
  rows=498,706  triples=44,349,620  (6 ent/s, 358 triples/s, errors=62885)
  rows=498,740  triples=44,351,627  (6 ent/s, 358 triples/s, errors=62885)
  rows=498,778  triples=44,353,645  (6 ent/s, 358 triples/s, errors=62888)
  rows=498,820  triples=44,356,132  (6 ent/s, 358 triples/s, errors=62893)
  rows=498,851  triples=44,358,260  (6 ent/s, 358 triples/s, errors=62903)
  rows=498,886  triples=44,360,294  (6 ent/s, 358 triples/s, errors=62922)
  rows=498,923  triples=44,362,399  (6 ent/s, 358 triples/s, errors=62922)
  rows=498,969  triples=44,365,474  (6 ent/s, 358 triples/s, errors=62935)
  rows=498,997  triples=44,367,480  (6 ent/s, 358 triples/s, errors=62942)
  rows=499,034  triples=44,369,798  (6 ent/s, 358 triples/s, errors=62947)
  rows=499,083  triples=44,371,841  (6 ent/s, 358 triples/s, errors=62952)
  rows=499,113  triples=44,373,854  (6 ent/s, 358 triples/s, errors=62953)
  rows=499,150  triples=44,375,921  (6 ent/s, 358 triples/s, errors=62959)
  rows=499,185  triples=44,378,106  (6 ent/s, 358 triples/s, errors=62959)
  rows=499,236  triples=44,381,091  (6 ent/s, 358 triples/s, errors=62963)
  rows=499,265  triples=44,383,478  (6 ent/s, 358 triples/s, errors=62988)
  rows=499,298  triples=44,385,514  (6 ent/s, 358 triples/s, errors=62992)
  rows=499,330  triples=44,387,615  (6 ent/s, 358 triples/s, errors=63027)
  rows=499,363  triples=44,389,654  (6 ent/s, 358 triples/s, errors=63043)
  rows=499,397  triples=44,391,713  (6 ent/s, 358 triples/s, errors=63050)
  rows=499,439  triples=44,393,958  (6 ent/s, 358 triples/s, errors=63057)
  rows=499,481  triples=44,396,154  (6 ent/s, 358 triples/s, errors=63059)
  rows=499,514  triples=44,398,168  (6 ent/s, 358 triples/s, errors=63065)
  rows=499,555  triples=44,400,278  (6 ent/s, 358 triples/s, errors=63079)
  rows=499,583  triples=44,402,319  (6 ent/s, 358 triples/s, errors=63088)
  rows=499,615  triples=44,404,659  (6 ent/s, 358 triples/s, errors=63096)
  rows=499,650  triples=44,406,828  (6 ent/s, 358 triples/s, errors=63098)
  rows=499,695  triples=44,408,844  (6 ent/s, 358 triples/s, errors=63110)
  rows=499,739  triples=44,410,900  (6 ent/s, 358 triples/s, errors=63112)
  rows=499,779  triples=44,413,074  (6 ent/s, 358 triples/s, errors=63114)
  rows=499,810  triples=44,415,536  (6 ent/s, 358 triples/s, errors=63148)
  rows=499,846  triples=44,417,643  (6 ent/s, 358 triples/s, errors=63168)
  rows=499,904  triples=44,420,774  (6 ent/s, 358 triples/s, errors=63172)
  rows=499,933  triples=44,422,779  (6 ent/s, 358 triples/s, errors=63172)
  rows=499,951  triples=44,422,779  (6 ent/s, 358 triples/s, errors=63172)
  rows=499,970  triples=44,424,928  (6 ent/s, 358 triples/s, errors=63180)
  rows=499,997  triples=44,426,921  (6 ent/s, 358 triples/s, errors=63258)
  rows=500,032  triples=44,429,178  (6 ent/s, 358 triples/s, errors=63258)
  rows=500,060  triples=44,431,208  (6 ent/s, 358 triples/s, errors=63264)
  rows=500,095  triples=44,433,345  (6 ent/s, 358 triples/s, errors=63277)
  rows=500,129  triples=44,435,380  (6 ent/s, 358 triples/s, errors=63301)
  rows=500,155  triples=44,437,481  (6 ent/s, 358 triples/s, errors=63333)
  rows=500,188  triples=44,439,577  (6 ent/s, 358 triples/s, errors=63431)
  rows=500,213  triples=44,441,314  (6 ent/s, 358 triples/s, errors=63438)
  rows=500,256  triples=44,444,332  (6 ent/s, 358 triples/s, errors=63443)
  rows=500,300  triples=44,447,511  (6 ent/s, 358 triples/s, errors=63449)
  rows=500,335  triples=44,449,584  (6 ent/s, 358 triples/s, errors=63449)
  rows=500,362  triples=44,452,252  (6 ent/s, 358 triples/s, errors=63758)
  rows=500,397  triples=44,454,313  (6 ent/s, 358 triples/s, errors=63758)
  rows=500,417  triples=44,455,745  (6 ent/s, 358 triples/s, errors=63767)
  rows=500,448  triples=44,457,846  (6 ent/s, 358 triples/s, errors=63768)
  rows=500,495  triples=44,459,903  (6 ent/s, 358 triples/s, errors=63768)
  rows=500,535  triples=44,461,954  (6 ent/s, 358 triples/s, errors=63768)
  rows=500,553  triples=44,462,964  (6 ent/s, 358 triples/s, errors=63771)
  rows=500,592  triples=44,465,041  (6 ent/s, 358 triples/s, errors=63772)
  rows=500,619  triples=44,466,498  (6 ent/s, 358 triples/s, errors=63774)
  rows=500,653  triples=44,468,672  (6 ent/s, 358 triples/s, errors=63776)
  rows=500,702  triples=44,471,867  (6 ent/s, 358 triples/s, errors=63779)
  rows=500,767  triples=44,474,988  (6 ent/s, 358 triples/s, errors=63780)
  rows=500,796  triples=44,477,107  (6 ent/s, 358 triples/s, errors=63795)
  rows=500,833  triples=44,479,454  (6 ent/s, 358 triples/s, errors=63801)
  rows=500,871  triples=44,481,485  (6 ent/s, 358 triples/s, errors=63808)
  rows=500,930  triples=44,484,538  (6 ent/s, 358 triples/s, errors=63810)
  rows=500,987  triples=44,487,614  (6 ent/s, 358 triples/s, errors=63824)
  rows=501,037  triples=44,490,484  (6 ent/s, 358 triples/s, errors=63824)
  rows=501,082  triples=44,493,600  (6 ent/s, 358 triples/s, errors=63858)
  rows=501,134  triples=44,495,626  (6 ent/s, 358 triples/s, errors=63860)
  rows=501,172  triples=44,498,779  (6 ent/s, 358 triples/s, errors=63864)
  rows=501,218  triples=44,501,249  (6 ent/s, 358 triples/s, errors=63865)
  rows=501,273  triples=44,504,423  (6 ent/s, 358 triples/s, errors=63867)
  rows=501,318  triples=44,507,486  (6 ent/s, 358 triples/s, errors=63940)
  rows=501,359  triples=44,509,528  (6 ent/s, 358 triples/s, errors=63940)
  rows=501,401  triples=44,512,251  (6 ent/s, 358 triples/s, errors=63941)
  rows=501,430  triples=44,514,408  (6 ent/s, 358 triples/s, errors=63943)
  rows=501,479  triples=44,517,569  (6 ent/s, 358 triples/s, errors=63952)
  rows=501,513  triples=44,519,782  (6 ent/s, 358 triples/s, errors=63952)
  rows=501,564  triples=44,522,809  (6 ent/s, 358 triples/s, errors=63956)
  rows=501,615  triples=44,525,676  (6 ent/s, 358 triples/s, errors=63956)
  rows=501,659  triples=44,528,843  (6 ent/s, 358 triples/s, errors=63960)
  rows=501,716  triples=44,532,073  (6 ent/s, 358 triples/s, errors=63969)
  rows=501,751  triples=44,534,024  (6 ent/s, 358 triples/s, errors=64108)
  rows=501,769  triples=44,534,938  (6 ent/s, 358 triples/s, errors=64241)
  rows=501,796  triples=44,537,070  (6 ent/s, 358 triples/s, errors=64247)
  rows=501,840  triples=44,539,552  (6 ent/s, 358 triples/s, errors=64257)
  rows=501,879  triples=44,541,671  (6 ent/s, 358 triples/s, errors=64262)
  rows=501,916  triples=44,543,697  (6 ent/s, 358 triples/s, errors=64262)
  rows=501,957  triples=44,546,797  (6 ent/s, 358 triples/s, errors=64285)
  rows=501,995  triples=44,548,814  (6 ent/s, 358 triples/s, errors=64286)
  rows=502,037  triples=44,551,146  (6 ent/s, 358 triples/s, errors=64293)
  rows=502,079  triples=44,553,190  (6 ent/s, 358 triples/s, errors=64300)
  rows=502,119  triples=44,555,252  (6 ent/s, 358 triples/s, errors=64302)
  rows=502,155  triples=44,557,306  (6 ent/s, 358 triples/s, errors=64309)
  rows=502,201  triples=44,559,752  (6 ent/s, 358 triples/s, errors=64311)
  rows=502,231  triples=44,561,777  (6 ent/s, 358 triples/s, errors=64311)
  rows=502,283  triples=44,564,874  (6 ent/s, 358 triples/s, errors=64315)
  rows=502,319  triples=44,567,009  (6 ent/s, 358 triples/s, errors=64321)
  rows=502,361  triples=44,570,101  (6 ent/s, 358 triples/s, errors=64331)
  rows=502,389  triples=44,572,233  (6 ent/s, 358 triples/s, errors=64478)
  rows=502,435  triples=44,574,865  (6 ent/s, 358 triples/s, errors=64478)
  rows=502,469  triples=44,577,008  (6 ent/s, 358 triples/s, errors=64481)
  rows=502,524  triples=44,580,200  (6 ent/s, 358 triples/s, errors=64481)
  rows=502,572  triples=44,582,296  (6 ent/s, 358 triples/s, errors=64485)
  rows=502,598  triples=44,584,445  (6 ent/s, 358 triples/s, errors=64487)
  rows=502,635  triples=44,586,552  (6 ent/s, 358 triples/s, errors=64488)
  rows=502,677  triples=44,589,719  (6 ent/s, 358 triples/s, errors=64490)
  rows=502,711  triples=44,591,784  (6 ent/s, 358 triples/s, errors=64498)
  rows=502,740  triples=44,593,811  (6 ent/s, 358 triples/s, errors=64500)
  rows=502,771  triples=44,595,855  (6 ent/s, 358 triples/s, errors=64503)
  rows=502,821  triples=44,598,957  (6 ent/s, 358 triples/s, errors=64503)
  rows=502,855  triples=44,600,981  (6 ent/s, 358 triples/s, errors=64539)
  rows=502,905  triples=44,603,030  (6 ent/s, 358 triples/s, errors=64549)
  rows=502,959  triples=44,606,112  (6 ent/s, 358 triples/s, errors=64551)
  rows=502,989  triples=44,608,223  (6 ent/s, 358 triples/s, errors=64663)
  rows=503,027  triples=44,610,923  (6 ent/s, 358 triples/s, errors=64663)
  rows=503,067  triples=44,613,009  (6 ent/s, 358 triples/s, errors=64665)
  rows=503,123  triples=44,616,254  (6 ent/s, 358 triples/s, errors=64669)
  rows=503,174  triples=44,619,261  (6 ent/s, 358 triples/s, errors=64770)
  rows=503,223  triples=44,621,854  (6 ent/s, 358 triples/s, errors=64772)
  rows=503,274  triples=44,624,951  (6 ent/s, 358 triples/s, errors=64791)
  rows=503,314  triples=44,626,992  (6 ent/s, 358 triples/s, errors=64798)
  rows=503,355  triples=44,630,074  (6 ent/s, 358 triples/s, errors=64911)
  rows=503,392  triples=44,632,289  (6 ent/s, 358 triples/s, errors=64947)
  rows=503,426  triples=44,634,959  (6 ent/s, 358 triples/s, errors=64971)
  rows=503,447  triples=44,637,387  (6 ent/s, 358 triples/s, errors=65459)
  rows=503,480  triples=44,639,453  (6 ent/s, 358 triples/s, errors=65460)
  rows=503,520  triples=44,641,530  (6 ent/s, 358 triples/s, errors=65461)
  rows=503,568  triples=44,644,667  (6 ent/s, 358 triples/s, errors=65483)
  rows=503,587  triples=44,645,695  (6 ent/s, 358 triples/s, errors=65483)
  rows=503,619  triples=44,647,721  (6 ent/s, 358 triples/s, errors=65484)
  rows=503,648  triples=44,649,813  (6 ent/s, 358 triples/s, errors=65486)
  rows=503,680  triples=44,651,834  (6 ent/s, 358 triples/s, errors=65489)
  rows=503,708  triples=44,653,784  (6 ent/s, 358 triples/s, errors=65605)
  rows=503,740  triples=44,655,810  (6 ent/s, 358 triples/s, errors=65607)
  rows=503,778  triples=44,657,932  (6 ent/s, 358 triples/s, errors=65609)
  rows=503,819  triples=44,660,375  (6 ent/s, 358 triples/s, errors=65618)
  rows=503,849  triples=44,662,456  (6 ent/s, 358 triples/s, errors=65622)
  rows=503,874  triples=44,664,470  (6 ent/s, 358 triples/s, errors=65707)
  rows=503,921  triples=44,666,522  (6 ent/s, 358 triples/s, errors=65715)
  rows=503,965  triples=44,669,681  (6 ent/s, 358 triples/s, errors=65718)
  rows=504,014  triples=44,672,975  (6 ent/s, 358 triples/s, errors=65917)
  rows=504,055  triples=44,675,031  (6 ent/s, 358 triples/s, errors=65917)
  rows=504,107  triples=44,678,152  (6 ent/s, 358 triples/s, errors=65932)
  rows=504,154  triples=44,681,164  (6 ent/s, 358 triples/s, errors=65989)
  rows=504,197  triples=44,683,265  (6 ent/s, 358 triples/s, errors=65992)
  rows=504,236  triples=44,685,511  (6 ent/s, 358 triples/s, errors=65993)
  rows=504,282  triples=44,688,538  (6 ent/s, 358 triples/s, errors=65994)
  rows=504,312  triples=44,690,584  (6 ent/s, 358 triples/s, errors=66006)
  rows=504,361  triples=44,693,612  (6 ent/s, 358 triples/s, errors=66021)
  rows=504,401  triples=44,695,713  (6 ent/s, 358 triples/s, errors=66024)
  rows=504,432  triples=44,697,785  (6 ent/s, 358 triples/s, errors=66077)
  rows=504,462  triples=44,699,819  (6 ent/s, 358 triples/s, errors=66089)
  rows=504,498  triples=44,702,007  (6 ent/s, 358 triples/s, errors=66089)
  rows=504,537  triples=44,704,097  (6 ent/s, 358 triples/s, errors=66091)
  rows=504,573  triples=44,706,186  (6 ent/s, 358 triples/s, errors=66097)
  rows=504,613  triples=44,709,093  (6 ent/s, 359 triples/s, errors=66097)
  rows=504,650  triples=44,711,130  (6 ent/s, 359 triples/s, errors=66100)
  rows=504,685  triples=44,713,216  (6 ent/s, 359 triples/s, errors=66108)
  rows=504,721  triples=44,715,232  (6 ent/s, 359 triples/s, errors=66118)
  rows=504,762  triples=44,717,392  (6 ent/s, 359 triples/s, errors=66120)
  rows=504,788  triples=44,719,447  (6 ent/s, 359 triples/s, errors=66121)
  rows=504,825  triples=44,721,195  (6 ent/s, 359 triples/s, errors=66122)
  rows=504,862  triples=44,723,291  (6 ent/s, 359 triples/s, errors=66124)
  rows=504,882  triples=44,725,353  (6 ent/s, 359 triples/s, errors=66129)
  rows=504,922  triples=44,727,393  (6 ent/s, 359 triples/s, errors=66131)
  rows=504,954  triples=44,729,778  (6 ent/s, 359 triples/s, errors=66309)
  rows=504,990  triples=44,731,825  (6 ent/s, 359 triples/s, errors=66309)
  rows=505,030  triples=44,734,381  (6 ent/s, 359 triples/s, errors=66392)
  rows=505,077  triples=44,736,495  (6 ent/s, 359 triples/s, errors=66392)
  rows=505,106  triples=44,738,531  (6 ent/s, 359 triples/s, errors=66400)
  rows=505,144  triples=44,740,624  (6 ent/s, 359 triples/s, errors=66416)
  rows=505,184  triples=44,742,744  (6 ent/s, 359 triples/s, errors=66423)
  rows=505,227  triples=44,745,542  (6 ent/s, 359 triples/s, errors=66631)
  rows=505,265  triples=44,747,664  (6 ent/s, 359 triples/s, errors=66641)
  rows=505,304  triples=44,750,702  (6 ent/s, 359 triples/s, errors=66650)
  rows=505,337  triples=44,753,019  (6 ent/s, 359 triples/s, errors=66703)
  rows=505,365  triples=44,755,082  (6 ent/s, 359 triples/s, errors=66710)
  rows=505,396  triples=44,757,187  (6 ent/s, 359 triples/s, errors=66711)
  rows=505,405  triples=44,757,684  (6 ent/s, 359 triples/s, errors=66713)
  rows=505,454  triples=44,760,832  (6 ent/s, 359 triples/s, errors=66713)
  rows=505,487  triples=44,762,931  (6 ent/s, 359 triples/s, errors=66715)
  rows=505,523  triples=44,765,061  (6 ent/s, 359 triples/s, errors=66730)
  rows=505,553  triples=44,767,178  (6 ent/s, 359 triples/s, errors=66731)
  rows=505,599  triples=44,770,193  (6 ent/s, 359 triples/s, errors=66740)
  rows=505,631  triples=44,772,265  (6 ent/s, 359 triples/s, errors=66990)
  rows=505,674  triples=44,774,349  (6 ent/s, 359 triples/s, errors=66995)
  rows=505,729  triples=44,777,469  (6 ent/s, 359 triples/s, errors=66995)
  rows=505,764  triples=44,779,506  (6 ent/s, 359 triples/s, errors=67013)
  rows=505,796  triples=44,781,853  (6 ent/s, 359 triples/s, errors=67013)
  rows=505,816  triples=44,784,216  (6 ent/s, 359 triples/s, errors=67199)
  rows=505,837  triples=44,786,372  (6 ent/s, 359 triples/s, errors=67306)
  rows=505,871  triples=44,788,765  (6 ent/s, 359 triples/s, errors=67315)
  rows=505,896  triples=44,790,859  (6 ent/s, 359 triples/s, errors=67315)
  rows=505,926  triples=44,792,891  (6 ent/s, 359 triples/s, errors=67315)
  rows=505,948  triples=44,795,094  (6 ent/s, 359 triples/s, errors=67317)
  rows=505,975  triples=44,798,139  (6 ent/s, 359 triples/s, errors=67323)
  rows=506,007  triples=44,801,431  (6 ent/s, 359 triples/s, errors=67329)
  rows=506,048  triples=44,804,604  (6 ent/s, 359 triples/s, errors=67343)
  rows=506,078  triples=44,806,942  (6 ent/s, 359 triples/s, errors=67344)
  rows=506,102  triples=44,808,916  (6 ent/s, 359 triples/s, errors=67462)
  rows=506,126  triples=44,810,972  (6 ent/s, 359 triples/s, errors=67464)
  rows=506,156  triples=44,813,139  (6 ent/s, 359 triples/s, errors=67464)
  rows=506,182  triples=44,815,268  (6 ent/s, 359 triples/s, errors=67470)
  rows=506,209  triples=44,817,337  (6 ent/s, 359 triples/s, errors=67470)
  rows=506,236  triples=44,819,729  (6 ent/s, 359 triples/s, errors=67476)
  rows=506,282  triples=44,821,768  (6 ent/s, 359 triples/s, errors=67482)
  rows=506,324  triples=44,824,936  (6 ent/s, 359 triples/s, errors=67486)
  rows=506,365  triples=44,827,015  (6 ent/s, 359 triples/s, errors=67487)
  rows=506,397  triples=44,829,156  (6 ent/s, 359 triples/s, errors=67487)
  rows=506,435  triples=44,831,668  (6 ent/s, 359 triples/s, errors=67496)
  rows=506,467  triples=44,833,989  (6 ent/s, 359 triples/s, errors=67507)
  rows=506,495  triples=44,836,185  (6 ent/s, 359 triples/s, errors=67511)
  rows=506,521  triples=44,838,652  (6 ent/s, 359 triples/s, errors=67513)
  rows=506,564  triples=44,840,766  (6 ent/s, 359 triples/s, errors=67513)
  rows=506,589  triples=44,842,850  (6 ent/s, 359 triples/s, errors=67517)
  rows=506,615  triples=44,845,178  (6 ent/s, 359 triples/s, errors=67527)
  rows=506,654  triples=44,848,599  (6 ent/s, 359 triples/s, errors=67527)
  rows=506,687  triples=44,851,792  (6 ent/s, 359 triples/s, errors=67527)
  rows=506,720  triples=44,855,157  (6 ent/s, 359 triples/s, errors=67531)
  rows=506,750  triples=44,857,362  (6 ent/s, 359 triples/s, errors=67532)
  rows=506,793  triples=44,860,820  (6 ent/s, 359 triples/s, errors=67535)
  rows=506,827  triples=44,863,011  (6 ent/s, 359 triples/s, errors=67535)
  rows=506,864  triples=44,866,183  (6 ent/s, 359 triples/s, errors=67535)
  rows=506,901  triples=44,869,356  (6 ent/s, 359 triples/s, errors=67535)
  rows=506,934  triples=44,871,658  (6 ent/s, 359 triples/s, errors=67536)
  rows=506,972  triples=44,875,065  (6 ent/s, 359 triples/s, errors=67549)
  rows=507,018  triples=44,878,221  (6 ent/s, 359 triples/s, errors=67549)
  rows=507,050  triples=44,881,244  (6 ent/s, 359 triples/s, errors=67555)
  rows=507,086  triples=44,883,258  (6 ent/s, 359 triples/s, errors=67569)
  rows=507,126  triples=44,885,451  (6 ent/s, 359 triples/s, errors=67576)
  rows=507,159  triples=44,887,493  (6 ent/s, 359 triples/s, errors=67586)
  rows=507,201  triples=44,889,261  (6 ent/s, 359 triples/s, errors=67588)
  rows=507,223  triples=44,889,261  (6 ent/s, 359 triples/s, errors=67588)
  rows=507,250  triples=44,891,246  (6 ent/s, 359 triples/s, errors=67621)
  rows=507,279  triples=44,893,353  (6 ent/s, 359 triples/s, errors=67629)
  rows=507,324  triples=44,895,419  (6 ent/s, 359 triples/s, errors=67634)
  rows=507,363  triples=44,897,549  (6 ent/s, 359 triples/s, errors=67637)
  rows=507,398  triples=44,899,590  (6 ent/s, 359 triples/s, errors=67771)
  rows=507,439  triples=44,901,624  (6 ent/s, 359 triples/s, errors=67771)
  rows=507,476  triples=44,903,574  (6 ent/s, 359 triples/s, errors=67855)
  rows=507,505  triples=44,905,947  (6 ent/s, 359 triples/s, errors=67859)
  rows=507,540  triples=44,909,237  (6 ent/s, 359 triples/s, errors=67859)
  rows=507,570  triples=44,911,439  (6 ent/s, 359 triples/s, errors=67862)
  rows=507,602  triples=44,913,482  (6 ent/s, 359 triples/s, errors=67864)
  rows=507,627  triples=44,915,680  (6 ent/s, 359 triples/s, errors=67869)
  rows=507,652  triples=44,917,798  (6 ent/s, 359 triples/s, errors=67871)
  rows=507,683  triples=44,921,299  (6 ent/s, 359 triples/s, errors=67871)
  rows=507,716  triples=44,924,794  (6 ent/s, 359 triples/s, errors=67872)
  rows=507,760  triples=44,927,971  (6 ent/s, 359 triples/s, errors=67872)
  rows=507,789  triples=44,930,301  (6 ent/s, 359 triples/s, errors=67872)
  rows=507,822  triples=44,933,082  (6 ent/s, 359 triples/s, errors=67928)
  rows=507,853  triples=44,936,199  (6 ent/s, 359 triples/s, errors=67929)
  rows=507,874  triples=44,938,206  (6 ent/s, 359 triples/s, errors=67944)
  rows=507,911  triples=44,941,597  (6 ent/s, 359 triples/s, errors=67946)
  rows=507,943  triples=44,945,054  (6 ent/s, 359 triples/s, errors=67952)
  rows=507,982  triples=44,948,459  (6 ent/s, 359 triples/s, errors=67956)
  rows=508,023  triples=44,951,389  (6 ent/s, 359 triples/s, errors=67956)
  rows=508,071  triples=44,954,491  (6 ent/s, 359 triples/s, errors=68037)
  rows=508,113  triples=44,956,640  (6 ent/s, 359 triples/s, errors=68037)
  rows=508,155  triples=44,958,742  (6 ent/s, 359 triples/s, errors=68038)
  rows=508,210  triples=44,960,323  (6 ent/s, 359 triples/s, errors=68039)
  rows=508,229  triples=44,962,824  (6 ent/s, 359 triples/s, errors=68040)
  rows=508,249  triples=44,964,929  (6 ent/s, 359 triples/s, errors=68048)
  rows=508,280  triples=44,967,126  (6 ent/s, 359 triples/s, errors=68050)
  rows=508,309  triples=44,969,380  (6 ent/s, 359 triples/s, errors=68050)
  rows=508,354  triples=44,972,745  (6 ent/s, 359 triples/s, errors=68059)
  rows=508,396  triples=44,974,798  (6 ent/s, 359 triples/s, errors=68059)
  rows=508,413  triples=44,976,963  (6 ent/s, 359 triples/s, errors=68059)
  rows=508,437  triples=44,979,012  (6 ent/s, 359 triples/s, errors=68156)
  rows=508,477  triples=44,981,204  (6 ent/s, 359 triples/s, errors=68156)
  rows=508,500  triples=44,983,570  (6 ent/s, 359 triples/s, errors=68159)
  rows=508,533  triples=44,986,630  (6 ent/s, 359 triples/s, errors=68160)
  rows=508,563  triples=44,990,075  (6 ent/s, 359 triples/s, errors=68160)
  rows=508,585  triples=44,992,341  (6 ent/s, 359 triples/s, errors=68199)
  rows=508,613  triples=44,995,004  (6 ent/s, 359 triples/s, errors=68199)
  rows=508,643  triples=44,998,188  (6 ent/s, 359 triples/s, errors=68199)
  rows=508,673  triples=45,000,256  (6 ent/s, 359 triples/s, errors=68199)
  rows=508,711  triples=45,003,473  (6 ent/s, 359 triples/s, errors=68201)
  rows=508,754  triples=45,005,788  (6 ent/s, 359 triples/s, errors=68201)
  rows=508,798  triples=45,007,757  (6 ent/s, 359 triples/s, errors=68251)
  rows=508,828  triples=45,008,777  (6 ent/s, 359 triples/s, errors=68251)
  rows=508,855  triples=45,009,784  (6 ent/s, 359 triples/s, errors=68261)
  rows=508,894  triples=45,011,867  (6 ent/s, 359 triples/s, errors=68263)
  rows=508,937  triples=45,014,003  (6 ent/s, 359 triples/s, errors=68269)
  rows=508,986  triples=45,016,076  (6 ent/s, 359 triples/s, errors=68271)
  rows=509,018  triples=45,017,806  (6 ent/s, 359 triples/s, errors=68282)
  rows=509,041  triples=45,017,806  (6 ent/s, 359 triples/s, errors=68282)
  rows=509,049  triples=45,018,834  (6 ent/s, 359 triples/s, errors=68284)
  rows=509,070  triples=45,019,837  (6 ent/s, 359 triples/s, errors=68289)
  rows=509,122  triples=45,021,928  (6 ent/s, 359 triples/s, errors=68289)
  rows=509,174  triples=45,023,998  (6 ent/s, 359 triples/s, errors=68292)
  rows=509,224  triples=45,026,222  (6 ent/s, 359 triples/s, errors=68296)
  rows=509,265  triples=45,028,415  (6 ent/s, 359 triples/s, errors=68299)
  rows=509,306  triples=45,030,536  (6 ent/s, 359 triples/s, errors=68310)
  rows=509,338  triples=45,032,863  (6 ent/s, 359 triples/s, errors=68310)
  rows=509,377  triples=45,036,008  (6 ent/s, 359 triples/s, errors=68310)
  rows=509,422  triples=45,038,200  (6 ent/s, 359 triples/s, errors=68321)
  rows=509,468  triples=45,040,230  (6 ent/s, 359 triples/s, errors=68327)
  rows=509,512  triples=45,042,286  (6 ent/s, 359 triples/s, errors=68342)
  rows=509,555  triples=45,044,372  (6 ent/s, 359 triples/s, errors=68349)
  rows=509,600  triples=45,046,448  (6 ent/s, 359 triples/s, errors=68349)
  rows=509,625  triples=45,048,502  (6 ent/s, 359 triples/s, errors=68363)
  rows=509,678  triples=45,050,696  (6 ent/s, 359 triples/s, errors=68366)
  rows=509,715  triples=45,053,934  (6 ent/s, 359 triples/s, errors=68366)
  rows=509,788  triples=45,055,947  (6 ent/s, 359 triples/s, errors=68367)
  rows=509,827  triples=45,058,029  (6 ent/s, 359 triples/s, errors=68371)
  rows=509,872  triples=45,060,244  (6 ent/s, 359 triples/s, errors=68378)
  rows=509,919  triples=45,062,323  (6 ent/s, 359 triples/s, errors=68388)
  rows=509,961  triples=45,064,381  (6 ent/s, 359 triples/s, errors=68398)
  rows=510,021  triples=45,067,136  (6 ent/s, 359 triples/s, errors=68408)
  rows=510,061  triples=45,069,202  (6 ent/s, 359 triples/s, errors=68408)
  rows=510,101  triples=45,071,479  (6 ent/s, 359 triples/s, errors=68486)
  rows=510,146  triples=45,073,524  (6 ent/s, 359 triples/s, errors=68486)
  rows=510,188  triples=45,075,760  (6 ent/s, 359 triples/s, errors=68493)
  rows=510,224  triples=45,077,628  (6 ent/s, 359 triples/s, errors=68504)
  rows=510,298  triples=45,081,027  (6 ent/s, 359 triples/s, errors=68504)
  rows=510,362  triples=45,083,114  (6 ent/s, 359 triples/s, errors=68505)
  rows=510,419  triples=45,084,695  (6 ent/s, 359 triples/s, errors=68509)
  rows=510,447  triples=45,086,750  (6 ent/s, 359 triples/s, errors=68510)
  rows=510,487  triples=45,088,817  (6 ent/s, 359 triples/s, errors=68510)
  rows=510,542  triples=45,090,883  (6 ent/s, 359 triples/s, errors=68513)
  rows=510,585  triples=45,093,004  (6 ent/s, 359 triples/s, errors=68515)
  rows=510,634  triples=45,095,083  (6 ent/s, 359 triples/s, errors=68693)
  rows=510,678  triples=45,097,104  (6 ent/s, 359 triples/s, errors=68696)
  rows=510,719  triples=45,099,109  (6 ent/s, 359 triples/s, errors=68702)
  rows=510,753  triples=45,101,148  (6 ent/s, 359 triples/s, errors=68704)
  rows=510,800  triples=45,103,214  (6 ent/s, 359 triples/s, errors=68705)
  rows=510,855  triples=45,105,366  (6 ent/s, 359 triples/s, errors=68711)
  rows=510,859  triples=45,105,366  (6 ent/s, 359 triples/s, errors=68711)
  rows=510,904  triples=45,107,420  (6 ent/s, 359 triples/s, errors=68711)
  rows=510,939  triples=45,109,445  (6 ent/s, 359 triples/s, errors=68757)
  rows=511,000  triples=45,111,533  (6 ent/s, 359 triples/s, errors=68765)
  rows=511,051  triples=45,113,603  (6 ent/s, 359 triples/s, errors=68774)
  rows=511,104  triples=45,115,705  (6 ent/s, 359 triples/s, errors=68782)
  rows=511,153  triples=45,117,723  (6 ent/s, 359 triples/s, errors=68815)
  rows=511,195  triples=45,119,734  (6 ent/s, 359 triples/s, errors=68823)
  rows=511,250  triples=45,121,820  (6 ent/s, 359 triples/s, errors=68823)
  rows=511,313  triples=45,123,855  (6 ent/s, 359 triples/s, errors=68829)
  rows=511,366  triples=45,126,132  (6 ent/s, 359 triples/s, errors=69146)
  rows=511,427  triples=45,128,251  (6 ent/s, 359 triples/s, errors=69169)
  rows=511,465  triples=45,130,335  (6 ent/s, 359 triples/s, errors=69169)
  rows=511,519  triples=45,132,369  (6 ent/s, 359 triples/s, errors=69171)
  rows=511,563  triples=45,134,381  (6 ent/s, 359 triples/s, errors=69176)
  rows=511,601  triples=45,136,163  (6 ent/s, 359 triples/s, errors=69180)
  rows=511,642  triples=45,138,273  (6 ent/s, 359 triples/s, errors=69187)
  rows=511,696  triples=45,140,473  (6 ent/s, 359 triples/s, errors=69187)
  rows=511,739  triples=45,142,502  (6 ent/s, 359 triples/s, errors=69187)
  rows=511,778  triples=45,144,945  (6 ent/s, 359 triples/s, errors=69187)
  rows=511,840  triples=45,147,697  (6 ent/s, 359 triples/s, errors=69189)
  rows=511,873  triples=45,149,792  (6 ent/s, 359 triples/s, errors=69192)
  rows=511,913  triples=45,152,344  (6 ent/s, 359 triples/s, errors=69193)
  rows=511,951  triples=45,154,411  (6 ent/s, 359 triples/s, errors=69199)
  rows=511,992  triples=45,156,605  (6 ent/s, 359 triples/s, errors=69199)
  rows=512,054  triples=45,159,171  (6 ent/s, 359 triples/s, errors=69220)
  rows=512,099  triples=45,161,478  (6 ent/s, 359 triples/s, errors=69238)
  rows=512,156  triples=45,163,521  (6 ent/s, 359 triples/s, errors=69238)
  rows=512,222  triples=45,166,543  (6 ent/s, 359 triples/s, errors=69250)
  rows=512,286  triples=45,168,667  (6 ent/s, 359 triples/s, errors=69266)
  rows=512,362  triples=45,170,711  (6 ent/s, 359 triples/s, errors=69282)
  rows=512,401  triples=45,172,654  (6 ent/s, 359 triples/s, errors=69304)
  rows=512,460  triples=45,174,687  (6 ent/s, 359 triples/s, errors=69306)
  rows=512,534  triples=45,176,744  (6 ent/s, 359 triples/s, errors=69307)
  rows=512,601  triples=45,179,174  (6 ent/s, 359 triples/s, errors=69307)
  rows=512,649  triples=45,181,468  (6 ent/s, 359 triples/s, errors=69321)
  rows=512,677  triples=45,182,472  (6 ent/s, 359 triples/s, errors=69321)
  rows=512,725  triples=45,185,291  (6 ent/s, 359 triples/s, errors=70027)
  rows=512,777  triples=45,187,476  (6 ent/s, 359 triples/s, errors=70031)
  rows=512,842  triples=45,190,573  (6 ent/s, 359 triples/s, errors=70031)
  rows=512,900  triples=45,192,766  (6 ent/s, 359 triples/s, errors=70032)
  rows=512,940  triples=45,194,787  (6 ent/s, 359 triples/s, errors=70052)
  rows=513,000  triples=45,198,056  (6 ent/s, 359 triples/s, errors=70056)
  rows=513,075  triples=45,201,521  (6 ent/s, 359 triples/s, errors=70058)
  rows=513,149  triples=45,204,549  (6 ent/s, 359 triples/s, errors=70245)
  rows=513,230  triples=45,207,132  (6 ent/s, 359 triples/s, errors=70270)
  rows=513,305  triples=45,209,138  (6 ent/s, 359 triples/s, errors=70270)
  rows=513,397  triples=45,211,501  (6 ent/s, 359 triples/s, errors=70271)
  rows=513,463  triples=45,213,571  (6 ent/s, 359 triples/s, errors=70272)
  rows=513,538  triples=45,216,677  (6 ent/s, 359 triples/s, errors=70283)
  rows=513,631  triples=45,219,738  (6 ent/s, 359 triples/s, errors=70286)
  rows=513,718  triples=45,222,951  (6 ent/s, 359 triples/s, errors=70288)
  rows=513,781  triples=45,225,138  (6 ent/s, 359 triples/s, errors=70288)
  rows=513,872  triples=45,228,116  (6 ent/s, 359 triples/s, errors=70288)
  rows=513,980  triples=45,230,181  (6 ent/s, 359 triples/s, errors=70289)
  rows=514,029  triples=45,232,480  (6 ent/s, 359 triples/s, errors=70289)
  rows=514,101  triples=45,234,514  (6 ent/s, 359 triples/s, errors=70290)
  rows=514,167  triples=45,236,699  (6 ent/s, 359 triples/s, errors=70303)
  rows=514,237  triples=45,238,817  (6 ent/s, 359 triples/s, errors=70303)
  rows=514,311  triples=45,242,147  (6 ent/s, 359 triples/s, errors=70304)
  rows=514,401  triples=45,244,791  (6 ent/s, 359 triples/s, errors=70304)
  rows=514,472  triples=45,247,866  (6 ent/s, 359 triples/s, errors=70326)
  rows=514,495  triples=45,247,866  (6 ent/s, 359 triples/s, errors=70326)
  rows=514,541  triples=45,250,357  (6 ent/s, 359 triples/s, errors=70377)
  rows=514,601  triples=45,252,635  (6 ent/s, 359 triples/s, errors=70377)
  rows=514,691  triples=45,255,834  (6 ent/s, 359 triples/s, errors=70383)
  rows=514,785  triples=45,258,850  (6 ent/s, 359 triples/s, errors=70386)
  rows=514,885  triples=45,261,550  (6 ent/s, 359 triples/s, errors=70390)
  rows=514,986  triples=45,263,575  (6 ent/s, 359 triples/s, errors=70390)
  rows=515,093  triples=45,266,008  (6 ent/s, 359 triples/s, errors=70392)
  rows=515,165  triples=45,268,097  (6 ent/s, 359 triples/s, errors=70392)
  rows=515,247  triples=45,270,353  (6 ent/s, 359 triples/s, errors=70396)
  rows=515,314  triples=45,272,369  (6 ent/s, 359 triples/s, errors=70396)
  rows=515,387  triples=45,274,410  (6 ent/s, 359 triples/s, errors=70398)
  rows=515,490  triples=45,276,741  (6 ent/s, 359 triples/s, errors=70398)
  rows=515,565  triples=45,278,768  (6 ent/s, 359 triples/s, errors=70398)
  rows=515,652  triples=45,280,856  (6 ent/s, 359 triples/s, errors=70400)
  rows=515,750  triples=45,282,865  (6 ent/s, 359 triples/s, errors=70400)
  rows=515,842  triples=45,285,149  (6 ent/s, 359 triples/s, errors=70401)
  rows=515,931  triples=45,287,313  (6 ent/s, 359 triples/s, errors=70401)
  rows=516,001  triples=45,289,915  (6 ent/s, 359 triples/s, errors=70401)
  rows=516,065  triples=45,291,890  (6 ent/s, 359 triples/s, errors=70447)
  rows=516,132  triples=45,293,917  (6 ent/s, 359 triples/s, errors=70455)
  rows=516,233  triples=45,296,842  (6 ent/s, 359 triples/s, errors=70457)
  rows=516,302  triples=45,298,861  (6 ent/s, 359 triples/s, errors=70458)
  rows=516,313  triples=45,298,861  (6 ent/s, 359 triples/s, errors=70458)
  rows=516,384  triples=45,300,893  (6 ent/s, 359 triples/s, errors=70458)
  rows=516,476  triples=45,303,572  (6 ent/s, 359 triples/s, errors=70458)
  rows=516,563  triples=45,306,722  (6 ent/s, 359 triples/s, errors=70458)
  rows=516,650  triples=45,308,845  (6 ent/s, 359 triples/s, errors=70458)
  rows=516,695  triples=45,310,884  (6 ent/s, 359 triples/s, errors=70462)
  rows=516,791  triples=45,312,984  (6 ent/s, 359 triples/s, errors=70462)
  rows=516,854  triples=45,314,667  (6 ent/s, 359 triples/s, errors=70481)
  rows=516,925  triples=45,316,708  (6 ent/s, 359 triples/s, errors=70481)
  rows=516,967  triples=45,318,717  (6 ent/s, 359 triples/s, errors=70491)
  rows=517,026  triples=45,320,929  (6 ent/s, 359 triples/s, errors=70491)
  rows=517,087  triples=45,323,188  (6 ent/s, 359 triples/s, errors=70492)
  rows=517,145  triples=45,325,220  (6 ent/s, 359 triples/s, errors=70493)
  rows=517,201  triples=45,327,437  (6 ent/s, 359 triples/s, errors=70495)
  rows=517,267  triples=45,329,506  (6 ent/s, 359 triples/s, errors=70497)
  rows=517,332  triples=45,331,658  (6 ent/s, 359 triples/s, errors=70499)
  rows=517,391  triples=45,333,740  (6 ent/s, 359 triples/s, errors=70501)
  rows=517,455  triples=45,336,345  (6 ent/s, 359 triples/s, errors=70501)
  rows=517,516  triples=45,338,410  (6 ent/s, 359 triples/s, errors=70502)
  rows=517,579  triples=45,340,461  (6 ent/s, 359 triples/s, errors=70503)
  rows=517,652  triples=45,342,306  (6 ent/s, 359 triples/s, errors=70504)
  rows=517,710  triples=45,344,354  (6 ent/s, 359 triples/s, errors=70507)
  rows=517,767  triples=45,346,607  (6 ent/s, 359 triples/s, errors=70508)
  rows=517,828  triples=45,348,801  (6 ent/s, 359 triples/s, errors=70508)
  rows=517,873  triples=45,350,836  (6 ent/s, 359 triples/s, errors=70508)
  rows=517,934  triples=45,352,886  (6 ent/s, 359 triples/s, errors=70509)
  rows=518,001  triples=45,355,537  (6 ent/s, 359 triples/s, errors=70510)
  rows=518,041  triples=45,357,614  (6 ent/s, 359 triples/s, errors=70511)
  rows=518,106  triples=45,360,665  (6 ent/s, 359 triples/s, errors=70532)
  rows=518,131  triples=45,360,665  (6 ent/s, 359 triples/s, errors=70532)
  rows=518,156  triples=45,362,673  (6 ent/s, 359 triples/s, errors=70536)
  rows=518,215  triples=45,365,211  (6 ent/s, 359 triples/s, errors=70538)
  rows=518,286  triples=45,367,264  (6 ent/s, 359 triples/s, errors=70539)
  rows=518,358  triples=45,369,287  (6 ent/s, 359 triples/s, errors=70539)
  rows=518,417  triples=45,372,043  (6 ent/s, 359 triples/s, errors=70541)
  rows=518,471  triples=45,374,108  (6 ent/s, 359 triples/s, errors=70572)
  rows=518,537  triples=45,376,223  (6 ent/s, 359 triples/s, errors=70572)
  rows=518,600  triples=45,379,247  (6 ent/s, 359 triples/s, errors=70588)
  rows=518,656  triples=45,381,304  (6 ent/s, 359 triples/s, errors=70590)
  rows=518,730  triples=45,383,324  (6 ent/s, 359 triples/s, errors=70591)
  rows=518,784  triples=45,386,359  (6 ent/s, 359 triples/s, errors=70594)
  rows=518,843  triples=45,389,026  (6 ent/s, 359 triples/s, errors=70595)
  rows=518,883  triples=45,391,140  (6 ent/s, 359 triples/s, errors=70595)
  rows=518,932  triples=45,393,199  (6 ent/s, 359 triples/s, errors=70596)
  rows=518,999  triples=45,396,491  (6 ent/s, 359 triples/s, errors=70598)
  rows=519,059  triples=45,398,699  (6 ent/s, 359 triples/s, errors=70599)
  rows=519,099  triples=45,400,763  (6 ent/s, 359 triples/s, errors=70614)
  rows=519,151  triples=45,402,943  (6 ent/s, 359 triples/s, errors=70614)
  rows=519,196  triples=45,405,023  (6 ent/s, 359 triples/s, errors=70619)
  rows=519,251  triples=45,407,184  (6 ent/s, 359 triples/s, errors=70621)
  rows=519,310  triples=45,409,427  (6 ent/s, 359 triples/s, errors=70622)
  rows=519,385  triples=45,412,519  (6 ent/s, 359 triples/s, errors=70622)
  rows=519,433  triples=45,415,227  (6 ent/s, 359 triples/s, errors=70622)
  rows=519,476  triples=45,417,271  (6 ent/s, 359 triples/s, errors=70638)
  rows=519,545  triples=45,420,473  (6 ent/s, 359 triples/s, errors=70641)
  rows=519,589  triples=45,422,659  (6 ent/s, 359 triples/s, errors=70643)
  rows=519,626  triples=45,424,753  (6 ent/s, 360 triples/s, errors=70646)
  rows=519,664  triples=45,426,889  (6 ent/s, 360 triples/s, errors=70649)
  rows=519,714  triples=45,428,912  (6 ent/s, 360 triples/s, errors=70651)
  rows=519,778  triples=45,430,993  (6 ent/s, 360 triples/s, errors=70651)
  rows=519,801  triples=45,432,329  (6 ent/s, 359 triples/s, errors=70651)
  rows=519,844  triples=45,434,494  (6 ent/s, 359 triples/s, errors=70654)
  rows=519,888  triples=45,436,510  (6 ent/s, 359 triples/s, errors=70656)
  rows=519,911  triples=45,437,536  (6 ent/s, 359 triples/s, errors=70656)
  rows=519,935  triples=45,438,548  (6 ent/s, 359 triples/s, errors=70656)
  rows=519,949  triples=45,438,548  (6 ent/s, 359 triples/s, errors=70656)
  rows=519,980  triples=45,440,602  (6 ent/s, 359 triples/s, errors=70663)
  rows=520,044  triples=45,443,249  (6 ent/s, 359 triples/s, errors=70669)
  rows=520,090  triples=45,445,258  (6 ent/s, 359 triples/s, errors=70674)
  rows=520,140  triples=45,447,328  (6 ent/s, 359 triples/s, errors=70674)
  rows=520,201  triples=45,449,335  (6 ent/s, 359 triples/s, errors=70675)
  rows=520,259  triples=45,451,424  (6 ent/s, 359 triples/s, errors=70694)
  rows=520,312  triples=45,453,504  (6 ent/s, 359 triples/s, errors=70694)
  rows=520,364  triples=45,455,541  (6 ent/s, 359 triples/s, errors=70696)
  rows=520,401  triples=45,457,247  (6 ent/s, 359 triples/s, errors=70696)
  rows=520,435  triples=45,459,325  (6 ent/s, 359 triples/s, errors=70697)
  rows=520,485  triples=45,461,500  (6 ent/s, 359 triples/s, errors=70700)
  rows=520,521  triples=45,463,648  (6 ent/s, 359 triples/s, errors=70705)
  rows=520,581  triples=45,465,700  (6 ent/s, 359 triples/s, errors=70705)
  rows=520,622  triples=45,467,676  (6 ent/s, 359 triples/s, errors=70713)
  rows=520,664  triples=45,469,699  (6 ent/s, 359 triples/s, errors=70714)
  rows=520,708  triples=45,471,780  (6 ent/s, 359 triples/s, errors=70735)
  rows=520,742  triples=45,473,875  (6 ent/s, 359 triples/s, errors=70738)
  rows=520,792  triples=45,475,908  (6 ent/s, 359 triples/s, errors=70755)
  rows=520,826  triples=45,477,501  (6 ent/s, 359 triples/s, errors=70761)
  rows=520,868  triples=45,479,550  (6 ent/s, 359 triples/s, errors=70761)
  rows=520,915  triples=45,481,545  (6 ent/s, 359 triples/s, errors=70770)
  rows=520,957  triples=45,483,628  (6 ent/s, 359 triples/s, errors=70771)
  rows=520,998  triples=45,485,808  (6 ent/s, 359 triples/s, errors=70773)
  rows=521,037  triples=45,488,421  (6 ent/s, 359 triples/s, errors=70936)
  rows=521,096  triples=45,490,425  (6 ent/s, 359 triples/s, errors=70941)
  rows=521,139  triples=45,492,516  (6 ent/s, 359 triples/s, errors=70941)
  rows=521,198  triples=45,494,643  (6 ent/s, 359 triples/s, errors=70941)
  rows=521,237  triples=45,496,850  (6 ent/s, 359 triples/s, errors=70941)
  rows=521,281  triples=45,498,878  (6 ent/s, 359 triples/s, errors=70944)
  rows=521,333  triples=45,500,929  (6 ent/s, 359 triples/s, errors=70946)
  rows=521,367  triples=45,502,975  (6 ent/s, 359 triples/s, errors=70947)
  rows=521,422  triples=45,505,654  (6 ent/s, 359 triples/s, errors=70947)
  rows=521,456  triples=45,507,749  (6 ent/s, 359 triples/s, errors=70963)
  rows=521,490  triples=45,509,835  (6 ent/s, 359 triples/s, errors=71003)
  rows=521,527  triples=45,511,904  (6 ent/s, 359 triples/s, errors=71011)
  rows=521,566  triples=45,514,002  (6 ent/s, 359 triples/s, errors=71019)
  rows=521,616  triples=45,516,666  (6 ent/s, 359 triples/s, errors=71024)
  rows=521,656  triples=45,518,675  (6 ent/s, 359 triples/s, errors=71024)
  rows=521,702  triples=45,520,719  (6 ent/s, 359 triples/s, errors=71024)
  rows=521,743  triples=45,522,786  (6 ent/s, 359 triples/s, errors=71024)
  rows=521,767  triples=45,522,786  (6 ent/s, 359 triples/s, errors=71024)
  rows=521,796  triples=45,524,848  (6 ent/s, 359 triples/s, errors=71026)
  rows=521,838  triples=45,527,058  (6 ent/s, 359 triples/s, errors=71031)
  rows=521,874  triples=45,529,091  (6 ent/s, 359 triples/s, errors=71032)
  rows=521,912  triples=45,531,364  (6 ent/s, 359 triples/s, errors=71042)
  rows=521,958  triples=45,533,549  (6 ent/s, 359 triples/s, errors=71042)
  rows=522,001  triples=45,535,618  (6 ent/s, 359 triples/s, errors=71043)
  rows=522,036  triples=45,537,687  (6 ent/s, 359 triples/s, errors=71045)
  rows=522,084  triples=45,539,756  (6 ent/s, 359 triples/s, errors=71048)
  rows=522,130  triples=45,541,764  (6 ent/s, 359 triples/s, errors=71052)
  rows=522,165  triples=45,543,907  (6 ent/s, 359 triples/s, errors=71061)
  rows=522,197  triples=45,545,944  (6 ent/s, 359 triples/s, errors=71068)
  rows=522,236  triples=45,548,106  (6 ent/s, 359 triples/s, errors=71079)
  rows=522,267  triples=45,550,152  (6 ent/s, 359 triples/s, errors=71081)
  rows=522,295  triples=45,552,249  (6 ent/s, 359 triples/s, errors=71081)
  rows=522,328  triples=45,554,387  (6 ent/s, 359 triples/s, errors=71083)
  rows=522,364  triples=45,556,463  (6 ent/s, 359 triples/s, errors=71087)
  rows=522,413  triples=45,559,206  (6 ent/s, 359 triples/s, errors=71087)
  rows=522,460  triples=45,562,309  (6 ent/s, 359 triples/s, errors=71092)
  rows=522,491  triples=45,564,524  (6 ent/s, 359 triples/s, errors=71096)
  rows=522,529  triples=45,566,609  (6 ent/s, 359 triples/s, errors=71098)
  rows=522,584  triples=45,568,657  (6 ent/s, 359 triples/s, errors=71100)
  rows=522,644  triples=45,571,348  (6 ent/s, 359 triples/s, errors=71107)
  rows=522,693  triples=45,573,401  (6 ent/s, 359 triples/s, errors=71121)
  rows=522,736  triples=45,575,512  (6 ent/s, 359 triples/s, errors=71135)
  rows=522,771  triples=45,577,692  (6 ent/s, 359 triples/s, errors=71152)
  rows=522,816  triples=45,580,304  (6 ent/s, 359 triples/s, errors=71166)
  rows=522,843  triples=45,582,374  (6 ent/s, 359 triples/s, errors=71168)
  rows=522,881  triples=45,584,457  (6 ent/s, 359 triples/s, errors=71169)
  rows=522,926  triples=45,586,598  (6 ent/s, 359 triples/s, errors=71171)
  rows=522,970  triples=45,588,778  (6 ent/s, 359 triples/s, errors=71171)
  rows=523,012  triples=45,591,182  (6 ent/s, 359 triples/s, errors=71173)
  rows=523,043  triples=45,593,294  (6 ent/s, 359 triples/s, errors=71180)
  rows=523,075  triples=45,595,333  (6 ent/s, 359 triples/s, errors=71180)
  rows=523,110  triples=45,597,359  (6 ent/s, 359 triples/s, errors=71181)
  rows=523,138  triples=45,599,479  (6 ent/s, 359 triples/s, errors=71190)
  rows=523,194  triples=45,602,600  (6 ent/s, 359 triples/s, errors=71190)
  rows=523,237  triples=45,604,976  (6 ent/s, 359 triples/s, errors=71193)
  rows=523,272  triples=45,607,024  (6 ent/s, 359 triples/s, errors=71194)
  rows=523,322  triples=45,610,101  (6 ent/s, 359 triples/s, errors=71197)
  rows=523,352  triples=45,612,118  (6 ent/s, 359 triples/s, errors=71262)
  rows=523,401  triples=45,615,025  (6 ent/s, 359 triples/s, errors=71266)
  rows=523,435  triples=45,617,109  (6 ent/s, 359 triples/s, errors=71270)
  rows=523,471  triples=45,619,142  (6 ent/s, 359 triples/s, errors=71271)
  rows=523,505  triples=45,621,278  (6 ent/s, 359 triples/s, errors=71276)
  rows=523,551  triples=45,623,436  (6 ent/s, 359 triples/s, errors=71278)
  rows=523,585  triples=45,625,525  (6 ent/s, 359 triples/s, errors=71284)
  rows=523,621  triples=45,627,291  (6 ent/s, 359 triples/s, errors=71291)
  rows=523,649  triples=45,629,421  (6 ent/s, 359 triples/s, errors=71296)
  rows=523,686  triples=45,631,455  (6 ent/s, 359 triples/s, errors=71297)
  rows=523,743  triples=45,634,505  (6 ent/s, 359 triples/s, errors=71301)
  rows=523,770  triples=45,636,513  (6 ent/s, 359 triples/s, errors=71311)
  rows=523,801  triples=45,638,417  (6 ent/s, 359 triples/s, errors=71316)
  rows=523,837  triples=45,640,580  (6 ent/s, 359 triples/s, errors=71325)
  rows=523,879  triples=45,642,609  (6 ent/s, 359 triples/s, errors=71423)
  rows=523,912  triples=45,644,670  (6 ent/s, 359 triples/s, errors=71423)
  rows=523,947  triples=45,646,742  (6 ent/s, 359 triples/s, errors=71443)
  rows=523,974  triples=45,648,785  (6 ent/s, 359 triples/s, errors=71445)
  rows=524,025  triples=45,651,343  (6 ent/s, 359 triples/s, errors=71445)
  rows=524,066  triples=45,653,388  (6 ent/s, 359 triples/s, errors=71446)
  rows=524,096  triples=45,655,528  (6 ent/s, 359 triples/s, errors=71453)
  rows=524,134  triples=45,657,545  (6 ent/s, 359 triples/s, errors=71478)
  rows=524,175  triples=45,659,719  (6 ent/s, 359 triples/s, errors=71487)
  rows=524,197  triples=45,661,774  (6 ent/s, 359 triples/s, errors=71494)
  rows=524,228  triples=45,664,098  (6 ent/s, 359 triples/s, errors=71496)
  rows=524,269  triples=45,667,292  (6 ent/s, 359 triples/s, errors=71524)
  rows=524,307  triples=45,669,405  (6 ent/s, 359 triples/s, errors=71528)
  rows=524,348  triples=45,671,453  (6 ent/s, 359 triples/s, errors=71529)
  rows=524,379  triples=45,673,534  (6 ent/s, 359 triples/s, errors=71539)
  rows=524,419  triples=45,675,764  (6 ent/s, 359 triples/s, errors=71542)
  rows=524,447  triples=45,677,841  (6 ent/s, 359 triples/s, errors=71557)
  rows=524,491  triples=45,680,004  (6 ent/s, 359 triples/s, errors=71568)
  rows=524,531  triples=45,682,159  (6 ent/s, 359 triples/s, errors=71568)
  rows=524,564  triples=45,684,193  (6 ent/s, 359 triples/s, errors=71602)
  rows=524,601  triples=45,686,761  (6 ent/s, 359 triples/s, errors=71618)
  rows=524,636  triples=45,688,876  (6 ent/s, 359 triples/s, errors=71620)
  rows=524,672  triples=45,690,968  (6 ent/s, 359 triples/s, errors=71620)
  rows=524,712  triples=45,693,029  (6 ent/s, 360 triples/s, errors=71629)
  rows=524,749  triples=45,695,118  (6 ent/s, 360 triples/s, errors=71631)
  rows=524,784  triples=45,697,162  (6 ent/s, 360 triples/s, errors=71640)
  rows=524,836  triples=45,699,852  (6 ent/s, 360 triples/s, errors=71651)
  rows=524,873  triples=45,701,954  (6 ent/s, 360 triples/s, errors=71670)
  rows=524,914  triples=45,704,095  (6 ent/s, 360 triples/s, errors=71671)
  rows=524,948  triples=45,706,150  (6 ent/s, 360 triples/s, errors=71672)
  rows=524,982  triples=45,708,223  (6 ent/s, 360 triples/s, errors=71672)
  rows=525,016  triples=45,710,514  (6 ent/s, 360 triples/s, errors=71686)
  rows=525,050  triples=45,712,540  (6 ent/s, 360 triples/s, errors=71752)
  rows=525,092  triples=45,714,604  (6 ent/s, 360 triples/s, errors=71761)
  rows=525,124  triples=45,716,609  (6 ent/s, 360 triples/s, errors=71766)
  rows=525,159  triples=45,718,713  (6 ent/s, 360 triples/s, errors=71766)
  rows=525,201  triples=45,720,756  (6 ent/s, 360 triples/s, errors=71767)
  rows=525,242  triples=45,722,775  (6 ent/s, 360 triples/s, errors=71776)
  rows=525,271  triples=45,724,855  (6 ent/s, 360 triples/s, errors=71779)
  rows=525,309  triples=45,726,902  (6 ent/s, 360 triples/s, errors=71784)
  rows=525,344  triples=45,728,958  (6 ent/s, 360 triples/s, errors=71785)
  rows=525,385  triples=45,730,985  (6 ent/s, 360 triples/s, errors=71791)
  rows=525,403  triples=45,732,197  (6 ent/s, 359 triples/s, errors=71799)
  rows=525,422  triples=45,734,165  (6 ent/s, 359 triples/s, errors=71888)
  rows=525,452  triples=45,736,290  (6 ent/s, 359 triples/s, errors=71890)
  rows=525,478  triples=45,738,622  (6 ent/s, 359 triples/s, errors=71898)
  rows=525,514  triples=45,740,632  (6 ent/s, 359 triples/s, errors=71904)
  rows=525,551  triples=45,742,793  (6 ent/s, 359 triples/s, errors=71914)
  rows=525,592  triples=45,744,885  (6 ent/s, 359 triples/s, errors=71924)
  rows=525,623  triples=45,746,359  (6 ent/s, 359 triples/s, errors=71928)
  rows=525,673  triples=45,748,492  (6 ent/s, 359 triples/s, errors=71935)
  rows=525,716  triples=45,750,497  (6 ent/s, 359 triples/s, errors=71940)
  rows=525,751  triples=45,752,578  (6 ent/s, 359 triples/s, errors=71952)
  rows=525,788  triples=45,754,598  (6 ent/s, 359 triples/s, errors=71971)
  rows=525,825  triples=45,757,600  (6 ent/s, 359 triples/s, errors=71997)
  rows=525,860  triples=45,759,693  (6 ent/s, 359 triples/s, errors=72015)
  rows=525,894  triples=45,761,806  (6 ent/s, 359 triples/s, errors=72031)
  rows=525,925  triples=45,763,903  (6 ent/s, 359 triples/s, errors=72039)
  rows=525,958  triples=45,765,940  (6 ent/s, 359 triples/s, errors=72041)
  rows=525,997  triples=45,767,948  (6 ent/s, 359 triples/s, errors=72052)
  rows=526,030  triples=45,770,218  (6 ent/s, 359 triples/s, errors=72059)
  rows=526,061  triples=45,772,284  (6 ent/s, 359 triples/s, errors=72060)
  rows=526,102  triples=45,774,330  (6 ent/s, 359 triples/s, errors=72063)
  rows=526,139  triples=45,776,341  (6 ent/s, 360 triples/s, errors=72064)
  rows=526,174  triples=45,778,510  (6 ent/s, 360 triples/s, errors=72075)
  rows=526,217  triples=45,780,828  (6 ent/s, 360 triples/s, errors=72093)
  rows=526,245  triples=45,782,939  (6 ent/s, 360 triples/s, errors=72096)
  rows=526,278  triples=45,785,235  (6 ent/s, 360 triples/s, errors=72191)
  rows=526,306  triples=45,787,253  (6 ent/s, 360 triples/s, errors=72195)
  rows=526,339  triples=45,789,279  (6 ent/s, 360 triples/s, errors=72201)
  rows=526,382  triples=45,791,357  (6 ent/s, 360 triples/s, errors=72206)
  rows=526,416  triples=45,793,598  (6 ent/s, 360 triples/s, errors=72212)
  rows=526,444  triples=45,795,666  (6 ent/s, 360 triples/s, errors=72224)
  rows=526,475  triples=45,797,735  (6 ent/s, 360 triples/s, errors=72235)
  rows=526,511  triples=45,799,792  (6 ent/s, 360 triples/s, errors=72254)
  rows=526,542  triples=45,801,826  (6 ent/s, 360 triples/s, errors=72257)
  rows=526,568  triples=45,803,943  (6 ent/s, 360 triples/s, errors=72267)
  rows=526,597  triples=45,806,069  (6 ent/s, 360 triples/s, errors=72276)
  rows=526,614  triples=45,807,399  (6 ent/s, 360 triples/s, errors=72276)
  rows=526,651  triples=45,809,387  (6 ent/s, 360 triples/s, errors=72339)
  rows=526,676  triples=45,811,311  (6 ent/s, 360 triples/s, errors=72426)
  rows=526,708  triples=45,813,436  (6 ent/s, 360 triples/s, errors=72436)
  rows=526,749  triples=45,815,618  (6 ent/s, 360 triples/s, errors=72446)
  rows=526,780  triples=45,817,775  (6 ent/s, 360 triples/s, errors=72457)
  rows=526,816  triples=45,820,160  (6 ent/s, 360 triples/s, errors=72467)
  rows=526,845  triples=45,822,225  (6 ent/s, 360 triples/s, errors=72478)
  rows=526,882  triples=45,824,321  (6 ent/s, 360 triples/s, errors=72486)
  rows=526,911  triples=45,826,358  (6 ent/s, 360 triples/s, errors=72504)
  rows=526,944  triples=45,828,382  (6 ent/s, 360 triples/s, errors=72507)
  rows=526,980  triples=45,830,501  (6 ent/s, 360 triples/s, errors=72513)
  rows=527,001  triples=45,832,427  (6 ent/s, 360 triples/s, errors=72521)
  rows=527,028  triples=45,834,482  (6 ent/s, 360 triples/s, errors=72531)
  rows=527,060  triples=45,836,618  (6 ent/s, 360 triples/s, errors=72546)
  rows=527,092  triples=45,838,654  (6 ent/s, 360 triples/s, errors=72546)
  rows=527,125  triples=45,840,711  (6 ent/s, 360 triples/s, errors=72568)
  rows=527,157  triples=45,842,772  (6 ent/s, 360 triples/s, errors=72581)
  rows=527,187  triples=45,844,914  (6 ent/s, 360 triples/s, errors=72595)
  rows=527,216  triples=45,846,678  (6 ent/s, 360 triples/s, errors=72606)
  rows=527,221  triples=45,846,678  (6 ent/s, 359 triples/s, errors=72606)
  rows=527,248  triples=45,848,782  (6 ent/s, 359 triples/s, errors=72622)
  rows=527,285  triples=45,850,818  (6 ent/s, 359 triples/s, errors=72636)
  rows=527,317  triples=45,852,868  (6 ent/s, 359 triples/s, errors=72647)
  rows=527,346  triples=45,854,916  (6 ent/s, 359 triples/s, errors=72655)
  rows=527,380  triples=45,856,977  (6 ent/s, 359 triples/s, errors=72657)
  rows=527,401  triples=45,858,433  (6 ent/s, 359 triples/s, errors=72659)
  rows=527,431  triples=45,860,626  (6 ent/s, 359 triples/s, errors=72662)
  rows=527,459  triples=45,862,709  (6 ent/s, 359 triples/s, errors=72664)
  rows=527,490  triples=45,864,755  (6 ent/s, 359 triples/s, errors=72687)
  rows=527,521  triples=45,866,937  (6 ent/s, 359 triples/s, errors=72689)
  rows=527,555  triples=45,868,961  (6 ent/s, 359 triples/s, errors=72698)
  rows=527,588  triples=45,871,033  (6 ent/s, 359 triples/s, errors=72708)
  rows=527,613  triples=45,872,897  (6 ent/s, 359 triples/s, errors=72718)
  rows=527,643  triples=45,874,945  (6 ent/s, 359 triples/s, errors=72725)
  rows=527,680  triples=45,877,020  (6 ent/s, 359 triples/s, errors=72728)
  rows=527,703  triples=45,879,050  (6 ent/s, 359 triples/s, errors=72767)
  rows=527,733  triples=45,881,059  (6 ent/s, 359 triples/s, errors=72775)
  rows=527,762  triples=45,883,064  (6 ent/s, 359 triples/s, errors=72787)
  rows=527,793  triples=45,885,162  (6 ent/s, 359 triples/s, errors=72805)
  rows=527,823  triples=45,886,717  (6 ent/s, 359 triples/s, errors=72819)
  rows=527,855  triples=45,888,768  (6 ent/s, 359 triples/s, errors=72825)
  rows=527,897  triples=45,890,872  (6 ent/s, 359 triples/s, errors=72833)
  rows=527,929  triples=45,893,079  (6 ent/s, 359 triples/s, errors=72835)
  rows=527,963  triples=45,895,099  (6 ent/s, 359 triples/s, errors=72837)
  rows=527,998  triples=45,897,222  (6 ent/s, 359 triples/s, errors=72853)
  rows=528,016  triples=45,898,414  (6 ent/s, 359 triples/s, errors=72857)
  rows=528,054  triples=45,900,581  (6 ent/s, 359 triples/s, errors=72891)
  rows=528,073  triples=45,901,632  (6 ent/s, 359 triples/s, errors=72892)
  rows=528,104  triples=45,903,721  (6 ent/s, 359 triples/s, errors=72910)
  rows=528,122  triples=45,904,817  (6 ent/s, 359 triples/s, errors=72911)
  rows=528,143  triples=45,905,937  (6 ent/s, 359 triples/s, errors=72911)
  rows=528,152  triples=45,906,990  (6 ent/s, 359 triples/s, errors=72964)
  rows=528,193  triples=45,909,180  (6 ent/s, 359 triples/s, errors=72995)
  rows=528,223  triples=45,911,829  (6 ent/s, 359 triples/s, errors=73003)
  rows=528,260  triples=45,913,875  (6 ent/s, 359 triples/s, errors=73010)
  rows=528,291  triples=45,915,992  (6 ent/s, 359 triples/s, errors=73013)
  rows=528,329  triples=45,918,117  (6 ent/s, 359 triples/s, errors=73016)
  rows=528,369  triples=45,920,230  (6 ent/s, 359 triples/s, errors=73018)
  rows=528,401  triples=45,921,858  (6 ent/s, 359 triples/s, errors=73030)
  rows=528,438  triples=45,923,938  (6 ent/s, 359 triples/s, errors=73041)
  rows=528,482  triples=45,925,989  (6 ent/s, 359 triples/s, errors=73044)
  rows=528,519  triples=45,928,075  (6 ent/s, 359 triples/s, errors=73045)
  rows=528,556  triples=45,930,181  (6 ent/s, 359 triples/s, errors=73054)
  rows=528,596  triples=45,932,217  (6 ent/s, 359 triples/s, errors=73056)
  rows=528,631  triples=45,934,601  (6 ent/s, 359 triples/s, errors=73061)
  rows=528,660  triples=45,936,707  (6 ent/s, 359 triples/s, errors=73061)
  rows=528,690  triples=45,938,857  (6 ent/s, 359 triples/s, errors=73069)
  rows=528,729  triples=45,940,969  (6 ent/s, 359 triples/s, errors=73073)
  rows=528,764  triples=45,943,074  (6 ent/s, 359 triples/s, errors=73075)
  rows=528,793  triples=45,945,217  (6 ent/s, 359 triples/s, errors=73076)
  rows=528,832  triples=45,947,632  (6 ent/s, 359 triples/s, errors=73135)
  rows=528,873  triples=45,949,644  (6 ent/s, 359 triples/s, errors=73139)
  rows=528,912  triples=45,951,727  (6 ent/s, 359 triples/s, errors=73151)
  rows=528,952  triples=45,953,749  (6 ent/s, 359 triples/s, errors=73157)
  rows=528,987  triples=45,955,829  (6 ent/s, 359 triples/s, errors=73161)
  rows=529,016  triples=45,958,114  (6 ent/s, 359 triples/s, errors=73164)
  rows=529,039  triples=45,959,171  (6 ent/s, 359 triples/s, errors=73168)
  rows=529,068  triples=45,961,227  (6 ent/s, 359 triples/s, errors=73179)
  rows=529,100  triples=45,963,284  (6 ent/s, 359 triples/s, errors=73191)
  rows=529,133  triples=45,965,344  (6 ent/s, 359 triples/s, errors=73194)
  rows=529,164  triples=45,967,388  (6 ent/s, 359 triples/s, errors=73198)
  rows=529,201  triples=45,969,003  (6 ent/s, 359 triples/s, errors=73227)
  rows=529,233  triples=45,971,178  (6 ent/s, 359 triples/s, errors=73227)
  rows=529,263  triples=45,973,221  (6 ent/s, 359 triples/s, errors=73245)
  rows=529,299  triples=45,975,280  (6 ent/s, 359 triples/s, errors=73253)
  rows=529,329  triples=45,977,352  (6 ent/s, 359 triples/s, errors=73259)
  rows=529,362  triples=45,979,496  (6 ent/s, 359 triples/s, errors=73263)
  rows=529,397  triples=45,981,543  (6 ent/s, 359 triples/s, errors=73266)
  rows=529,445  triples=45,983,833  (6 ent/s, 359 triples/s, errors=73266)
  rows=529,488  triples=45,985,931  (6 ent/s, 359 triples/s, errors=73275)
  rows=529,539  triples=45,988,069  (6 ent/s, 359 triples/s, errors=73278)
  rows=529,576  triples=45,990,282  (6 ent/s, 359 triples/s, errors=73278)
  rows=529,601  triples=45,991,844  (6 ent/s, 359 triples/s, errors=73283)
  rows=529,630  triples=45,994,478  (6 ent/s, 359 triples/s, errors=73367)
  rows=529,663  triples=45,996,889  (6 ent/s, 359 triples/s, errors=73471)
  rows=529,698  triples=45,998,985  (6 ent/s, 359 triples/s, errors=73472)
  rows=529,728  triples=46,001,084  (6 ent/s, 359 triples/s, errors=73473)
  rows=529,770  triples=46,003,147  (6 ent/s, 359 triples/s, errors=73474)
  rows=529,801  triples=46,005,076  (6 ent/s, 359 triples/s, errors=73481)
  rows=529,835  triples=46,007,093  (6 ent/s, 359 triples/s, errors=73494)
  rows=529,873  triples=46,009,106  (6 ent/s, 359 triples/s, errors=73522)
  rows=529,902  triples=46,011,327  (6 ent/s, 359 triples/s, errors=73531)
  rows=529,941  triples=46,013,431  (6 ent/s, 359 triples/s, errors=73542)
  rows=529,977  triples=46,015,578  (6 ent/s, 359 triples/s, errors=73546)
  rows=530,001  triples=46,017,208  (6 ent/s, 359 triples/s, errors=73547)
  rows=530,031  triples=46,019,256  (6 ent/s, 359 triples/s, errors=73549)
  rows=530,062  triples=46,021,338  (6 ent/s, 359 triples/s, errors=73553)
  rows=530,086  triples=46,023,474  (6 ent/s, 359 triples/s, errors=73556)
  rows=530,121  triples=46,025,589  (6 ent/s, 359 triples/s, errors=73558)
  rows=530,149  triples=46,027,685  (6 ent/s, 359 triples/s, errors=73594)
  rows=530,180  triples=46,029,710  (6 ent/s, 359 triples/s, errors=73595)
  rows=530,215  triples=46,031,863  (6 ent/s, 359 triples/s, errors=73603)
  rows=530,250  triples=46,033,960  (6 ent/s, 359 triples/s, errors=73604)
  rows=530,284  triples=46,036,341  (6 ent/s, 359 triples/s, errors=73616)
  rows=530,312  triples=46,038,437  (6 ent/s, 359 triples/s, errors=73622)
  rows=530,353  triples=46,040,418  (6 ent/s, 359 triples/s, errors=73647)
  rows=530,387  triples=46,042,522  (6 ent/s, 359 triples/s, errors=73647)
  rows=530,421  triples=46,044,387  (6 ent/s, 359 triples/s, errors=73647)
  rows=530,456  triples=46,046,657  (6 ent/s, 359 triples/s, errors=73697)
  rows=530,491  triples=46,048,671  (6 ent/s, 359 triples/s, errors=73701)
  rows=530,528  triples=46,050,807  (6 ent/s, 359 triples/s, errors=73718)
  rows=530,564  triples=46,052,902  (6 ent/s, 359 triples/s, errors=73726)
  rows=530,600  triples=46,054,969  (6 ent/s, 359 triples/s, errors=73734)
  rows=530,625  triples=46,056,994  (6 ent/s, 359 triples/s, errors=73770)
  rows=530,662  triples=46,059,036  (6 ent/s, 359 triples/s, errors=73810)
  rows=530,697  triples=46,061,066  (6 ent/s, 359 triples/s, errors=73812)
  rows=530,737  triples=46,063,187  (6 ent/s, 359 triples/s, errors=73813)
  rows=530,764  triples=46,065,335  (6 ent/s, 359 triples/s, errors=73835)
  rows=530,799  triples=46,067,458  (6 ent/s, 359 triples/s, errors=73839)
  rows=530,835  triples=46,069,605  (6 ent/s, 359 triples/s, errors=73847)
  rows=530,857  triples=46,070,618  (6 ent/s, 359 triples/s, errors=73854)
  rows=530,883  triples=46,072,700  (6 ent/s, 359 triples/s, errors=73861)
  rows=530,911  triples=46,074,832  (6 ent/s, 359 triples/s, errors=73867)
  rows=530,939  triples=46,076,916  (6 ent/s, 359 triples/s, errors=73882)
  rows=530,974  triples=46,078,983  (6 ent/s, 359 triples/s, errors=73883)
  rows=531,001  triples=46,080,962  (6 ent/s, 359 triples/s, errors=73889)
  rows=531,028  triples=46,083,110  (6 ent/s, 359 triples/s, errors=73896)
  rows=531,073  triples=46,086,190  (6 ent/s, 359 triples/s, errors=73911)
  rows=531,111  triples=46,088,330  (6 ent/s, 359 triples/s, errors=73914)
  rows=531,137  triples=46,090,354  (6 ent/s, 359 triples/s, errors=73926)
  rows=531,168  triples=46,092,362  (6 ent/s, 359 triples/s, errors=73936)
  rows=531,201  triples=46,094,369  (6 ent/s, 359 triples/s, errors=73946)
  rows=531,232  triples=46,096,428  (6 ent/s, 359 triples/s, errors=73981)
  rows=531,269  triples=46,098,628  (6 ent/s, 359 triples/s, errors=73986)
  rows=531,305  triples=46,100,718  (6 ent/s, 359 triples/s, errors=73988)
  rows=531,331  triples=46,102,828  (6 ent/s, 359 triples/s, errors=74022)
  rows=531,362  triples=46,104,970  (6 ent/s, 359 triples/s, errors=74032)
  rows=531,396  triples=46,107,128  (6 ent/s, 359 triples/s, errors=74051)
  rows=531,439  triples=46,109,490  (6 ent/s, 359 triples/s, errors=74088)
  rows=531,476  triples=46,111,554  (6 ent/s, 359 triples/s, errors=74090)
  rows=531,508  triples=46,113,793  (6 ent/s, 359 triples/s, errors=74094)
  rows=531,535  triples=46,115,964  (6 ent/s, 359 triples/s, errors=74126)
  rows=531,566  triples=46,118,127  (6 ent/s, 359 triples/s, errors=74126)
  rows=531,597  triples=46,120,283  (6 ent/s, 359 triples/s, errors=74142)
  rows=531,632  triples=46,122,866  (6 ent/s, 359 triples/s, errors=74147)
  rows=531,663  triples=46,124,865  (6 ent/s, 359 triples/s, errors=74156)
  rows=531,701  triples=46,126,904  (6 ent/s, 359 triples/s, errors=74159)
  rows=531,733  triples=46,129,005  (6 ent/s, 359 triples/s, errors=74166)
  rows=531,764  triples=46,131,015  (6 ent/s, 359 triples/s, errors=74184)
  rows=531,799  triples=46,133,073  (6 ent/s, 359 triples/s, errors=74185)
  rows=531,826  triples=46,135,233  (6 ent/s, 359 triples/s, errors=74187)
  rows=531,848  triples=46,137,398  (6 ent/s, 359 triples/s, errors=74212)
  rows=531,882  triples=46,139,407  (6 ent/s, 359 triples/s, errors=74221)
  rows=531,913  triples=46,141,477  (6 ent/s, 359 triples/s, errors=74230)
  rows=531,944  triples=46,143,507  (6 ent/s, 359 triples/s, errors=74240)
  rows=531,981  triples=46,145,585  (6 ent/s, 359 triples/s, errors=74247)
  rows=532,021  triples=46,147,913  (6 ent/s, 359 triples/s, errors=74258)
  rows=532,050  triples=46,150,046  (6 ent/s, 359 triples/s, errors=74270)
  rows=532,083  triples=46,152,288  (6 ent/s, 359 triples/s, errors=74272)
  rows=532,114  triples=46,154,272  (6 ent/s, 359 triples/s, errors=74306)
  rows=532,149  triples=46,156,365  (6 ent/s, 359 triples/s, errors=74335)
  rows=532,183  triples=46,158,447  (6 ent/s, 359 triples/s, errors=74338)
  rows=532,216  triples=46,160,894  (6 ent/s, 359 triples/s, errors=74346)
  rows=532,251  triples=46,162,923  (6 ent/s, 359 triples/s, errors=74355)
  rows=532,282  triples=46,164,931  (6 ent/s, 359 triples/s, errors=74372)
  rows=532,312  triples=46,167,002  (6 ent/s, 359 triples/s, errors=74376)
  rows=532,339  triples=46,169,145  (6 ent/s, 359 triples/s, errors=74390)
  rows=532,371  triples=46,171,216  (6 ent/s, 359 triples/s, errors=74400)
  rows=532,401  triples=46,172,959  (6 ent/s, 359 triples/s, errors=74405)
  rows=532,425  triples=46,174,987  (6 ent/s, 359 triples/s, errors=74411)
  rows=532,453  triples=46,177,047  (6 ent/s, 359 triples/s, errors=74428)
  rows=532,482  triples=46,179,160  (6 ent/s, 359 triples/s, errors=74429)
  rows=532,511  triples=46,181,618  (6 ent/s, 359 triples/s, errors=74431)
  rows=532,545  triples=46,183,650  (6 ent/s, 359 triples/s, errors=74433)
  rows=532,576  triples=46,185,728  (6 ent/s, 359 triples/s, errors=74442)
  rows=532,601  triples=46,187,337  (6 ent/s, 359 triples/s, errors=74452)
  rows=532,627  triples=46,189,387  (6 ent/s, 359 triples/s, errors=74456)
  rows=532,661  triples=46,191,437  (6 ent/s, 359 triples/s, errors=74468)
  rows=532,675  triples=46,191,437  (6 ent/s, 359 triples/s, errors=74468)
  rows=532,698  triples=46,193,519  (6 ent/s, 359 triples/s, errors=74469)
  rows=532,724  triples=46,195,666  (6 ent/s, 359 triples/s, errors=74476)
  rows=532,756  triples=46,197,754  (6 ent/s, 359 triples/s, errors=74502)
  rows=532,792  triples=46,199,923  (6 ent/s, 359 triples/s, errors=74510)
  rows=532,821  triples=46,201,453  (6 ent/s, 359 triples/s, errors=74515)
  rows=532,845  triples=46,203,534  (6 ent/s, 359 triples/s, errors=74517)
  rows=532,879  triples=46,205,715  (6 ent/s, 359 triples/s, errors=74526)
  rows=532,911  triples=46,207,807  (6 ent/s, 359 triples/s, errors=74534)
  rows=532,939  triples=46,209,853  (6 ent/s, 359 triples/s, errors=74542)
  rows=532,959  triples=46,212,082  (6 ent/s, 359 triples/s, errors=74550)
  rows=532,990  triples=46,214,219  (6 ent/s, 359 triples/s, errors=74559)
  rows=533,020  triples=46,215,789  (6 ent/s, 359 triples/s, errors=74571)
  rows=533,055  triples=46,217,864  (6 ent/s, 359 triples/s, errors=74573)
  rows=533,097  triples=46,219,888  (6 ent/s, 359 triples/s, errors=74575)
  rows=533,132  triples=46,221,938  (6 ent/s, 359 triples/s, errors=74585)
  rows=533,176  triples=46,223,993  (6 ent/s, 359 triples/s, errors=74586)
  rows=533,201  triples=46,225,512  (6 ent/s, 359 triples/s, errors=74586)
  rows=533,238  triples=46,227,608  (6 ent/s, 359 triples/s, errors=74589)
  rows=533,268  triples=46,229,763  (6 ent/s, 359 triples/s, errors=74599)
  rows=533,295  triples=46,231,828  (6 ent/s, 359 triples/s, errors=74616)
  rows=533,326  triples=46,233,921  (6 ent/s, 359 triples/s, errors=74623)
  rows=533,364  triples=46,235,995  (6 ent/s, 359 triples/s, errors=74638)
  rows=533,401  triples=46,237,788  (6 ent/s, 359 triples/s, errors=74641)
  rows=533,438  triples=46,239,934  (6 ent/s, 359 triples/s, errors=74642)
  rows=533,478  triples=46,241,964  (6 ent/s, 359 triples/s, errors=74644)
  rows=533,510  triples=46,244,052  (6 ent/s, 359 triples/s, errors=74655)
  rows=533,549  triples=46,246,094  (6 ent/s, 359 triples/s, errors=74656)
  rows=533,582  triples=46,248,199  (6 ent/s, 359 triples/s, errors=74679)
  rows=533,623  triples=46,250,265  (6 ent/s, 359 triples/s, errors=74686)
  rows=533,657  triples=46,252,271  (6 ent/s, 359 triples/s, errors=74686)
  rows=533,691  triples=46,254,303  (6 ent/s, 359 triples/s, errors=74687)
  rows=533,731  triples=46,256,298  (6 ent/s, 359 triples/s, errors=74707)
  rows=533,766  triples=46,258,368  (6 ent/s, 359 triples/s, errors=74707)
  rows=533,796  triples=46,260,396  (6 ent/s, 359 triples/s, errors=74712)
  rows=533,836  triples=46,262,712  (6 ent/s, 359 triples/s, errors=74718)
  rows=533,862  triples=46,264,744  (6 ent/s, 359 triples/s, errors=74730)
  rows=533,898  triples=46,266,941  (6 ent/s, 359 triples/s, errors=74746)
  rows=533,929  triples=46,269,124  (6 ent/s, 359 triples/s, errors=74747)
  rows=533,965  triples=46,271,294  (6 ent/s, 359 triples/s, errors=74747)
  rows=533,995  triples=46,273,335  (6 ent/s, 359 triples/s, errors=74759)
  rows=534,037  triples=46,275,673  (6 ent/s, 359 triples/s, errors=74764)
  rows=534,070  triples=46,277,721  (6 ent/s, 359 triples/s, errors=74769)
  rows=534,108  triples=46,279,788  (6 ent/s, 359 triples/s, errors=74777)
  rows=534,140  triples=46,281,894  (6 ent/s, 359 triples/s, errors=74786)
  rows=534,176  triples=46,283,978  (6 ent/s, 359 triples/s, errors=74786)
  rows=534,220  triples=46,286,022  (6 ent/s, 359 triples/s, errors=74793)
  rows=534,255  triples=46,288,027  (6 ent/s, 359 triples/s, errors=74800)
  rows=534,292  triples=46,290,054  (6 ent/s, 359 triples/s, errors=74803)
  rows=534,325  triples=46,292,101  (6 ent/s, 359 triples/s, errors=74812)
  rows=534,361  triples=46,294,167  (6 ent/s, 359 triples/s, errors=74825)
  rows=534,401  triples=46,296,150  (6 ent/s, 359 triples/s, errors=74832)
  rows=534,439  triples=46,298,241  (6 ent/s, 359 triples/s, errors=74838)
  rows=534,470  triples=46,300,324  (6 ent/s, 359 triples/s, errors=74842)
  rows=534,493  triples=46,301,450  (6 ent/s, 359 triples/s, errors=74848)
  rows=534,516  triples=46,303,480  (6 ent/s, 359 triples/s, errors=74849)
  rows=534,551  triples=46,305,579  (6 ent/s, 359 triples/s, errors=74873)
  rows=534,600  triples=46,307,618  (6 ent/s, 359 triples/s, errors=74884)
  rows=534,628  triples=46,309,610  (6 ent/s, 359 triples/s, errors=74983)
  rows=534,667  triples=46,311,659  (6 ent/s, 359 triples/s, errors=74985)
  rows=534,693  triples=46,313,758  (6 ent/s, 359 triples/s, errors=74989)
  rows=534,726  triples=46,315,818  (6 ent/s, 359 triples/s, errors=74995)
  rows=534,756  triples=46,317,933  (6 ent/s, 359 triples/s, errors=74995)
  rows=534,795  triples=46,319,949  (6 ent/s, 359 triples/s, errors=74996)
  rows=534,836  triples=46,322,498  (6 ent/s, 359 triples/s, errors=75000)
  rows=534,872  triples=46,324,663  (6 ent/s, 359 triples/s, errors=75005)
  rows=534,903  triples=46,326,728  (6 ent/s, 359 triples/s, errors=75006)
  rows=534,937  triples=46,328,793  (6 ent/s, 359 triples/s, errors=75008)
  rows=534,980  triples=46,330,821  (6 ent/s, 359 triples/s, errors=75010)
  rows=535,020  triples=46,333,284  (6 ent/s, 359 triples/s, errors=75014)
  rows=535,052  triples=46,335,391  (6 ent/s, 359 triples/s, errors=75023)
  rows=535,099  triples=46,337,637  (6 ent/s, 359 triples/s, errors=75032)
  rows=535,149  triples=46,339,844  (6 ent/s, 359 triples/s, errors=75033)
  rows=535,190  triples=46,341,902  (6 ent/s, 359 triples/s, errors=75034)
  rows=535,214  triples=46,343,556  (6 ent/s, 359 triples/s, errors=75034)
  rows=535,261  triples=46,345,671  (6 ent/s, 359 triples/s, errors=75036)
  rows=535,302  triples=46,347,797  (6 ent/s, 359 triples/s, errors=75036)
  rows=535,346  triples=46,349,909  (6 ent/s, 359 triples/s, errors=75089)
  rows=535,381  triples=46,352,046  (6 ent/s, 359 triples/s, errors=75102)
  rows=535,401  triples=46,353,106  (6 ent/s, 359 triples/s, errors=75113)
  rows=535,413  triples=46,354,165  (6 ent/s, 359 triples/s, errors=75113)
  rows=535,430  triples=46,355,245  (6 ent/s, 359 triples/s, errors=75113)
  rows=535,446  triples=46,356,322  (6 ent/s, 359 triples/s, errors=75115)
  rows=535,461  triples=46,357,470  (6 ent/s, 359 triples/s, errors=75119)
  rows=535,496  triples=46,359,497  (6 ent/s, 359 triples/s, errors=75121)
  rows=535,529  triples=46,361,554  (6 ent/s, 359 triples/s, errors=75128)
  rows=535,566  triples=46,363,760  (6 ent/s, 359 triples/s, errors=75136)
  rows=535,601  triples=46,365,615  (6 ent/s, 359 triples/s, errors=75142)
  rows=535,631  triples=46,367,708  (6 ent/s, 359 triples/s, errors=75150)
  rows=535,667  triples=46,369,738  (6 ent/s, 359 triples/s, errors=75180)
  rows=535,698  triples=46,371,745  (6 ent/s, 359 triples/s, errors=75191)
  rows=535,733  triples=46,373,768  (6 ent/s, 359 triples/s, errors=75202)
  rows=535,770  triples=46,375,812  (6 ent/s, 359 triples/s, errors=75204)
  rows=535,801  triples=46,377,378  (6 ent/s, 359 triples/s, errors=75207)
  rows=535,831  triples=46,379,326  (6 ent/s, 359 triples/s, errors=75297)
  rows=535,868  triples=46,381,405  (6 ent/s, 359 triples/s, errors=75297)
  rows=535,907  triples=46,383,429  (6 ent/s, 359 triples/s, errors=75313)
  rows=535,942  triples=46,385,456  (6 ent/s, 359 triples/s, errors=75316)
  rows=535,974  triples=46,387,522  (6 ent/s, 359 triples/s, errors=75319)
  rows=536,001  triples=46,389,179  (6 ent/s, 359 triples/s, errors=75321)
  rows=536,029  triples=46,391,270  (6 ent/s, 359 triples/s, errors=75328)
  rows=536,069  triples=46,393,382  (6 ent/s, 359 triples/s, errors=75334)
  rows=536,096  triples=46,395,481  (6 ent/s, 359 triples/s, errors=75335)
  rows=536,136  triples=46,397,554  (6 ent/s, 359 triples/s, errors=75335)
  rows=536,175  triples=46,399,576  (6 ent/s, 359 triples/s, errors=75349)
  rows=536,201  triples=46,401,203  (6 ent/s, 359 triples/s, errors=75353)
  rows=536,233  triples=46,403,273  (6 ent/s, 359 triples/s, errors=75361)
  rows=536,259  triples=46,405,315  (6 ent/s, 359 triples/s, errors=75381)
  rows=536,286  triples=46,407,366  (6 ent/s, 359 triples/s, errors=75383)
  rows=536,311  triples=46,408,432  (6 ent/s, 359 triples/s, errors=75386)
  rows=536,344  triples=46,410,658  (6 ent/s, 359 triples/s, errors=75391)
  rows=536,374  triples=46,412,887  (6 ent/s, 359 triples/s, errors=75397)
  rows=536,401  triples=46,414,683  (6 ent/s, 359 triples/s, errors=75419)
  rows=536,435  triples=46,416,758  (6 ent/s, 359 triples/s, errors=75423)
  rows=536,469  triples=46,418,822  (6 ent/s, 359 triples/s, errors=75433)
  rows=536,502  triples=46,420,867  (6 ent/s, 359 triples/s, errors=75439)
  rows=536,536  triples=46,422,910  (6 ent/s, 359 triples/s, errors=75467)
  rows=536,569  triples=46,424,994  (6 ent/s, 359 triples/s, errors=75472)
  rows=536,601  triples=46,426,975  (6 ent/s, 359 triples/s, errors=75472)
  rows=536,633  triples=46,429,052  (6 ent/s, 359 triples/s, errors=75482)
  rows=536,664  triples=46,431,242  (6 ent/s, 359 triples/s, errors=75485)
  rows=536,699  triples=46,433,257  (6 ent/s, 359 triples/s, errors=75493)
  rows=536,738  triples=46,435,297  (6 ent/s, 359 triples/s, errors=75495)
  rows=536,776  triples=46,437,336  (6 ent/s, 359 triples/s, errors=75514)
  rows=536,801  triples=46,438,777  (6 ent/s, 359 triples/s, errors=75518)
  rows=536,833  triples=46,440,828  (6 ent/s, 359 triples/s, errors=75528)
  rows=536,869  triples=46,442,985  (6 ent/s, 359 triples/s, errors=75533)
  rows=536,902  triples=46,445,132  (6 ent/s, 359 triples/s, errors=75540)
  rows=536,943  triples=46,447,214  (6 ent/s, 359 triples/s, errors=75548)
  rows=536,983  triples=46,449,255  (6 ent/s, 359 triples/s, errors=75553)
  rows=537,001  triples=46,450,786  (6 ent/s, 359 triples/s, errors=75578)
  rows=537,037  triples=46,452,895  (6 ent/s, 359 triples/s, errors=75590)
  rows=537,066  triples=46,455,322  (6 ent/s, 359 triples/s, errors=75597)
  rows=537,103  triples=46,457,426  (6 ent/s, 359 triples/s, errors=75609)
  rows=537,138  triples=46,459,483  (6 ent/s, 359 triples/s, errors=75616)
  rows=537,172  triples=46,461,612  (6 ent/s, 359 triples/s, errors=75616)
  rows=537,201  triples=46,463,087  (6 ent/s, 359 triples/s, errors=75616)
  rows=537,237  triples=46,465,259  (6 ent/s, 359 triples/s, errors=75630)
  rows=537,279  triples=46,467,343  (6 ent/s, 359 triples/s, errors=75633)
  rows=537,319  triples=46,469,419  (6 ent/s, 359 triples/s, errors=75690)
  rows=537,368  triples=46,471,605  (6 ent/s, 359 triples/s, errors=75692)
  rows=537,401  triples=46,472,817  (6 ent/s, 359 triples/s, errors=75696)
  rows=537,442  triples=46,474,812  (6 ent/s, 359 triples/s, errors=75714)
  rows=537,490  triples=46,476,898  (6 ent/s, 359 triples/s, errors=75716)
  rows=537,531  triples=46,478,909  (6 ent/s, 359 triples/s, errors=75718)
  rows=537,559  triples=46,481,019  (6 ent/s, 359 triples/s, errors=75723)
  rows=537,598  triples=46,483,130  (6 ent/s, 359 triples/s, errors=75745)
  rows=537,623  triples=46,484,285  (6 ent/s, 359 triples/s, errors=75745)
  rows=537,665  triples=46,486,468  (6 ent/s, 359 triples/s, errors=75784)
  rows=537,707  triples=46,488,484  (6 ent/s, 359 triples/s, errors=75792)
  rows=537,744  triples=46,490,536  (6 ent/s, 359 triples/s, errors=75800)
  rows=537,792  triples=46,492,664  (6 ent/s, 359 triples/s, errors=75804)
  rows=537,838  triples=46,495,004  (6 ent/s, 359 triples/s, errors=75804)
  rows=537,880  triples=46,497,072  (6 ent/s, 359 triples/s, errors=75804)
  rows=537,919  triples=46,499,127  (6 ent/s, 359 triples/s, errors=75818)
  rows=537,959  triples=46,501,161  (6 ent/s, 359 triples/s, errors=75827)
  rows=538,001  triples=46,502,866  (6 ent/s, 359 triples/s, errors=75828)
  rows=538,038  triples=46,504,931  (6 ent/s, 359 triples/s, errors=75829)
  rows=538,080  triples=46,507,034  (6 ent/s, 359 triples/s, errors=75849)
  rows=538,117  triples=46,509,176  (6 ent/s, 359 triples/s, errors=75882)
  rows=538,129  triples=46,509,176  (6 ent/s, 359 triples/s, errors=75882)
  rows=538,161  triples=46,511,197  (6 ent/s, 359 triples/s, errors=75890)
  rows=538,201  triples=46,512,909  (6 ent/s, 359 triples/s, errors=75891)
  rows=538,244  triples=46,514,971  (6 ent/s, 359 triples/s, errors=75893)
  rows=538,286  triples=46,517,170  (6 ent/s, 359 triples/s, errors=75934)
  rows=538,322  triples=46,519,288  (6 ent/s, 359 triples/s, errors=75937)
  rows=538,360  triples=46,521,400  (6 ent/s, 359 triples/s, errors=75958)
  rows=538,401  triples=46,523,177  (6 ent/s, 359 triples/s, errors=75978)
  rows=538,437  triples=46,525,252  (6 ent/s, 359 triples/s, errors=75981)
  rows=538,476  triples=46,527,303  (6 ent/s, 359 triples/s, errors=75983)
  rows=538,515  triples=46,529,374  (6 ent/s, 359 triples/s, errors=75983)
  rows=538,555  triples=46,531,557  (6 ent/s, 359 triples/s, errors=75989)
  rows=538,601  triples=46,533,807  (6 ent/s, 359 triples/s, errors=75993)
  rows=538,641  triples=46,535,926  (6 ent/s, 359 triples/s, errors=75996)
  rows=538,685  triples=46,538,000  (6 ent/s, 359 triples/s, errors=75997)
  rows=538,724  triples=46,540,068  (6 ent/s, 359 triples/s, errors=76000)
  rows=538,757  triples=46,542,101  (6 ent/s, 359 triples/s, errors=76003)
  rows=538,796  triples=46,544,169  (6 ent/s, 359 triples/s, errors=76007)
  rows=538,838  triples=46,546,453  (6 ent/s, 359 triples/s, errors=76051)
  rows=538,877  triples=46,548,577  (6 ent/s, 359 triples/s, errors=76070)
  rows=538,916  triples=46,550,679  (6 ent/s, 359 triples/s, errors=76074)
  rows=538,962  triples=46,552,885  (6 ent/s, 359 triples/s, errors=76119)
  rows=539,001  triples=46,554,772  (6 ent/s, 359 triples/s, errors=76122)
  rows=539,043  triples=46,556,837  (6 ent/s, 359 triples/s, errors=76124)
  rows=539,076  triples=46,559,076  (6 ent/s, 359 triples/s, errors=76210)
  rows=539,120  triples=46,561,311  (6 ent/s, 359 triples/s, errors=76241)
  rows=539,166  triples=46,563,430  (6 ent/s, 359 triples/s, errors=76255)
  rows=539,201  triples=46,565,343  (6 ent/s, 359 triples/s, errors=76274)
  rows=539,240  triples=46,567,323  (6 ent/s, 359 triples/s, errors=76313)
  rows=539,282  triples=46,569,379  (6 ent/s, 359 triples/s, errors=76316)
  rows=539,337  triples=46,571,431  (6 ent/s, 359 triples/s, errors=76320)
  rows=539,382  triples=46,573,599  (6 ent/s, 359 triples/s, errors=76323)
  rows=539,415  triples=46,575,419  (6 ent/s, 359 triples/s, errors=76427)
  rows=539,460  triples=46,577,483  (6 ent/s, 359 triples/s, errors=76431)
  rows=539,505  triples=46,579,502  (6 ent/s, 359 triples/s, errors=76432)
  rows=539,540  triples=46,581,538  (6 ent/s, 359 triples/s, errors=76481)
  rows=539,586  triples=46,583,598  (6 ent/s, 359 triples/s, errors=76482)
  rows=539,634  triples=46,585,378  (6 ent/s, 359 triples/s, errors=76490)
  rows=539,658  triples=46,587,405  (6 ent/s, 359 triples/s, errors=76497)
  rows=539,690  triples=46,589,408  (6 ent/s, 359 triples/s, errors=76507)
  rows=539,723  triples=46,591,446  (6 ent/s, 359 triples/s, errors=76511)
  rows=539,760  triples=46,593,593  (6 ent/s, 359 triples/s, errors=76517)
  rows=539,797  triples=46,595,803  (6 ent/s, 359 triples/s, errors=76520)
  rows=539,839  triples=46,597,982  (6 ent/s, 359 triples/s, errors=76538)
  rows=539,869  triples=46,600,100  (6 ent/s, 359 triples/s, errors=76542)
  rows=539,913  triples=46,602,253  (6 ent/s, 359 triples/s, errors=76546)
  rows=539,947  triples=46,603,327  (6 ent/s, 359 triples/s, errors=76547)
  rows=539,983  triples=46,605,487  (6 ent/s, 359 triples/s, errors=76548)
  rows=540,037  triples=46,608,224  (6 ent/s, 359 triples/s, errors=76553)
  rows=540,078  triples=46,610,278  (6 ent/s, 359 triples/s, errors=76553)
  rows=540,108  triples=46,612,220  (6 ent/s, 359 triples/s, errors=76634)
  rows=540,146  triples=46,614,383  (6 ent/s, 359 triples/s, errors=76635)
  rows=540,197  triples=46,616,389  (6 ent/s, 359 triples/s, errors=76644)
  rows=540,240  triples=46,618,659  (6 ent/s, 359 triples/s, errors=76646)
  rows=540,291  triples=46,620,801  (6 ent/s, 359 triples/s, errors=76648)
  rows=540,348  triples=46,622,948  (6 ent/s, 359 triples/s, errors=76649)
  rows=540,390  triples=46,625,028  (6 ent/s, 359 triples/s, errors=76654)
  rows=540,443  triples=46,627,464  (6 ent/s, 359 triples/s, errors=76663)
  rows=540,487  triples=46,629,630  (6 ent/s, 359 triples/s, errors=76665)
  rows=540,526  triples=46,631,728  (6 ent/s, 359 triples/s, errors=76677)
  rows=540,570  triples=46,633,744  (6 ent/s, 359 triples/s, errors=76678)
  rows=540,615  triples=46,636,323  (6 ent/s, 359 triples/s, errors=76699)
  rows=540,650  triples=46,638,359  (6 ent/s, 359 triples/s, errors=76702)
  rows=540,682  triples=46,640,561  (6 ent/s, 359 triples/s, errors=76794)
  rows=540,724  triples=46,642,643  (6 ent/s, 359 triples/s, errors=76837)
  rows=540,764  triples=46,644,705  (6 ent/s, 359 triples/s, errors=76842)
  rows=540,801  triples=46,646,234  (6 ent/s, 359 triples/s, errors=76853)
  rows=540,841  triples=46,648,309  (6 ent/s, 359 triples/s, errors=76855)
  rows=540,883  triples=46,650,406  (6 ent/s, 359 triples/s, errors=76859)
  rows=540,922  triples=46,652,400  (6 ent/s, 359 triples/s, errors=76880)
  rows=540,958  triples=46,654,435  (6 ent/s, 359 triples/s, errors=76888)
  rows=540,993  triples=46,656,514  (6 ent/s, 359 triples/s, errors=76894)
  rows=541,050  triples=46,658,833  (6 ent/s, 359 triples/s, errors=76897)
  rows=541,097  triples=46,660,876  (6 ent/s, 359 triples/s, errors=76900)
  rows=541,133  triples=46,662,888  (6 ent/s, 359 triples/s, errors=76905)
  rows=541,169  triples=46,664,940  (6 ent/s, 359 triples/s, errors=76909)
  rows=541,197  triples=46,667,047  (6 ent/s, 359 triples/s, errors=76923)
  rows=541,245  triples=46,669,343  (6 ent/s, 359 triples/s, errors=76930)
  rows=541,283  triples=46,671,563  (6 ent/s, 359 triples/s, errors=76942)
  rows=541,319  triples=46,673,509  (6 ent/s, 359 triples/s, errors=77017)
  rows=541,358  triples=46,675,556  (6 ent/s, 359 triples/s, errors=77029)
  rows=541,401  triples=46,677,461  (6 ent/s, 359 triples/s, errors=77032)
  rows=541,443  triples=46,679,507  (6 ent/s, 359 triples/s, errors=77045)
  rows=541,485  triples=46,681,646  (6 ent/s, 359 triples/s, errors=77060)
  rows=541,520  triples=46,683,704  (6 ent/s, 359 triples/s, errors=77060)
  rows=541,551  triples=46,685,739  (6 ent/s, 359 triples/s, errors=77061)
  rows=541,598  triples=46,687,772  (6 ent/s, 359 triples/s, errors=77083)
  rows=541,637  triples=46,689,850  (6 ent/s, 359 triples/s, errors=77084)
  rows=541,684  triples=46,691,922  (6 ent/s, 359 triples/s, errors=77092)
  rows=541,720  triples=46,694,005  (6 ent/s, 359 triples/s, errors=77092)
  rows=541,758  triples=46,696,032  (6 ent/s, 359 triples/s, errors=77094)
  rows=541,765  triples=46,696,032  (6 ent/s, 359 triples/s, errors=77094)
  rows=541,801  triples=46,697,722  (6 ent/s, 359 triples/s, errors=77094)
  rows=541,844  triples=46,699,765  (6 ent/s, 359 triples/s, errors=77095)
  rows=541,893  triples=46,701,963  (6 ent/s, 359 triples/s, errors=77099)
  rows=541,939  triples=46,703,971  (6 ent/s, 359 triples/s, errors=77100)
  rows=541,964  triples=46,706,195  (6 ent/s, 359 triples/s, errors=77104)
  rows=542,001  triples=46,707,703  (6 ent/s, 359 triples/s, errors=77108)
  rows=542,050  triples=46,709,880  (6 ent/s, 359 triples/s, errors=77110)
  rows=542,096  triples=46,712,049  (6 ent/s, 359 triples/s, errors=77110)
  rows=542,139  triples=46,714,232  (6 ent/s, 359 triples/s, errors=77114)
  rows=542,180  triples=46,716,317  (6 ent/s, 359 triples/s, errors=77114)
  rows=542,216  triples=46,718,117  (6 ent/s, 359 triples/s, errors=77116)
  rows=542,235  triples=46,719,217  (6 ent/s, 359 triples/s, errors=77117)
  rows=542,266  triples=46,721,299  (6 ent/s, 359 triples/s, errors=77156)
  rows=542,305  triples=46,723,619  (6 ent/s, 359 triples/s, errors=77251)
  rows=542,341  triples=46,725,649  (6 ent/s, 359 triples/s, errors=77285)
  rows=542,395  triples=46,727,663  (6 ent/s, 359 triples/s, errors=77285)
  rows=542,448  triples=46,729,863  (6 ent/s, 359 triples/s, errors=77288)
  rows=542,490  triples=46,731,913  (6 ent/s, 359 triples/s, errors=77289)
  rows=542,527  triples=46,734,164  (6 ent/s, 359 triples/s, errors=77357)
  rows=542,576  triples=46,736,267  (6 ent/s, 359 triples/s, errors=77359)
  rows=542,619  triples=46,738,594  (6 ent/s, 359 triples/s, errors=77361)
  rows=542,660  triples=46,740,608  (6 ent/s, 359 triples/s, errors=77388)
  rows=542,700  triples=46,742,805  (6 ent/s, 359 triples/s, errors=77404)
  rows=542,730  triples=46,744,875  (6 ent/s, 359 triples/s, errors=77413)
  rows=542,772  triples=46,746,920  (6 ent/s, 359 triples/s, errors=77418)
  rows=542,801  triples=46,748,426  (6 ent/s, 359 triples/s, errors=77420)
  rows=542,839  triples=46,750,495  (6 ent/s, 359 triples/s, errors=77429)
  rows=542,873  triples=46,752,637  (6 ent/s, 359 triples/s, errors=77436)
  rows=542,921  triples=46,754,760  (6 ent/s, 359 triples/s, errors=77447)
  rows=542,965  triples=46,756,877  (6 ent/s, 359 triples/s, errors=77451)
  rows=543,001  triples=46,758,656  (6 ent/s, 359 triples/s, errors=77453)
  rows=543,045  triples=46,760,806  (6 ent/s, 359 triples/s, errors=77454)
  rows=543,078  triples=46,762,827  (6 ent/s, 359 triples/s, errors=77459)
  rows=543,127  triples=46,764,935  (6 ent/s, 359 triples/s, errors=77461)
  rows=543,175  triples=46,766,954  (6 ent/s, 359 triples/s, errors=77463)
  rows=543,214  triples=46,769,327  (6 ent/s, 359 triples/s, errors=77468)
  rows=543,257  triples=46,771,345  (6 ent/s, 359 triples/s, errors=77471)
  rows=543,317  triples=46,773,452  (6 ent/s, 359 triples/s, errors=77471)
  rows=543,357  triples=46,775,532  (6 ent/s, 359 triples/s, errors=77480)
  rows=543,399  triples=46,777,609  (6 ent/s, 359 triples/s, errors=77485)
  rows=543,445  triples=46,779,890  (6 ent/s, 359 triples/s, errors=77485)
  rows=543,494  triples=46,782,107  (6 ent/s, 359 triples/s, errors=77485)
  rows=543,530  triples=46,784,114  (6 ent/s, 359 triples/s, errors=77508)
  rows=543,574  triples=46,786,309  (6 ent/s, 359 triples/s, errors=77510)
  rows=543,583  triples=46,786,309  (6 ent/s, 359 triples/s, errors=77510)
  rows=543,618  triples=46,788,792  (6 ent/s, 359 triples/s, errors=77515)
  rows=543,656  triples=46,790,816  (6 ent/s, 359 triples/s, errors=77520)
  rows=543,705  triples=46,792,932  (6 ent/s, 359 triples/s, errors=77561)
  rows=543,749  triples=46,795,022  (6 ent/s, 359 triples/s, errors=77561)
  rows=543,793  triples=46,797,174  (6 ent/s, 359 triples/s, errors=77561)
  rows=543,812  triples=46,798,615  (6 ent/s, 359 triples/s, errors=77561)
  rows=543,859  triples=46,800,701  (6 ent/s, 359 triples/s, errors=77574)
  rows=543,897  triples=46,802,811  (6 ent/s, 359 triples/s, errors=77576)
  rows=543,946  triples=46,804,886  (6 ent/s, 359 triples/s, errors=77577)
  rows=543,986  triples=46,807,011  (6 ent/s, 359 triples/s, errors=77580)
  rows=544,020  triples=46,808,732  (6 ent/s, 359 triples/s, errors=77581)
  rows=544,068  triples=46,810,758  (6 ent/s, 359 triples/s, errors=77585)
  rows=544,108  triples=46,812,907  (6 ent/s, 359 triples/s, errors=77590)
  rows=544,156  triples=46,814,992  (6 ent/s, 359 triples/s, errors=77600)
  rows=544,194  triples=46,817,106  (6 ent/s, 359 triples/s, errors=77626)
  rows=544,237  triples=46,818,348  (6 ent/s, 359 triples/s, errors=77636)
  rows=544,264  triples=46,820,523  (6 ent/s, 359 triples/s, errors=77641)
  rows=544,309  triples=46,822,594  (6 ent/s, 359 triples/s, errors=77644)
  rows=544,339  triples=46,824,790  (6 ent/s, 359 triples/s, errors=77645)
  rows=544,381  triples=46,826,876  (6 ent/s, 359 triples/s, errors=77650)
  rows=544,427  triples=46,829,040  (6 ent/s, 359 triples/s, errors=77664)
  rows=544,471  triples=46,831,257  (6 ent/s, 359 triples/s, errors=77669)
  rows=544,515  triples=46,833,261  (6 ent/s, 359 triples/s, errors=77706)
  rows=544,554  triples=46,835,356  (6 ent/s, 359 triples/s, errors=77719)
  rows=544,599  triples=46,837,528  (6 ent/s, 359 triples/s, errors=77730)
  rows=544,645  triples=46,839,583  (6 ent/s, 359 triples/s, errors=77767)
  rows=544,682  triples=46,841,666  (6 ent/s, 359 triples/s, errors=77805)
  rows=544,720  triples=46,843,749  (6 ent/s, 359 triples/s, errors=77808)
  rows=544,760  triples=46,845,762  (6 ent/s, 359 triples/s, errors=77809)
  rows=544,797  triples=46,847,911  (6 ent/s, 359 triples/s, errors=77809)
  rows=544,818  triples=46,849,133  (6 ent/s, 359 triples/s, errors=77821)
  rows=544,861  triples=46,851,223  (6 ent/s, 359 triples/s, errors=77841)
  rows=544,897  triples=46,853,276  (6 ent/s, 359 triples/s, errors=77851)
  rows=544,935  triples=46,855,332  (6 ent/s, 359 triples/s, errors=77866)
  rows=544,974  triples=46,857,574  (6 ent/s, 359 triples/s, errors=77866)
  rows=545,001  triples=46,859,054  (6 ent/s, 359 triples/s, errors=77875)
  rows=545,036  triples=46,861,403  (6 ent/s, 359 triples/s, errors=77880)
  rows=545,076  triples=46,863,451  (6 ent/s, 359 triples/s, errors=77891)
  rows=545,111  triples=46,865,550  (6 ent/s, 359 triples/s, errors=77902)
  rows=545,142  triples=46,867,566  (6 ent/s, 359 triples/s, errors=77903)
  rows=545,179  triples=46,869,602  (6 ent/s, 359 triples/s, errors=77911)
  rows=545,222  triples=46,872,072  (6 ent/s, 359 triples/s, errors=77937)
  rows=545,256  triples=46,874,166  (6 ent/s, 359 triples/s, errors=77944)
  rows=545,297  triples=46,876,252  (6 ent/s, 359 triples/s, errors=77946)
  rows=545,327  triples=46,878,426  (6 ent/s, 359 triples/s, errors=77968)
  rows=545,362  triples=46,880,548  (6 ent/s, 359 triples/s, errors=77991)
  rows=545,396  triples=46,882,557  (6 ent/s, 359 triples/s, errors=78004)
  rows=545,401  triples=46,882,747  (6 ent/s, 359 triples/s, errors=78004)
  rows=545,439  triples=46,884,801  (6 ent/s, 359 triples/s, errors=78006)
  rows=545,473  triples=46,886,832  (6 ent/s, 359 triples/s, errors=78016)
  rows=545,520  triples=46,888,864  (6 ent/s, 359 triples/s, errors=78027)
  rows=545,559  triples=46,890,877  (6 ent/s, 359 triples/s, errors=78027)
  rows=545,601  triples=46,892,894  (6 ent/s, 359 triples/s, errors=78028)
  rows=545,642  triples=46,894,979  (6 ent/s, 359 triples/s, errors=78028)
  rows=545,677  triples=46,897,054  (6 ent/s, 359 triples/s, errors=78031)
  rows=545,715  triples=46,899,120  (6 ent/s, 359 triples/s, errors=78031)
  rows=545,750  triples=46,901,131  (6 ent/s, 359 triples/s, errors=78036)
  rows=545,791  triples=46,903,206  (6 ent/s, 359 triples/s, errors=78040)
  rows=545,817  triples=46,904,793  (6 ent/s, 359 triples/s, errors=78040)
  rows=545,867  triples=46,906,793  (6 ent/s, 359 triples/s, errors=78051)
  rows=545,909  triples=46,908,940  (6 ent/s, 359 triples/s, errors=78055)
  rows=545,952  triples=46,911,052  (6 ent/s, 359 triples/s, errors=78058)
  rows=545,988  triples=46,913,087  (6 ent/s, 359 triples/s, errors=78075)
  rows=546,023  triples=46,914,839  (6 ent/s, 359 triples/s, errors=78079)
  rows=546,066  triples=46,916,915  (6 ent/s, 359 triples/s, errors=78090)
  rows=546,095  triples=46,919,066  (6 ent/s, 359 triples/s, errors=78098)
  rows=546,134  triples=46,921,270  (6 ent/s, 359 triples/s, errors=78100)
  rows=546,168  triples=46,923,244  (6 ent/s, 359 triples/s, errors=78161)
  rows=546,214  triples=46,925,698  (6 ent/s, 359 triples/s, errors=78162)
  rows=546,253  triples=46,927,779  (6 ent/s, 359 triples/s, errors=78185)
  rows=546,293  triples=46,929,836  (6 ent/s, 359 triples/s, errors=78188)
  rows=546,332  triples=46,931,971  (6 ent/s, 359 triples/s, errors=78198)
  rows=546,362  triples=46,934,106  (6 ent/s, 359 triples/s, errors=78204)
  rows=546,397  triples=46,936,227  (6 ent/s, 359 triples/s, errors=78215)
  rows=546,435  triples=46,938,546  (6 ent/s, 359 triples/s, errors=78228)
  rows=546,470  triples=46,940,586  (6 ent/s, 359 triples/s, errors=78243)
  rows=546,509  triples=46,942,627  (6 ent/s, 359 triples/s, errors=78251)
  rows=546,544  triples=46,944,699  (6 ent/s, 359 triples/s, errors=78296)
  rows=546,578  triples=46,946,845  (6 ent/s, 359 triples/s, errors=78311)
  rows=546,619  triples=46,949,100  (6 ent/s, 359 triples/s, errors=78325)
  rows=546,669  triples=46,951,248  (6 ent/s, 359 triples/s, errors=78326)
  rows=546,710  triples=46,953,299  (6 ent/s, 359 triples/s, errors=78342)
  rows=546,749  triples=46,955,346  (6 ent/s, 359 triples/s, errors=78349)
  rows=546,796  triples=46,957,449  (6 ent/s, 359 triples/s, errors=78351)
  rows=546,835  triples=46,958,649  (6 ent/s, 359 triples/s, errors=78356)
  rows=546,857  triples=46,960,676  (6 ent/s, 359 triples/s, errors=78356)
  rows=546,894  triples=46,962,721  (6 ent/s, 359 triples/s, errors=78378)
  rows=546,926  triples=46,964,758  (6 ent/s, 359 triples/s, errors=78390)
  rows=546,957  triples=46,966,866  (6 ent/s, 359 triples/s, errors=78403)
  rows=547,000  triples=46,968,951  (6 ent/s, 359 triples/s, errors=78408)
  rows=547,052  triples=46,970,991  (6 ent/s, 359 triples/s, errors=78410)
  rows=547,098  triples=46,973,075  (6 ent/s, 359 triples/s, errors=78410)
  rows=547,140  triples=46,975,132  (6 ent/s, 359 triples/s, errors=78411)
  rows=547,185  triples=46,977,323  (6 ent/s, 359 triples/s, errors=78411)
  rows=547,219  triples=46,978,108  (6 ent/s, 358 triples/s, errors=78418)
  rows=547,238  triples=46,980,232  (6 ent/s, 358 triples/s, errors=78441)
  rows=547,277  triples=46,982,282  (6 ent/s, 358 triples/s, errors=78463)
  rows=547,310  triples=46,984,325  (6 ent/s, 358 triples/s, errors=78480)
  rows=547,351  triples=46,986,410  (6 ent/s, 358 triples/s, errors=78483)
  rows=547,396  triples=46,988,424  (6 ent/s, 358 triples/s, errors=78483)
  rows=547,443  triples=46,990,790  (6 ent/s, 358 triples/s, errors=78506)
  rows=547,480  triples=46,992,843  (6 ent/s, 358 triples/s, errors=78507)
  rows=547,515  triples=46,994,925  (6 ent/s, 358 triples/s, errors=78508)
  rows=547,556  triples=46,996,987  (6 ent/s, 358 triples/s, errors=78511)
  rows=547,596  triples=46,999,116  (6 ent/s, 358 triples/s, errors=78518)
  rows=547,639  triples=47,001,390  (6 ent/s, 358 triples/s, errors=78519)
  rows=547,669  triples=47,003,453  (6 ent/s, 358 triples/s, errors=78523)
  rows=547,700  triples=47,005,536  (6 ent/s, 358 triples/s, errors=78534)
  rows=547,737  triples=47,007,617  (6 ent/s, 358 triples/s, errors=78534)
  rows=547,766  triples=47,009,646  (6 ent/s, 358 triples/s, errors=78535)
  rows=547,798  triples=47,011,680  (6 ent/s, 358 triples/s, errors=78549)
  rows=547,839  triples=47,013,903  (6 ent/s, 358 triples/s, errors=78567)
  rows=547,883  triples=47,016,038  (6 ent/s, 358 triples/s, errors=78571)
  rows=547,924  triples=47,018,166  (6 ent/s, 358 triples/s, errors=78598)
  rows=547,970  triples=47,020,338  (6 ent/s, 358 triples/s, errors=78600)
  rows=548,021  triples=47,022,612  (6 ent/s, 358 triples/s, errors=78621)
  rows=548,057  triples=47,024,660  (6 ent/s, 358 triples/s, errors=78625)
  rows=548,104  triples=47,026,677  (6 ent/s, 358 triples/s, errors=78625)
  rows=548,145  triples=47,028,795  (6 ent/s, 358 triples/s, errors=78637)
  rows=548,185  triples=47,030,826  (6 ent/s, 358 triples/s, errors=78643)
  rows=548,223  triples=47,032,733  (6 ent/s, 358 triples/s, errors=78647)
  rows=548,264  triples=47,034,820  (6 ent/s, 358 triples/s, errors=78652)
  rows=548,308  triples=47,036,932  (6 ent/s, 358 triples/s, errors=78654)
  rows=548,351  triples=47,039,023  (6 ent/s, 358 triples/s, errors=78657)
  rows=548,383  triples=47,041,069  (6 ent/s, 358 triples/s, errors=78663)
  rows=548,415  triples=47,043,193  (6 ent/s, 358 triples/s, errors=78668)
  rows=548,454  triples=47,045,203  (6 ent/s, 358 triples/s, errors=78690)
  rows=548,499  triples=47,047,288  (6 ent/s, 358 triples/s, errors=78693)
  rows=548,540  triples=47,049,435  (6 ent/s, 358 triples/s, errors=78698)
  rows=548,576  triples=47,051,530  (6 ent/s, 358 triples/s, errors=78699)
  rows=548,601  triples=47,053,025  (6 ent/s, 358 triples/s, errors=78702)
  rows=548,638  triples=47,055,089  (6 ent/s, 358 triples/s, errors=78702)
  rows=548,676  triples=47,057,130  (6 ent/s, 358 triples/s, errors=78702)
  rows=548,714  triples=47,059,191  (6 ent/s, 358 triples/s, errors=78705)
  rows=548,752  triples=47,061,211  (6 ent/s, 358 triples/s, errors=78708)
  rows=548,790  triples=47,063,287  (6 ent/s, 358 triples/s, errors=78710)
  rows=548,823  triples=47,064,815  (6 ent/s, 358 triples/s, errors=78712)
  rows=548,864  triples=47,066,876  (6 ent/s, 358 triples/s, errors=78719)
  rows=548,901  triples=47,068,967  (6 ent/s, 358 triples/s, errors=78721)
  rows=548,935  triples=47,071,162  (6 ent/s, 358 triples/s, errors=78735)
  rows=548,970  triples=47,073,280  (6 ent/s, 358 triples/s, errors=78741)
  rows=549,001  triples=47,074,816  (6 ent/s, 358 triples/s, errors=78753)
  rows=549,033  triples=47,076,869  (6 ent/s, 358 triples/s, errors=78756)
  rows=549,037  triples=47,076,869  (6 ent/s, 358 triples/s, errors=78756)
  rows=549,070  triples=47,078,940  (6 ent/s, 358 triples/s, errors=78759)
  rows=549,104  triples=47,080,962  (6 ent/s, 358 triples/s, errors=78761)
  rows=549,137  triples=47,082,983  (6 ent/s, 358 triples/s, errors=78762)
  rows=549,185  triples=47,085,058  (6 ent/s, 358 triples/s, errors=78763)
  rows=549,219  triples=47,086,950  (6 ent/s, 358 triples/s, errors=78764)
  rows=549,249  triples=47,089,232  (6 ent/s, 358 triples/s, errors=78769)
  rows=549,290  triples=47,091,267  (6 ent/s, 358 triples/s, errors=78773)
  rows=549,340  triples=47,093,288  (6 ent/s, 358 triples/s, errors=78773)
  rows=549,388  triples=47,095,384  (6 ent/s, 358 triples/s, errors=78780)
  rows=549,423  triples=47,096,925  (6 ent/s, 358 triples/s, errors=78785)
  rows=549,464  triples=47,098,971  (6 ent/s, 358 triples/s, errors=78788)
  rows=549,502  triples=47,101,124  (6 ent/s, 358 triples/s, errors=78789)
  rows=549,528  triples=47,103,183  (6 ent/s, 358 triples/s, errors=78791)
  rows=549,566  triples=47,105,286  (6 ent/s, 358 triples/s, errors=78792)
  rows=549,601  triples=47,106,894  (6 ent/s, 358 triples/s, errors=78792)
  rows=549,645  triples=47,108,983  (6 ent/s, 358 triples/s, errors=78793)
  rows=549,682  triples=47,111,058  (6 ent/s, 358 triples/s, errors=78808)
  rows=549,715  triples=47,113,126  (6 ent/s, 358 triples/s, errors=78812)
  rows=549,754  triples=47,115,129  (6 ent/s, 358 triples/s, errors=78813)
  rows=549,785  triples=47,117,245  (6 ent/s, 358 triples/s, errors=78817)
  rows=549,816  triples=47,119,277  (6 ent/s, 358 triples/s, errors=78821)
  rows=549,851  triples=47,121,428  (6 ent/s, 358 triples/s, errors=78824)
  rows=549,895  triples=47,123,473  (6 ent/s, 358 triples/s, errors=78824)
  rows=549,930  triples=47,125,549  (6 ent/s, 358 triples/s, errors=78829)
  rows=549,958  triples=47,127,857  (6 ent/s, 358 triples/s, errors=78829)
  rows=549,999  triples=47,130,016  (6 ent/s, 358 triples/s, errors=78829)
  rows=550,037  triples=47,132,085  (6 ent/s, 358 triples/s, errors=78835)
  rows=550,073  triples=47,134,202  (6 ent/s, 358 triples/s, errors=78850)
  rows=550,105  triples=47,136,281  (6 ent/s, 358 triples/s, errors=78855)
  rows=550,132  triples=47,138,345  (6 ent/s, 358 triples/s, errors=78863)
  rows=550,160  triples=47,140,593  (6 ent/s, 358 triples/s, errors=79564)
  rows=550,193  triples=47,142,700  (6 ent/s, 358 triples/s, errors=79568)
  rows=550,220  triples=47,144,057  (6 ent/s, 358 triples/s, errors=79572)
  rows=550,261  triples=47,146,154  (6 ent/s, 358 triples/s, errors=79575)
  rows=550,280  triples=47,147,177  (6 ent/s, 358 triples/s, errors=79576)
  rows=550,299  triples=47,148,244  (6 ent/s, 358 triples/s, errors=79577)
  rows=550,316  triples=47,149,244  (6 ent/s, 358 triples/s, errors=79578)
  rows=550,332  triples=47,150,293  (6 ent/s, 358 triples/s, errors=79580)
  rows=550,366  triples=47,152,449  (6 ent/s, 358 triples/s, errors=79581)
  rows=550,401  triples=47,154,070  (6 ent/s, 358 triples/s, errors=79585)
  rows=550,431  triples=47,156,267  (6 ent/s, 358 triples/s, errors=79620)
  rows=550,476  triples=47,158,436  (6 ent/s, 358 triples/s, errors=79620)
  rows=550,506  triples=47,160,601  (6 ent/s, 358 triples/s, errors=79635)
  rows=550,536  triples=47,162,707  (6 ent/s, 358 triples/s, errors=79652)
  rows=550,578  triples=47,164,785  (6 ent/s, 358 triples/s, errors=79663)
  rows=550,618  triples=47,167,077  (6 ent/s, 358 triples/s, errors=79670)
  rows=550,649  triples=47,169,273  (6 ent/s, 358 triples/s, errors=79679)
  rows=550,683  triples=47,171,370  (6 ent/s, 358 triples/s, errors=79679)
  rows=550,717  triples=47,173,392  (6 ent/s, 358 triples/s, errors=79686)
  rows=550,758  triples=47,175,426  (6 ent/s, 358 triples/s, errors=79686)
  rows=550,798  triples=47,177,557  (6 ent/s, 358 triples/s, errors=79724)
  rows=550,829  triples=47,180,109  (6 ent/s, 358 triples/s, errors=79734)
  rows=550,855  triples=47,181,158  (6 ent/s, 358 triples/s, errors=79740)
  rows=550,870  triples=47,183,202  (6 ent/s, 358 triples/s, errors=79743)
  rows=550,904  triples=47,185,211  (6 ent/s, 358 triples/s, errors=79761)
  rows=550,938  triples=47,187,261  (6 ent/s, 358 triples/s, errors=79768)
  rows=550,975  triples=47,189,409  (6 ent/s, 358 triples/s, errors=79786)
  rows=551,017  triples=47,191,650  (6 ent/s, 358 triples/s, errors=79805)
  rows=551,048  triples=47,193,759  (6 ent/s, 358 triples/s, errors=79822)
  rows=551,079  triples=47,195,818  (6 ent/s, 358 triples/s, errors=79823)
  rows=551,117  triples=47,197,811  (6 ent/s, 358 triples/s, errors=79844)
  rows=551,148  triples=47,200,393  (6 ent/s, 358 triples/s, errors=80007)
  rows=551,176  triples=47,202,481  (6 ent/s, 358 triples/s, errors=80010)
  rows=551,201  triples=47,203,838  (6 ent/s, 358 triples/s, errors=80012)
  rows=551,235  triples=47,205,894  (6 ent/s, 358 triples/s, errors=80019)
  rows=551,274  triples=47,207,945  (6 ent/s, 358 triples/s, errors=80024)
  rows=551,307  triples=47,210,016  (6 ent/s, 358 triples/s, errors=80038)
  rows=551,345  triples=47,212,218  (6 ent/s, 358 triples/s, errors=80062)
  rows=551,380  triples=47,214,309  (6 ent/s, 358 triples/s, errors=80068)
  rows=551,401  triples=47,215,792  (6 ent/s, 358 triples/s, errors=80069)
  rows=551,431  triples=47,217,798  (6 ent/s, 358 triples/s, errors=80084)
  rows=551,463  triples=47,219,927  (6 ent/s, 358 triples/s, errors=80094)
  rows=551,495  triples=47,221,954  (6 ent/s, 358 triples/s, errors=80101)
  rows=551,534  triples=47,223,963  (6 ent/s, 358 triples/s, errors=80101)
  rows=551,572  triples=47,226,173  (6 ent/s, 358 triples/s, errors=80105)
  rows=551,601  triples=47,228,072  (6 ent/s, 358 triples/s, errors=80155)
  rows=551,634  triples=47,230,147  (6 ent/s, 358 triples/s, errors=80203)
  rows=551,675  triples=47,232,238  (6 ent/s, 358 triples/s, errors=80205)
  rows=551,705  triples=47,234,309  (6 ent/s, 358 triples/s, errors=80213)
  rows=551,738  triples=47,236,411  (6 ent/s, 358 triples/s, errors=80215)
  rows=551,768  triples=47,238,491  (6 ent/s, 358 triples/s, errors=80232)
  rows=551,799  triples=47,240,534  (6 ent/s, 358 triples/s, errors=80247)
  rows=551,828  triples=47,242,605  (6 ent/s, 358 triples/s, errors=80270)
  rows=551,856  triples=47,244,730  (6 ent/s, 358 triples/s, errors=80284)
  rows=551,885  triples=47,246,855  (6 ent/s, 358 triples/s, errors=80288)
  rows=551,917  triples=47,248,943  (6 ent/s, 358 triples/s, errors=80288)
  rows=551,953  triples=47,250,985  (6 ent/s, 358 triples/s, errors=80302)
  rows=551,984  triples=47,253,209  (6 ent/s, 358 triples/s, errors=80302)
  rows=552,018  triples=47,255,284  (6 ent/s, 358 triples/s, errors=80305)
  rows=552,050  triples=47,257,586  (6 ent/s, 358 triples/s, errors=80313)
  rows=552,081  triples=47,259,658  (6 ent/s, 358 triples/s, errors=80324)
  rows=552,111  triples=47,261,850  (6 ent/s, 358 triples/s, errors=80329)
  rows=552,146  triples=47,263,889  (6 ent/s, 358 triples/s, errors=80334)
  rows=552,182  triples=47,265,982  (6 ent/s, 358 triples/s, errors=80340)
  rows=552,220  triples=47,268,205  (6 ent/s, 358 triples/s, errors=80346)
  rows=552,256  triples=47,270,293  (6 ent/s, 358 triples/s, errors=80352)
  rows=552,294  triples=47,272,332  (6 ent/s, 358 triples/s, errors=80353)
  rows=552,329  triples=47,274,417  (6 ent/s, 358 triples/s, errors=80359)
  rows=552,357  triples=47,276,442  (6 ent/s, 358 triples/s, errors=80384)
  rows=552,393  triples=47,278,485  (6 ent/s, 358 triples/s, errors=80392)
  rows=552,417  triples=47,280,304  (6 ent/s, 358 triples/s, errors=80392)
  rows=552,443  triples=47,282,510  (6 ent/s, 358 triples/s, errors=80463)
  rows=552,468  triples=47,284,602  (6 ent/s, 358 triples/s, errors=80482)
  rows=552,506  triples=47,286,696  (6 ent/s, 358 triples/s, errors=80482)
  rows=552,544  triples=47,288,694  (6 ent/s, 358 triples/s, errors=80489)
  rows=552,589  triples=47,290,809  (6 ent/s, 358 triples/s, errors=80490)
  rows=552,614  triples=47,292,415  (6 ent/s, 358 triples/s, errors=80524)
  rows=552,646  triples=47,294,491  (6 ent/s, 358 triples/s, errors=80531)
  rows=552,673  triples=47,295,494  (6 ent/s, 358 triples/s, errors=80531)
  rows=552,711  triples=47,297,513  (6 ent/s, 358 triples/s, errors=80534)
  rows=552,743  triples=47,299,746  (6 ent/s, 358 triples/s, errors=80539)
  rows=552,775  triples=47,301,812  (6 ent/s, 358 triples/s, errors=80569)
  rows=552,815  triples=47,304,159  (6 ent/s, 358 triples/s, errors=80573)
  rows=552,854  triples=47,306,232  (6 ent/s, 358 triples/s, errors=80581)
  rows=552,883  triples=47,308,255  (6 ent/s, 358 triples/s, errors=80590)
  rows=552,916  triples=47,310,327  (6 ent/s, 358 triples/s, errors=80597)
  rows=552,957  triples=47,312,485  (6 ent/s, 358 triples/s, errors=80602)
  rows=552,995  triples=47,314,481  (6 ent/s, 358 triples/s, errors=80615)
  rows=553,039  triples=47,316,785  (6 ent/s, 358 triples/s, errors=80623)
  rows=553,075  triples=47,318,962  (6 ent/s, 358 triples/s, errors=80629)
  rows=553,115  triples=47,321,114  (6 ent/s, 358 triples/s, errors=80642)
  rows=553,146  triples=47,323,219  (6 ent/s, 358 triples/s, errors=80644)
  rows=553,180  triples=47,325,467  (6 ent/s, 358 triples/s, errors=80649)
  rows=553,201  triples=47,326,732  (6 ent/s, 358 triples/s, errors=80666)
  rows=553,233  triples=47,329,119  (6 ent/s, 358 triples/s, errors=80680)
  rows=553,262  triples=47,331,181  (6 ent/s, 358 triples/s, errors=80684)
  rows=553,295  triples=47,333,367  (6 ent/s, 358 triples/s, errors=80702)
  rows=553,325  triples=47,335,493  (6 ent/s, 358 triples/s, errors=80705)
  rows=553,355  triples=47,337,566  (6 ent/s, 358 triples/s, errors=80706)
  rows=553,385  triples=47,339,657  (6 ent/s, 358 triples/s, errors=80713)
  rows=553,410  triples=47,341,541  (6 ent/s, 358 triples/s, errors=80725)
  rows=553,453  triples=47,343,592  (6 ent/s, 358 triples/s, errors=80726)
  rows=553,484  triples=47,345,779  (6 ent/s, 358 triples/s, errors=80728)
  rows=553,520  triples=47,347,911  (6 ent/s, 358 triples/s, errors=80753)
  rows=553,552  triples=47,350,083  (6 ent/s, 358 triples/s, errors=80757)
  rows=553,594  triples=47,352,117  (6 ent/s, 358 triples/s, errors=80769)
  rows=553,636  triples=47,354,319  (6 ent/s, 358 triples/s, errors=80782)
  rows=553,677  triples=47,356,435  (6 ent/s, 358 triples/s, errors=80804)
  rows=553,712  triples=47,358,456  (6 ent/s, 358 triples/s, errors=80806)
  rows=553,745  triples=47,360,487  (6 ent/s, 358 triples/s, errors=80813)
  rows=553,772  triples=47,362,569  (6 ent/s, 358 triples/s, errors=80815)
  rows=553,801  triples=47,364,163  (6 ent/s, 358 triples/s, errors=80825)
  rows=553,841  triples=47,366,227  (6 ent/s, 358 triples/s, errors=80825)
  rows=553,870  triples=47,368,263  (6 ent/s, 358 triples/s, errors=80848)
  rows=553,900  triples=47,370,287  (6 ent/s, 358 triples/s, errors=80857)
  rows=553,933  triples=47,372,293  (6 ent/s, 358 triples/s, errors=80893)
  rows=553,965  triples=47,374,398  (6 ent/s, 358 triples/s, errors=80895)
  rows=553,997  triples=47,376,455  (6 ent/s, 358 triples/s, errors=80910)
  rows=554,034  triples=47,377,841  (6 ent/s, 358 triples/s, errors=80916)
  rows=554,058  triples=47,380,040  (6 ent/s, 358 triples/s, errors=80917)
  rows=554,087  triples=47,382,124  (6 ent/s, 358 triples/s, errors=80938)
  rows=554,128  triples=47,384,201  (6 ent/s, 358 triples/s, errors=80938)
  rows=554,164  triples=47,386,338  (6 ent/s, 358 triples/s, errors=80940)
  rows=554,197  triples=47,388,360  (6 ent/s, 358 triples/s, errors=80973)
  rows=554,236  triples=47,390,668  (6 ent/s, 358 triples/s, errors=80975)
  rows=554,263  triples=47,392,746  (6 ent/s, 358 triples/s, errors=81010)
  rows=554,301  triples=47,394,799  (6 ent/s, 358 triples/s, errors=81012)
  rows=554,334  triples=47,396,888  (6 ent/s, 358 triples/s, errors=81015)
  rows=554,370  triples=47,398,925  (6 ent/s, 358 triples/s, errors=81020)
  rows=554,403  triples=47,400,184  (6 ent/s, 358 triples/s, errors=81027)
  rows=554,430  triples=47,402,255  (6 ent/s, 358 triples/s, errors=81033)
  rows=554,461  triples=47,404,459  (6 ent/s, 358 triples/s, errors=81038)
  rows=554,491  triples=47,405,523  (6 ent/s, 358 triples/s, errors=81039)
  rows=554,512  triples=47,407,538  (6 ent/s, 358 triples/s, errors=81094)
  rows=554,546  triples=47,409,571  (6 ent/s, 358 triples/s, errors=81106)
  rows=554,578  triples=47,411,671  (6 ent/s, 358 triples/s, errors=81135)
  rows=554,601  triples=47,413,259  (6 ent/s, 358 triples/s, errors=81138)
  rows=554,640  triples=47,415,328  (6 ent/s, 358 triples/s, errors=81138)
  rows=554,676  triples=47,417,420  (6 ent/s, 358 triples/s, errors=81143)
  rows=554,714  triples=47,419,504  (6 ent/s, 358 triples/s, errors=81145)
  rows=554,747  triples=47,421,584  (6 ent/s, 358 triples/s, errors=81151)
  rows=554,784  triples=47,423,596  (6 ent/s, 358 triples/s, errors=81173)
  rows=554,824  triples=47,425,462  (6 ent/s, 358 triples/s, errors=81179)
  rows=554,868  triples=47,427,665  (6 ent/s, 358 triples/s, errors=81180)
  rows=554,898  triples=47,429,737  (6 ent/s, 358 triples/s, errors=81181)
  rows=554,937  triples=47,431,840  (6 ent/s, 358 triples/s, errors=81187)
  rows=554,967  triples=47,433,996  (6 ent/s, 358 triples/s, errors=81188)
  rows=555,001  triples=47,436,093  (6 ent/s, 358 triples/s, errors=81189)
  rows=555,036  triples=47,438,126  (6 ent/s, 358 triples/s, errors=81191)
  rows=555,067  triples=47,440,220  (6 ent/s, 358 triples/s, errors=81200)
  rows=555,106  triples=47,442,273  (6 ent/s, 358 triples/s, errors=81201)
  rows=555,138  triples=47,444,339  (6 ent/s, 358 triples/s, errors=81216)
  rows=555,176  triples=47,446,469  (6 ent/s, 358 triples/s, errors=81222)
  rows=555,203  triples=47,447,848  (6 ent/s, 358 triples/s, errors=81223)
  rows=555,233  triples=47,449,943  (6 ent/s, 358 triples/s, errors=81233)
  rows=555,270  triples=47,452,108  (6 ent/s, 358 triples/s, errors=81252)
  rows=555,300  triples=47,454,086  (6 ent/s, 358 triples/s, errors=81277)
  rows=555,336  triples=47,456,230  (6 ent/s, 358 triples/s, errors=81280)
  rows=555,373  triples=47,458,444  (6 ent/s, 358 triples/s, errors=81286)
  rows=555,401  triples=47,460,176  (6 ent/s, 358 triples/s, errors=81286)
  rows=555,439  triples=47,462,230  (6 ent/s, 358 triples/s, errors=81293)
  rows=555,483  triples=47,464,314  (6 ent/s, 358 triples/s, errors=81294)
  rows=555,511  triples=47,466,604  (6 ent/s, 358 triples/s, errors=81296)
  rows=555,549  triples=47,468,666  (6 ent/s, 358 triples/s, errors=81296)
  rows=555,586  triples=47,470,721  (6 ent/s, 358 triples/s, errors=81300)
  rows=555,622  triples=47,472,670  (6 ent/s, 358 triples/s, errors=81318)
  rows=555,661  triples=47,474,761  (6 ent/s, 358 triples/s, errors=81318)
  rows=555,697  triples=47,476,803  (6 ent/s, 358 triples/s, errors=81325)
  rows=555,731  triples=47,478,964  (6 ent/s, 358 triples/s, errors=81329)
  rows=555,772  triples=47,480,987  (6 ent/s, 358 triples/s, errors=81331)
  rows=555,818  triples=47,483,497  (6 ent/s, 358 triples/s, errors=81355)
  rows=555,850  triples=47,485,541  (6 ent/s, 358 triples/s, errors=81361)
  rows=555,884  triples=47,487,622  (6 ent/s, 358 triples/s, errors=81364)
  rows=555,919  triples=47,489,650  (6 ent/s, 358 triples/s, errors=81379)
  rows=555,946  triples=47,491,681  (6 ent/s, 358 triples/s, errors=81400)
  rows=555,980  triples=47,493,752  (6 ent/s, 358 triples/s, errors=81410)
  rows=556,017  triples=47,495,938  (6 ent/s, 358 triples/s, errors=81423)
  rows=556,053  triples=47,498,002  (6 ent/s, 358 triples/s, errors=81445)
  rows=556,087  triples=47,500,046  (6 ent/s, 358 triples/s, errors=81446)
  rows=556,118  triples=47,502,087  (6 ent/s, 358 triples/s, errors=81470)
  rows=556,149  triples=47,504,211  (6 ent/s, 358 triples/s, errors=81476)
  rows=556,180  triples=47,506,391  (6 ent/s, 358 triples/s, errors=81476)
  rows=556,201  triples=47,508,041  (6 ent/s, 358 triples/s, errors=81503)
  rows=556,238  triples=47,511,180  (6 ent/s, 358 triples/s, errors=81507)
  rows=556,267  triples=47,513,227  (6 ent/s, 358 triples/s, errors=81507)
  rows=556,304  triples=47,515,234  (6 ent/s, 358 triples/s, errors=81507)
  rows=556,309  triples=47,515,234  (6 ent/s, 358 triples/s, errors=81507)
  rows=556,336  triples=47,517,656  (6 ent/s, 358 triples/s, errors=81734)
  rows=556,366  triples=47,519,744  (6 ent/s, 358 triples/s, errors=81744)
  rows=556,401  triples=47,521,414  (6 ent/s, 358 triples/s, errors=81746)
  rows=556,435  triples=47,523,596  (6 ent/s, 358 triples/s, errors=81751)
  rows=556,463  triples=47,525,960  (6 ent/s, 358 triples/s, errors=81753)
  rows=556,498  triples=47,527,993  (6 ent/s, 358 triples/s, errors=81762)
  rows=556,526  triples=47,530,126  (6 ent/s, 358 triples/s, errors=81767)
  rows=556,569  triples=47,532,166  (6 ent/s, 358 triples/s, errors=81774)
  rows=556,601  triples=47,534,117  (6 ent/s, 358 triples/s, errors=81793)
  rows=556,634  triples=47,536,259  (6 ent/s, 358 triples/s, errors=81797)
  rows=556,667  triples=47,538,303  (6 ent/s, 358 triples/s, errors=81810)
  rows=556,707  triples=47,540,536  (6 ent/s, 358 triples/s, errors=81817)
  rows=556,736  triples=47,542,586  (6 ent/s, 358 triples/s, errors=81818)
  rows=556,775  triples=47,544,656  (6 ent/s, 358 triples/s, errors=81824)
  rows=556,801  triples=47,546,528  (6 ent/s, 358 triples/s, errors=81838)
  rows=556,838  triples=47,548,614  (6 ent/s, 358 triples/s, errors=81842)
  rows=556,867  triples=47,550,592  (6 ent/s, 358 triples/s, errors=81869)
  rows=556,899  triples=47,552,723  (6 ent/s, 358 triples/s, errors=81869)
  rows=556,930  triples=47,554,961  (6 ent/s, 358 triples/s, errors=81870)
  rows=556,966  triples=47,557,126  (6 ent/s, 358 triples/s, errors=81883)
  rows=556,994  triples=47,559,237  (6 ent/s, 358 triples/s, errors=81885)
  rows=557,015  triples=47,560,616  (6 ent/s, 358 triples/s, errors=81885)
  rows=557,042  triples=47,562,778  (6 ent/s, 358 triples/s, errors=81885)
  rows=557,072  triples=47,564,930  (6 ent/s, 358 triples/s, errors=81885)
  rows=557,100  triples=47,567,023  (6 ent/s, 358 triples/s, errors=81885)
  rows=557,118  triples=47,568,051  (6 ent/s, 358 triples/s, errors=81886)
  rows=557,132  triples=47,569,067  (6 ent/s, 358 triples/s, errors=81888)
  rows=557,149  triples=47,570,097  (6 ent/s, 358 triples/s, errors=81889)
  rows=557,185  triples=47,572,048  (6 ent/s, 358 triples/s, errors=81967)
  rows=557,224  triples=47,574,092  (6 ent/s, 358 triples/s, errors=81967)
  rows=557,263  triples=47,576,609  (6 ent/s, 358 triples/s, errors=82046)
  rows=557,296  triples=47,578,715  (6 ent/s, 358 triples/s, errors=82048)
  rows=557,338  triples=47,580,923  (6 ent/s, 358 triples/s, errors=82050)
  rows=557,374  triples=47,583,282  (6 ent/s, 358 triples/s, errors=82052)
  rows=557,421  triples=47,586,097  (6 ent/s, 358 triples/s, errors=82054)
  rows=557,455  triples=47,588,108  (6 ent/s, 358 triples/s, errors=82055)
  rows=557,481  triples=47,590,643  (6 ent/s, 358 triples/s, errors=82057)
  rows=557,513  triples=47,593,796  (6 ent/s, 358 triples/s, errors=82072)
  rows=557,548  triples=47,596,997  (6 ent/s, 358 triples/s, errors=82077)
  rows=557,586  triples=47,599,091  (6 ent/s, 358 triples/s, errors=82079)
  rows=557,621  triples=47,601,386  (6 ent/s, 358 triples/s, errors=82080)
  rows=557,650  triples=47,603,453  (6 ent/s, 358 triples/s, errors=82086)
  rows=557,687  triples=47,605,457  (6 ent/s, 358 triples/s, errors=82091)
  rows=557,722  triples=47,607,543  (6 ent/s, 358 triples/s, errors=82096)
  rows=557,755  triples=47,609,695  (6 ent/s, 358 triples/s, errors=82102)
  rows=557,792  triples=47,611,726  (6 ent/s, 358 triples/s, errors=82165)
  rows=557,837  triples=47,614,189  (6 ent/s, 358 triples/s, errors=82166)
  rows=557,881  triples=47,616,272  (6 ent/s, 358 triples/s, errors=82166)
  rows=557,916  triples=47,618,352  (6 ent/s, 358 triples/s, errors=82176)
  rows=557,953  triples=47,620,414  (6 ent/s, 358 triples/s, errors=82192)
  rows=557,983  triples=47,622,501  (6 ent/s, 358 triples/s, errors=82192)
  rows=558,019  triples=47,624,341  (6 ent/s, 358 triples/s, errors=82196)
  rows=558,065  triples=47,626,443  (6 ent/s, 358 triples/s, errors=82200)
  rows=558,105  triples=47,628,616  (6 ent/s, 358 triples/s, errors=82214)
  rows=558,127  triples=47,629,634  (6 ent/s, 358 triples/s, errors=82216)
  rows=558,162  triples=47,631,695  (6 ent/s, 358 triples/s, errors=82229)
  rows=558,197  triples=47,633,836  (6 ent/s, 358 triples/s, errors=82231)
  rows=558,226  triples=47,636,404  (6 ent/s, 358 triples/s, errors=82233)
  rows=558,261  triples=47,638,467  (6 ent/s, 358 triples/s, errors=82233)
  rows=558,289  triples=47,640,506  (6 ent/s, 358 triples/s, errors=82234)
  rows=558,320  triples=47,642,523  (6 ent/s, 358 triples/s, errors=82254)
  rows=558,353  triples=47,644,539  (6 ent/s, 358 triples/s, errors=82303)
  rows=558,382  triples=47,646,528  (6 ent/s, 358 triples/s, errors=82517)
  rows=558,416  triples=47,648,457  (6 ent/s, 358 triples/s, errors=82521)
  rows=558,439  triples=47,650,554  (6 ent/s, 358 triples/s, errors=82521)
  rows=558,474  triples=47,652,604  (6 ent/s, 358 triples/s, errors=82527)
  rows=558,504  triples=47,654,773  (6 ent/s, 358 triples/s, errors=82535)
  rows=558,547  triples=47,656,891  (6 ent/s, 358 triples/s, errors=82548)
  rows=558,586  triples=47,658,945  (6 ent/s, 358 triples/s, errors=82549)
  rows=558,621  triples=47,660,923  (6 ent/s, 358 triples/s, errors=82601)
  rows=558,656  triples=47,663,013  (6 ent/s, 358 triples/s, errors=82602)
  rows=558,698  triples=47,665,080  (6 ent/s, 358 triples/s, errors=82603)
  rows=558,744  triples=47,667,269  (6 ent/s, 358 triples/s, errors=82604)
  rows=558,789  triples=47,669,361  (6 ent/s, 358 triples/s, errors=82604)
  rows=558,829  triples=47,671,828  (6 ent/s, 358 triples/s, errors=82606)
  rows=558,872  triples=47,673,894  (6 ent/s, 358 triples/s, errors=82619)
  rows=558,918  triples=47,676,090  (6 ent/s, 358 triples/s, errors=82623)
  rows=558,959  triples=47,678,309  (6 ent/s, 358 triples/s, errors=82623)
  rows=559,001  triples=47,680,985  (6 ent/s, 358 triples/s, errors=82783)
  rows=559,040  triples=47,683,142  (6 ent/s, 358 triples/s, errors=82824)
  rows=559,078  triples=47,685,180  (6 ent/s, 358 triples/s, errors=82825)
  rows=559,111  triples=47,687,357  (6 ent/s, 358 triples/s, errors=82831)
  rows=559,151  triples=47,689,413  (6 ent/s, 358 triples/s, errors=82839)
  rows=559,185  triples=47,691,582  (6 ent/s, 358 triples/s, errors=82840)
  rows=559,215  triples=47,693,261  (6 ent/s, 358 triples/s, errors=82853)
  rows=559,268  triples=47,696,310  (6 ent/s, 358 triples/s, errors=82855)
  rows=559,308  triples=47,698,411  (6 ent/s, 358 triples/s, errors=82856)
  rows=559,348  triples=47,700,453  (6 ent/s, 358 triples/s, errors=82870)
  rows=559,384  triples=47,702,547  (6 ent/s, 358 triples/s, errors=82870)
  rows=559,419  triples=47,704,322  (6 ent/s, 358 triples/s, errors=82870)
  rows=559,454  triples=47,706,341  (6 ent/s, 358 triples/s, errors=82880)
  rows=559,490  triples=47,708,349  (6 ent/s, 358 triples/s, errors=82880)
  rows=559,534  triples=47,710,408  (6 ent/s, 358 triples/s, errors=82880)
  rows=559,577  triples=47,712,420  (6 ent/s, 358 triples/s, errors=82889)
  rows=559,615  triples=47,714,625  (6 ent/s, 358 triples/s, errors=82895)
  rows=559,643  triples=47,716,711  (6 ent/s, 358 triples/s, errors=82905)
  rows=559,674  triples=47,718,918  (6 ent/s, 358 triples/s, errors=82925)
  rows=559,707  triples=47,721,039  (6 ent/s, 358 triples/s, errors=82930)
  rows=559,741  triples=47,723,166  (6 ent/s, 358 triples/s, errors=82930)
  rows=559,773  triples=47,725,203  (6 ent/s, 358 triples/s, errors=82944)
  rows=559,815  triples=47,728,091  (6 ent/s, 358 triples/s, errors=82945)
  rows=559,847  triples=47,730,355  (6 ent/s, 358 triples/s, errors=82963)
  rows=559,883  triples=47,732,389  (6 ent/s, 358 triples/s, errors=82967)
  rows=559,913  triples=47,734,479  (6 ent/s, 358 triples/s, errors=82968)
  rows=559,945  triples=47,735,586  (6 ent/s, 358 triples/s, errors=82970)
  rows=559,964  triples=47,737,657  (6 ent/s, 358 triples/s, errors=82972)
  rows=560,000  triples=47,739,738  (6 ent/s, 358 triples/s, errors=82972)
  rows=560,033  triples=47,741,767  (6 ent/s, 358 triples/s, errors=82975)
  rows=560,077  triples=47,743,995  (6 ent/s, 358 triples/s, errors=82981)
  rows=560,114  triples=47,746,126  (6 ent/s, 358 triples/s, errors=82983)
  rows=560,149  triples=47,748,226  (6 ent/s, 358 triples/s, errors=82987)
  rows=560,186  triples=47,750,271  (6 ent/s, 358 triples/s, errors=82987)
  rows=560,215  triples=47,752,365  (6 ent/s, 358 triples/s, errors=82988)
  rows=560,257  triples=47,754,503  (6 ent/s, 358 triples/s, errors=83020)
  rows=560,299  triples=47,756,671  (6 ent/s, 358 triples/s, errors=83022)
  rows=560,349  triples=47,758,730  (6 ent/s, 358 triples/s, errors=83023)
  rows=560,384  triples=47,760,783  (6 ent/s, 358 triples/s, errors=83026)
  rows=560,421  triples=47,762,724  (6 ent/s, 358 triples/s, errors=83035)
  rows=560,457  triples=47,764,799  (6 ent/s, 358 triples/s, errors=83042)
  rows=560,479  triples=47,766,542  (6 ent/s, 358 triples/s, errors=83344)
  rows=560,519  triples=47,768,767  (6 ent/s, 358 triples/s, errors=83344)
  rows=560,562  triples=47,770,940  (6 ent/s, 358 triples/s, errors=83346)
  rows=560,600  triples=47,773,087  (6 ent/s, 358 triples/s, errors=83349)
  rows=560,629  triples=47,775,128  (6 ent/s, 358 triples/s, errors=83350)
  rows=560,665  triples=47,777,200  (6 ent/s, 358 triples/s, errors=83351)
  rows=560,714  triples=47,779,264  (6 ent/s, 358 triples/s, errors=83358)
  rows=560,759  triples=47,781,332  (6 ent/s, 358 triples/s, errors=83359)
  rows=560,794  triples=47,783,529  (6 ent/s, 358 triples/s, errors=83364)
  rows=560,815  triples=47,785,048  (6 ent/s, 358 triples/s, errors=83365)
  rows=560,852  triples=47,787,095  (6 ent/s, 358 triples/s, errors=83368)
  rows=560,892  triples=47,789,198  (6 ent/s, 358 triples/s, errors=83369)
  rows=560,929  triples=47,791,246  (6 ent/s, 358 triples/s, errors=83370)
  rows=560,970  triples=47,793,350  (6 ent/s, 358 triples/s, errors=83370)
  rows=561,001  triples=47,794,869  (6 ent/s, 358 triples/s, errors=83371)
  rows=561,040  triples=47,796,960  (6 ent/s, 358 triples/s, errors=83371)
  rows=561,072  triples=47,799,021  (6 ent/s, 358 triples/s, errors=83379)
  rows=561,107  triples=47,801,049  (6 ent/s, 358 triples/s, errors=83393)
  rows=561,153  triples=47,803,201  (6 ent/s, 358 triples/s, errors=83396)
  rows=561,194  triples=47,805,260  (6 ent/s, 358 triples/s, errors=83399)
  rows=561,229  triples=47,807,523  (6 ent/s, 358 triples/s, errors=83400)
  rows=561,262  triples=47,809,561  (6 ent/s, 358 triples/s, errors=83401)
  rows=561,305  triples=47,811,694  (6 ent/s, 358 triples/s, errors=83401)
  rows=561,340  triples=47,813,776  (6 ent/s, 358 triples/s, errors=83401)
  rows=561,371  triples=47,815,877  (6 ent/s, 358 triples/s, errors=83403)
  rows=561,401  triples=47,817,953  (6 ent/s, 358 triples/s, errors=83403)
  rows=561,435  triples=47,819,969  (6 ent/s, 358 triples/s, errors=83423)
  rows=561,471  triples=47,822,050  (6 ent/s, 358 triples/s, errors=83427)
  rows=561,508  triples=47,824,212  (6 ent/s, 358 triples/s, errors=83428)
  rows=561,556  triples=47,826,280  (6 ent/s, 358 triples/s, errors=83432)
  rows=561,598  triples=47,828,369  (6 ent/s, 358 triples/s, errors=83432)
  rows=561,637  triples=47,830,606  (6 ent/s, 358 triples/s, errors=83436)
  rows=561,668  triples=47,832,701  (6 ent/s, 358 triples/s, errors=83438)
  rows=561,701  triples=47,834,748  (6 ent/s, 358 triples/s, errors=83446)
  rows=561,735  triples=47,836,827  (6 ent/s, 358 triples/s, errors=83447)
  rows=561,763  triples=47,837,840  (6 ent/s, 358 triples/s, errors=83447)
  rows=561,787  triples=47,839,977  (6 ent/s, 358 triples/s, errors=83452)
  rows=561,821  triples=47,841,604  (6 ent/s, 358 triples/s, errors=83456)
  rows=561,865  triples=47,843,715  (6 ent/s, 358 triples/s, errors=83460)
  rows=561,897  triples=47,845,730  (6 ent/s, 358 triples/s, errors=83478)
  rows=561,939  triples=47,847,788  (6 ent/s, 358 triples/s, errors=83479)
  rows=561,977  triples=47,849,868  (6 ent/s, 358 triples/s, errors=83480)
  rows=562,001  triples=47,851,242  (6 ent/s, 358 triples/s, errors=83480)
  rows=562,042  triples=47,853,264  (6 ent/s, 358 triples/s, errors=83483)
  rows=562,086  triples=47,855,407  (6 ent/s, 358 triples/s, errors=83488)
  rows=562,128  triples=47,857,518  (6 ent/s, 358 triples/s, errors=83496)
  rows=562,168  triples=47,859,670  (6 ent/s, 358 triples/s, errors=83509)
  rows=562,194  triples=47,861,730  (6 ent/s, 358 triples/s, errors=83524)
  rows=562,218  triples=47,863,139  (6 ent/s, 358 triples/s, errors=83539)
  rows=562,248  triples=47,865,169  (6 ent/s, 358 triples/s, errors=83543)
  rows=562,282  triples=47,867,274  (6 ent/s, 358 triples/s, errors=83545)
  rows=562,307  triples=47,869,342  (6 ent/s, 358 triples/s, errors=83550)
  rows=562,338  triples=47,871,437  (6 ent/s, 358 triples/s, errors=83563)
  rows=562,364  triples=47,873,721  (6 ent/s, 358 triples/s, errors=83563)
  rows=562,392  triples=47,876,026  (6 ent/s, 358 triples/s, errors=83564)
  rows=562,415  triples=47,877,533  (6 ent/s, 358 triples/s, errors=83565)
  rows=562,454  triples=47,879,720  (6 ent/s, 358 triples/s, errors=83580)
  rows=562,484  triples=47,881,769  (6 ent/s, 358 triples/s, errors=83581)
  rows=562,515  triples=47,883,809  (6 ent/s, 358 triples/s, errors=83581)
  rows=562,547  triples=47,885,899  (6 ent/s, 358 triples/s, errors=83593)
  rows=562,581  triples=47,888,008  (6 ent/s, 358 triples/s, errors=83601)
  rows=562,617  triples=47,890,058  (6 ent/s, 358 triples/s, errors=83602)
  rows=562,657  triples=47,892,280  (6 ent/s, 358 triples/s, errors=83603)
  rows=562,683  triples=47,894,568  (6 ent/s, 358 triples/s, errors=83611)
  rows=562,704  triples=47,896,624  (6 ent/s, 358 triples/s, errors=83618)
  rows=562,737  triples=47,898,814  (6 ent/s, 358 triples/s, errors=83635)
  rows=562,775  triples=47,900,884  (6 ent/s, 358 triples/s, errors=83636)
  rows=562,813  triples=47,902,834  (6 ent/s, 358 triples/s, errors=83646)
  rows=562,845  triples=47,904,846  (6 ent/s, 358 triples/s, errors=83654)
  rows=562,884  triples=47,906,931  (6 ent/s, 358 triples/s, errors=83654)
  rows=562,915  triples=47,909,090  (6 ent/s, 358 triples/s, errors=83655)
  rows=562,948  triples=47,911,124  (6 ent/s, 358 triples/s, errors=83656)
  rows=562,986  triples=47,913,215  (6 ent/s, 358 triples/s, errors=83659)
  rows=563,017  triples=47,915,093  (6 ent/s, 358 triples/s, errors=83661)
  rows=563,053  triples=47,917,164  (6 ent/s, 358 triples/s, errors=83662)
  rows=563,096  triples=47,919,353  (6 ent/s, 358 triples/s, errors=83664)
  rows=563,141  triples=47,921,381  (6 ent/s, 358 triples/s, errors=83667)
  rows=563,182  triples=47,923,450  (6 ent/s, 358 triples/s, errors=83673)
  rows=563,213  triples=47,925,512  (6 ent/s, 358 triples/s, errors=83676)
  rows=563,243  triples=47,927,817  (6 ent/s, 358 triples/s, errors=83691)
  rows=563,273  triples=47,929,913  (6 ent/s, 358 triples/s, errors=83704)
  rows=563,304  triples=47,932,007  (6 ent/s, 358 triples/s, errors=83705)
  rows=563,353  triples=47,934,033  (6 ent/s, 358 triples/s, errors=83707)
  rows=563,381  triples=47,935,976  (6 ent/s, 358 triples/s, errors=83897)
  rows=563,402  triples=47,937,373  (6 ent/s, 358 triples/s, errors=83899)
  rows=563,424  triples=47,939,469  (6 ent/s, 358 triples/s, errors=83910)
  rows=563,457  triples=47,941,591  (6 ent/s, 358 triples/s, errors=83910)
  rows=563,486  triples=47,943,787  (6 ent/s, 358 triples/s, errors=83915)
  rows=563,531  triples=47,945,886  (6 ent/s, 358 triples/s, errors=83917)
  rows=563,563  triples=47,947,950  (6 ent/s, 358 triples/s, errors=83933)
  rows=563,581  triples=47,948,953  (6 ent/s, 358 triples/s, errors=83935)
  rows=563,615  triples=47,950,874  (6 ent/s, 358 triples/s, errors=83935)
  rows=563,651  triples=47,952,920  (6 ent/s, 358 triples/s, errors=83949)
  rows=563,679  triples=47,955,075  (6 ent/s, 358 triples/s, errors=83955)
  rows=563,717  triples=47,957,123  (6 ent/s, 358 triples/s, errors=83957)
  rows=563,744  triples=47,959,239  (6 ent/s, 358 triples/s, errors=83965)
  rows=563,768  triples=47,961,292  (6 ent/s, 358 triples/s, errors=83974)
  rows=563,801  triples=47,962,940  (6 ent/s, 358 triples/s, errors=83980)
  rows=563,829  triples=47,965,025  (6 ent/s, 358 triples/s, errors=83982)
  rows=563,853  triples=47,967,064  (6 ent/s, 358 triples/s, errors=83986)
  rows=563,889  triples=47,969,200  (6 ent/s, 358 triples/s, errors=83987)
  rows=563,920  triples=47,971,674  (6 ent/s, 358 triples/s, errors=83990)
  rows=563,958  triples=47,973,815  (6 ent/s, 358 triples/s, errors=83991)
  rows=563,991  triples=47,975,842  (6 ent/s, 358 triples/s, errors=83994)
  rows=564,021  triples=47,977,472  (6 ent/s, 358 triples/s, errors=83998)
  rows=564,070  triples=47,979,654  (6 ent/s, 358 triples/s, errors=84000)
  rows=564,118  triples=47,981,710  (6 ent/s, 358 triples/s, errors=84006)
  rows=564,154  triples=47,983,825  (6 ent/s, 358 triples/s, errors=84006)
  rows=564,197  triples=47,985,844  (6 ent/s, 358 triples/s, errors=84008)
  rows=564,242  triples=47,988,088  (6 ent/s, 358 triples/s, errors=84014)
  rows=564,288  triples=47,990,195  (6 ent/s, 358 triples/s, errors=84023)
  rows=564,328  triples=47,992,317  (6 ent/s, 358 triples/s, errors=84023)
  rows=564,360  triples=47,994,471  (6 ent/s, 358 triples/s, errors=84023)
  rows=564,393  triples=47,996,518  (6 ent/s, 358 triples/s, errors=84024)
  rows=564,425  triples=47,997,765  (6 ent/s, 358 triples/s, errors=84025)
  rows=564,467  triples=47,999,843  (6 ent/s, 358 triples/s, errors=84045)
  rows=564,502  triples=48,001,909  (6 ent/s, 358 triples/s, errors=84050)
  rows=564,537  triples=48,003,912  (6 ent/s, 358 triples/s, errors=84059)
  rows=564,566  triples=48,006,125  (6 ent/s, 358 triples/s, errors=84066)
  rows=564,589  triples=48,008,152  (6 ent/s, 358 triples/s, errors=84067)
  rows=564,618  triples=48,010,221  (6 ent/s, 358 triples/s, errors=84068)
  rows=564,647  triples=48,012,418  (6 ent/s, 358 triples/s, errors=84075)
  rows=564,676  triples=48,014,494  (6 ent/s, 358 triples/s, errors=84079)
  rows=564,704  triples=48,016,544  (6 ent/s, 358 triples/s, errors=84082)
  rows=564,733  triples=48,018,615  (6 ent/s, 358 triples/s, errors=84224)
  rows=564,768  triples=48,020,619  (6 ent/s, 358 triples/s, errors=84248)
  rows=564,801  triples=48,022,205  (6 ent/s, 358 triples/s, errors=84257)
  rows=564,836  triples=48,024,224  (6 ent/s, 358 triples/s, errors=84262)
  rows=564,872  triples=48,026,446  (6 ent/s, 358 triples/s, errors=84264)
  rows=564,907  triples=48,028,508  (6 ent/s, 358 triples/s, errors=84275)
  rows=564,941  triples=48,030,627  (6 ent/s, 358 triples/s, errors=84277)
  rows=564,976  triples=48,032,704  (6 ent/s, 358 triples/s, errors=84294)
  rows=565,013  triples=48,034,828  (6 ent/s, 358 triples/s, errors=84294)
  rows=565,047  triples=48,036,859  (6 ent/s, 358 triples/s, errors=84304)
  rows=565,084  triples=48,038,961  (6 ent/s, 358 triples/s, errors=84314)
  rows=565,125  triples=48,041,114  (6 ent/s, 358 triples/s, errors=84321)
  rows=565,161  triples=48,043,216  (6 ent/s, 358 triples/s, errors=84329)
  rows=565,201  triples=48,044,969  (6 ent/s, 358 triples/s, errors=84331)
  rows=565,236  triples=48,047,127  (6 ent/s, 358 triples/s, errors=84333)
  rows=565,275  triples=48,049,208  (6 ent/s, 358 triples/s, errors=84336)
  rows=565,306  triples=48,051,228  (6 ent/s, 358 triples/s, errors=84360)
  rows=565,345  triples=48,053,401  (6 ent/s, 358 triples/s, errors=84360)
  rows=565,386  triples=48,055,508  (6 ent/s, 358 triples/s, errors=84367)
  rows=565,399  triples=48,055,508  (6 ent/s, 358 triples/s, errors=84367)
  rows=565,415  triples=48,057,267  (6 ent/s, 358 triples/s, errors=84367)
  rows=565,453  triples=48,059,310  (6 ent/s, 358 triples/s, errors=84367)
  rows=565,488  triples=48,061,604  (6 ent/s, 358 triples/s, errors=84371)
  rows=565,524  triples=48,063,689  (6 ent/s, 358 triples/s, errors=84378)
  rows=565,559  triples=48,065,842  (6 ent/s, 358 triples/s, errors=84383)
  rows=565,590  triples=48,067,849  (6 ent/s, 358 triples/s, errors=84404)
  rows=565,620  triples=48,069,273  (6 ent/s, 358 triples/s, errors=84408)
  rows=565,656  triples=48,071,332  (6 ent/s, 358 triples/s, errors=84414)
  rows=565,687  triples=48,073,411  (6 ent/s, 358 triples/s, errors=84422)
  rows=565,715  triples=48,075,586  (6 ent/s, 358 triples/s, errors=84433)
  rows=565,749  triples=48,077,809  (6 ent/s, 358 triples/s, errors=84438)
  rows=565,785  triples=48,079,875  (6 ent/s, 358 triples/s, errors=84454)
  rows=565,820  triples=48,081,726  (6 ent/s, 358 triples/s, errors=84461)
  rows=565,849  triples=48,083,821  (6 ent/s, 358 triples/s, errors=84469)
  rows=565,884  triples=48,085,887  (6 ent/s, 358 triples/s, errors=84475)
  rows=565,918  triples=48,087,887  (6 ent/s, 358 triples/s, errors=84526)
  rows=565,945  triples=48,089,954  (6 ent/s, 358 triples/s, errors=84531)
  rows=565,972  triples=48,092,206  (6 ent/s, 358 triples/s, errors=84542)
  rows=565,999  triples=48,094,339  (6 ent/s, 358 triples/s, errors=84563)
  rows=566,031  triples=48,096,424  (6 ent/s, 358 triples/s, errors=84565)
  rows=566,060  triples=48,098,582  (6 ent/s, 358 triples/s, errors=84575)
  rows=566,096  triples=48,100,659  (6 ent/s, 358 triples/s, errors=84586)
  rows=566,125  triples=48,102,743  (6 ent/s, 358 triples/s, errors=84597)
  rows=566,154  triples=48,104,899  (6 ent/s, 358 triples/s, errors=84604)
  rows=566,184  triples=48,106,938  (6 ent/s, 358 triples/s, errors=84616)
  rows=566,215  triples=48,109,315  (6 ent/s, 358 triples/s, errors=84618)
  rows=566,243  triples=48,111,496  (6 ent/s, 358 triples/s, errors=84620)
  rows=566,273  triples=48,113,528  (6 ent/s, 358 triples/s, errors=84630)
  rows=566,306  triples=48,115,639  (6 ent/s, 358 triples/s, errors=84633)
  rows=566,338  triples=48,117,698  (6 ent/s, 358 triples/s, errors=84649)
  rows=566,369  triples=48,119,790  (6 ent/s, 358 triples/s, errors=84673)
  rows=566,401  triples=48,121,572  (6 ent/s, 358 triples/s, errors=84683)
  rows=566,440  triples=48,123,622  (6 ent/s, 358 triples/s, errors=84694)
  rows=566,481  triples=48,125,648  (6 ent/s, 358 triples/s, errors=84702)
  rows=566,518  triples=48,127,679  (6 ent/s, 358 triples/s, errors=84704)
  rows=566,559  triples=48,129,717  (6 ent/s, 358 triples/s, errors=84709)
  rows=566,591  triples=48,131,782  (6 ent/s, 358 triples/s, errors=84714)
  rows=566,617  triples=48,133,572  (6 ent/s, 358 triples/s, errors=84717)
  rows=566,656  triples=48,135,601  (6 ent/s, 358 triples/s, errors=84717)
  rows=566,693  triples=48,137,616  (6 ent/s, 358 triples/s, errors=84731)
  rows=566,729  triples=48,139,788  (6 ent/s, 358 triples/s, errors=84735)
  rows=566,776  triples=48,141,905  (6 ent/s, 358 triples/s, errors=84742)
  rows=566,801  triples=48,143,306  (6 ent/s, 358 triples/s, errors=84742)
  rows=566,832  triples=48,145,341  (6 ent/s, 358 triples/s, errors=84751)
  rows=566,868  triples=48,147,457  (6 ent/s, 358 triples/s, errors=84752)
  rows=566,893  triples=48,149,668  (6 ent/s, 358 triples/s, errors=84764)
  rows=566,927  triples=48,151,750  (6 ent/s, 358 triples/s, errors=84769)
  rows=566,968  triples=48,153,857  (6 ent/s, 358 triples/s, errors=84774)
  rows=567,001  triples=48,155,735  (6 ent/s, 358 triples/s, errors=84787)
  rows=567,038  triples=48,157,815  (6 ent/s, 358 triples/s, errors=84797)
  rows=567,080  triples=48,159,881  (6 ent/s, 358 triples/s, errors=84806)
  rows=567,125  triples=48,161,976  (6 ent/s, 358 triples/s, errors=84809)
  rows=567,165  triples=48,164,087  (6 ent/s, 358 triples/s, errors=84809)
  rows=567,201  triples=48,165,862  (6 ent/s, 358 triples/s, errors=84813)
  rows=567,217  triples=48,165,862  (6 ent/s, 358 triples/s, errors=84813)
  rows=567,237  triples=48,167,926  (6 ent/s, 358 triples/s, errors=84860)
  rows=567,259  triples=48,168,967  (6 ent/s, 358 triples/s, errors=84862)
  rows=567,283  triples=48,170,045  (6 ent/s, 358 triples/s, errors=84866)
  rows=567,332  triples=48,172,109  (6 ent/s, 358 triples/s, errors=84875)
  rows=567,368  triples=48,174,203  (6 ent/s, 358 triples/s, errors=84883)
  rows=567,401  triples=48,175,792  (6 ent/s, 358 triples/s, errors=84886)
  rows=567,432  triples=48,177,908  (6 ent/s, 358 triples/s, errors=84897)
  rows=567,474  triples=48,179,955  (6 ent/s, 358 triples/s, errors=84897)
  rows=567,500  triples=48,182,005  (6 ent/s, 358 triples/s, errors=84904)
  rows=567,540  triples=48,184,144  (6 ent/s, 358 triples/s, errors=84904)
  rows=567,570  triples=48,186,280  (6 ent/s, 358 triples/s, errors=84908)
  rows=567,601  triples=48,188,170  (6 ent/s, 358 triples/s, errors=84911)
  rows=567,642  triples=48,190,213  (6 ent/s, 358 triples/s, errors=84918)
  rows=567,676  triples=48,192,353  (6 ent/s, 358 triples/s, errors=84930)
  rows=567,710  triples=48,194,425  (6 ent/s, 358 triples/s, errors=84938)
  rows=567,744  triples=48,196,519  (6 ent/s, 358 triples/s, errors=84943)
  rows=567,779  triples=48,198,590  (6 ent/s, 358 triples/s, errors=84961)
  rows=567,822  triples=48,200,969  (6 ent/s, 358 triples/s, errors=84988)
  rows=567,867  triples=48,203,046  (6 ent/s, 358 triples/s, errors=84990)
  rows=567,913  triples=48,205,166  (6 ent/s, 358 triples/s, errors=84991)
  rows=567,949  triples=48,207,206  (6 ent/s, 358 triples/s, errors=84991)
  rows=567,983  triples=48,209,245  (6 ent/s, 358 triples/s, errors=84995)
  rows=568,001  triples=48,210,384  (6 ent/s, 358 triples/s, errors=85001)
  rows=568,032  triples=48,212,413  (6 ent/s, 358 triples/s, errors=85007)
  rows=568,060  triples=48,214,465  (6 ent/s, 358 triples/s, errors=85017)
  rows=568,105  triples=48,216,620  (6 ent/s, 358 triples/s, errors=85022)
  rows=568,134  triples=48,218,713  (6 ent/s, 358 triples/s, errors=85022)
  rows=568,172  triples=48,220,839  (6 ent/s, 358 triples/s, errors=85027)
  rows=568,221  triples=48,223,268  (6 ent/s, 358 triples/s, errors=85029)
  rows=568,260  triples=48,225,340  (6 ent/s, 358 triples/s, errors=85037)
  rows=568,288  triples=48,227,458  (6 ent/s, 358 triples/s, errors=85039)
  rows=568,323  triples=48,229,682  (6 ent/s, 358 triples/s, errors=85040)
  rows=568,356  triples=48,231,757  (6 ent/s, 358 triples/s, errors=85044)
  rows=568,386  triples=48,233,779  (6 ent/s, 358 triples/s, errors=85048)
  rows=568,418  triples=48,235,573  (6 ent/s, 358 triples/s, errors=85051)
  rows=568,456  triples=48,237,667  (6 ent/s, 358 triples/s, errors=85051)
  rows=568,493  triples=48,239,758  (6 ent/s, 358 triples/s, errors=85055)
  rows=568,526  triples=48,241,819  (6 ent/s, 358 triples/s, errors=85064)
  rows=568,568  triples=48,243,843  (6 ent/s, 358 triples/s, errors=85075)
  rows=568,600  triples=48,245,966  (6 ent/s, 358 triples/s, errors=85075)
  rows=568,636  triples=48,248,130  (6 ent/s, 358 triples/s, errors=85077)
  rows=568,672  triples=48,250,181  (6 ent/s, 358 triples/s, errors=85081)
  rows=568,711  triples=48,252,351  (6 ent/s, 358 triples/s, errors=85087)
  rows=568,745  triples=48,254,433  (6 ent/s, 358 triples/s, errors=85091)
  rows=568,780  triples=48,256,546  (6 ent/s, 358 triples/s, errors=85094)
  rows=568,821  triples=48,258,795  (6 ent/s, 358 triples/s, errors=85098)
  rows=568,852  triples=48,261,016  (6 ent/s, 358 triples/s, errors=85136)
  rows=568,887  triples=48,263,173  (6 ent/s, 358 triples/s, errors=85140)
  rows=568,923  triples=48,265,309  (6 ent/s, 358 triples/s, errors=85142)
  rows=568,961  triples=48,267,371  (6 ent/s, 358 triples/s, errors=85142)
  rows=569,001  triples=48,269,388  (6 ent/s, 358 triples/s, errors=85142)
  rows=569,035  triples=48,270,466  (6 ent/s, 358 triples/s, errors=85143)
  rows=569,061  triples=48,272,550  (6 ent/s, 358 triples/s, errors=85155)
  rows=569,094  triples=48,274,653  (6 ent/s, 358 triples/s, errors=85157)
  rows=569,133  triples=48,276,692  (6 ent/s, 358 triples/s, errors=85172)
  rows=569,170  triples=48,278,759  (6 ent/s, 358 triples/s, errors=85173)
  rows=569,200  triples=48,280,788  (6 ent/s, 358 triples/s, errors=85178)
  rows=569,230  triples=48,282,801  (6 ent/s, 358 triples/s, errors=85219)
  rows=569,272  triples=48,284,903  (6 ent/s, 358 triples/s, errors=85229)
  rows=569,309  triples=48,286,970  (6 ent/s, 358 triples/s, errors=85231)
  rows=569,343  triples=48,289,082  (6 ent/s, 358 triples/s, errors=85235)
  rows=569,377  triples=48,291,207  (6 ent/s, 358 triples/s, errors=85236)
  rows=569,417  triples=48,293,834  (6 ent/s, 358 triples/s, errors=85237)
  rows=569,449  triples=48,296,160  (6 ent/s, 358 triples/s, errors=85258)
  rows=569,481  triples=48,298,234  (6 ent/s, 358 triples/s, errors=85264)
  rows=569,522  triples=48,300,261  (6 ent/s, 358 triples/s, errors=85279)
  rows=569,554  triples=48,302,412  (6 ent/s, 358 triples/s, errors=85283)
  rows=569,588  triples=48,304,531  (6 ent/s, 358 triples/s, errors=85299)
  rows=569,615  triples=48,306,419  (6 ent/s, 358 triples/s, errors=85299)
  rows=569,651  triples=48,308,525  (6 ent/s, 358 triples/s, errors=85304)
  rows=569,692  triples=48,310,632  (6 ent/s, 358 triples/s, errors=85306)
  rows=569,730  triples=48,312,738  (6 ent/s, 358 triples/s, errors=85309)
  rows=569,769  triples=48,314,853  (6 ent/s, 358 triples/s, errors=85313)
  rows=569,801  triples=48,316,648  (6 ent/s, 358 triples/s, errors=85321)
  rows=569,834  triples=48,318,713  (6 ent/s, 358 triples/s, errors=85325)
  rows=569,873  triples=48,320,934  (6 ent/s, 358 triples/s, errors=85341)
  rows=569,907  triples=48,322,948  (6 ent/s, 358 triples/s, errors=85346)
  rows=569,947  triples=48,325,015  (6 ent/s, 358 triples/s, errors=85349)
  rows=569,990  triples=48,327,113  (6 ent/s, 358 triples/s, errors=85362)
  rows=570,026  triples=48,328,522  (6 ent/s, 358 triples/s, errors=85363)
  rows=570,057  triples=48,330,578  (6 ent/s, 358 triples/s, errors=85367)
  rows=570,092  triples=48,332,662  (6 ent/s, 358 triples/s, errors=85367)
  rows=570,129  triples=48,334,874  (6 ent/s, 358 triples/s, errors=85370)
  rows=570,170  triples=48,336,870  (6 ent/s, 358 triples/s, errors=85384)
  rows=570,215  triples=48,339,089  (6 ent/s, 358 triples/s, errors=85385)
  rows=570,256  triples=48,341,109  (6 ent/s, 358 triples/s, errors=85389)
  rows=570,304  triples=48,343,244  (6 ent/s, 358 triples/s, errors=85395)
  rows=570,336  triples=48,345,264  (6 ent/s, 358 triples/s, errors=85412)
  rows=570,369  triples=48,347,318  (6 ent/s, 358 triples/s, errors=85412)
  rows=570,401  triples=48,349,239  (6 ent/s, 358 triples/s, errors=85420)
  rows=570,425  triples=48,351,339  (6 ent/s, 358 triples/s, errors=85420)
  rows=570,465  triples=48,353,449  (6 ent/s, 358 triples/s, errors=85437)
  rows=570,498  triples=48,355,578  (6 ent/s, 358 triples/s, errors=85440)
  rows=570,526  triples=48,357,628  (6 ent/s, 358 triples/s, errors=85444)
  rows=570,574  triples=48,359,706  (6 ent/s, 358 triples/s, errors=85446)
  rows=570,619  triples=48,361,896  (6 ent/s, 358 triples/s, errors=85447)
  rows=570,653  triples=48,363,960  (6 ent/s, 358 triples/s, errors=85452)
  rows=570,683  triples=48,366,043  (6 ent/s, 358 triples/s, errors=85461)
  rows=570,724  triples=48,368,098  (6 ent/s, 358 triples/s, errors=85465)
  rows=570,762  triples=48,370,126  (6 ent/s, 358 triples/s, errors=85465)
  rows=570,798  triples=48,372,183  (6 ent/s, 358 triples/s, errors=85467)
  rows=570,830  triples=48,374,468  (6 ent/s, 358 triples/s, errors=85476)
  rows=570,853  triples=48,375,473  (6 ent/s, 358 triples/s, errors=85477)
  rows=570,877  triples=48,377,523  (6 ent/s, 358 triples/s, errors=85480)
  rows=570,914  triples=48,379,569  (6 ent/s, 358 triples/s, errors=85482)
  rows=570,956  triples=48,381,712  (6 ent/s, 358 triples/s, errors=85483)
  rows=570,992  triples=48,383,832  (6 ent/s, 358 triples/s, errors=85490)
  rows=571,018  triples=48,385,790  (6 ent/s, 358 triples/s, errors=85506)
  rows=571,064  triples=48,387,833  (6 ent/s, 358 triples/s, errors=85508)
  rows=571,098  triples=48,390,154  (6 ent/s, 358 triples/s, errors=85510)
  rows=571,133  triples=48,392,176  (6 ent/s, 358 triples/s, errors=85512)
  rows=571,160  triples=48,394,275  (6 ent/s, 358 triples/s, errors=85515)
  rows=571,201  triples=48,396,020  (6 ent/s, 358 triples/s, errors=85521)
  rows=571,249  triples=48,398,109  (6 ent/s, 358 triples/s, errors=85537)
  rows=571,288  triples=48,400,112  (6 ent/s, 358 triples/s, errors=85544)
  rows=571,321  triples=48,402,251  (6 ent/s, 358 triples/s, errors=85565)
  rows=571,358  triples=48,404,304  (6 ent/s, 358 triples/s, errors=85570)
  rows=571,396  triples=48,406,403  (6 ent/s, 358 triples/s, errors=85574)
  rows=571,418  triples=48,407,757  (6 ent/s, 358 triples/s, errors=85587)
  rows=571,458  triples=48,409,796  (6 ent/s, 358 triples/s, errors=85589)
  rows=571,500  triples=48,411,876  (6 ent/s, 358 triples/s, errors=85589)
  rows=571,536  triples=48,413,958  (6 ent/s, 358 triples/s, errors=85591)
  rows=571,565  triples=48,416,026  (6 ent/s, 358 triples/s, errors=85599)
  rows=571,600  triples=48,418,071  (6 ent/s, 358 triples/s, errors=85600)
  rows=571,636  triples=48,420,167  (6 ent/s, 358 triples/s, errors=85602)
  rows=571,667  triples=48,422,209  (6 ent/s, 358 triples/s, errors=85602)
  rows=571,702  triples=48,424,277  (6 ent/s, 358 triples/s, errors=85611)
  rows=571,742  triples=48,426,667  (6 ent/s, 358 triples/s, errors=85612)
  rows=571,783  triples=48,428,783  (6 ent/s, 358 triples/s, errors=85629)
  rows=571,819  triples=48,430,527  (6 ent/s, 358 triples/s, errors=85629)
  rows=571,870  triples=48,432,646  (6 ent/s, 358 triples/s, errors=85629)
  rows=571,905  triples=48,434,771  (6 ent/s, 358 triples/s, errors=85630)
  rows=571,947  triples=48,436,892  (6 ent/s, 358 triples/s, errors=85630)
  rows=571,988  triples=48,439,203  (6 ent/s, 358 triples/s, errors=85634)
  rows=572,037  triples=48,441,572  (6 ent/s, 358 triples/s, errors=85677)
  rows=572,068  triples=48,443,833  (6 ent/s, 358 triples/s, errors=85677)
  rows=572,100  triples=48,445,919  (6 ent/s, 358 triples/s, errors=85681)
  rows=572,139  triples=48,448,022  (6 ent/s, 358 triples/s, errors=85681)
  rows=572,179  triples=48,450,110  (6 ent/s, 358 triples/s, errors=85682)
  rows=572,214  triples=48,452,647  (6 ent/s, 358 triples/s, errors=85684)
  rows=572,259  triples=48,454,704  (6 ent/s, 358 triples/s, errors=85689)
  rows=572,300  triples=48,456,726  (6 ent/s, 358 triples/s, errors=85691)
  rows=572,336  triples=48,458,745  (6 ent/s, 358 triples/s, errors=85708)
  rows=572,381  triples=48,460,832  (6 ent/s, 358 triples/s, errors=85719)
  rows=572,424  triples=48,462,571  (6 ent/s, 358 triples/s, errors=85720)
  rows=572,463  triples=48,464,617  (6 ent/s, 358 triples/s, errors=85720)
  rows=572,503  triples=48,466,686  (6 ent/s, 358 triples/s, errors=85723)
  rows=572,546  triples=48,468,715  (6 ent/s, 358 triples/s, errors=85723)
  rows=572,590  triples=48,470,737  (6 ent/s, 358 triples/s, errors=85724)
  rows=572,626  triples=48,472,336  (6 ent/s, 358 triples/s, errors=85741)
  rows=572,671  triples=48,474,580  (6 ent/s, 358 triples/s, errors=85752)
  rows=572,701  triples=48,476,586  (6 ent/s, 358 triples/s, errors=85782)
  rows=572,736  triples=48,478,673  (6 ent/s, 358 triples/s, errors=85783)
  rows=572,767  triples=48,480,785  (6 ent/s, 358 triples/s, errors=85807)
  rows=572,795  triples=48,483,079  (6 ent/s, 358 triples/s, errors=85815)
  rows=572,829  triples=48,484,532  (6 ent/s, 358 triples/s, errors=85816)
  rows=572,858  triples=48,486,581  (6 ent/s, 358 triples/s, errors=85830)
  rows=572,896  triples=48,488,619  (6 ent/s, 358 triples/s, errors=85830)
  rows=572,931  triples=48,490,757  (6 ent/s, 358 triples/s, errors=85838)
  rows=572,970  triples=48,492,802  (6 ent/s, 358 triples/s, errors=85843)
  rows=572,998  triples=48,494,874  (6 ent/s, 358 triples/s, errors=85874)
  rows=573,040  triples=48,497,041  (6 ent/s, 358 triples/s, errors=85882)
  rows=573,085  triples=48,499,098  (6 ent/s, 358 triples/s, errors=85890)
  rows=573,143  triples=48,501,097  (6 ent/s, 358 triples/s, errors=85899)
  rows=573,184  triples=48,503,223  (6 ent/s, 358 triples/s, errors=85899)
  rows=573,218  triples=48,505,268  (6 ent/s, 358 triples/s, errors=85901)
  rows=573,248  triples=48,507,311  (6 ent/s, 358 triples/s, errors=85909)
  rows=573,277  triples=48,509,487  (6 ent/s, 358 triples/s, errors=85910)
  rows=573,310  triples=48,511,606  (6 ent/s, 358 triples/s, errors=85914)
  rows=573,361  triples=48,513,697  (6 ent/s, 358 triples/s, errors=85914)
  rows=573,400  triples=48,515,824  (6 ent/s, 358 triples/s, errors=85916)
  rows=573,431  triples=48,517,949  (6 ent/s, 358 triples/s, errors=85920)
  rows=573,473  triples=48,520,007  (6 ent/s, 358 triples/s, errors=85933)
  rows=573,524  triples=48,522,087  (6 ent/s, 358 triples/s, errors=85943)
  rows=573,567  triples=48,524,145  (6 ent/s, 358 triples/s, errors=85951)
  rows=573,601  triples=48,525,925  (6 ent/s, 358 triples/s, errors=85958)
  rows=573,637  triples=48,528,024  (6 ent/s, 358 triples/s, errors=85958)
  rows=573,680  triples=48,530,171  (6 ent/s, 358 triples/s, errors=85968)
  rows=573,722  triples=48,532,400  (6 ent/s, 358 triples/s, errors=85970)
  rows=573,763  triples=48,534,424  (6 ent/s, 358 triples/s, errors=85972)
  rows=573,801  triples=48,536,028  (6 ent/s, 358 triples/s, errors=85979)
  rows=573,846  triples=48,538,070  (6 ent/s, 358 triples/s, errors=85985)
  rows=573,885  triples=48,540,140  (6 ent/s, 358 triples/s, errors=85988)
  rows=573,928  triples=48,542,168  (6 ent/s, 358 triples/s, errors=85994)
  rows=573,956  triples=48,544,262  (6 ent/s, 358 triples/s, errors=85995)
  rows=573,992  triples=48,546,306  (6 ent/s, 358 triples/s, errors=85999)
  rows=574,029  triples=48,548,594  (6 ent/s, 358 triples/s, errors=85999)
  rows=574,068  triples=48,550,694  (6 ent/s, 358 triples/s, errors=86000)
  rows=574,108  triples=48,552,983  (6 ent/s, 358 triples/s, errors=86000)
  rows=574,153  triples=48,555,744  (6 ent/s, 358 triples/s, errors=86006)
  rows=574,196  triples=48,557,775  (6 ent/s, 358 triples/s, errors=86006)
  rows=574,231  triples=48,558,910  (6 ent/s, 358 triples/s, errors=86006)
  rows=574,273  triples=48,561,259  (6 ent/s, 358 triples/s, errors=86010)
  rows=574,313  triples=48,563,294  (6 ent/s, 358 triples/s, errors=86010)
  rows=574,349  triples=48,565,353  (6 ent/s, 358 triples/s, errors=86010)
  rows=574,401  triples=48,567,374  (6 ent/s, 358 triples/s, errors=86011)
  rows=574,438  triples=48,569,397  (6 ent/s, 358 triples/s, errors=86012)
  rows=574,478  triples=48,571,443  (6 ent/s, 358 triples/s, errors=86017)
  rows=574,489  triples=48,571,443  (6 ent/s, 358 triples/s, errors=86017)
  rows=574,511  triples=48,573,548  (6 ent/s, 358 triples/s, errors=86019)
  rows=574,560  triples=48,575,617  (6 ent/s, 358 triples/s, errors=86019)
  rows=574,601  triples=48,577,356  (6 ent/s, 358 triples/s, errors=86023)
  rows=574,645  triples=48,579,400  (6 ent/s, 358 triples/s, errors=86024)
  rows=574,683  triples=48,581,400  (6 ent/s, 358 triples/s, errors=86033)
  rows=574,725  triples=48,583,478  (6 ent/s, 358 triples/s, errors=86036)
  rows=574,766  triples=48,585,579  (6 ent/s, 358 triples/s, errors=86040)
  rows=574,801  triples=48,587,431  (6 ent/s, 358 triples/s, errors=86041)
  rows=574,840  triples=48,589,554  (6 ent/s, 358 triples/s, errors=86041)
  rows=574,882  triples=48,591,618  (6 ent/s, 358 triples/s, errors=86042)
  rows=574,942  triples=48,593,709  (6 ent/s, 358 triples/s, errors=86046)
  rows=574,976  triples=48,595,743  (6 ent/s, 358 triples/s, errors=86046)
  rows=575,017  triples=48,598,452  (6 ent/s, 358 triples/s, errors=86048)
  rows=575,065  triples=48,600,462  (6 ent/s, 358 triples/s, errors=86054)
  rows=575,103  triples=48,602,644  (6 ent/s, 358 triples/s, errors=86059)
  rows=575,149  triples=48,604,667  (6 ent/s, 358 triples/s, errors=86062)
  rows=575,184  triples=48,606,955  (6 ent/s, 358 triples/s, errors=86065)
  rows=575,214  triples=48,608,807  (6 ent/s, 358 triples/s, errors=86066)
  rows=575,256  triples=48,610,902  (6 ent/s, 358 triples/s, errors=86072)
  rows=575,298  triples=48,612,932  (6 ent/s, 358 triples/s, errors=86077)
  rows=575,351  triples=48,615,221  (6 ent/s, 358 triples/s, errors=86081)
  rows=575,381  triples=48,617,263  (6 ent/s, 358 triples/s, errors=86081)
  rows=575,417  triples=48,619,114  (6 ent/s, 358 triples/s, errors=86082)
  rows=575,448  triples=48,621,325  (6 ent/s, 358 triples/s, errors=86087)
  rows=575,488  triples=48,623,549  (6 ent/s, 358 triples/s, errors=86091)
  rows=575,541  triples=48,625,569  (6 ent/s, 358 triples/s, errors=86096)
  rows=575,567  triples=48,627,778  (6 ent/s, 358 triples/s, errors=86096)
  rows=575,598  triples=48,629,858  (6 ent/s, 358 triples/s, errors=86100)
  rows=575,648  triples=48,631,955  (6 ent/s, 358 triples/s, errors=86107)
  rows=575,683  triples=48,634,023  (6 ent/s, 358 triples/s, errors=86134)
  rows=575,733  triples=48,636,087  (6 ent/s, 358 triples/s, errors=86134)
  rows=575,781  triples=48,638,242  (6 ent/s, 358 triples/s, errors=86143)
  rows=575,816  triples=48,639,966  (6 ent/s, 358 triples/s, errors=86144)
  rows=575,857  triples=48,641,995  (6 ent/s, 358 triples/s, errors=86146)
  rows=575,899  triples=48,644,196  (6 ent/s, 358 triples/s, errors=86148)
  rows=575,935  triples=48,646,253  (6 ent/s, 358 triples/s, errors=86153)
  rows=575,966  triples=48,648,377  (6 ent/s, 358 triples/s, errors=86158)
  rows=576,001  triples=48,650,194  (6 ent/s, 358 triples/s, errors=86167)
  rows=576,044  triples=48,652,242  (6 ent/s, 358 triples/s, errors=86171)
  rows=576,072  triples=48,654,348  (6 ent/s, 358 triples/s, errors=86171)
  rows=576,122  triples=48,656,451  (6 ent/s, 358 triples/s, errors=86181)
  rows=576,162  triples=48,658,475  (6 ent/s, 358 triples/s, errors=86181)
  rows=576,197  triples=48,660,808  (6 ent/s, 358 triples/s, errors=86189)
  rows=576,239  triples=48,662,980  (6 ent/s, 358 triples/s, errors=86192)
  rows=576,270  triples=48,665,146  (6 ent/s, 358 triples/s, errors=86203)
  rows=576,303  triples=48,667,228  (6 ent/s, 358 triples/s, errors=86205)
  rows=576,307  triples=48,667,228  (6 ent/s, 358 triples/s, errors=86205)
  rows=576,345  triples=48,669,421  (6 ent/s, 358 triples/s, errors=86208)
  rows=576,390  triples=48,671,486  (6 ent/s, 358 triples/s, errors=86209)
  rows=576,420  triples=48,673,389  (6 ent/s, 358 triples/s, errors=86209)
  rows=576,456  triples=48,675,546  (6 ent/s, 358 triples/s, errors=86212)
  rows=576,495  triples=48,677,640  (6 ent/s, 358 triples/s, errors=86214)
  rows=576,527  triples=48,679,747  (6 ent/s, 358 triples/s, errors=86214)
  rows=576,563  triples=48,681,751  (6 ent/s, 358 triples/s, errors=86235)
  rows=576,601  triples=48,683,751  (6 ent/s, 358 triples/s, errors=86247)
  rows=576,626  triples=48,685,899  (6 ent/s, 358 triples/s, errors=86253)
  rows=576,653  triples=48,688,102  (6 ent/s, 358 triples/s, errors=86254)
  rows=576,685  triples=48,690,155  (6 ent/s, 358 triples/s, errors=86255)
  rows=576,721  triples=48,692,192  (6 ent/s, 358 triples/s, errors=86255)
  rows=576,755  triples=48,694,252  (6 ent/s, 358 triples/s, errors=86255)
  rows=576,801  triples=48,695,872  (6 ent/s, 358 triples/s, errors=86256)
  rows=576,828  triples=48,697,960  (6 ent/s, 358 triples/s, errors=86259)
  rows=576,865  triples=48,700,256  (6 ent/s, 358 triples/s, errors=86262)
  rows=576,895  triples=48,702,325  (6 ent/s, 358 triples/s, errors=86277)
  rows=576,927  triples=48,704,419  (6 ent/s, 358 triples/s, errors=86277)
  rows=576,961  triples=48,706,540  (6 ent/s, 358 triples/s, errors=86277)
  rows=576,998  triples=48,708,678  (6 ent/s, 358 triples/s, errors=86279)
  rows=577,025  triples=48,709,874  (6 ent/s, 358 triples/s, errors=86283)
  rows=577,042  triples=48,711,930  (6 ent/s, 358 triples/s, errors=86293)
  rows=577,076  triples=48,714,301  (6 ent/s, 358 triples/s, errors=86293)
  rows=577,112  triples=48,716,496  (6 ent/s, 358 triples/s, errors=86303)
  rows=577,148  triples=48,718,633  (6 ent/s, 358 triples/s, errors=86306)
  rows=577,182  triples=48,720,749  (6 ent/s, 358 triples/s, errors=86306)
  rows=577,206  triples=48,722,278  (6 ent/s, 358 triples/s, errors=86309)
  rows=577,241  triples=48,724,307  (6 ent/s, 358 triples/s, errors=86311)
  rows=577,270  triples=48,726,520  (6 ent/s, 358 triples/s, errors=86313)
  rows=577,306  triples=48,728,750  (6 ent/s, 358 triples/s, errors=86315)
  rows=577,351  triples=48,730,862  (6 ent/s, 358 triples/s, errors=86320)
  rows=577,395  triples=48,733,012  (6 ent/s, 358 triples/s, errors=86324)
  rows=577,436  triples=48,735,405  (6 ent/s, 358 triples/s, errors=86324)
  rows=577,470  triples=48,737,480  (6 ent/s, 358 triples/s, errors=86371)
  rows=577,500  triples=48,739,505  (6 ent/s, 358 triples/s, errors=86372)
  rows=577,530  triples=48,741,661  (6 ent/s, 358 triples/s, errors=86373)
  rows=577,572  triples=48,743,794  (6 ent/s, 358 triples/s, errors=86373)
  rows=577,621  triples=48,746,281  (6 ent/s, 358 triples/s, errors=86383)
  rows=577,655  triples=48,748,368  (6 ent/s, 358 triples/s, errors=86384)
  rows=577,706  triples=48,750,490  (6 ent/s, 358 triples/s, errors=86385)
  rows=577,734  triples=48,752,492  (6 ent/s, 358 triples/s, errors=86436)
  rows=577,783  triples=48,754,835  (6 ent/s, 358 triples/s, errors=86438)
  rows=577,820  triples=48,757,100  (6 ent/s, 358 triples/s, errors=86438)
  rows=577,849  triples=48,759,309  (6 ent/s, 358 triples/s, errors=86455)
  rows=577,889  triples=48,761,323  (6 ent/s, 358 triples/s, errors=86455)
  rows=577,926  triples=48,763,414  (6 ent/s, 358 triples/s, errors=86468)
  rows=577,959  triples=48,765,428  (6 ent/s, 358 triples/s, errors=86470)
  rows=577,995  triples=48,767,482  (6 ent/s, 358 triples/s, errors=86471)
  rows=578,029  triples=48,769,696  (6 ent/s, 358 triples/s, errors=86474)
  rows=578,059  triples=48,771,831  (6 ent/s, 358 triples/s, errors=86508)
  rows=578,094  triples=48,773,956  (6 ent/s, 358 triples/s, errors=86516)
  rows=578,125  triples=48,774,963  (6 ent/s, 358 triples/s, errors=86519)
  rows=578,154  triples=48,776,970  (6 ent/s, 358 triples/s, errors=86531)
  rows=578,189  triples=48,779,120  (6 ent/s, 358 triples/s, errors=86534)
  rows=578,217  triples=48,780,852  (6 ent/s, 358 triples/s, errors=86534)
  rows=578,239  triples=48,781,899  (6 ent/s, 358 triples/s, errors=86534)
  rows=578,251  triples=48,783,093  (6 ent/s, 358 triples/s, errors=86539)
  rows=578,280  triples=48,785,148  (6 ent/s, 358 triples/s, errors=86539)
  rows=578,313  triples=48,787,191  (6 ent/s, 358 triples/s, errors=86543)
  rows=578,358  triples=48,789,227  (6 ent/s, 358 triples/s, errors=86555)
  rows=578,401  triples=48,791,160  (6 ent/s, 358 triples/s, errors=86562)
  rows=578,441  triples=48,793,241  (6 ent/s, 358 triples/s, errors=86563)
  rows=578,470  triples=48,795,173  (6 ent/s, 358 triples/s, errors=86785)
  rows=578,502  triples=48,797,187  (6 ent/s, 358 triples/s, errors=86785)
  rows=578,535  triples=48,799,281  (6 ent/s, 358 triples/s, errors=86803)
  rows=578,584  triples=48,801,491  (6 ent/s, 358 triples/s, errors=86809)
  rows=578,624  triples=48,803,248  (6 ent/s, 358 triples/s, errors=86813)
  rows=578,662  triples=48,805,417  (6 ent/s, 358 triples/s, errors=86816)
  rows=578,697  triples=48,807,518  (6 ent/s, 358 triples/s, errors=86817)
  rows=578,738  triples=48,809,661  (6 ent/s, 358 triples/s, errors=86820)
  rows=578,775  triples=48,811,774  (6 ent/s, 358 triples/s, errors=86823)
  rows=578,817  triples=48,813,904  (6 ent/s, 358 triples/s, errors=86829)
  rows=578,853  triples=48,816,033  (6 ent/s, 358 triples/s, errors=86830)
  rows=578,899  triples=48,818,069  (6 ent/s, 358 triples/s, errors=86835)
  rows=578,945  triples=48,820,089  (6 ent/s, 358 triples/s, errors=86841)
  rows=578,969  triples=48,822,302  (6 ent/s, 358 triples/s, errors=86844)
  rows=579,001  triples=48,824,155  (6 ent/s, 358 triples/s, errors=86851)
  rows=579,027  triples=48,826,187  (6 ent/s, 358 triples/s, errors=86859)
  rows=579,059  triples=48,828,199  (6 ent/s, 358 triples/s, errors=86859)
  rows=579,095  triples=48,830,222  (6 ent/s, 358 triples/s, errors=86867)
  rows=579,135  triples=48,832,244  (6 ent/s, 358 triples/s, errors=86868)
  rows=579,169  triples=48,834,390  (6 ent/s, 358 triples/s, errors=86879)
  rows=579,198  triples=48,836,418  (6 ent/s, 358 triples/s, errors=86896)
  rows=579,243  triples=48,838,622  (6 ent/s, 358 triples/s, errors=86899)
  rows=579,273  triples=48,840,748  (6 ent/s, 358 triples/s, errors=86901)
  rows=579,312  triples=48,842,801  (6 ent/s, 358 triples/s, errors=86901)
  rows=579,348  triples=48,845,098  (6 ent/s, 358 triples/s, errors=86904)
  rows=579,385  triples=48,847,130  (6 ent/s, 358 triples/s, errors=86913)
  rows=579,410  triples=48,849,209  (6 ent/s, 358 triples/s, errors=86917)
  rows=579,445  triples=48,851,261  (6 ent/s, 358 triples/s, errors=86917)
  rows=579,481  triples=48,853,275  (6 ent/s, 358 triples/s, errors=86921)
  rows=579,519  triples=48,855,341  (6 ent/s, 358 triples/s, errors=86956)
  rows=579,554  triples=48,857,367  (6 ent/s, 358 triples/s, errors=86992)
  rows=579,590  triples=48,859,481  (6 ent/s, 358 triples/s, errors=86994)
  rows=579,616  triples=48,861,499  (6 ent/s, 358 triples/s, errors=86994)
  rows=579,651  triples=48,863,746  (6 ent/s, 358 triples/s, errors=86995)
  rows=579,690  triples=48,865,975  (6 ent/s, 358 triples/s, errors=87002)
  rows=579,727  triples=48,867,998  (6 ent/s, 358 triples/s, errors=87011)
  rows=579,770  triples=48,870,166  (6 ent/s, 358 triples/s, errors=87020)
  rows=579,801  triples=48,871,929  (6 ent/s, 358 triples/s, errors=87054)
  rows=579,841  triples=48,874,080  (6 ent/s, 358 triples/s, errors=87062)
  rows=579,880  triples=48,876,221  (6 ent/s, 358 triples/s, errors=87062)
  rows=579,905  triples=48,878,171  (6 ent/s, 358 triples/s, errors=87229)
  rows=579,943  triples=48,879,189  (6 ent/s, 358 triples/s, errors=87231)
  rows=579,966  triples=48,881,282  (6 ent/s, 358 triples/s, errors=87231)
  rows=579,997  triples=48,883,346  (6 ent/s, 358 triples/s, errors=87237)
  rows=580,030  triples=48,885,457  (6 ent/s, 358 triples/s, errors=87249)
  rows=580,069  triples=48,887,470  (6 ent/s, 358 triples/s, errors=87253)
  rows=580,105  triples=48,889,473  (6 ent/s, 358 triples/s, errors=87256)
  rows=580,134  triples=48,891,641  (6 ent/s, 358 triples/s, errors=87256)
  rows=580,168  triples=48,893,725  (6 ent/s, 358 triples/s, errors=87261)
  rows=580,199  triples=48,895,815  (6 ent/s, 358 triples/s, errors=87277)
  rows=580,233  triples=48,897,942  (6 ent/s, 358 triples/s, errors=87284)
  rows=580,264  triples=48,900,008  (6 ent/s, 358 triples/s, errors=87284)
  rows=580,300  triples=48,902,229  (6 ent/s, 358 triples/s, errors=87304)
  rows=580,332  triples=48,904,222  (6 ent/s, 358 triples/s, errors=87323)
  rows=580,361  triples=48,906,397  (6 ent/s, 358 triples/s, errors=87335)
  rows=580,395  triples=48,908,704  (6 ent/s, 358 triples/s, errors=87337)
  rows=580,438  triples=48,910,028  (6 ent/s, 358 triples/s, errors=87338)
  rows=580,460  triples=48,912,119  (6 ent/s, 358 triples/s, errors=87357)
  rows=580,497  triples=48,914,170  (6 ent/s, 358 triples/s, errors=87361)
  rows=580,529  triples=48,916,225  (6 ent/s, 358 triples/s, errors=87363)
  rows=580,575  triples=48,918,318  (6 ent/s, 358 triples/s, errors=87366)
  rows=580,613  triples=48,920,689  (6 ent/s, 358 triples/s, errors=87375)
  rows=580,639  triples=48,922,733  (6 ent/s, 358 triples/s, errors=87388)
  rows=580,670  triples=48,924,814  (6 ent/s, 358 triples/s, errors=87391)
  rows=580,698  triples=48,926,841  (6 ent/s, 358 triples/s, errors=87408)
  rows=580,734  triples=48,928,926  (6 ent/s, 358 triples/s, errors=87409)
  rows=580,763  triples=48,930,992  (6 ent/s, 358 triples/s, errors=87413)
  rows=580,792  triples=48,933,118  (6 ent/s, 358 triples/s, errors=87422)
  rows=580,814  triples=48,935,117  (6 ent/s, 358 triples/s, errors=87436)
  rows=580,848  triples=48,937,316  (6 ent/s, 358 triples/s, errors=87448)
  rows=580,881  triples=48,939,477  (6 ent/s, 358 triples/s, errors=87448)
  rows=580,914  triples=48,941,617  (6 ent/s, 358 triples/s, errors=87457)
  rows=580,949  triples=48,943,694  (6 ent/s, 358 triples/s, errors=87457)
  rows=580,985  triples=48,945,937  (6 ent/s, 358 triples/s, errors=87458)
  rows=581,029  triples=48,947,898  (6 ent/s, 358 triples/s, errors=87458)
  rows=581,072  triples=48,949,916  (6 ent/s, 358 triples/s, errors=87458)
  rows=581,093  triples=48,952,119  (6 ent/s, 358 triples/s, errors=87481)
  rows=581,128  triples=48,954,136  (6 ent/s, 358 triples/s, errors=87485)
  rows=581,171  triples=48,956,203  (6 ent/s, 358 triples/s, errors=87488)
  rows=581,199  triples=48,958,282  (6 ent/s, 358 triples/s, errors=87490)
  rows=581,231  triples=48,960,354  (6 ent/s, 358 triples/s, errors=87492)
  rows=581,261  triples=48,962,378  (6 ent/s, 358 triples/s, errors=87506)
  rows=581,285  triples=48,964,368  (6 ent/s, 358 triples/s, errors=87531)
  rows=581,316  triples=48,966,441  (6 ent/s, 358 triples/s, errors=87540)
  rows=581,348  triples=48,968,443  (6 ent/s, 358 triples/s, errors=87551)
  rows=581,377  triples=48,970,488  (6 ent/s, 358 triples/s, errors=87566)
  rows=581,401  triples=48,972,043  (6 ent/s, 358 triples/s, errors=87569)
  rows=581,425  triples=48,974,127  (6 ent/s, 358 triples/s, errors=87569)
  rows=581,453  triples=48,976,193  (6 ent/s, 358 triples/s, errors=87574)
  rows=581,486  triples=48,978,278  (6 ent/s, 358 triples/s, errors=87579)
  rows=581,507  triples=48,980,435  (6 ent/s, 358 triples/s, errors=87594)
  rows=581,540  triples=48,982,496  (6 ent/s, 358 triples/s, errors=87603)
  rows=581,573  triples=48,984,522  (6 ent/s, 358 triples/s, errors=87614)
  rows=581,601  triples=48,986,337  (6 ent/s, 358 triples/s, errors=87621)
  rows=581,625  triples=48,988,613  (6 ent/s, 358 triples/s, errors=87628)
  rows=581,658  triples=48,990,727  (6 ent/s, 358 triples/s, errors=87632)
  rows=581,685  triples=48,992,777  (6 ent/s, 358 triples/s, errors=87632)
  rows=581,713  triples=48,994,974  (6 ent/s, 358 triples/s, errors=87632)
  rows=581,744  triples=48,997,050  (6 ent/s, 358 triples/s, errors=87667)
  rows=581,761  triples=48,998,095  (6 ent/s, 358 triples/s, errors=87673)
  rows=581,784  triples=49,000,357  (6 ent/s, 358 triples/s, errors=87681)
  rows=581,818  triples=49,002,361  (6 ent/s, 358 triples/s, errors=87681)
  rows=581,847  triples=49,004,454  (6 ent/s, 358 triples/s, errors=87684)
  rows=581,876  triples=49,006,491  (6 ent/s, 358 triples/s, errors=87696)
  rows=581,907  triples=49,008,641  (6 ent/s, 358 triples/s, errors=87709)
  rows=581,937  triples=49,011,050  (6 ent/s, 358 triples/s, errors=87711)
  rows=581,965  triples=49,013,093  (6 ent/s, 358 triples/s, errors=87714)
  rows=581,997  triples=49,015,198  (6 ent/s, 358 triples/s, errors=87721)
  rows=582,038  triples=49,017,493  (6 ent/s, 358 triples/s, errors=87724)
  rows=582,068  triples=49,019,938  (6 ent/s, 358 triples/s, errors=87724)
  rows=582,092  triples=49,022,031  (6 ent/s, 358 triples/s, errors=87750)
  rows=582,117  triples=49,024,170  (6 ent/s, 358 triples/s, errors=87786)
  rows=582,147  triples=49,026,293  (6 ent/s, 358 triples/s, errors=87787)
  rows=582,176  triples=49,028,413  (6 ent/s, 358 triples/s, errors=87787)
  rows=582,199  triples=49,030,850  (6 ent/s, 358 triples/s, errors=87817)
  rows=582,225  triples=49,032,935  (6 ent/s, 358 triples/s, errors=87819)
  rows=582,252  triples=49,035,030  (6 ent/s, 358 triples/s, errors=87829)
  rows=582,279  triples=49,037,166  (6 ent/s, 358 triples/s, errors=87831)
  rows=582,317  triples=49,039,359  (6 ent/s, 358 triples/s, errors=87835)
  rows=582,349  triples=49,041,465  (6 ent/s, 358 triples/s, errors=87840)
  rows=582,385  triples=49,043,739  (6 ent/s, 358 triples/s, errors=88371)
  rows=582,419  triples=49,045,634  (6 ent/s, 358 triples/s, errors=88374)
  rows=582,457  triples=49,047,789  (6 ent/s, 358 triples/s, errors=88389)
  rows=582,490  triples=49,049,873  (6 ent/s, 358 triples/s, errors=88412)
  rows=582,525  triples=49,052,052  (6 ent/s, 358 triples/s, errors=88414)
  rows=582,555  triples=49,054,217  (6 ent/s, 358 triples/s, errors=88419)
  rows=582,586  triples=49,056,373  (6 ent/s, 358 triples/s, errors=88423)
  rows=582,619  triples=49,058,692  (6 ent/s, 358 triples/s, errors=88426)
  rows=582,658  triples=49,060,826  (6 ent/s, 358 triples/s, errors=88426)
  rows=582,694  triples=49,062,960  (6 ent/s, 358 triples/s, errors=88427)
  rows=582,728  triples=49,065,345  (6 ent/s, 358 triples/s, errors=88436)
  rows=582,757  triples=49,067,457  (6 ent/s, 358 triples/s, errors=88436)
  rows=582,794  triples=49,069,515  (6 ent/s, 358 triples/s, errors=88452)
  rows=582,819  triples=49,070,760  (6 ent/s, 358 triples/s, errors=88454)
  rows=582,845  triples=49,072,852  (6 ent/s, 358 triples/s, errors=88454)
  rows=582,878  triples=49,074,972  (6 ent/s, 358 triples/s, errors=88467)
  rows=582,921  triples=49,077,173  (6 ent/s, 358 triples/s, errors=88476)
  rows=582,951  triples=49,079,262  (6 ent/s, 358 triples/s, errors=88483)
  rows=582,984  triples=49,081,582  (6 ent/s, 358 triples/s, errors=88492)
  rows=583,017  triples=49,083,460  (6 ent/s, 358 triples/s, errors=88497)
  rows=583,040  triples=49,085,480  (6 ent/s, 358 triples/s, errors=88508)
  rows=583,079  triples=49,087,515  (6 ent/s, 358 triples/s, errors=88519)
  rows=583,116  triples=49,089,616  (6 ent/s, 358 triples/s, errors=88519)
  rows=583,141  triples=49,091,698  (6 ent/s, 358 triples/s, errors=88520)
  rows=583,173  triples=49,093,814  (6 ent/s, 358 triples/s, errors=88540)
  rows=583,221  triples=49,096,156  (6 ent/s, 358 triples/s, errors=88540)
  rows=583,257  triples=49,098,263  (6 ent/s, 358 triples/s, errors=88555)
  rows=583,295  triples=49,100,279  (6 ent/s, 358 triples/s, errors=88559)
  rows=583,325  triples=49,102,397  (6 ent/s, 358 triples/s, errors=88561)
  rows=583,357  triples=49,104,459  (6 ent/s, 358 triples/s, errors=88572)
  rows=583,390  triples=49,106,486  (6 ent/s, 358 triples/s, errors=88580)
  rows=583,416  triples=49,108,007  (6 ent/s, 358 triples/s, errors=88582)
  rows=583,454  triples=49,110,052  (6 ent/s, 358 triples/s, errors=88582)
  rows=583,489  triples=49,112,140  (6 ent/s, 358 triples/s, errors=88582)
  rows=583,525  triples=49,114,261  (6 ent/s, 358 triples/s, errors=88584)
  rows=583,555  triples=49,116,367  (6 ent/s, 358 triples/s, errors=88584)
  rows=583,579  triples=49,117,364  (6 ent/s, 358 triples/s, errors=88587)
  rows=583,601  triples=49,119,209  (6 ent/s, 358 triples/s, errors=88602)
  rows=583,636  triples=49,121,354  (6 ent/s, 358 triples/s, errors=88603)
  rows=583,669  triples=49,123,440  (6 ent/s, 358 triples/s, errors=88624)
  rows=583,699  triples=49,125,516  (6 ent/s, 358 triples/s, errors=88627)
  rows=583,738  triples=49,127,682  (6 ent/s, 358 triples/s, errors=88630)
  rows=583,768  triples=49,129,727  (6 ent/s, 358 triples/s, errors=88639)
  rows=583,799  triples=49,131,762  (6 ent/s, 358 triples/s, errors=88645)
  rows=583,835  triples=49,134,246  (6 ent/s, 358 triples/s, errors=88647)
  rows=583,871  triples=49,136,311  (6 ent/s, 358 triples/s, errors=88650)
  rows=583,902  triples=49,138,383  (6 ent/s, 358 triples/s, errors=88654)
  rows=583,943  triples=49,140,514  (6 ent/s, 358 triples/s, errors=88654)
  rows=583,979  triples=49,142,538  (6 ent/s, 358 triples/s, errors=88654)
  rows=584,001  triples=49,144,017  (6 ent/s, 358 triples/s, errors=88656)
  rows=584,036  triples=49,146,445  (6 ent/s, 358 triples/s, errors=88742)
  rows=584,069  triples=49,148,522  (6 ent/s, 358 triples/s, errors=88747)
  rows=584,103  triples=49,150,641  (6 ent/s, 358 triples/s, errors=88756)
  rows=584,137  triples=49,152,711  (6 ent/s, 358 triples/s, errors=88767)
  rows=584,170  triples=49,154,991  (6 ent/s, 358 triples/s, errors=88796)
  rows=584,201  triples=49,156,800  (6 ent/s, 358 triples/s, errors=88805)
  rows=584,238  triples=49,158,871  (6 ent/s, 358 triples/s, errors=88811)
  rows=584,281  triples=49,161,029  (6 ent/s, 358 triples/s, errors=88825)
  rows=584,335  triples=49,163,074  (6 ent/s, 358 triples/s, errors=88825)
  rows=584,373  triples=49,165,256  (6 ent/s, 358 triples/s, errors=88828)
  rows=584,401  triples=49,166,514  (6 ent/s, 358 triples/s, errors=88830)
  rows=584,433  triples=49,168,562  (6 ent/s, 358 triples/s, errors=88830)
  rows=584,470  triples=49,170,655  (6 ent/s, 358 triples/s, errors=88834)
  rows=584,503  triples=49,172,718  (6 ent/s, 358 triples/s, errors=88837)
  rows=584,536  triples=49,174,740  (6 ent/s, 358 triples/s, errors=88865)
  rows=584,567  triples=49,176,898  (6 ent/s, 358 triples/s, errors=88868)
  rows=584,601  triples=49,178,905  (6 ent/s, 358 triples/s, errors=88879)
  rows=584,632  triples=49,181,049  (6 ent/s, 358 triples/s, errors=88880)
  rows=584,666  triples=49,183,105  (6 ent/s, 358 triples/s, errors=88881)
  rows=584,712  triples=49,185,217  (6 ent/s, 358 triples/s, errors=88881)
  rows=584,759  triples=49,187,336  (6 ent/s, 358 triples/s, errors=88887)
  rows=584,795  triples=49,189,374  (6 ent/s, 358 triples/s, errors=88891)
  rows=584,821  triples=49,190,903  (6 ent/s, 358 triples/s, errors=88892)
  rows=584,848  triples=49,192,992  (6 ent/s, 358 triples/s, errors=88900)
  rows=584,877  triples=49,195,140  (6 ent/s, 358 triples/s, errors=88908)
  rows=584,908  triples=49,197,284  (6 ent/s, 358 triples/s, errors=88919)
  rows=584,958  triples=49,199,346  (6 ent/s, 358 triples/s, errors=88922)
  rows=584,996  triples=49,201,432  (6 ent/s, 358 triples/s, errors=88927)
  rows=585,037  triples=49,203,662  (6 ent/s, 358 triples/s, errors=88931)
  rows=585,078  triples=49,205,880  (6 ent/s, 358 triples/s, errors=88940)
  rows=585,105  triples=49,208,242  (6 ent/s, 358 triples/s, errors=88941)
  rows=585,141  triples=49,210,317  (6 ent/s, 358 triples/s, errors=88944)
  rows=585,177  triples=49,212,346  (6 ent/s, 358 triples/s, errors=88947)
  rows=585,226  triples=49,214,557  (6 ent/s, 358 triples/s, errors=88950)
  rows=585,254  triples=49,216,753  (6 ent/s, 358 triples/s, errors=88950)
  rows=585,292  triples=49,218,819  (6 ent/s, 358 triples/s, errors=88950)
  rows=585,327  triples=49,220,953  (6 ent/s, 358 triples/s, errors=88950)
  rows=585,362  triples=49,223,001  (6 ent/s, 358 triples/s, errors=88968)
  rows=585,397  triples=49,224,057  (6 ent/s, 357 triples/s, errors=88974)
  rows=585,417  triples=49,226,334  (6 ent/s, 357 triples/s, errors=88979)
  rows=585,451  triples=49,228,488  (6 ent/s, 357 triples/s, errors=88980)
  rows=585,491  triples=49,230,694  (6 ent/s, 357 triples/s, errors=88989)
  rows=585,523  triples=49,232,701  (6 ent/s, 357 triples/s, errors=88992)
  rows=585,556  triples=49,234,768  (6 ent/s, 357 triples/s, errors=89002)
  rows=585,587  triples=49,236,798  (6 ent/s, 357 triples/s, errors=89004)
  rows=585,619  triples=49,238,691  (6 ent/s, 357 triples/s, errors=89010)
  rows=585,646  triples=49,240,741  (6 ent/s, 357 triples/s, errors=89012)
  rows=585,683  triples=49,242,748  (6 ent/s, 357 triples/s, errors=89023)
  rows=585,723  triples=49,244,761  (6 ent/s, 357 triples/s, errors=89035)
  rows=585,758  triples=49,246,995  (6 ent/s, 357 triples/s, errors=89058)
  rows=585,792  triples=49,249,099  (6 ent/s, 358 triples/s, errors=89061)
  rows=585,824  triples=49,251,719  (6 ent/s, 357 triples/s, errors=89062)
  rows=585,860  triples=49,253,820  (6 ent/s, 358 triples/s, errors=89086)
  rows=585,901  triples=49,255,915  (6 ent/s, 358 triples/s, errors=89092)
  rows=585,931  triples=49,257,960  (6 ent/s, 358 triples/s, errors=89096)
  rows=585,966  triples=49,260,024  (6 ent/s, 358 triples/s, errors=89107)
  rows=586,001  triples=49,261,935  (6 ent/s, 358 triples/s, errors=89107)
  rows=586,039  triples=49,264,286  (6 ent/s, 358 triples/s, errors=89117)
  rows=586,066  triples=49,266,379  (6 ent/s, 358 triples/s, errors=89117)
  rows=586,105  triples=49,268,425  (6 ent/s, 358 triples/s, errors=89121)
  rows=586,136  triples=49,270,438  (6 ent/s, 358 triples/s, errors=89121)
  rows=586,172  triples=49,272,555  (6 ent/s, 358 triples/s, errors=89148)
  rows=586,201  triples=49,274,205  (6 ent/s, 358 triples/s, errors=89148)
  rows=586,223  triples=49,276,353  (6 ent/s, 358 triples/s, errors=89157)
  rows=586,263  triples=49,278,453  (6 ent/s, 358 triples/s, errors=89167)
  rows=586,310  triples=49,280,528  (6 ent/s, 358 triples/s, errors=89174)
  rows=586,355  triples=49,282,547  (6 ent/s, 358 triples/s, errors=89174)
  rows=586,383  triples=49,284,717  (6 ent/s, 358 triples/s, errors=89177)
  rows=586,419  triples=49,286,950  (6 ent/s, 358 triples/s, errors=89177)
  rows=586,454  triples=49,289,094  (6 ent/s, 358 triples/s, errors=89186)
  rows=586,495  triples=49,291,169  (6 ent/s, 358 triples/s, errors=89186)
  rows=586,525  triples=49,293,204  (6 ent/s, 357 triples/s, errors=89186)
  rows=586,566  triples=49,295,247  (6 ent/s, 357 triples/s, errors=89187)
  rows=586,601  triples=49,297,073  (6 ent/s, 357 triples/s, errors=89189)
  rows=586,624  triples=49,298,126  (6 ent/s, 357 triples/s, errors=89190)
  rows=586,643  triples=49,299,140  (6 ent/s, 357 triples/s, errors=89194)
  rows=586,666  triples=49,300,207  (6 ent/s, 357 triples/s, errors=89194)
  rows=586,700  triples=49,302,242  (6 ent/s, 357 triples/s, errors=89201)
  rows=586,732  triples=49,304,263  (6 ent/s, 357 triples/s, errors=89202)
  rows=586,769  triples=49,306,405  (6 ent/s, 357 triples/s, errors=89204)
  rows=586,801  triples=49,308,061  (6 ent/s, 357 triples/s, errors=89221)
  rows=586,833  triples=49,310,128  (6 ent/s, 357 triples/s, errors=89221)
  rows=586,865  triples=49,312,268  (6 ent/s, 357 triples/s, errors=89222)
  rows=586,905  triples=49,314,336  (6 ent/s, 357 triples/s, errors=89222)
  rows=586,934  triples=49,316,368  (6 ent/s, 357 triples/s, errors=89225)
  rows=586,970  triples=49,318,453  (6 ent/s, 357 triples/s, errors=89231)
  rows=587,001  triples=49,319,786  (6 ent/s, 357 triples/s, errors=89233)
  rows=587,037  triples=49,321,913  (6 ent/s, 357 triples/s, errors=89234)
  rows=587,071  triples=49,323,937  (6 ent/s, 357 triples/s, errors=89236)
  rows=587,109  triples=49,325,964  (6 ent/s, 357 triples/s, errors=89240)
  rows=587,143  triples=49,328,008  (6 ent/s, 357 triples/s, errors=89245)
  rows=587,181  triples=49,330,053  (6 ent/s, 357 triples/s, errors=89249)
  rows=587,215  triples=49,330,994  (6 ent/s, 357 triples/s, errors=89257)
  rows=587,241  triples=49,333,072  (6 ent/s, 357 triples/s, errors=89261)
  rows=587,275  triples=49,335,176  (6 ent/s, 357 triples/s, errors=89261)
  rows=587,316  triples=49,337,452  (6 ent/s, 357 triples/s, errors=89266)
  rows=587,352  triples=49,339,640  (6 ent/s, 357 triples/s, errors=89271)
  rows=587,394  triples=49,341,794  (6 ent/s, 357 triples/s, errors=89273)
  rows=587,423  triples=49,343,181  (6 ent/s, 357 triples/s, errors=89290)
  rows=587,465  triples=49,345,362  (6 ent/s, 357 triples/s, errors=89290)
  rows=587,498  triples=49,347,474  (6 ent/s, 357 triples/s, errors=89295)
  rows=587,534  triples=49,349,600  (6 ent/s, 357 triples/s, errors=89302)
  rows=587,572  triples=49,351,736  (6 ent/s, 357 triples/s, errors=89304)
  rows=587,601  triples=49,353,626  (6 ent/s, 357 triples/s, errors=89308)
  rows=587,631  triples=49,355,689  (6 ent/s, 357 triples/s, errors=89315)
  rows=587,669  triples=49,357,758  (6 ent/s, 357 triples/s, errors=89315)
  rows=587,699  triples=49,359,802  (6 ent/s, 357 triples/s, errors=89322)
  rows=587,733  triples=49,361,849  (6 ent/s, 357 triples/s, errors=89323)
  rows=587,759  triples=49,363,868  (6 ent/s, 357 triples/s, errors=89328)
  rows=587,794  triples=49,365,956  (6 ent/s, 357 triples/s, errors=89328)
  rows=587,818  triples=49,367,338  (6 ent/s, 357 triples/s, errors=89344)
  rows=587,847  triples=49,369,399  (6 ent/s, 357 triples/s, errors=89347)
  rows=587,878  triples=49,371,435  (6 ent/s, 357 triples/s, errors=89348)
  rows=587,904  triples=49,373,623  (6 ent/s, 357 triples/s, errors=89361)
  rows=587,937  triples=49,375,725  (6 ent/s, 357 triples/s, errors=89366)
  rows=587,976  triples=49,377,840  (6 ent/s, 357 triples/s, errors=89370)
  rows=588,014  triples=49,380,035  (6 ent/s, 357 triples/s, errors=89378)
  rows=588,042  triples=49,382,211  (6 ent/s, 357 triples/s, errors=89380)
  rows=588,070  triples=49,384,298  (6 ent/s, 357 triples/s, errors=89385)
  rows=588,095  triples=49,386,363  (6 ent/s, 357 triples/s, errors=89395)
  rows=588,128  triples=49,388,494  (6 ent/s, 357 triples/s, errors=89442)
  rows=588,158  triples=49,390,616  (6 ent/s, 357 triples/s, errors=89448)
  rows=588,188  triples=49,392,749  (6 ent/s, 357 triples/s, errors=89455)
  rows=588,209  triples=49,394,285  (6 ent/s, 357 triples/s, errors=89681)
  rows=588,241  triples=49,396,316  (6 ent/s, 357 triples/s, errors=89685)
  rows=588,270  triples=49,398,547  (6 ent/s, 357 triples/s, errors=89687)
  rows=588,305  triples=49,400,583  (6 ent/s, 357 triples/s, errors=89709)
  rows=588,330  triples=49,402,594  (6 ent/s, 357 triples/s, errors=89709)
  rows=588,366  triples=49,404,626  (6 ent/s, 357 triples/s, errors=89717)
  rows=588,398  triples=49,406,807  (6 ent/s, 357 triples/s, errors=89726)
  rows=588,427  triples=49,409,055  (6 ent/s, 357 triples/s, errors=89726)
  rows=588,458  triples=49,411,127  (6 ent/s, 357 triples/s, errors=89748)
  rows=588,490  triples=49,413,213  (6 ent/s, 357 triples/s, errors=89753)
  rows=588,525  triples=49,415,219  (6 ent/s, 357 triples/s, errors=89759)
  rows=588,560  triples=49,417,363  (6 ent/s, 357 triples/s, errors=89762)
  rows=588,600  triples=49,419,487  (6 ent/s, 357 triples/s, errors=89771)
  rows=588,632  triples=49,421,556  (6 ent/s, 357 triples/s, errors=89780)
  rows=588,668  triples=49,423,674  (6 ent/s, 357 triples/s, errors=89781)
  rows=588,701  triples=49,425,700  (6 ent/s, 357 triples/s, errors=89791)
  rows=588,738  triples=49,427,752  (6 ent/s, 357 triples/s, errors=89794)
  rows=588,788  triples=49,429,814  (6 ent/s, 357 triples/s, errors=89834)
  rows=588,818  triples=49,431,709  (6 ent/s, 357 triples/s, errors=89839)
  rows=588,852  triples=49,433,762  (6 ent/s, 357 triples/s, errors=89839)
  rows=588,893  triples=49,435,807  (6 ent/s, 357 triples/s, errors=89843)
  rows=588,936  triples=49,437,937  (6 ent/s, 357 triples/s, errors=89848)
  rows=588,966  triples=49,439,973  (6 ent/s, 357 triples/s, errors=89857)
  rows=589,010  triples=49,441,321  (6 ent/s, 357 triples/s, errors=89858)
  rows=589,031  triples=49,443,441  (6 ent/s, 357 triples/s, errors=89858)
  rows=589,033  triples=49,443,441  (6 ent/s, 357 triples/s, errors=89858)
  rows=589,062  triples=49,445,471  (6 ent/s, 357 triples/s, errors=89861)
  rows=589,101  triples=49,447,497  (6 ent/s, 357 triples/s, errors=89862)
  rows=589,127  triples=49,449,565  (6 ent/s, 357 triples/s, errors=89865)
  rows=589,164  triples=49,451,833  (6 ent/s, 357 triples/s, errors=89868)
  rows=589,200  triples=49,453,900  (6 ent/s, 357 triples/s, errors=89872)
  rows=589,241  triples=49,456,121  (6 ent/s, 357 triples/s, errors=89884)
  rows=589,268  triples=49,458,220  (6 ent/s, 357 triples/s, errors=89896)
  rows=589,309  triples=49,460,352  (6 ent/s, 357 triples/s, errors=89904)
  rows=589,352  triples=49,462,417  (6 ent/s, 357 triples/s, errors=89904)
  rows=589,379  triples=49,464,490  (6 ent/s, 357 triples/s, errors=89904)
  rows=589,401  triples=49,465,993  (6 ent/s, 357 triples/s, errors=89915)
  rows=589,437  triples=49,468,019  (6 ent/s, 357 triples/s, errors=89916)
  rows=589,476  triples=49,470,118  (6 ent/s, 357 triples/s, errors=89917)
  rows=589,511  triples=49,472,309  (6 ent/s, 357 triples/s, errors=89920)
  rows=589,546  triples=49,474,408  (6 ent/s, 357 triples/s, errors=89923)
  rows=589,575  triples=49,476,566  (6 ent/s, 357 triples/s, errors=89929)
  rows=589,601  triples=49,477,613  (6 ent/s, 357 triples/s, errors=89932)
  rows=589,632  triples=49,479,674  (6 ent/s, 357 triples/s, errors=89951)
  rows=589,669  triples=49,481,980  (6 ent/s, 357 triples/s, errors=89963)
  rows=589,716  triples=49,484,086  (6 ent/s, 357 triples/s, errors=89963)
  rows=589,743  triples=49,486,168  (6 ent/s, 357 triples/s, errors=89974)
  rows=589,783  triples=49,488,178  (6 ent/s, 357 triples/s, errors=89984)
  rows=589,816  triples=49,490,295  (6 ent/s, 357 triples/s, errors=89988)
  rows=589,856  triples=49,492,528  (6 ent/s, 357 triples/s, errors=89992)
  rows=589,888  triples=49,494,614  (6 ent/s, 357 triples/s, errors=89996)
  rows=589,921  triples=49,496,662  (6 ent/s, 357 triples/s, errors=90000)
  rows=589,964  triples=49,498,759  (6 ent/s, 357 triples/s, errors=90010)
  rows=589,998  triples=49,500,956  (6 ent/s, 357 triples/s, errors=90011)
  rows=590,038  triples=49,503,042  (6 ent/s, 357 triples/s, errors=90015)
  rows=590,080  triples=49,505,196  (6 ent/s, 357 triples/s, errors=90018)
  rows=590,114  triples=49,507,292  (6 ent/s, 357 triples/s, errors=90027)
  rows=590,158  triples=49,509,355  (6 ent/s, 357 triples/s, errors=90035)
  rows=590,194  triples=49,511,415  (6 ent/s, 357 triples/s, errors=90042)
  rows=590,227  triples=49,512,638  (6 ent/s, 357 triples/s, errors=90047)
  rows=590,263  triples=49,514,640  (6 ent/s, 357 triples/s, errors=90050)
  rows=590,297  triples=49,516,733  (6 ent/s, 357 triples/s, errors=90065)
  rows=590,333  triples=49,518,933  (6 ent/s, 357 triples/s, errors=90074)
  rows=590,370  triples=49,521,012  (6 ent/s, 357 triples/s, errors=90079)
  rows=590,396  triples=49,523,115  (6 ent/s, 357 triples/s, errors=90087)
  rows=590,420  triples=49,524,517  (6 ent/s, 357 triples/s, errors=90087)
  rows=590,450  triples=49,526,506  (6 ent/s, 357 triples/s, errors=90126)
  rows=590,494  triples=49,528,577  (6 ent/s, 357 triples/s, errors=90133)
  rows=590,527  triples=49,530,608  (6 ent/s, 357 triples/s, errors=90182)
  rows=590,562  triples=49,532,682  (6 ent/s, 357 triples/s, errors=90191)
  rows=590,599  triples=49,534,755  (6 ent/s, 357 triples/s, errors=90194)
  rows=590,633  triples=49,536,967  (6 ent/s, 357 triples/s, errors=90197)
  rows=590,676  triples=49,539,093  (6 ent/s, 357 triples/s, errors=90199)
  rows=590,713  triples=49,541,231  (6 ent/s, 357 triples/s, errors=90200)
  rows=590,750  triples=49,543,394  (6 ent/s, 357 triples/s, errors=90200)
  rows=590,785  triples=49,545,523  (6 ent/s, 357 triples/s, errors=90200)
  rows=590,820  triples=49,547,567  (6 ent/s, 357 triples/s, errors=90218)
  rows=590,851  triples=49,548,579  (6 ent/s, 357 triples/s, errors=90218)
  rows=590,880  triples=49,550,666  (6 ent/s, 357 triples/s, errors=90224)
  rows=590,917  triples=49,552,706  (6 ent/s, 357 triples/s, errors=90228)
  rows=590,958  triples=49,554,794  (6 ent/s, 357 triples/s, errors=90237)
  rows=591,001  triples=49,556,708  (6 ent/s, 357 triples/s, errors=90247)
  rows=591,039  triples=49,558,702  (6 ent/s, 357 triples/s, errors=90273)
  rows=591,081  triples=49,560,844  (6 ent/s, 357 triples/s, errors=90281)
  rows=591,124  triples=49,562,867  (6 ent/s, 357 triples/s, errors=90289)
  rows=591,163  triples=49,564,942  (6 ent/s, 357 triples/s, errors=90297)
  rows=591,201  triples=49,566,628  (6 ent/s, 357 triples/s, errors=90297)
  rows=591,235  triples=49,568,654  (6 ent/s, 357 triples/s, errors=90301)
  rows=591,273  triples=49,570,752  (6 ent/s, 357 triples/s, errors=90301)
  rows=591,317  triples=49,572,821  (6 ent/s, 357 triples/s, errors=90301)
  rows=591,350  triples=49,574,890  (6 ent/s, 357 triples/s, errors=90302)
  rows=591,382  triples=49,576,927  (6 ent/s, 357 triples/s, errors=90304)
  rows=591,423  triples=49,578,689  (6 ent/s, 357 triples/s, errors=90304)
  rows=591,472  triples=49,580,723  (6 ent/s, 357 triples/s, errors=90304)
  rows=591,524  triples=49,582,879  (6 ent/s, 357 triples/s, errors=90307)
  rows=591,561  triples=49,585,006  (6 ent/s, 357 triples/s, errors=90309)
  rows=591,593  triples=49,587,032  (6 ent/s, 357 triples/s, errors=90309)
  rows=591,619  triples=49,588,634  (6 ent/s, 357 triples/s, errors=90313)
  rows=591,654  triples=49,590,936  (6 ent/s, 357 triples/s, errors=90316)
  rows=591,705  triples=49,593,070  (6 ent/s, 357 triples/s, errors=90316)
  rows=591,737  triples=49,595,209  (6 ent/s, 357 triples/s, errors=90326)
  rows=591,778  triples=49,597,330  (6 ent/s, 357 triples/s, errors=90327)
  rows=591,801  triples=49,599,196  (6 ent/s, 357 triples/s, errors=90327)
  rows=591,836  triples=49,601,225  (6 ent/s, 357 triples/s, errors=90327)
  rows=591,866  triples=49,603,361  (6 ent/s, 357 triples/s, errors=90327)
  rows=591,900  triples=49,605,431  (6 ent/s, 357 triples/s, errors=90329)
  rows=591,930  triples=49,607,869  (6 ent/s, 357 triples/s, errors=90331)
  rows=591,966  triples=49,610,056  (6 ent/s, 357 triples/s, errors=90341)
  rows=592,001  triples=49,611,410  (6 ent/s, 357 triples/s, errors=90341)
  rows=592,033  triples=49,613,474  (6 ent/s, 357 triples/s, errors=90345)
  rows=592,071  triples=49,615,527  (6 ent/s, 357 triples/s, errors=90351)
  rows=592,106  triples=49,617,550  (6 ent/s, 357 triples/s, errors=90356)
  rows=592,134  triples=49,619,612  (6 ent/s, 357 triples/s, errors=90373)
  rows=592,174  triples=49,621,667  (6 ent/s, 357 triples/s, errors=90397)
  rows=592,217  triples=49,623,872  (6 ent/s, 357 triples/s, errors=90420)
  rows=592,259  triples=49,625,991  (6 ent/s, 357 triples/s, errors=90434)
  rows=592,290  triples=49,628,033  (6 ent/s, 357 triples/s, errors=90544)
  rows=592,322  triples=49,630,116  (6 ent/s, 357 triples/s, errors=90547)
  rows=592,364  triples=49,632,357  (6 ent/s, 357 triples/s, errors=90558)
  rows=592,401  triples=49,633,952  (6 ent/s, 357 triples/s, errors=90561)
  rows=592,436  triples=49,636,006  (6 ent/s, 357 triples/s, errors=90568)
  rows=592,467  triples=49,638,238  (6 ent/s, 357 triples/s, errors=90571)
  rows=592,514  triples=49,640,324  (6 ent/s, 357 triples/s, errors=90574)
  rows=592,541  triples=49,642,519  (6 ent/s, 357 triples/s, errors=90578)
  rows=592,574  triples=49,644,509  (6 ent/s, 357 triples/s, errors=90613)
  rows=592,601  triples=49,646,042  (6 ent/s, 357 triples/s, errors=90613)
  rows=592,632  triples=49,648,143  (6 ent/s, 357 triples/s, errors=90620)
  rows=592,665  triples=49,650,210  (6 ent/s, 357 triples/s, errors=90620)
  rows=592,669  triples=49,650,210  (6 ent/s, 357 triples/s, errors=90620)
  rows=592,695  triples=49,652,316  (6 ent/s, 357 triples/s, errors=90624)
  rows=592,718  triples=49,654,332  (6 ent/s, 357 triples/s, errors=90630)
  rows=592,755  triples=49,656,432  (6 ent/s, 357 triples/s, errors=90632)
  rows=592,787  triples=49,658,479  (6 ent/s, 357 triples/s, errors=90640)
  rows=592,828  triples=49,660,335  (6 ent/s, 357 triples/s, errors=90651)
  rows=592,862  triples=49,662,453  (6 ent/s, 357 triples/s, errors=90681)
  rows=592,894  triples=49,664,502  (6 ent/s, 357 triples/s, errors=90689)
  rows=592,927  triples=49,666,522  (6 ent/s, 357 triples/s, errors=90748)
  rows=592,958  triples=49,668,670  (6 ent/s, 357 triples/s, errors=90756)
  rows=592,985  triples=49,670,720  (6 ent/s, 357 triples/s, errors=90790)
  rows=593,015  triples=49,672,236  (6 ent/s, 357 triples/s, errors=90801)
  rows=593,058  triples=49,674,255  (6 ent/s, 357 triples/s, errors=90802)
  rows=593,096  triples=49,676,363  (6 ent/s, 357 triples/s, errors=90802)
  rows=593,127  triples=49,678,436  (6 ent/s, 357 triples/s, errors=90822)
  rows=593,158  triples=49,680,533  (6 ent/s, 357 triples/s, errors=90835)
  rows=593,196  triples=49,682,728  (6 ent/s, 357 triples/s, errors=90841)
  rows=593,237  triples=49,684,986  (6 ent/s, 357 triples/s, errors=90846)
  rows=593,266  triples=49,687,235  (6 ent/s, 357 triples/s, errors=90858)
  rows=593,298  triples=49,689,344  (6 ent/s, 357 triples/s, errors=90862)
  rows=593,346  triples=49,691,597  (6 ent/s, 357 triples/s, errors=90868)
  rows=593,383  triples=49,693,662  (6 ent/s, 357 triples/s, errors=90889)
  rows=593,416  triples=49,695,246  (6 ent/s, 357 triples/s, errors=90899)
  rows=593,452  triples=49,697,315  (6 ent/s, 357 triples/s, errors=90922)
  rows=593,491  triples=49,699,402  (6 ent/s, 357 triples/s, errors=90924)
  rows=593,544  triples=49,701,414  (6 ent/s, 357 triples/s, errors=90925)
  rows=593,577  triples=49,703,536  (6 ent/s, 357 triples/s, errors=90932)
  rows=593,614  triples=49,705,515  (6 ent/s, 357 triples/s, errors=90943)
  rows=593,647  triples=49,707,532  (6 ent/s, 357 triples/s, errors=90966)
  rows=593,676  triples=49,709,645  (6 ent/s, 357 triples/s, errors=91002)
  rows=593,709  triples=49,711,825  (6 ent/s, 357 triples/s, errors=91022)
  rows=593,740  triples=49,713,858  (6 ent/s, 357 triples/s, errors=91030)
  rows=593,769  triples=49,715,950  (6 ent/s, 357 triples/s, errors=91030)
  rows=593,801  triples=49,717,360  (6 ent/s, 357 triples/s, errors=91032)
  rows=593,837  triples=49,719,596  (6 ent/s, 357 triples/s, errors=91054)
  rows=593,866  triples=49,721,610  (6 ent/s, 357 triples/s, errors=91082)
  rows=593,901  triples=49,723,753  (6 ent/s, 357 triples/s, errors=91083)
  rows=593,937  triples=49,725,833  (6 ent/s, 357 triples/s, errors=91087)
  rows=593,971  triples=49,727,893  (6 ent/s, 357 triples/s, errors=91109)
  rows=594,001  triples=49,729,882  (6 ent/s, 357 triples/s, errors=91111)
  rows=594,028  triples=49,731,934  (6 ent/s, 357 triples/s, errors=91129)
  rows=594,069  triples=49,733,975  (6 ent/s, 357 triples/s, errors=91133)
  rows=594,112  triples=49,736,126  (6 ent/s, 357 triples/s, errors=91136)
  rows=594,146  triples=49,738,422  (6 ent/s, 357 triples/s, errors=91137)
  rows=594,180  triples=49,740,463  (6 ent/s, 357 triples/s, errors=91158)
  rows=594,216  triples=49,742,427  (6 ent/s, 357 triples/s, errors=91170)
  rows=594,255  triples=49,744,467  (6 ent/s, 357 triples/s, errors=91184)
  rows=594,294  triples=49,746,797  (6 ent/s, 357 triples/s, errors=91189)
  rows=594,318  triples=49,748,967  (6 ent/s, 357 triples/s, errors=91196)
  rows=594,347  triples=49,751,090  (6 ent/s, 357 triples/s, errors=91206)
  rows=594,380  triples=49,753,174  (6 ent/s, 357 triples/s, errors=91221)
  rows=594,416  triples=49,754,913  (6 ent/s, 357 triples/s, errors=91229)
  rows=594,445  triples=49,757,041  (6 ent/s, 357 triples/s, errors=91229)
  rows=594,487  triples=49,758,065  (6 ent/s, 357 triples/s, errors=91233)
  rows=594,513  triples=49,760,158  (6 ent/s, 357 triples/s, errors=91241)
  rows=594,549  triples=49,762,302  (6 ent/s, 357 triples/s, errors=91254)
  rows=594,594  triples=49,764,497  (6 ent/s, 357 triples/s, errors=91261)
  rows=594,632  triples=49,766,760  (6 ent/s, 357 triples/s, errors=91270)
  rows=594,677  triples=49,768,765  (6 ent/s, 357 triples/s, errors=91290)
  rows=594,712  triples=49,770,762  (6 ent/s, 357 triples/s, errors=91308)
  rows=594,740  triples=49,772,784  (6 ent/s, 357 triples/s, errors=91313)
  rows=594,772  triples=49,774,822  (6 ent/s, 357 triples/s, errors=91350)
  rows=594,819  triples=49,777,152  (6 ent/s, 357 triples/s, errors=91370)
  rows=594,859  triples=49,779,275  (6 ent/s, 357 triples/s, errors=91378)
  rows=594,904  triples=49,781,381  (6 ent/s, 357 triples/s, errors=91383)
  rows=594,957  triples=49,783,496  (6 ent/s, 357 triples/s, errors=91386)
  rows=594,990  triples=49,785,508  (6 ent/s, 357 triples/s, errors=91458)
  rows=595,017  triples=49,787,440  (6 ent/s, 357 triples/s, errors=91459)
  rows=595,051  triples=49,789,564  (6 ent/s, 357 triples/s, errors=91465)
  rows=595,091  triples=49,791,616  (6 ent/s, 357 triples/s, errors=91487)
  rows=595,126  triples=49,793,645  (6 ent/s, 357 triples/s, errors=91529)
  rows=595,161  triples=49,795,695  (6 ent/s, 357 triples/s, errors=91535)
  rows=595,199  triples=49,797,795  (6 ent/s, 357 triples/s, errors=91550)
  rows=595,233  triples=49,799,920  (6 ent/s, 357 triples/s, errors=91550)
  rows=595,274  triples=49,801,941  (6 ent/s, 357 triples/s, errors=91564)
  rows=595,302  triples=49,804,032  (6 ent/s, 357 triples/s, errors=91580)
  rows=595,335  triples=49,806,085  (6 ent/s, 357 triples/s, errors=91613)
  rows=595,368  triples=49,808,145  (6 ent/s, 357 triples/s, errors=91625)
  rows=595,399  triples=49,810,158  (6 ent/s, 357 triples/s, errors=91636)
  rows=595,428  triples=49,812,348  (6 ent/s, 357 triples/s, errors=91647)
  rows=595,466  triples=49,814,416  (6 ent/s, 357 triples/s, errors=91656)
  rows=595,503  triples=49,816,399  (6 ent/s, 357 triples/s, errors=91677)
  rows=595,541  triples=49,818,500  (6 ent/s, 357 triples/s, errors=91681)
  rows=595,583  triples=49,820,554  (6 ent/s, 357 triples/s, errors=91686)
  rows=595,617  triples=49,822,574  (6 ent/s, 357 triples/s, errors=91692)
  rows=595,665  triples=49,824,625  (6 ent/s, 357 triples/s, errors=91700)
  rows=595,700  triples=49,826,627  (6 ent/s, 357 triples/s, errors=91707)
  rows=595,748  triples=49,828,669  (6 ent/s, 357 triples/s, errors=91710)
  rows=595,797  triples=49,830,697  (6 ent/s, 357 triples/s, errors=91711)
  rows=595,834  triples=49,831,996  (6 ent/s, 357 triples/s, errors=91717)
  rows=595,856  triples=49,834,086  (6 ent/s, 357 triples/s, errors=91718)
  rows=595,893  triples=49,836,116  (6 ent/s, 357 triples/s, errors=91721)
  rows=595,926  triples=49,838,117  (6 ent/s, 357 triples/s, errors=91745)
  rows=595,970  triples=49,840,139  (6 ent/s, 357 triples/s, errors=91753)
  rows=596,001  triples=49,841,495  (6 ent/s, 357 triples/s, errors=91756)
  rows=596,038  triples=49,843,582  (6 ent/s, 357 triples/s, errors=91768)
  rows=596,074  triples=49,845,629  (6 ent/s, 357 triples/s, errors=91773)
  rows=596,115  triples=49,847,745  (6 ent/s, 357 triples/s, errors=91775)
  rows=596,150  triples=49,849,972  (6 ent/s, 357 triples/s, errors=91781)
  rows=596,180  triples=49,852,097  (6 ent/s, 357 triples/s, errors=91791)
  rows=596,215  triples=49,854,400  (6 ent/s, 357 triples/s, errors=91803)
  rows=596,247  triples=49,856,445  (6 ent/s, 357 triples/s, errors=91812)
  rows=596,282  triples=49,858,571  (6 ent/s, 357 triples/s, errors=91842)
  rows=596,305  triples=49,859,604  (6 ent/s, 357 triples/s, errors=91878)
  rows=596,325  triples=49,861,797  (6 ent/s, 357 triples/s, errors=91885)
  rows=596,356  triples=49,863,990  (6 ent/s, 357 triples/s, errors=91889)
  rows=596,370  triples=49,864,979  (6 ent/s, 357 triples/s, errors=91904)
  rows=596,389  triples=49,866,003  (6 ent/s, 357 triples/s, errors=91904)
  rows=596,419  triples=49,867,489  (6 ent/s, 357 triples/s, errors=91904)
  rows=596,461  triples=49,869,607  (6 ent/s, 357 triples/s, errors=91911)
  rows=596,494  triples=49,871,775  (6 ent/s, 357 triples/s, errors=91919)
  rows=596,533  triples=49,873,806  (6 ent/s, 357 triples/s, errors=91933)
  rows=596,569  triples=49,875,833  (6 ent/s, 357 triples/s, errors=91933)
  rows=596,601  triples=49,877,423  (6 ent/s, 357 triples/s, errors=91951)
  rows=596,643  triples=49,879,529  (6 ent/s, 357 triples/s, errors=91973)
  rows=596,687  triples=49,881,546  (6 ent/s, 357 triples/s, errors=91977)
  rows=596,737  triples=49,883,616  (6 ent/s, 357 triples/s, errors=91977)
  rows=596,770  triples=49,885,657  (6 ent/s, 357 triples/s, errors=91998)
  rows=596,801  triples=49,887,913  (6 ent/s, 357 triples/s, errors=92025)
  rows=596,842  triples=49,890,026  (6 ent/s, 357 triples/s, errors=92030)
  rows=596,884  triples=49,892,029  (6 ent/s, 357 triples/s, errors=92051)
  rows=596,927  triples=49,894,068  (6 ent/s, 357 triples/s, errors=92052)
  rows=596,963  triples=49,896,115  (6 ent/s, 357 triples/s, errors=92069)
  rows=597,001  triples=49,897,869  (6 ent/s, 357 triples/s, errors=92070)
  rows=597,032  triples=49,900,052  (6 ent/s, 357 triples/s, errors=92076)
  rows=597,068  triples=49,902,208  (6 ent/s, 357 triples/s, errors=92084)
  rows=597,108  triples=49,904,399  (6 ent/s, 357 triples/s, errors=92084)
  rows=597,147  triples=49,906,467  (6 ent/s, 357 triples/s, errors=92088)
  rows=597,182  triples=49,908,799  (6 ent/s, 357 triples/s, errors=92088)
  rows=597,201  triples=49,910,003  (6 ent/s, 357 triples/s, errors=92103)
  rows=597,229  triples=49,912,005  (6 ent/s, 357 triples/s, errors=92107)
  rows=597,266  triples=49,914,056  (6 ent/s, 357 triples/s, errors=92110)
  rows=597,307  triples=49,916,135  (6 ent/s, 357 triples/s, errors=92113)
  rows=597,342  triples=49,918,144  (6 ent/s, 357 triples/s, errors=92115)
  rows=597,383  triples=49,920,173  (6 ent/s, 357 triples/s, errors=92126)
  rows=597,420  triples=49,921,993  (6 ent/s, 357 triples/s, errors=92126)
  rows=597,452  triples=49,924,051  (6 ent/s, 357 triples/s, errors=92137)
  rows=597,483  triples=49,926,442  (6 ent/s, 357 triples/s, errors=92228)
  rows=597,519  triples=49,928,516  (6 ent/s, 357 triples/s, errors=92230)
  rows=597,557  triples=49,930,553  (6 ent/s, 357 triples/s, errors=92238)
  rows=597,589  triples=49,932,635  (6 ent/s, 357 triples/s, errors=92240)
  rows=597,620  triples=49,934,205  (6 ent/s, 357 triples/s, errors=92241)
  rows=597,648  triples=49,936,309  (6 ent/s, 357 triples/s, errors=92241)
  rows=597,689  triples=49,938,407  (6 ent/s, 357 triples/s, errors=92280)
  rows=597,730  triples=49,940,506  (6 ent/s, 357 triples/s, errors=92302)
  rows=597,766  triples=49,942,575  (6 ent/s, 357 triples/s, errors=92305)
  rows=597,801  triples=49,944,006  (6 ent/s, 357 triples/s, errors=92305)
  rows=597,846  triples=49,946,128  (6 ent/s, 357 triples/s, errors=92307)
  rows=597,884  triples=49,948,200  (6 ent/s, 357 triples/s, errors=92310)
  rows=597,922  triples=49,950,195  (6 ent/s, 357 triples/s, errors=92323)
  rows=597,957  triples=49,952,193  (6 ent/s, 357 triples/s, errors=92343)
  rows=597,984  triples=49,954,197  (6 ent/s, 357 triples/s, errors=92343)
  rows=598,013  triples=49,955,471  (6 ent/s, 357 triples/s, errors=92346)
  rows=598,029  triples=49,957,525  (6 ent/s, 357 triples/s, errors=92355)
  rows=598,070  triples=49,959,601  (6 ent/s, 357 triples/s, errors=92383)
  rows=598,104  triples=49,961,612  (6 ent/s, 357 triples/s, errors=92389)
  rows=598,123  triples=49,962,623  (6 ent/s, 357 triples/s, errors=92391)
  rows=598,160  triples=49,964,690  (6 ent/s, 357 triples/s, errors=92393)
  rows=598,193  triples=49,966,897  (6 ent/s, 357 triples/s, errors=92395)
  rows=598,214  triples=49,968,247  (6 ent/s, 357 triples/s, errors=92413)
  rows=598,253  triples=49,970,336  (6 ent/s, 357 triples/s, errors=92422)
  rows=598,286  triples=49,972,430  (6 ent/s, 357 triples/s, errors=92422)
  rows=598,323  triples=49,974,433  (6 ent/s, 357 triples/s, errors=92435)
  rows=598,354  triples=49,976,399  (6 ent/s, 357 triples/s, errors=92479)
  rows=598,384  triples=49,978,522  (6 ent/s, 357 triples/s, errors=92480)
  rows=598,419  triples=49,980,829  (6 ent/s, 357 triples/s, errors=92481)
  rows=598,447  triples=49,982,888  (6 ent/s, 357 triples/s, errors=92524)
  rows=598,474  triples=49,985,045  (6 ent/s, 357 triples/s, errors=92538)
  rows=598,506  triples=49,987,090  (6 ent/s, 357 triples/s, errors=92540)
  rows=598,541  triples=49,989,141  (6 ent/s, 357 triples/s, errors=92540)
  rows=598,579  triples=49,991,488  (6 ent/s, 357 triples/s, errors=92541)
  rows=598,628  triples=49,993,386  (6 ent/s, 357 triples/s, errors=92551)
  rows=598,666  triples=49,995,465  (6 ent/s, 357 triples/s, errors=92551)
  rows=598,699  triples=49,997,508  (6 ent/s, 357 triples/s, errors=92577)
  rows=598,736  triples=49,999,514  (6 ent/s, 357 triples/s, errors=92596)

[TARGET] Reached 50,000,000 triples. Stopping.

=== Import complete ===
Rows consumed:       598,752
Triples inserted:    50,000,521
Per-line errors:     92,601  (mostly duplicates on resume)
Time:                47996s
State saved to loka-data-cron-c1\import_state.json
