[OK] Loka is running
[RESUME] Skipping first 9,647 rows; resuming from 2,000,191 triples already inserted
Loading dataset 'philippesaade/wikidata' (split=train, streaming)...
Skipping 9,647 rows from previous state...
  ... skipped 5,000

--- Streaming entities; target 100,000,000 triples ---

  rows=9,665  triples=2,003,435  (3 ent/s, 505 triples/s, errors=5)
  rows=9,689  triples=2,006,796  (3 ent/s, 514 triples/s, errors=29)
  rows=9,710  triples=2,010,044  (3 ent/s, 512 triples/s, errors=59)
  rows=9,729  triples=2,013,345  (3 ent/s, 511 triples/s, errors=63)
  rows=9,750  triples=2,017,111  (3 ent/s, 524 triples/s, errors=63)
  rows=9,766  triples=2,020,483  (3 ent/s, 524 triples/s, errors=117)
  rows=9,786  triples=2,024,031  (3 ent/s, 527 triples/s, errors=121)
  rows=9,810  triples=2,028,858  (3 ent/s, 554 triples/s, errors=143)
  rows=9,827  triples=2,032,658  (3 ent/s, 557 triples/s, errors=244)
  rows=9,847  triples=2,035,966  (3 ent/s, 553 triples/s, errors=290)
  rows=9,869  triples=2,039,222  (3 ent/s, 549 triples/s, errors=320)
  rows=9,887  triples=2,042,619  (3 ent/s, 547 triples/s, errors=327)
  rows=9,911  triples=2,045,842  (3 ent/s, 543 triples/s, errors=362)
  rows=9,935  triples=2,049,907  (3 ent/s, 549 triples/s, errors=500)
  rows=9,954  triples=2,053,531  (3 ent/s, 550 triples/s, errors=528)
  rows=9,976  triples=2,057,018  (3 ent/s, 550 triples/s, errors=578)
  rows=9,995  triples=2,060,383  (3 ent/s, 548 triples/s, errors=616)
  rows=10,012  triples=2,064,124  (3 ent/s, 549 triples/s, errors=665)
  rows=10,031  triples=2,067,501  (3 ent/s, 548 triples/s, errors=682)
  rows=10,052  triples=2,070,945  (3 ent/s, 547 triples/s, errors=724)
  rows=10,074  triples=2,074,144  (3 ent/s, 545 triples/s, errors=764)
  rows=10,095  triples=2,077,782  (3 ent/s, 546 triples/s, errors=821)
  rows=10,120  triples=2,082,202  (3 ent/s, 550 triples/s, errors=2940)
  rows=10,139  triples=2,085,211  (3 ent/s, 547 triples/s, errors=2980)
  rows=10,159  triples=2,088,578  (3 ent/s, 546 triples/s, errors=3076)
  rows=10,183  triples=2,091,989  (3 ent/s, 545 triples/s, errors=3085)
  rows=10,201  triples=2,094,135  (3 ent/s, 538 triples/s, errors=3099)
  rows=10,219  triples=2,097,277  (3 ent/s, 536 triples/s, errors=3137)
  rows=10,237  triples=2,100,592  (3 ent/s, 535 triples/s, errors=3178)
  rows=10,260  triples=2,103,965  (3 ent/s, 535 triples/s, errors=3247)
  rows=10,283  triples=2,107,291  (3 ent/s, 534 triples/s, errors=3264)
  rows=10,303  triples=2,110,387  (3 ent/s, 532 triples/s, errors=3338)
  rows=10,326  triples=2,113,734  (3 ent/s, 532 triples/s, errors=3398)
  rows=10,348  triples=2,117,179  (3 ent/s, 532 triples/s, errors=3434)
  rows=10,373  triples=2,120,582  (3 ent/s, 531 triples/s, errors=3509)
  rows=10,398  triples=2,123,827  (3 ent/s, 531 triples/s, errors=3565)
  rows=10,417  triples=2,126,231  (3 ent/s, 526 triples/s, errors=3589)
  rows=10,440  triples=2,129,673  (3 ent/s, 527 triples/s, errors=3632)
  rows=10,458  triples=2,132,802  (3 ent/s, 526 triples/s, errors=3668)
  rows=10,482  triples=2,135,918  (3 ent/s, 525 triples/s, errors=3680)
  rows=10,503  triples=2,139,101  (3 ent/s, 524 triples/s, errors=3727)
  rows=10,521  triples=2,142,177  (3 ent/s, 523 triples/s, errors=3749)
  rows=10,544  triples=2,145,533  (3 ent/s, 523 triples/s, errors=3836)
  rows=10,565  triples=2,148,942  (3 ent/s, 523 triples/s, errors=3893)
  rows=10,586  triples=2,152,042  (3 ent/s, 522 triples/s, errors=3939)
  rows=10,608  triples=2,154,608  (3 ent/s, 519 triples/s, errors=3949)
  rows=10,630  triples=2,157,736  (3 ent/s, 519 triples/s, errors=3968)
  rows=10,656  triples=2,160,838  (3 ent/s, 518 triples/s, errors=3980)
  rows=10,678  triples=2,164,118  (3 ent/s, 518 triples/s, errors=4038)
  rows=10,700  triples=2,167,274  (3 ent/s, 517 triples/s, errors=4075)
  rows=10,723  triples=2,170,532  (3 ent/s, 517 triples/s, errors=4098)
  rows=10,737  triples=2,173,492  (3 ent/s, 516 triples/s, errors=4354)
  rows=10,763  triples=2,176,629  (3 ent/s, 516 triples/s, errors=4398)
  rows=10,783  triples=2,179,898  (3 ent/s, 515 triples/s, errors=4450)
  rows=10,801  triples=2,182,423  (3 ent/s, 513 triples/s, errors=4469)
  rows=10,820  triples=2,185,688  (3 ent/s, 513 triples/s, errors=4622)
  rows=10,840  triples=2,188,846  (3 ent/s, 513 triples/s, errors=4689)
  rows=10,859  triples=2,191,875  (3 ent/s, 512 triples/s, errors=4748)
  rows=10,880  triples=2,195,045  (3 ent/s, 512 triples/s, errors=4904)
  rows=10,902  triples=2,198,520  (3 ent/s, 512 triples/s, errors=4955)
  rows=10,909  triples=2,198,520  (3 ent/s, 463 triples/s, errors=4955)
  rows=10,924  triples=2,201,611  (3 ent/s, 463 triples/s, errors=5069)
  rows=10,945  triples=2,204,597  (3 ent/s, 463 triples/s, errors=5187)
  rows=10,968  triples=2,207,768  (3 ent/s, 463 triples/s, errors=5209)
  rows=10,990  triples=2,211,139  (3 ent/s, 464 triples/s, errors=5236)
  rows=11,013  triples=2,214,426  (3 ent/s, 464 triples/s, errors=5253)
  rows=11,041  triples=2,217,575  (3 ent/s, 465 triples/s, errors=5292)
  rows=11,065  triples=2,221,096  (3 ent/s, 466 triples/s, errors=5361)
  rows=11,083  triples=2,224,239  (3 ent/s, 466 triples/s, errors=5413)
  rows=11,111  triples=2,227,765  (3 ent/s, 467 triples/s, errors=5442)
  rows=11,131  triples=2,231,056  (3 ent/s, 468 triples/s, errors=5481)
  rows=11,156  triples=2,234,302  (3 ent/s, 468 triples/s, errors=5494)
  rows=11,178  triples=2,237,355  (3 ent/s, 468 triples/s, errors=5531)
  rows=11,201  triples=2,240,292  (3 ent/s, 468 triples/s, errors=5550)
  rows=11,220  triples=2,243,743  (3 ent/s, 469 triples/s, errors=5585)
  rows=11,249  triples=2,247,170  (3 ent/s, 470 triples/s, errors=5605)
  rows=11,268  triples=2,250,649  (3 ent/s, 470 triples/s, errors=5830)
  rows=11,291  triples=2,253,722  (3 ent/s, 471 triples/s, errors=5918)
  rows=11,312  triples=2,257,012  (3 ent/s, 471 triples/s, errors=5967)
  rows=11,333  triples=2,260,170  (3 ent/s, 471 triples/s, errors=6011)
  rows=11,353  triples=2,263,239  (3 ent/s, 471 triples/s, errors=6037)
  rows=11,377  triples=2,266,435  (3 ent/s, 472 triples/s, errors=6053)
  rows=11,395  triples=2,269,851  (3 ent/s, 472 triples/s, errors=6101)
  rows=11,414  triples=2,272,604  (3 ent/s, 472 triples/s, errors=6127)
  rows=11,440  triples=2,275,882  (3 ent/s, 472 triples/s, errors=6165)
  rows=11,465  triples=2,279,017  (3 ent/s, 472 triples/s, errors=6195)
  rows=11,487  triples=2,282,754  (3 ent/s, 474 triples/s, errors=6270)
  rows=11,512  triples=2,285,990  (3 ent/s, 474 triples/s, errors=6306)
  rows=11,532  triples=2,289,216  (3 ent/s, 474 triples/s, errors=6362)
  rows=11,553  triples=2,292,340  (3 ent/s, 474 triples/s, errors=6401)
  rows=11,576  triples=2,295,586  (3 ent/s, 475 triples/s, errors=6450)
  rows=11,598  triples=2,299,011  (3 ent/s, 475 triples/s, errors=6600)
  rows=11,616  triples=2,302,046  (3 ent/s, 475 triples/s, errors=6630)
  rows=11,641  triples=2,305,305  (3 ent/s, 475 triples/s, errors=6660)
  rows=11,667  triples=2,308,398  (3 ent/s, 475 triples/s, errors=6706)
  rows=11,687  triples=2,311,475  (3 ent/s, 475 triples/s, errors=6749)
  rows=11,711  triples=2,314,778  (3 ent/s, 476 triples/s, errors=6769)
  rows=11,734  triples=2,318,188  (3 ent/s, 476 triples/s, errors=6816)
  rows=11,755  triples=2,321,355  (3 ent/s, 476 triples/s, errors=6933)
  rows=11,779  triples=2,324,484  (3 ent/s, 477 triples/s, errors=6951)
  rows=11,801  triples=2,327,153  (3 ent/s, 476 triples/s, errors=6997)
  rows=11,826  triples=2,330,514  (3 ent/s, 476 triples/s, errors=7021)
  rows=11,851  triples=2,333,989  (3 ent/s, 477 triples/s, errors=7045)
  rows=11,874  triples=2,337,263  (3 ent/s, 477 triples/s, errors=7051)
  rows=11,900  triples=2,340,403  (3 ent/s, 477 triples/s, errors=7071)
  rows=11,927  triples=2,343,693  (3 ent/s, 478 triples/s, errors=7083)
  rows=11,955  triples=2,346,921  (3 ent/s, 478 triples/s, errors=7147)
  rows=11,978  triples=2,350,586  (3 ent/s, 479 triples/s, errors=7152)
  rows=12,001  triples=2,353,295  (3 ent/s, 478 triples/s, errors=7193)
  rows=12,022  triples=2,356,514  (3 ent/s, 478 triples/s, errors=7247)
  rows=12,046  triples=2,359,888  (3 ent/s, 479 triples/s, errors=7265)
  rows=12,069  triples=2,363,302  (3 ent/s, 479 triples/s, errors=7294)
  rows=12,086  triples=2,366,714  (3 ent/s, 480 triples/s, errors=7382)
  rows=12,106  triples=2,369,934  (3 ent/s, 480 triples/s, errors=7417)
  rows=12,128  triples=2,373,224  (3 ent/s, 480 triples/s, errors=7449)
  rows=12,152  triples=2,376,728  (3 ent/s, 481 triples/s, errors=7463)
  rows=12,175  triples=2,380,138  (3 ent/s, 481 triples/s, errors=7478)
  rows=12,196  triples=2,383,760  (3 ent/s, 482 triples/s, errors=7512)
  rows=12,210  triples=2,386,866  (3 ent/s, 482 triples/s, errors=7522)
  rows=12,235  triples=2,390,218  (3 ent/s, 482 triples/s, errors=7537)
  rows=12,259  triples=2,393,552  (3 ent/s, 482 triples/s, errors=7541)
  rows=12,280  triples=2,396,883  (3 ent/s, 483 triples/s, errors=7590)
  rows=12,301  triples=2,400,195  (3 ent/s, 483 triples/s, errors=7625)
  rows=12,320  triples=2,403,332  (3 ent/s, 483 triples/s, errors=7655)
  rows=12,339  triples=2,406,442  (3 ent/s, 483 triples/s, errors=7679)
  rows=12,360  triples=2,409,598  (3 ent/s, 483 triples/s, errors=7721)
  rows=12,386  triples=2,412,876  (3 ent/s, 483 triples/s, errors=7747)
  rows=12,401  triples=2,415,328  (3 ent/s, 482 triples/s, errors=7754)
  rows=12,419  triples=2,418,670  (3 ent/s, 483 triples/s, errors=7791)
  rows=12,440  triples=2,422,050  (3 ent/s, 483 triples/s, errors=7808)
  rows=12,461  triples=2,425,899  (3 ent/s, 484 triples/s, errors=7833)
  rows=12,480  triples=2,429,288  (3 ent/s, 484 triples/s, errors=7847)
  rows=12,497  triples=2,432,554  (3 ent/s, 484 triples/s, errors=7849)
  rows=12,509  triples=2,436,104  (3 ent/s, 485 triples/s, errors=7901)
  rows=12,529  triples=2,439,520  (3 ent/s, 485 triples/s, errors=7914)
  rows=12,547  triples=2,442,841  (3 ent/s, 485 triples/s, errors=7937)
  rows=12,563  triples=2,446,701  (3 ent/s, 486 triples/s, errors=8017)
  rows=12,577  triples=2,449,874  (3 ent/s, 486 triples/s, errors=8068)
  rows=12,599  triples=2,453,198  (3 ent/s, 486 triples/s, errors=8092)
  rows=12,618  triples=2,455,389  (3 ent/s, 485 triples/s, errors=8110)
  rows=12,635  triples=2,458,486  (3 ent/s, 485 triples/s, errors=8296)
  rows=12,654  triples=2,461,692  (3 ent/s, 486 triples/s, errors=8331)
  rows=12,672  triples=2,465,109  (3 ent/s, 486 triples/s, errors=8397)
  rows=12,691  triples=2,468,404  (3 ent/s, 486 triples/s, errors=8430)
  rows=12,708  triples=2,471,637  (3 ent/s, 486 triples/s, errors=8473)
  rows=12,727  triples=2,474,800  (3 ent/s, 471 triples/s, errors=8523)
  rows=12,744  triples=2,477,941  (3 ent/s, 471 triples/s, errors=8546)
  rows=12,764  triples=2,481,533  (3 ent/s, 471 triples/s, errors=8595)
  rows=12,781  triples=2,485,058  (3 ent/s, 472 triples/s, errors=8631)
  rows=12,801  triples=2,487,731  (3 ent/s, 472 triples/s, errors=8649)
  rows=12,815  triples=2,490,924  (3 ent/s, 472 triples/s, errors=8719)
  rows=12,833  triples=2,494,140  (3 ent/s, 472 triples/s, errors=8782)
  rows=12,852  triples=2,497,356  (3 ent/s, 472 triples/s, errors=8913)
  rows=12,874  triples=2,500,424  (3 ent/s, 472 triples/s, errors=8932)
  rows=12,895  triples=2,503,656  (3 ent/s, 472 triples/s, errors=8988)
  rows=12,912  triples=2,506,827  (3 ent/s, 472 triples/s, errors=9058)
  rows=12,933  triples=2,510,030  (3 ent/s, 473 triples/s, errors=9083)
  rows=12,951  triples=2,513,509  (3 ent/s, 473 triples/s, errors=9114)
  rows=12,972  triples=2,517,055  (3 ent/s, 473 triples/s, errors=9167)
  rows=12,990  triples=2,520,453  (3 ent/s, 474 triples/s, errors=9238)
  rows=13,008  triples=2,523,022  (3 ent/s, 473 triples/s, errors=9264)
  rows=13,024  triples=2,526,944  (3 ent/s, 474 triples/s, errors=9378)
  rows=13,045  triples=2,530,188  (3 ent/s, 474 triples/s, errors=9412)
  rows=13,069  triples=2,533,364  (3 ent/s, 474 triples/s, errors=9432)
  rows=13,087  triples=2,536,478  (3 ent/s, 474 triples/s, errors=9480)
  rows=13,105  triples=2,539,963  (3 ent/s, 475 triples/s, errors=9692)
  rows=13,126  triples=2,543,060  (3 ent/s, 475 triples/s, errors=9715)
  rows=13,147  triples=2,546,382  (3 ent/s, 475 triples/s, errors=9726)
  rows=13,159  triples=2,549,571  (3 ent/s, 475 triples/s, errors=9829)
  rows=13,181  triples=2,552,604  (3 ent/s, 475 triples/s, errors=9861)
  rows=13,201  triples=2,555,181  (3 ent/s, 475 triples/s, errors=9863)
  rows=13,222  triples=2,558,534  (3 ent/s, 475 triples/s, errors=9872)
  rows=13,243  triples=2,561,884  (3 ent/s, 475 triples/s, errors=9894)
  rows=13,263  triples=2,564,975  (3 ent/s, 475 triples/s, errors=9946)
  rows=13,280  triples=2,568,178  (3 ent/s, 475 triples/s, errors=9999)
  rows=13,302  triples=2,571,509  (3 ent/s, 476 triples/s, errors=10033)
  rows=13,327  triples=2,574,654  (3 ent/s, 476 triples/s, errors=10045)
  rows=13,354  triples=2,578,125  (3 ent/s, 476 triples/s, errors=10058)
  rows=13,380  triples=2,581,143  (3 ent/s, 476 triples/s, errors=10087)
  rows=13,401  triples=2,583,782  (3 ent/s, 476 triples/s, errors=10101)
  rows=13,425  triples=2,586,956  (3 ent/s, 476 triples/s, errors=10114)
  rows=13,453  triples=2,590,391  (3 ent/s, 476 triples/s, errors=10116)
  rows=13,481  triples=2,593,655  (3 ent/s, 476 triples/s, errors=10133)
  rows=13,507  triples=2,596,920  (3 ent/s, 476 triples/s, errors=10151)
  rows=13,528  triples=2,600,104  (3 ent/s, 477 triples/s, errors=10180)
  rows=13,548  triples=2,603,236  (3 ent/s, 477 triples/s, errors=10190)
  rows=13,573  triples=2,606,368  (3 ent/s, 477 triples/s, errors=10204)
  rows=13,591  triples=2,609,571  (3 ent/s, 477 triples/s, errors=10217)
  rows=13,608  triples=2,611,866  (3 ent/s, 476 triples/s, errors=10225)
  rows=13,630  triples=2,614,994  (3 ent/s, 476 triples/s, errors=10233)
  rows=13,657  triples=2,618,200  (3 ent/s, 476 triples/s, errors=10254)
  rows=13,684  triples=2,621,399  (3 ent/s, 476 triples/s, errors=10271)
  rows=13,707  triples=2,624,588  (3 ent/s, 477 triples/s, errors=10284)
  rows=13,728  triples=2,627,879  (3 ent/s, 477 triples/s, errors=10293)
  rows=13,753  triples=2,631,363  (3 ent/s, 477 triples/s, errors=10307)
  rows=13,777  triples=2,634,524  (3 ent/s, 477 triples/s, errors=10337)
  rows=13,798  triples=2,637,887  (3 ent/s, 477 triples/s, errors=10358)
  rows=13,816  triples=2,640,030  (3 ent/s, 477 triples/s, errors=10369)
  rows=13,838  triples=2,643,407  (3 ent/s, 477 triples/s, errors=10392)
  rows=13,863  triples=2,646,563  (3 ent/s, 477 triples/s, errors=10425)
  rows=13,885  triples=2,649,789  (3 ent/s, 477 triples/s, errors=10451)
  rows=13,911  triples=2,653,105  (3 ent/s, 477 triples/s, errors=10468)
  rows=13,930  triples=2,656,360  (3 ent/s, 477 triples/s, errors=10550)
  rows=13,954  triples=2,659,761  (3 ent/s, 478 triples/s, errors=10557)
  rows=13,981  triples=2,662,889  (3 ent/s, 478 triples/s, errors=10573)
  rows=14,001  triples=2,665,221  (3 ent/s, 477 triples/s, errors=10583)
  rows=14,023  triples=2,668,538  (3 ent/s, 477 triples/s, errors=10601)
  rows=14,044  triples=2,671,730  (3 ent/s, 477 triples/s, errors=10620)
  rows=14,069  triples=2,674,927  (3 ent/s, 478 triples/s, errors=10653)
  rows=14,095  triples=2,678,070  (3 ent/s, 478 triples/s, errors=10664)
  rows=14,119  triples=2,681,625  (3 ent/s, 478 triples/s, errors=10701)
  rows=14,146  triples=2,684,869  (3 ent/s, 478 triples/s, errors=10708)
  rows=14,167  triples=2,688,103  (3 ent/s, 478 triples/s, errors=10720)
  rows=14,191  triples=2,691,328  (3 ent/s, 478 triples/s, errors=10748)
  rows=14,209  triples=2,694,389  (3 ent/s, 478 triples/s, errors=10778)
  rows=14,237  triples=2,697,587  (3 ent/s, 478 triples/s, errors=10791)
  rows=14,262  triples=2,700,839  (3 ent/s, 478 triples/s, errors=10799)
  rows=14,289  triples=2,703,959  (3 ent/s, 478 triples/s, errors=10812)
  rows=14,314  triples=2,707,158  (3 ent/s, 479 triples/s, errors=10832)
  rows=14,338  triples=2,710,219  (3 ent/s, 479 triples/s, errors=10845)
  rows=14,364  triples=2,713,385  (3 ent/s, 479 triples/s, errors=10862)
  rows=14,389  triples=2,716,447  (3 ent/s, 479 triples/s, errors=10903)
  rows=14,411  triples=2,718,795  (3 ent/s, 478 triples/s, errors=10904)
  rows=14,437  triples=2,722,184  (3 ent/s, 478 triples/s, errors=10914)
  rows=14,458  triples=2,725,649  (3 ent/s, 479 triples/s, errors=10950)
  rows=14,483  triples=2,728,807  (3 ent/s, 479 triples/s, errors=10956)
  rows=14,506  triples=2,731,934  (3 ent/s, 479 triples/s, errors=10989)
  rows=14,530  triples=2,735,206  (3 ent/s, 479 triples/s, errors=11023)
  rows=14,545  triples=2,736,264  (3 ent/s, 469 triples/s, errors=11025)
  rows=14,565  triples=2,739,522  (3 ent/s, 470 triples/s, errors=11044)
  rows=14,589  triples=2,742,967  (3 ent/s, 470 triples/s, errors=11071)
  rows=14,605  triples=2,745,635  (3 ent/s, 470 triples/s, errors=11114)
  rows=14,625  triples=2,748,719  (3 ent/s, 470 triples/s, errors=11155)
  rows=14,655  triples=2,751,958  (3 ent/s, 470 triples/s, errors=11160)
  rows=14,682  triples=2,755,126  (3 ent/s, 470 triples/s, errors=11178)
  rows=14,706  triples=2,758,363  (3 ent/s, 470 triples/s, errors=11279)
  rows=14,732  triples=2,761,504  (3 ent/s, 470 triples/s, errors=11299)
  rows=14,751  triples=2,765,065  (3 ent/s, 470 triples/s, errors=11345)
  rows=14,781  triples=2,768,503  (3 ent/s, 471 triples/s, errors=11359)
  rows=14,801  triples=2,771,016  (3 ent/s, 470 triples/s, errors=11397)
  rows=14,822  triples=2,774,298  (3 ent/s, 471 triples/s, errors=11444)
  rows=14,844  triples=2,777,565  (3 ent/s, 471 triples/s, errors=11472)
  rows=14,864  triples=2,780,738  (3 ent/s, 471 triples/s, errors=11486)
  rows=14,891  triples=2,783,926  (3 ent/s, 471 triples/s, errors=11497)
  rows=14,908  triples=2,787,133  (3 ent/s, 471 triples/s, errors=11541)
  rows=14,930  triples=2,790,423  (3 ent/s, 471 triples/s, errors=11597)
  rows=14,953  triples=2,793,600  (3 ent/s, 471 triples/s, errors=11653)
  rows=14,976  triples=2,796,723  (3 ent/s, 471 triples/s, errors=11672)
  rows=15,001  triples=2,799,621  (3 ent/s, 471 triples/s, errors=11675)
  rows=15,028  triples=2,803,616  (3 ent/s, 472 triples/s, errors=11766)
  rows=15,052  triples=2,806,888  (3 ent/s, 472 triples/s, errors=11781)
  rows=15,078  triples=2,810,382  (3 ent/s, 472 triples/s, errors=11784)
  rows=15,100  triples=2,813,927  (3 ent/s, 472 triples/s, errors=11790)
  rows=15,120  triples=2,817,238  (3 ent/s, 472 triples/s, errors=11828)
  rows=15,142  triples=2,820,563  (3 ent/s, 473 triples/s, errors=11857)
  rows=15,165  triples=2,823,736  (3 ent/s, 473 triples/s, errors=11872)
  rows=15,195  triples=2,827,067  (3 ent/s, 473 triples/s, errors=11879)
  rows=15,218  triples=2,830,299  (3 ent/s, 473 triples/s, errors=11901)
  rows=15,248  triples=2,833,784  (3 ent/s, 473 triples/s, errors=11918)
  rows=15,269  triples=2,837,235  (3 ent/s, 473 triples/s, errors=11934)
  rows=15,289  triples=2,840,772  (3 ent/s, 474 triples/s, errors=11942)
  rows=15,304  triples=2,844,065  (3 ent/s, 474 triples/s, errors=11984)
  rows=15,329  triples=2,847,213  (3 ent/s, 474 triples/s, errors=11994)
  rows=15,348  triples=2,850,766  (3 ent/s, 474 triples/s, errors=12019)
  rows=15,370  triples=2,854,748  (3 ent/s, 475 triples/s, errors=12063)
  rows=15,393  triples=2,857,885  (3 ent/s, 475 triples/s, errors=12065)
  rows=15,406  triples=2,860,444  (3 ent/s, 474 triples/s, errors=12078)
  rows=15,428  triples=2,863,938  (3 ent/s, 475 triples/s, errors=12145)
  rows=15,447  triples=2,866,968  (3 ent/s, 475 triples/s, errors=12167)
  rows=15,465  triples=2,870,320  (3 ent/s, 475 triples/s, errors=12214)
  rows=15,487  triples=2,873,783  (3 ent/s, 475 triples/s, errors=12282)
  rows=15,507  triples=2,877,681  (3 ent/s, 476 triples/s, errors=12295)
  rows=15,528  triples=2,881,276  (3 ent/s, 476 triples/s, errors=12328)
  rows=15,550  triples=2,884,655  (3 ent/s, 476 triples/s, errors=12359)
  rows=15,574  triples=2,887,924  (3 ent/s, 476 triples/s, errors=12386)
  rows=15,596  triples=2,891,080  (3 ent/s, 476 triples/s, errors=12396)
  rows=15,616  triples=2,893,817  (3 ent/s, 476 triples/s, errors=12444)
  rows=15,635  triples=2,897,213  (3 ent/s, 476 triples/s, errors=12457)
  rows=15,658  triples=2,900,369  (3 ent/s, 476 triples/s, errors=12495)
  rows=15,680  triples=2,903,682  (3 ent/s, 476 triples/s, errors=12509)
  rows=15,697  triples=2,907,051  (3 ent/s, 476 triples/s, errors=12517)
  rows=15,723  triples=2,911,574  (3 ent/s, 477 triples/s, errors=12522)
  rows=15,745  triples=2,914,830  (3 ent/s, 477 triples/s, errors=12529)
  rows=15,765  triples=2,918,061  (3 ent/s, 477 triples/s, errors=12548)
  rows=15,785  triples=2,921,463  (3 ent/s, 477 triples/s, errors=12652)
  rows=15,809  triples=2,924,523  (3 ent/s, 477 triples/s, errors=12673)
  rows=15,829  triples=2,927,849  (3 ent/s, 478 triples/s, errors=12674)
  rows=15,845  triples=2,931,337  (3 ent/s, 478 triples/s, errors=12684)
  rows=15,860  triples=2,934,410  (3 ent/s, 478 triples/s, errors=12717)
  rows=15,879  triples=2,937,721  (3 ent/s, 478 triples/s, errors=12724)
  rows=15,896  triples=2,941,393  (3 ent/s, 478 triples/s, errors=12727)
  rows=15,912  triples=2,944,484  (3 ent/s, 478 triples/s, errors=12754)
  rows=15,930  triples=2,947,860  (3 ent/s, 478 triples/s, errors=12815)
  rows=15,949  triples=2,951,258  (3 ent/s, 478 triples/s, errors=12826)
  rows=15,971  triples=2,954,565  (3 ent/s, 479 triples/s, errors=12830)
  rows=15,989  triples=2,957,806  (3 ent/s, 479 triples/s, errors=12906)
  rows=16,007  triples=2,961,186  (3 ent/s, 479 triples/s, errors=12913)
  rows=16,022  triples=2,964,423  (3 ent/s, 479 triples/s, errors=12938)
  rows=16,041  triples=2,967,768  (3 ent/s, 479 triples/s, errors=12950)
  rows=16,061  triples=2,971,037  (3 ent/s, 479 triples/s, errors=12966)
  rows=16,077  triples=2,974,412  (3 ent/s, 479 triples/s, errors=13000)
  rows=16,088  triples=2,977,915  (3 ent/s, 479 triples/s, errors=13047)
  rows=16,105  triples=2,981,034  (3 ent/s, 479 triples/s, errors=13071)
  rows=16,128  triples=2,985,041  (3 ent/s, 480 triples/s, errors=13131)
  rows=16,148  triples=2,988,185  (3 ent/s, 480 triples/s, errors=13141)
  rows=16,172  triples=2,991,709  (3 ent/s, 480 triples/s, errors=13173)
  rows=16,195  triples=2,995,007  (3 ent/s, 480 triples/s, errors=13222)
  rows=16,206  triples=2,997,178  (3 ent/s, 480 triples/s, errors=13242)
  rows=16,231  triples=3,000,325  (3 ent/s, 480 triples/s, errors=13290)
  rows=16,258  triples=3,003,533  (3 ent/s, 480 triples/s, errors=13294)
  rows=16,280  triples=3,007,220  (3 ent/s, 480 triples/s, errors=13355)
  rows=16,300  triples=3,010,385  (3 ent/s, 480 triples/s, errors=13389)
  rows=16,312  triples=3,013,479  (3 ent/s, 480 triples/s, errors=13586)
  rows=16,338  triples=3,016,678  (3 ent/s, 480 triples/s, errors=13590)
  rows=16,354  triples=3,021,226  (3 ent/s, 481 triples/s, errors=15462)
  rows=16,363  triples=3,022,224  (3 ent/s, 476 triples/s, errors=15466)
  rows=16,387  triples=3,025,603  (3 ent/s, 476 triples/s, errors=15476)
  rows=16,407  triples=3,028,872  (3 ent/s, 476 triples/s, errors=15489)
  rows=16,427  triples=3,032,017  (3 ent/s, 476 triples/s, errors=15504)
  rows=16,449  triples=3,035,413  (3 ent/s, 476 triples/s, errors=15515)
  rows=16,471  triples=3,038,635  (3 ent/s, 476 triples/s, errors=15525)
  rows=16,493  triples=3,042,012  (3 ent/s, 476 triples/s, errors=15531)
  rows=16,512  triples=3,045,291  (3 ent/s, 476 triples/s, errors=15544)
  rows=16,536  triples=3,048,772  (3 ent/s, 477 triples/s, errors=15546)
  rows=16,551  triples=3,051,939  (3 ent/s, 477 triples/s, errors=15562)
  rows=16,575  triples=3,055,326  (3 ent/s, 477 triples/s, errors=15584)
  rows=16,601  triples=3,058,161  (3 ent/s, 477 triples/s, errors=15594)
  rows=16,628  triples=3,061,328  (3 ent/s, 477 triples/s, errors=15604)
  rows=16,651  triples=3,064,785  (3 ent/s, 477 triples/s, errors=15619)
  rows=16,671  triples=3,068,058  (3 ent/s, 477 triples/s, errors=15646)
  rows=16,692  triples=3,071,249  (3 ent/s, 477 triples/s, errors=15652)
  rows=16,708  triples=3,074,883  (3 ent/s, 477 triples/s, errors=15675)
  rows=16,735  triples=3,077,991  (3 ent/s, 477 triples/s, errors=15711)
  rows=16,756  triples=3,081,479  (3 ent/s, 478 triples/s, errors=15738)
  rows=16,780  triples=3,084,785  (3 ent/s, 478 triples/s, errors=15744)
  rows=16,801  triples=3,087,144  (3 ent/s, 477 triples/s, errors=15752)
  rows=16,827  triples=3,090,475  (3 ent/s, 477 triples/s, errors=15756)
  rows=16,849  triples=3,093,525  (3 ent/s, 477 triples/s, errors=15763)
  rows=16,873  triples=3,097,236  (3 ent/s, 478 triples/s, errors=15792)
  rows=16,892  triples=3,100,760  (3 ent/s, 478 triples/s, errors=15797)
  rows=16,918  triples=3,103,891  (3 ent/s, 478 triples/s, errors=15805)
  rows=16,946  triples=3,107,275  (3 ent/s, 478 triples/s, errors=15818)
  rows=16,966  triples=3,110,574  (3 ent/s, 478 triples/s, errors=15827)
  rows=16,993  triples=3,113,741  (3 ent/s, 478 triples/s, errors=15838)
  rows=17,014  triples=3,116,417  (3 ent/s, 478 triples/s, errors=15853)
  rows=17,041  triples=3,119,769  (3 ent/s, 478 triples/s, errors=15853)
  rows=17,067  triples=3,123,323  (3 ent/s, 478 triples/s, errors=15853)
  rows=17,091  triples=3,126,777  (3 ent/s, 478 triples/s, errors=15868)
  rows=17,114  triples=3,129,864  (3 ent/s, 478 triples/s, errors=15869)
  rows=17,132  triples=3,133,295  (3 ent/s, 479 triples/s, errors=15886)
  rows=17,158  triples=3,136,612  (3 ent/s, 479 triples/s, errors=15889)
  rows=17,187  triples=3,139,868  (3 ent/s, 479 triples/s, errors=15901)
  rows=17,205  triples=3,142,805  (3 ent/s, 479 triples/s, errors=15914)
  rows=17,234  triples=3,146,245  (3 ent/s, 479 triples/s, errors=15939)
  rows=17,269  triples=3,149,471  (3 ent/s, 479 triples/s, errors=15944)
  rows=17,302  triples=3,152,799  (3 ent/s, 479 triples/s, errors=15969)
  rows=17,317  triples=3,156,005  (3 ent/s, 479 triples/s, errors=15982)
  rows=17,339  triples=3,159,646  (3 ent/s, 479 triples/s, errors=15992)
  rows=17,366  triples=3,163,222  (3 ent/s, 479 triples/s, errors=16078)
  rows=17,396  triples=3,167,133  (3 ent/s, 480 triples/s, errors=16081)
  rows=17,413  triples=3,169,524  (3 ent/s, 480 triples/s, errors=16122)
  rows=17,439  triples=3,172,821  (3 ent/s, 480 triples/s, errors=16132)
  rows=17,456  triples=3,176,531  (3 ent/s, 480 triples/s, errors=16360)
  rows=17,473  triples=3,179,784  (3 ent/s, 480 triples/s, errors=16405)
  rows=17,497  triples=3,183,105  (3 ent/s, 480 triples/s, errors=16406)
  rows=17,524  triples=3,186,761  (3 ent/s, 480 triples/s, errors=16453)
  rows=17,545  triples=3,189,929  (3 ent/s, 480 triples/s, errors=16464)
  rows=17,572  triples=3,193,505  (3 ent/s, 480 triples/s, errors=16476)
  rows=17,598  triples=3,196,962  (3 ent/s, 481 triples/s, errors=16493)
  rows=17,616  triples=3,199,747  (3 ent/s, 480 triples/s, errors=16500)
  rows=17,643  triples=3,202,906  (3 ent/s, 481 triples/s, errors=16513)
  rows=17,665  triples=3,206,242  (3 ent/s, 481 triples/s, errors=16529)
  rows=17,682  triples=3,209,422  (3 ent/s, 481 triples/s, errors=16530)
  rows=17,702  triples=3,212,774  (3 ent/s, 481 triples/s, errors=16536)
  rows=17,720  triples=3,217,149  (3 ent/s, 481 triples/s, errors=16563)
  rows=17,746  triples=3,220,979  (3 ent/s, 482 triples/s, errors=16564)
  rows=17,762  triples=3,224,306  (3 ent/s, 482 triples/s, errors=16597)
  rows=17,783  triples=3,227,794  (3 ent/s, 482 triples/s, errors=16614)
  rows=17,801  triples=3,230,791  (3 ent/s, 482 triples/s, errors=16615)
  rows=17,824  triples=3,234,106  (3 ent/s, 482 triples/s, errors=16640)
  rows=17,842  triples=3,237,817  (3 ent/s, 482 triples/s, errors=16682)
  rows=17,864  triples=3,242,492  (3 ent/s, 483 triples/s, errors=16764)
  rows=17,887  triples=3,245,808  (3 ent/s, 483 triples/s, errors=16773)
  rows=17,907  triples=3,249,358  (3 ent/s, 483 triples/s, errors=16774)
  rows=17,924  triples=3,252,800  (3 ent/s, 483 triples/s, errors=16775)
  rows=17,946  triples=3,256,114  (3 ent/s, 483 triples/s, errors=16791)
  rows=17,968  triples=3,259,705  (3 ent/s, 483 triples/s, errors=16820)
  rows=17,987  triples=3,263,339  (3 ent/s, 483 triples/s, errors=16827)
  rows=18,009  triples=3,266,170  (3 ent/s, 483 triples/s, errors=16828)
  rows=18,024  triples=3,269,420  (3 ent/s, 483 triples/s, errors=16836)
  rows=18,041  triples=3,272,720  (3 ent/s, 483 triples/s, errors=16836)
  rows=18,064  triples=3,275,829  (3 ent/s, 483 triples/s, errors=16861)
  rows=18,081  triples=3,279,367  (3 ent/s, 484 triples/s, errors=16868)
  rows=18,099  triples=3,283,001  (3 ent/s, 484 triples/s, errors=16871)
  rows=18,116  triples=3,286,746  (3 ent/s, 484 triples/s, errors=16937)
  rows=18,134  triples=3,290,400  (3 ent/s, 484 triples/s, errors=16955)
  rows=18,147  triples=3,294,001  (3 ent/s, 484 triples/s, errors=16960)
  rows=18,167  triples=3,297,559  (3 ent/s, 485 triples/s, errors=16965)
  rows=18,179  triples=3,301,226  (3 ent/s, 485 triples/s, errors=16995)
  rows=18,181  triples=3,301,226  (3 ent/s, 478 triples/s, errors=16995)
  rows=18,191  triples=3,304,741  (3 ent/s, 478 triples/s, errors=17032)
  rows=18,203  triples=3,307,374  (3 ent/s, 478 triples/s, errors=17049)
  rows=18,221  triples=3,310,810  (3 ent/s, 478 triples/s, errors=17050)
  rows=18,238  triples=3,314,293  (3 ent/s, 478 triples/s, errors=17074)
  rows=18,254  triples=3,317,746  (3 ent/s, 479 triples/s, errors=17078)
  rows=18,264  triples=3,321,105  (3 ent/s, 479 triples/s, errors=17110)
  rows=18,280  triples=3,324,333  (3 ent/s, 479 triples/s, errors=17114)
  rows=18,292  triples=3,327,567  (3 ent/s, 479 triples/s, errors=17120)
  rows=18,307  triples=3,330,767  (3 ent/s, 479 triples/s, errors=17130)
  rows=18,326  triples=3,334,238  (3 ent/s, 479 triples/s, errors=17130)
  rows=18,343  triples=3,337,795  (3 ent/s, 479 triples/s, errors=17140)
  rows=18,365  triples=3,341,185  (3 ent/s, 479 triples/s, errors=17141)
  rows=18,384  triples=3,344,694  (3 ent/s, 479 triples/s, errors=17174)
  rows=18,397  triples=3,348,158  (3 ent/s, 479 triples/s, errors=17191)
  rows=18,407  triples=3,351,235  (3 ent/s, 479 triples/s, errors=17192)
  rows=18,426  triples=3,354,366  (3 ent/s, 480 triples/s, errors=17195)
  rows=18,443  triples=3,357,707  (3 ent/s, 480 triples/s, errors=17212)
  rows=18,459  triples=3,361,134  (3 ent/s, 480 triples/s, errors=17229)
  rows=18,472  triples=3,364,520  (3 ent/s, 480 triples/s, errors=17255)
  rows=18,486  triples=3,367,821  (3 ent/s, 480 triples/s, errors=17292)
  rows=18,503  triples=3,371,297  (3 ent/s, 480 triples/s, errors=17293)
  rows=18,515  triples=3,374,679  (3 ent/s, 480 triples/s, errors=17323)
  rows=18,535  triples=3,377,847  (3 ent/s, 480 triples/s, errors=17375)
  rows=18,551  triples=3,381,337  (3 ent/s, 480 triples/s, errors=17411)
  rows=18,565  triples=3,385,076  (3 ent/s, 480 triples/s, errors=17456)
  rows=18,574  triples=3,388,566  (3 ent/s, 481 triples/s, errors=17470)
  rows=18,588  triples=3,392,466  (3 ent/s, 481 triples/s, errors=17527)
  rows=18,601  triples=3,395,607  (3 ent/s, 481 triples/s, errors=17590)
  rows=18,615  triples=3,399,523  (3 ent/s, 481 triples/s, errors=17698)
  rows=18,627  triples=3,402,760  (3 ent/s, 481 triples/s, errors=17729)
  rows=18,640  triples=3,406,250  (3 ent/s, 481 triples/s, errors=17748)
  rows=18,655  triples=3,409,603  (3 ent/s, 481 triples/s, errors=17760)
  rows=18,677  triples=3,413,096  (3 ent/s, 482 triples/s, errors=17767)
  rows=18,692  triples=3,416,193  (3 ent/s, 482 triples/s, errors=17768)
  rows=18,706  triples=3,420,011  (3 ent/s, 482 triples/s, errors=17829)
  rows=18,719  triples=3,423,556  (3 ent/s, 482 triples/s, errors=17872)
  rows=18,737  triples=3,427,130  (3 ent/s, 482 triples/s, errors=17895)
  rows=18,754  triples=3,430,534  (3 ent/s, 482 triples/s, errors=17909)
  rows=18,766  triples=3,433,949  (3 ent/s, 482 triples/s, errors=17912)
  rows=18,779  triples=3,437,539  (3 ent/s, 482 triples/s, errors=17920)
  rows=18,791  triples=3,440,881  (3 ent/s, 482 triples/s, errors=17959)
  rows=18,801  triples=3,443,602  (3 ent/s, 482 triples/s, errors=17959)
  rows=18,813  triples=3,448,003  (3 ent/s, 483 triples/s, errors=17979)
  rows=18,824  triples=3,451,344  (3 ent/s, 483 triples/s, errors=17991)
  rows=18,835  triples=3,455,023  (3 ent/s, 483 triples/s, errors=18005)
  rows=18,847  triples=3,458,525  (3 ent/s, 483 triples/s, errors=18026)
  rows=18,861  triples=3,462,299  (3 ent/s, 483 triples/s, errors=18042)
  rows=18,874  triples=3,465,695  (3 ent/s, 483 triples/s, errors=18048)
  rows=18,886  triples=3,469,118  (3 ent/s, 484 triples/s, errors=18097)
  rows=18,902  triples=3,472,360  (3 ent/s, 484 triples/s, errors=18113)
  rows=18,916  triples=3,475,996  (3 ent/s, 484 triples/s, errors=18146)
  rows=18,927  triples=3,479,398  (3 ent/s, 484 triples/s, errors=18198)
  rows=18,939  triples=3,482,649  (3 ent/s, 484 triples/s, errors=18203)
  rows=18,949  triples=3,486,074  (3 ent/s, 484 triples/s, errors=18206)
  rows=18,961  triples=3,489,457  (3 ent/s, 484 triples/s, errors=18245)
  rows=18,974  triples=3,493,199  (3 ent/s, 484 triples/s, errors=18248)
  rows=18,985  triples=3,496,886  (3 ent/s, 484 triples/s, errors=18249)
  rows=18,997  triples=3,500,587  (3 ent/s, 485 triples/s, errors=18259)
  rows=19,008  triples=3,503,610  (3 ent/s, 485 triples/s, errors=18274)
  rows=19,020  triples=3,507,167  (3 ent/s, 485 triples/s, errors=18304)
  rows=19,035  triples=3,510,816  (3 ent/s, 485 triples/s, errors=18313)
  rows=19,050  triples=3,514,162  (3 ent/s, 485 triples/s, errors=18333)
  rows=19,066  triples=3,517,668  (3 ent/s, 485 triples/s, errors=18350)
  rows=19,077  triples=3,520,914  (3 ent/s, 485 triples/s, errors=18356)
  rows=19,091  triples=3,524,247  (3 ent/s, 485 triples/s, errors=18376)
  rows=19,106  triples=3,527,955  (3 ent/s, 485 triples/s, errors=18431)
  rows=19,123  triples=3,531,466  (3 ent/s, 485 triples/s, errors=18440)
  rows=19,137  triples=3,534,958  (3 ent/s, 486 triples/s, errors=18465)
  rows=19,149  triples=3,538,431  (3 ent/s, 486 triples/s, errors=18525)
  rows=19,163  triples=3,542,165  (3 ent/s, 486 triples/s, errors=18525)
  rows=19,181  triples=3,545,498  (3 ent/s, 486 triples/s, errors=18535)
  rows=19,194  triples=3,549,258  (3 ent/s, 486 triples/s, errors=18577)
  rows=19,204  triples=3,552,509  (3 ent/s, 486 triples/s, errors=18699)
  rows=19,218  triples=3,556,163  (3 ent/s, 486 triples/s, errors=18709)
  rows=19,233  triples=3,559,578  (3 ent/s, 486 triples/s, errors=18763)
  rows=19,251  triples=3,562,868  (3 ent/s, 486 triples/s, errors=18763)
  rows=19,272  triples=3,566,419  (3 ent/s, 486 triples/s, errors=18766)
  rows=19,292  triples=3,569,719  (3 ent/s, 486 triples/s, errors=18774)
  rows=19,310  triples=3,573,322  (3 ent/s, 487 triples/s, errors=18795)
  rows=19,331  triples=3,577,041  (3 ent/s, 487 triples/s, errors=18832)
  rows=19,349  triples=3,580,328  (3 ent/s, 487 triples/s, errors=18835)
  rows=19,366  triples=3,583,531  (3 ent/s, 487 triples/s, errors=18851)
  rows=19,380  triples=3,586,808  (3 ent/s, 487 triples/s, errors=18870)
  rows=19,397  triples=3,589,819  (3 ent/s, 487 triples/s, errors=18882)
  rows=19,412  triples=3,592,507  (3 ent/s, 487 triples/s, errors=18922)
  rows=19,429  triples=3,596,086  (3 ent/s, 487 triples/s, errors=18937)
  rows=19,446  triples=3,599,310  (3 ent/s, 487 triples/s, errors=18945)
  rows=19,466  triples=3,602,990  (3 ent/s, 487 triples/s, errors=19057)
  rows=19,485  triples=3,606,201  (3 ent/s, 487 triples/s, errors=19066)
  rows=19,505  triples=3,609,982  (3 ent/s, 487 triples/s, errors=19123)
  rows=19,528  triples=3,613,841  (3 ent/s, 487 triples/s, errors=19148)
  rows=19,547  triples=3,617,276  (3 ent/s, 487 triples/s, errors=19155)
  rows=19,565  triples=3,620,560  (3 ent/s, 487 triples/s, errors=19169)
  rows=19,584  triples=3,623,733  (3 ent/s, 487 triples/s, errors=19200)
  rows=19,601  triples=3,626,786  (3 ent/s, 487 triples/s, errors=19259)
  rows=19,620  triples=3,629,854  (3 ent/s, 487 triples/s, errors=19307)
  rows=19,637  triples=3,634,057  (3 ent/s, 488 triples/s, errors=19356)
  rows=19,655  triples=3,637,294  (3 ent/s, 488 triples/s, errors=19371)
  rows=19,677  triples=3,641,066  (3 ent/s, 488 triples/s, errors=19381)
  rows=19,698  triples=3,644,323  (3 ent/s, 488 triples/s, errors=19388)
  rows=19,721  triples=3,647,431  (3 ent/s, 488 triples/s, errors=19399)
  rows=19,749  triples=3,650,715  (3 ent/s, 488 triples/s, errors=19435)
  rows=19,764  triples=3,653,869  (3 ent/s, 488 triples/s, errors=19449)
  rows=19,787  triples=3,657,211  (3 ent/s, 488 triples/s, errors=19454)
  rows=19,808  triples=3,660,406  (3 ent/s, 488 triples/s, errors=19470)
  rows=19,833  triples=3,663,569  (3 ent/s, 488 triples/s, errors=19490)
  rows=19,852  triples=3,667,048  (3 ent/s, 488 triples/s, errors=19528)
  rows=19,876  triples=3,670,441  (3 ent/s, 488 triples/s, errors=19532)
  rows=19,896  triples=3,674,936  (3 ent/s, 488 triples/s, errors=21121)
  rows=19,921  triples=3,678,176  (3 ent/s, 489 triples/s, errors=21245)
  rows=19,942  triples=3,681,632  (3 ent/s, 489 triples/s, errors=21264)
  rows=19,964  triples=3,684,695  (3 ent/s, 489 triples/s, errors=21284)
  rows=19,991  triples=3,687,927  (3 ent/s, 489 triples/s, errors=21296)
  rows=19,999  triples=3,687,927  (3 ent/s, 484 triples/s, errors=21296)
  rows=20,012  triples=3,691,811  (3 ent/s, 484 triples/s, errors=21314)
  rows=20,030  triples=3,695,033  (3 ent/s, 484 triples/s, errors=21350)
  rows=20,053  triples=3,698,250  (3 ent/s, 484 triples/s, errors=21381)
  rows=20,077  triples=3,701,761  (3 ent/s, 485 triples/s, errors=21430)
  rows=20,103  triples=3,704,954  (3 ent/s, 485 triples/s, errors=21449)
  rows=20,125  triples=3,708,541  (3 ent/s, 485 triples/s, errors=21495)
  rows=20,145  triples=3,711,638  (3 ent/s, 485 triples/s, errors=21534)
  rows=20,165  triples=3,714,946  (3 ent/s, 485 triples/s, errors=21547)
  rows=20,188  triples=3,718,073  (3 ent/s, 485 triples/s, errors=21565)
  rows=20,214  triples=3,721,359  (3 ent/s, 485 triples/s, errors=21587)
  rows=20,241  triples=3,724,529  (3 ent/s, 485 triples/s, errors=21588)
  rows=20,266  triples=3,727,741  (3 ent/s, 485 triples/s, errors=21664)
  rows=20,287  triples=3,731,622  (3 ent/s, 485 triples/s, errors=21781)
  rows=20,310  triples=3,735,075  (3 ent/s, 485 triples/s, errors=21802)
  rows=20,324  triples=3,738,593  (3 ent/s, 485 triples/s, errors=22028)
  rows=20,347  triples=3,741,769  (3 ent/s, 485 triples/s, errors=22101)
  rows=20,377  triples=3,745,276  (3 ent/s, 485 triples/s, errors=22134)
  rows=20,401  triples=3,748,418  (3 ent/s, 485 triples/s, errors=22149)
  rows=20,427  triples=3,752,085  (3 ent/s, 485 triples/s, errors=22195)
  rows=20,450  triples=3,755,406  (3 ent/s, 485 triples/s, errors=22209)
  rows=20,479  triples=3,758,686  (3 ent/s, 485 triples/s, errors=22225)
  rows=20,500  triples=3,761,816  (3 ent/s, 485 triples/s, errors=22258)
  rows=20,520  triples=3,765,132  (3 ent/s, 486 triples/s, errors=22299)
  rows=20,554  triples=3,768,418  (3 ent/s, 486 triples/s, errors=22317)
  rows=20,569  triples=3,772,276  (3 ent/s, 486 triples/s, errors=22351)
  rows=20,594  triples=3,775,639  (3 ent/s, 486 triples/s, errors=22376)
  rows=20,611  triples=3,779,085  (3 ent/s, 486 triples/s, errors=22486)
  rows=20,629  triples=3,782,402  (3 ent/s, 486 triples/s, errors=22941)
  rows=20,660  triples=3,785,477  (3 ent/s, 486 triples/s, errors=22962)
  rows=20,685  triples=3,788,770  (3 ent/s, 486 triples/s, errors=23002)
  rows=20,706  triples=3,792,674  (3 ent/s, 486 triples/s, errors=23029)
  rows=20,726  triples=3,795,907  (3 ent/s, 486 triples/s, errors=23072)
  rows=20,747  triples=3,799,539  (3 ent/s, 486 triples/s, errors=23098)
  rows=20,772  triples=3,803,272  (3 ent/s, 486 triples/s, errors=23146)
  rows=20,793  triples=3,807,487  (3 ent/s, 487 triples/s, errors=23194)
  rows=20,808  triples=3,810,132  (3 ent/s, 487 triples/s, errors=23208)
  rows=20,827  triples=3,813,257  (3 ent/s, 487 triples/s, errors=23217)
  rows=20,853  triples=3,816,410  (3 ent/s, 487 triples/s, errors=23219)
  rows=20,885  triples=3,821,183  (3 ent/s, 487 triples/s, errors=25018)
  rows=20,912  triples=3,824,261  (3 ent/s, 487 triples/s, errors=25066)
  rows=20,933  triples=3,827,497  (3 ent/s, 487 triples/s, errors=25187)
  rows=20,956  triples=3,831,050  (3 ent/s, 487 triples/s, errors=25285)
  rows=20,976  triples=3,834,263  (3 ent/s, 487 triples/s, errors=25291)
  rows=20,986  triples=3,837,127  (3 ent/s, 487 triples/s, errors=25553)
  rows=21,005  triples=3,839,971  (3 ent/s, 487 triples/s, errors=25567)
  rows=21,027  triples=3,843,126  (3 ent/s, 487 triples/s, errors=25612)
  rows=21,048  triples=3,846,197  (3 ent/s, 487 triples/s, errors=25622)
  rows=21,071  triples=3,849,336  (3 ent/s, 487 triples/s, errors=25662)
  rows=21,094  triples=3,852,993  (3 ent/s, 487 triples/s, errors=25721)
  rows=21,114  triples=3,856,372  (3 ent/s, 487 triples/s, errors=25786)
  rows=21,140  triples=3,859,746  (3 ent/s, 487 triples/s, errors=25826)
  rows=21,173  triples=3,863,301  (3 ent/s, 487 triples/s, errors=25865)
  rows=21,194  triples=3,866,703  (3 ent/s, 487 triples/s, errors=25881)
  rows=21,207  triples=3,870,495  (3 ent/s, 487 triples/s, errors=25919)
  rows=21,230  triples=3,874,579  (3 ent/s, 488 triples/s, errors=25932)
  rows=21,257  triples=3,877,974  (3 ent/s, 488 triples/s, errors=25944)
  rows=21,277  triples=3,881,157  (3 ent/s, 488 triples/s, errors=25987)
  rows=21,300  triples=3,884,316  (3 ent/s, 488 triples/s, errors=26000)
  rows=21,323  triples=3,887,647  (3 ent/s, 488 triples/s, errors=26008)
  rows=21,342  triples=3,890,873  (3 ent/s, 488 triples/s, errors=26049)
  rows=21,362  triples=3,894,720  (3 ent/s, 488 triples/s, errors=26086)
  rows=21,381  triples=3,898,076  (3 ent/s, 488 triples/s, errors=26103)
  rows=21,400  triples=3,901,396  (3 ent/s, 488 triples/s, errors=26138)
  rows=21,427  triples=3,904,867  (3 ent/s, 488 triples/s, errors=26169)
  rows=21,443  triples=3,908,257  (3 ent/s, 488 triples/s, errors=26186)
  rows=21,466  triples=3,911,413  (3 ent/s, 488 triples/s, errors=26220)
  rows=21,482  triples=3,914,752  (3 ent/s, 488 triples/s, errors=26345)
  rows=21,505  triples=3,918,019  (3 ent/s, 488 triples/s, errors=26362)
  rows=21,527  triples=3,921,261  (3 ent/s, 488 triples/s, errors=26410)
  rows=21,548  triples=3,924,504  (3 ent/s, 488 triples/s, errors=26445)
  rows=21,576  triples=3,927,941  (3 ent/s, 489 triples/s, errors=26464)
  rows=21,596  triples=3,931,065  (3 ent/s, 489 triples/s, errors=26641)
  rows=21,615  triples=3,934,071  (3 ent/s, 488 triples/s, errors=26655)
  rows=21,638  triples=3,937,312  (3 ent/s, 489 triples/s, errors=26670)
  rows=21,662  triples=3,940,737  (3 ent/s, 489 triples/s, errors=26700)
  rows=21,683  triples=3,944,463  (3 ent/s, 489 triples/s, errors=26743)
  rows=21,703  triples=3,947,965  (3 ent/s, 489 triples/s, errors=26749)
  rows=21,720  triples=3,951,446  (3 ent/s, 489 triples/s, errors=26759)
  rows=21,731  triples=3,954,894  (3 ent/s, 489 triples/s, errors=26869)
  rows=21,751  triples=3,958,074  (3 ent/s, 489 triples/s, errors=26922)
  rows=21,771  triples=3,962,717  (3 ent/s, 489 triples/s, errors=28422)
  rows=21,800  triples=3,965,863  (3 ent/s, 489 triples/s, errors=28432)
  rows=21,817  triples=3,966,883  (3 ent/s, 485 triples/s, errors=28433)
  rows=21,833  triples=3,970,424  (3 ent/s, 486 triples/s, errors=28509)
  rows=21,861  triples=3,973,921  (3 ent/s, 486 triples/s, errors=28538)
  rows=21,880  triples=3,977,400  (3 ent/s, 486 triples/s, errors=28592)
  rows=21,890  triples=3,981,111  (3 ent/s, 486 triples/s, errors=28653)
  rows=21,906  triples=3,984,996  (3 ent/s, 486 triples/s, errors=28757)
  rows=21,930  triples=3,988,331  (3 ent/s, 486 triples/s, errors=28781)
  rows=21,954  triples=3,991,802  (3 ent/s, 486 triples/s, errors=28821)
  rows=21,969  triples=3,994,952  (3 ent/s, 486 triples/s, errors=28867)
  rows=21,996  triples=3,998,190  (3 ent/s, 486 triples/s, errors=28889)
  rows=22,013  triples=4,001,243  (3 ent/s, 486 triples/s, errors=28895)
  rows=22,032  triples=4,004,830  (3 ent/s, 486 triples/s, errors=28906)
  rows=22,056  triples=4,008,009  (3 ent/s, 486 triples/s, errors=28986)
  rows=22,071  triples=4,011,378  (3 ent/s, 486 triples/s, errors=29059)
  rows=22,089  triples=4,014,571  (3 ent/s, 486 triples/s, errors=29066)
  rows=22,115  triples=4,017,697  (3 ent/s, 486 triples/s, errors=29076)
  rows=22,135  triples=4,021,068  (3 ent/s, 486 triples/s, errors=29085)
  rows=22,157  triples=4,025,143  (3 ent/s, 487 triples/s, errors=29102)
  rows=22,182  triples=4,028,345  (3 ent/s, 487 triples/s, errors=29129)
  rows=22,201  triples=4,030,586  (3 ent/s, 486 triples/s, errors=29140)
  rows=22,215  triples=4,034,170  (3 ent/s, 487 triples/s, errors=29182)
  rows=22,235  triples=4,037,289  (3 ent/s, 487 triples/s, errors=29198)
  rows=22,260  triples=4,040,503  (3 ent/s, 487 triples/s, errors=29224)
  rows=22,283  triples=4,043,937  (3 ent/s, 487 triples/s, errors=29234)
  rows=22,305  triples=4,047,026  (3 ent/s, 487 triples/s, errors=29244)
  rows=22,324  triples=4,050,611  (3 ent/s, 487 triples/s, errors=29559)
  rows=22,346  triples=4,053,944  (3 ent/s, 487 triples/s, errors=29575)
  rows=22,360  triples=4,058,016  (3 ent/s, 487 triples/s, errors=29950)
  rows=22,381  triples=4,061,733  (3 ent/s, 487 triples/s, errors=29992)
  rows=22,401  triples=4,064,621  (3 ent/s, 487 triples/s, errors=30022)
  rows=22,417  triples=4,068,133  (3 ent/s, 487 triples/s, errors=30067)
  rows=22,434  triples=4,071,318  (3 ent/s, 487 triples/s, errors=30116)
  rows=22,453  triples=4,075,010  (3 ent/s, 487 triples/s, errors=30235)
  rows=22,473  triples=4,078,776  (3 ent/s, 487 triples/s, errors=30304)
  rows=22,498  triples=4,082,073  (3 ent/s, 487 triples/s, errors=30312)
  rows=22,515  triples=4,085,593  (3 ent/s, 488 triples/s, errors=30320)
  rows=22,526  triples=4,088,905  (3 ent/s, 488 triples/s, errors=30342)
  rows=22,543  triples=4,092,161  (3 ent/s, 488 triples/s, errors=30367)
  rows=22,561  triples=4,095,680  (3 ent/s, 488 triples/s, errors=30400)
  rows=22,574  triples=4,099,143  (3 ent/s, 488 triples/s, errors=30449)
  rows=22,592  triples=4,102,434  (3 ent/s, 488 triples/s, errors=30519)
  rows=22,601  triples=4,105,181  (3 ent/s, 488 triples/s, errors=30993)
  rows=22,620  triples=4,108,465  (3 ent/s, 488 triples/s, errors=31018)
  rows=22,643  triples=4,111,819  (3 ent/s, 488 triples/s, errors=31046)
  rows=22,659  triples=4,114,892  (3 ent/s, 488 triples/s, errors=31061)
  rows=22,680  triples=4,117,993  (3 ent/s, 488 triples/s, errors=31074)
  rows=22,699  triples=4,121,366  (3 ent/s, 488 triples/s, errors=31079)
  rows=22,720  triples=4,124,961  (3 ent/s, 488 triples/s, errors=31106)
  rows=22,741  triples=4,128,505  (3 ent/s, 488 triples/s, errors=31124)
  rows=22,759  triples=4,132,150  (3 ent/s, 488 triples/s, errors=31248)
  rows=22,779  triples=4,135,739  (3 ent/s, 488 triples/s, errors=31256)
  rows=22,800  triples=4,139,675  (3 ent/s, 488 triples/s, errors=31290)
  rows=22,823  triples=4,143,903  (3 ent/s, 489 triples/s, errors=32899)
  rows=22,837  triples=4,147,520  (3 ent/s, 489 triples/s, errors=32986)
  rows=22,854  triples=4,150,931  (3 ent/s, 489 triples/s, errors=33005)
  rows=22,869  triples=4,154,535  (3 ent/s, 489 triples/s, errors=33030)
  rows=22,879  triples=4,157,974  (3 ent/s, 489 triples/s, errors=33078)
  rows=22,895  triples=4,161,027  (3 ent/s, 489 triples/s, errors=33164)
  rows=22,909  triples=4,164,961  (3 ent/s, 489 triples/s, errors=33222)
  rows=22,930  triples=4,168,150  (3 ent/s, 489 triples/s, errors=33273)
  rows=22,947  triples=4,171,383  (3 ent/s, 489 triples/s, errors=33311)
  rows=22,962  triples=4,174,629  (3 ent/s, 489 triples/s, errors=33321)
  rows=22,977  triples=4,178,598  (3 ent/s, 489 triples/s, errors=33346)
  rows=22,997  triples=4,182,033  (3 ent/s, 489 triples/s, errors=33393)
  rows=23,015  triples=4,184,529  (3 ent/s, 489 triples/s, errors=33394)
  rows=23,034  triples=4,187,639  (3 ent/s, 489 triples/s, errors=33406)
  rows=23,053  triples=4,191,798  (3 ent/s, 489 triples/s, errors=34315)
  rows=23,066  triples=4,195,806  (3 ent/s, 490 triples/s, errors=34338)
  rows=23,086  triples=4,199,035  (3 ent/s, 490 triples/s, errors=34357)
  rows=23,110  triples=4,202,483  (3 ent/s, 490 triples/s, errors=34380)
  rows=23,127  triples=4,205,931  (3 ent/s, 490 triples/s, errors=34475)
  rows=23,147  triples=4,209,248  (3 ent/s, 490 triples/s, errors=34487)
  rows=23,167  triples=4,212,756  (3 ent/s, 490 triples/s, errors=34516)
  rows=23,186  triples=4,216,048  (3 ent/s, 490 triples/s, errors=34564)
  rows=23,201  triples=4,218,777  (3 ent/s, 490 triples/s, errors=34618)
  rows=23,225  triples=4,222,229  (3 ent/s, 490 triples/s, errors=34661)
  rows=23,253  triples=4,225,630  (3 ent/s, 490 triples/s, errors=34686)
  rows=23,274  triples=4,229,000  (3 ent/s, 490 triples/s, errors=34709)
  rows=23,299  triples=4,232,202  (3 ent/s, 490 triples/s, errors=34732)
  rows=23,321  triples=4,235,399  (3 ent/s, 490 triples/s, errors=34763)
  rows=23,350  triples=4,239,078  (3 ent/s, 490 triples/s, errors=34832)
  rows=23,371  triples=4,242,628  (3 ent/s, 490 triples/s, errors=34884)
  rows=23,389  triples=4,245,752  (3 ent/s, 490 triples/s, errors=34917)
  rows=23,408  triples=4,248,928  (3 ent/s, 490 triples/s, errors=34933)
  rows=23,425  triples=4,252,142  (3 ent/s, 490 triples/s, errors=34983)
  rows=23,446  triples=4,255,468  (3 ent/s, 490 triples/s, errors=35088)
  rows=23,465  triples=4,258,611  (3 ent/s, 490 triples/s, errors=35102)
  rows=23,499  triples=4,261,920  (3 ent/s, 490 triples/s, errors=35109)
  rows=23,524  triples=4,265,305  (3 ent/s, 490 triples/s, errors=35121)
  rows=23,545  triples=4,268,834  (3 ent/s, 490 triples/s, errors=35154)
  rows=23,564  triples=4,272,208  (3 ent/s, 490 triples/s, errors=35172)
  rows=23,587  triples=4,275,381  (3 ent/s, 490 triples/s, errors=35186)
  rows=23,601  triples=4,278,147  (3 ent/s, 490 triples/s, errors=35243)
  rows=23,626  triples=4,281,392  (3 ent/s, 490 triples/s, errors=35247)
  rows=23,635  triples=4,282,669  (3 ent/s, 487 triples/s, errors=35253)
  rows=23,652  triples=4,286,257  (3 ent/s, 487 triples/s, errors=35264)
  rows=23,674  triples=4,289,384  (3 ent/s, 487 triples/s, errors=35318)
  rows=23,699  triples=4,292,736  (3 ent/s, 487 triples/s, errors=35348)
  rows=23,719  triples=4,296,129  (3 ent/s, 487 triples/s, errors=35379)
  rows=23,740  triples=4,299,346  (3 ent/s, 487 triples/s, errors=35380)
  rows=23,757  triples=4,303,614  (3 ent/s, 487 triples/s, errors=35491)
  rows=23,780  triples=4,307,312  (3 ent/s, 487 triples/s, errors=35515)
  rows=23,795  triples=4,310,564  (3 ent/s, 487 triples/s, errors=35524)
  rows=23,816  triples=4,313,331  (3 ent/s, 487 triples/s, errors=35528)
  rows=23,837  triples=4,316,537  (3 ent/s, 487 triples/s, errors=35542)
  rows=23,864  triples=4,319,933  (3 ent/s, 487 triples/s, errors=35548)
  rows=23,884  triples=4,323,545  (3 ent/s, 488 triples/s, errors=35585)
  rows=23,909  triples=4,326,920  (3 ent/s, 488 triples/s, errors=35599)
  rows=23,927  triples=4,329,957  (3 ent/s, 488 triples/s, errors=35639)
  rows=23,948  triples=4,333,578  (3 ent/s, 488 triples/s, errors=35661)
  rows=23,972  triples=4,337,298  (3 ent/s, 488 triples/s, errors=35690)
  rows=23,985  triples=4,340,440  (3 ent/s, 488 triples/s, errors=35735)
  rows=24,006  triples=4,343,760  (3 ent/s, 488 triples/s, errors=35758)
  rows=24,023  triples=4,346,868  (3 ent/s, 488 triples/s, errors=35812)
  rows=24,040  triples=4,350,165  (3 ent/s, 488 triples/s, errors=35846)
  rows=24,062  triples=4,353,331  (3 ent/s, 488 triples/s, errors=35867)
  rows=24,082  triples=4,356,635  (3 ent/s, 488 triples/s, errors=35901)
  rows=24,108  triples=4,359,861  (3 ent/s, 488 triples/s, errors=35911)
  rows=24,133  triples=4,363,334  (3 ent/s, 488 triples/s, errors=35929)
  rows=24,154  triples=4,366,551  (3 ent/s, 488 triples/s, errors=35963)
  rows=24,182  triples=4,370,088  (3 ent/s, 488 triples/s, errors=35971)
  rows=24,200  triples=4,373,413  (3 ent/s, 488 triples/s, errors=36005)
  rows=24,229  triples=4,376,898  (3 ent/s, 488 triples/s, errors=36015)
  rows=24,247  triples=4,380,109  (3 ent/s, 488 triples/s, errors=36078)
  rows=24,261  triples=4,383,768  (3 ent/s, 488 triples/s, errors=36112)
  rows=24,277  triples=4,386,961  (3 ent/s, 488 triples/s, errors=36129)
  rows=24,289  triples=4,390,495  (3 ent/s, 488 triples/s, errors=36240)
  rows=24,310  triples=4,394,035  (3 ent/s, 488 triples/s, errors=36277)
  rows=24,327  triples=4,397,606  (3 ent/s, 488 triples/s, errors=36303)
  rows=24,354  triples=4,400,985  (3 ent/s, 488 triples/s, errors=36316)
  rows=24,374  triples=4,404,402  (3 ent/s, 489 triples/s, errors=36376)
  rows=24,394  triples=4,407,582  (3 ent/s, 489 triples/s, errors=36429)
  rows=24,404  triples=4,410,175  (3 ent/s, 488 triples/s, errors=36464)
  rows=24,422  triples=4,414,619  (3 ent/s, 489 triples/s, errors=38198)
  rows=24,442  triples=4,417,902  (3 ent/s, 489 triples/s, errors=38239)
  rows=24,460  triples=4,421,083  (3 ent/s, 489 triples/s, errors=38292)
  rows=24,472  triples=4,424,437  (3 ent/s, 489 triples/s, errors=38309)
  rows=24,496  triples=4,427,558  (3 ent/s, 489 triples/s, errors=38318)
  rows=24,516  triples=4,430,647  (3 ent/s, 489 triples/s, errors=38363)
  rows=24,533  triples=4,434,218  (3 ent/s, 489 triples/s, errors=38384)
  rows=24,550  triples=4,437,992  (3 ent/s, 489 triples/s, errors=38418)
  rows=24,567  triples=4,441,664  (3 ent/s, 489 triples/s, errors=38491)
  rows=24,588  triples=4,445,184  (3 ent/s, 489 triples/s, errors=38501)
  rows=24,606  triples=4,448,400  (3 ent/s, 489 triples/s, errors=38509)
  rows=24,628  triples=4,452,100  (3 ent/s, 489 triples/s, errors=38538)
  rows=24,643  triples=4,455,797  (3 ent/s, 489 triples/s, errors=38603)
  rows=24,667  triples=4,459,437  (3 ent/s, 489 triples/s, errors=38620)
  rows=24,687  triples=4,462,817  (3 ent/s, 489 triples/s, errors=38635)
  rows=24,703  triples=4,466,100  (3 ent/s, 489 triples/s, errors=38648)
  rows=24,718  triples=4,469,282  (3 ent/s, 489 triples/s, errors=38684)
  rows=24,733  triples=4,472,632  (3 ent/s, 489 triples/s, errors=38756)
  rows=24,751  triples=4,476,034  (3 ent/s, 490 triples/s, errors=38790)
  rows=24,770  triples=4,479,373  (3 ent/s, 490 triples/s, errors=38817)
  rows=24,786  triples=4,482,755  (3 ent/s, 490 triples/s, errors=38852)
  rows=24,805  triples=4,485,546  (3 ent/s, 490 triples/s, errors=38861)
  rows=24,822  triples=4,489,121  (3 ent/s, 490 triples/s, errors=38871)
  rows=24,835  triples=4,492,870  (3 ent/s, 490 triples/s, errors=39031)
  rows=24,856  triples=4,495,921  (3 ent/s, 490 triples/s, errors=39061)
  rows=24,878  triples=4,499,247  (3 ent/s, 490 triples/s, errors=39095)
  rows=24,896  triples=4,502,604  (3 ent/s, 490 triples/s, errors=39132)
  rows=24,914  triples=4,506,019  (3 ent/s, 490 triples/s, errors=39271)
  rows=24,934  triples=4,509,500  (3 ent/s, 490 triples/s, errors=39296)
  rows=24,951  triples=4,512,794  (3 ent/s, 490 triples/s, errors=39371)
  rows=24,971  triples=4,516,200  (3 ent/s, 490 triples/s, errors=39469)
  rows=24,997  triples=4,519,740  (3 ent/s, 490 triples/s, errors=39513)
  rows=25,008  triples=4,522,135  (3 ent/s, 490 triples/s, errors=39528)
  rows=25,022  triples=4,525,503  (3 ent/s, 490 triples/s, errors=39569)
  rows=25,036  triples=4,530,141  (3 ent/s, 490 triples/s, errors=41192)
  rows=25,053  triples=4,533,702  (3 ent/s, 490 triples/s, errors=41265)
  rows=25,068  triples=4,536,781  (3 ent/s, 490 triples/s, errors=41319)
  rows=25,087  triples=4,540,393  (3 ent/s, 490 triples/s, errors=41369)
  rows=25,104  triples=4,543,580  (3 ent/s, 490 triples/s, errors=41390)
  rows=25,122  triples=4,546,925  (3 ent/s, 490 triples/s, errors=41435)
  rows=25,139  triples=4,550,356  (3 ent/s, 490 triples/s, errors=41465)
  rows=25,155  triples=4,553,623  (3 ent/s, 490 triples/s, errors=41503)
  rows=25,177  triples=4,556,685  (3 ent/s, 490 triples/s, errors=41505)
  rows=25,195  triples=4,560,134  (3 ent/s, 490 triples/s, errors=41535)
  rows=25,207  triples=4,562,507  (3 ent/s, 490 triples/s, errors=41582)
  rows=25,221  triples=4,566,023  (3 ent/s, 490 triples/s, errors=41623)
  rows=25,234  triples=4,570,010  (3 ent/s, 490 triples/s, errors=41689)
  rows=25,252  triples=4,573,259  (3 ent/s, 491 triples/s, errors=41733)
  rows=25,265  triples=4,576,426  (3 ent/s, 491 triples/s, errors=41791)
  rows=25,280  triples=4,579,570  (3 ent/s, 491 triples/s, errors=41801)
  rows=25,295  triples=4,582,825  (3 ent/s, 491 triples/s, errors=41827)
  rows=25,311  triples=4,586,495  (3 ent/s, 491 triples/s, errors=41891)
  rows=25,328  triples=4,590,249  (3 ent/s, 491 triples/s, errors=42042)
  rows=25,346  triples=4,593,341  (3 ent/s, 491 triples/s, errors=42053)
  rows=25,360  triples=4,596,691  (3 ent/s, 491 triples/s, errors=42187)
  rows=25,377  triples=4,600,046  (3 ent/s, 491 triples/s, errors=42228)
  rows=25,397  triples=4,603,360  (3 ent/s, 491 triples/s, errors=42253)
  rows=25,412  triples=4,606,140  (3 ent/s, 491 triples/s, errors=42309)
  rows=25,435  triples=4,609,398  (3 ent/s, 491 triples/s, errors=42328)
  rows=25,453  triples=4,612,868  (3 ent/s, 489 triples/s, errors=42398)
  rows=25,474  triples=4,616,317  (3 ent/s, 489 triples/s, errors=42410)
  rows=25,501  triples=4,619,798  (3 ent/s, 489 triples/s, errors=42455)
  rows=25,521  triples=4,623,054  (3 ent/s, 489 triples/s, errors=42471)
  rows=25,540  triples=4,626,392  (3 ent/s, 489 triples/s, errors=42512)
  rows=25,561  triples=4,630,221  (3 ent/s, 489 triples/s, errors=42834)
  rows=25,580  triples=4,633,392  (3 ent/s, 489 triples/s, errors=42872)
  rows=25,600  triples=4,637,428  (3 ent/s, 489 triples/s, errors=42899)
  rows=25,624  triples=4,640,596  (3 ent/s, 489 triples/s, errors=42916)
  rows=25,643  triples=4,643,874  (3 ent/s, 489 triples/s, errors=43018)
  rows=25,665  triples=4,646,894  (3 ent/s, 489 triples/s, errors=43064)
  rows=25,683  triples=4,650,554  (3 ent/s, 489 triples/s, errors=43105)
  rows=25,702  triples=4,653,740  (3 ent/s, 489 triples/s, errors=43162)
  rows=25,722  triples=4,656,779  (3 ent/s, 489 triples/s, errors=43176)
  rows=25,749  triples=4,659,961  (3 ent/s, 489 triples/s, errors=43179)
  rows=25,767  triples=4,663,086  (3 ent/s, 489 triples/s, errors=43211)
  rows=25,786  triples=4,666,856  (3 ent/s, 489 triples/s, errors=43299)
  rows=25,801  triples=4,669,690  (3 ent/s, 489 triples/s, errors=43317)
  rows=25,827  triples=4,672,846  (3 ent/s, 489 triples/s, errors=43333)
  rows=25,849  triples=4,676,382  (3 ent/s, 489 triples/s, errors=43391)
  rows=25,868  triples=4,679,921  (3 ent/s, 489 triples/s, errors=43556)
  rows=25,897  triples=4,683,539  (3 ent/s, 489 triples/s, errors=43572)
  rows=25,924  triples=4,686,814  (3 ent/s, 489 triples/s, errors=43580)
  rows=25,947  triples=4,690,125  (3 ent/s, 489 triples/s, errors=43590)
  rows=25,966  triples=4,693,365  (3 ent/s, 489 triples/s, errors=43606)
  rows=25,984  triples=4,696,433  (3 ent/s, 489 triples/s, errors=43644)
  rows=26,007  triples=4,699,402  (3 ent/s, 489 triples/s, errors=43663)
  rows=26,029  triples=4,702,961  (3 ent/s, 489 triples/s, errors=43811)
  rows=26,048  triples=4,706,339  (3 ent/s, 489 triples/s, errors=43865)
  rows=26,068  triples=4,709,687  (3 ent/s, 490 triples/s, errors=43887)
  rows=26,091  triples=4,712,736  (3 ent/s, 489 triples/s, errors=43925)
  rows=26,110  triples=4,716,143  (3 ent/s, 490 triples/s, errors=43948)
  rows=26,132  triples=4,720,257  (3 ent/s, 490 triples/s, errors=44299)
  rows=26,153  triples=4,723,617  (3 ent/s, 490 triples/s, errors=44306)
  rows=26,172  triples=4,726,753  (3 ent/s, 490 triples/s, errors=44333)
  rows=26,189  triples=4,729,927  (3 ent/s, 490 triples/s, errors=44341)
  rows=26,208  triples=4,732,710  (3 ent/s, 490 triples/s, errors=44358)
  rows=26,233  triples=4,735,948  (3 ent/s, 490 triples/s, errors=44360)
  rows=26,258  triples=4,739,177  (3 ent/s, 490 triples/s, errors=44362)
  rows=26,280  triples=4,742,558  (3 ent/s, 490 triples/s, errors=44398)
  rows=26,295  triples=4,746,046  (3 ent/s, 490 triples/s, errors=44422)
  rows=26,315  triples=4,749,344  (3 ent/s, 490 triples/s, errors=44440)
  rows=26,340  triples=4,752,878  (3 ent/s, 490 triples/s, errors=44480)
  rows=26,364  triples=4,756,200  (3 ent/s, 490 triples/s, errors=44492)
  rows=26,383  triples=4,759,396  (3 ent/s, 490 triples/s, errors=44526)
  rows=26,401  triples=4,761,713  (3 ent/s, 490 triples/s, errors=44582)
  rows=26,425  triples=4,764,975  (3 ent/s, 490 triples/s, errors=44583)
  rows=26,450  triples=4,768,471  (3 ent/s, 490 triples/s, errors=44600)
  rows=26,468  triples=4,771,729  (3 ent/s, 490 triples/s, errors=44606)
  rows=26,490  triples=4,775,087  (3 ent/s, 490 triples/s, errors=44606)
  rows=26,512  triples=4,778,388  (3 ent/s, 490 triples/s, errors=44607)
  rows=26,533  triples=4,781,761  (3 ent/s, 490 triples/s, errors=44627)
  rows=26,552  triples=4,784,827  (3 ent/s, 490 triples/s, errors=44635)
  rows=26,574  triples=4,788,045  (3 ent/s, 490 triples/s, errors=44641)
  rows=26,600  triples=4,791,317  (3 ent/s, 490 triples/s, errors=44650)
  rows=26,619  triples=4,794,483  (3 ent/s, 490 triples/s, errors=44662)
  rows=26,639  triples=4,797,671  (3 ent/s, 490 triples/s, errors=44662)
  rows=26,660  triples=4,801,270  (3 ent/s, 490 triples/s, errors=44678)
  rows=26,677  triples=4,804,509  (3 ent/s, 490 triples/s, errors=44686)
  rows=26,694  triples=4,807,834  (3 ent/s, 490 triples/s, errors=44705)
  rows=26,711  triples=4,811,366  (3 ent/s, 490 triples/s, errors=44725)
  rows=26,737  triples=4,814,992  (3 ent/s, 490 triples/s, errors=44763)
  rows=26,757  triples=4,818,569  (3 ent/s, 490 triples/s, errors=44779)
  rows=26,777  triples=4,821,846  (3 ent/s, 490 triples/s, errors=44800)
  rows=26,789  triples=4,825,260  (3 ent/s, 491 triples/s, errors=44846)
  rows=26,804  triples=4,827,538  (3 ent/s, 490 triples/s, errors=44859)
  rows=26,822  triples=4,830,924  (3 ent/s, 490 triples/s, errors=44894)
  rows=26,844  triples=4,834,162  (3 ent/s, 490 triples/s, errors=44923)
  rows=26,868  triples=4,838,026  (3 ent/s, 491 triples/s, errors=44945)
  rows=26,890  triples=4,841,541  (3 ent/s, 491 triples/s, errors=44978)
  rows=26,908  triples=4,845,010  (3 ent/s, 491 triples/s, errors=45005)
  rows=26,925  triples=4,848,349  (3 ent/s, 491 triples/s, errors=45069)
  rows=26,946  triples=4,851,576  (3 ent/s, 491 triples/s, errors=45148)
  rows=26,970  triples=4,854,757  (3 ent/s, 491 triples/s, errors=45174)
  rows=26,991  triples=4,858,317  (3 ent/s, 491 triples/s, errors=45193)
  rows=27,007  triples=4,861,462  (3 ent/s, 491 triples/s, errors=45235)
  rows=27,024  triples=4,864,993  (3 ent/s, 491 triples/s, errors=45257)
  rows=27,040  triples=4,869,658  (3 ent/s, 491 triples/s, errors=45296)
  rows=27,060  triples=4,872,919  (3 ent/s, 491 triples/s, errors=45334)
  rows=27,077  triples=4,876,411  (3 ent/s, 491 triples/s, errors=45547)
  rows=27,097  triples=4,879,775  (3 ent/s, 491 triples/s, errors=45558)
  rows=27,115  triples=4,882,830  (3 ent/s, 491 triples/s, errors=45585)
  rows=27,128  triples=4,886,836  (3 ent/s, 491 triples/s, errors=45671)
  rows=27,149  triples=4,890,180  (3 ent/s, 491 triples/s, errors=45708)
  rows=27,168  triples=4,893,874  (3 ent/s, 491 triples/s, errors=45742)
  rows=27,191  triples=4,897,042  (3 ent/s, 491 triples/s, errors=45756)
  rows=27,207  triples=4,899,225  (3 ent/s, 491 triples/s, errors=45765)
  rows=27,223  triples=4,903,976  (3 ent/s, 492 triples/s, errors=47494)
  rows=27,241  triples=4,907,331  (3 ent/s, 492 triples/s, errors=47515)
  rows=27,258  triples=4,910,532  (3 ent/s, 492 triples/s, errors=47555)
  rows=27,271  triples=4,912,663  (3 ent/s, 490 triples/s, errors=47561)
  rows=27,289  triples=4,915,973  (3 ent/s, 490 triples/s, errors=47591)
  rows=27,309  triples=4,919,875  (3 ent/s, 490 triples/s, errors=47636)
  rows=27,323  triples=4,923,231  (3 ent/s, 490 triples/s, errors=47682)
  rows=27,341  triples=4,926,505  (3 ent/s, 490 triples/s, errors=47702)
  rows=27,360  triples=4,929,911  (3 ent/s, 490 triples/s, errors=47744)
  rows=27,378  triples=4,933,389  (3 ent/s, 490 triples/s, errors=47806)
  rows=27,396  triples=4,937,194  (3 ent/s, 490 triples/s, errors=47829)
  rows=27,412  triples=4,939,974  (3 ent/s, 490 triples/s, errors=47836)
  rows=27,433  triples=4,943,327  (3 ent/s, 490 triples/s, errors=47847)
  rows=27,453  triples=4,947,005  (3 ent/s, 490 triples/s, errors=47857)
  rows=27,469  triples=4,950,371  (3 ent/s, 490 triples/s, errors=47941)
  rows=27,486  triples=4,953,529  (3 ent/s, 490 triples/s, errors=47974)
  rows=27,505  triples=4,956,995  (3 ent/s, 490 triples/s, errors=48001)
  rows=27,523  triples=4,960,271  (3 ent/s, 490 triples/s, errors=48018)
  rows=27,543  triples=4,963,542  (3 ent/s, 490 triples/s, errors=48037)
  rows=27,556  triples=4,966,643  (3 ent/s, 490 triples/s, errors=48063)
  rows=27,579  triples=4,970,057  (3 ent/s, 490 triples/s, errors=48074)
  rows=27,597  triples=4,973,974  (3 ent/s, 490 triples/s, errors=48096)
  rows=27,611  triples=4,976,430  (3 ent/s, 490 triples/s, errors=48107)
  rows=27,635  triples=4,979,833  (3 ent/s, 490 triples/s, errors=48117)
  rows=27,657  triples=4,983,011  (3 ent/s, 490 triples/s, errors=48129)
  rows=27,673  triples=4,986,246  (3 ent/s, 490 triples/s, errors=48152)
  rows=27,694  triples=4,989,827  (3 ent/s, 490 triples/s, errors=48183)
  rows=27,718  triples=4,993,085  (3 ent/s, 490 triples/s, errors=48208)
  rows=27,737  triples=4,996,187  (3 ent/s, 490 triples/s, errors=48302)
  rows=27,762  triples=4,999,525  (3 ent/s, 490 triples/s, errors=48330)
  rows=27,785  triples=5,002,726  (3 ent/s, 490 triples/s, errors=48344)
  rows=27,801  triples=5,005,100  (3 ent/s, 490 triples/s, errors=48399)
  rows=27,821  triples=5,008,300  (3 ent/s, 490 triples/s, errors=48430)
  rows=27,844  triples=5,011,612  (3 ent/s, 490 triples/s, errors=48976)
  rows=27,874  triples=5,015,103  (3 ent/s, 490 triples/s, errors=48991)
  rows=27,896  triples=5,018,352  (3 ent/s, 490 triples/s, errors=49006)
  rows=27,914  triples=5,021,646  (3 ent/s, 490 triples/s, errors=49047)
  rows=27,935  triples=5,024,889  (3 ent/s, 490 triples/s, errors=49063)
  rows=27,953  triples=5,028,689  (3 ent/s, 490 triples/s, errors=49198)
  rows=27,972  triples=5,031,839  (3 ent/s, 490 triples/s, errors=49237)
  rows=27,996  triples=5,035,235  (3 ent/s, 490 triples/s, errors=49249)
  rows=28,011  triples=5,038,355  (3 ent/s, 490 triples/s, errors=49267)
  rows=28,033  triples=5,041,585  (3 ent/s, 490 triples/s, errors=49285)
  rows=28,052  triples=5,044,814  (3 ent/s, 490 triples/s, errors=49297)
  rows=28,075  triples=5,048,396  (3 ent/s, 491 triples/s, errors=49319)
  rows=28,095  triples=5,051,715  (3 ent/s, 491 triples/s, errors=49441)
  rows=28,116  triples=5,054,784  (3 ent/s, 491 triples/s, errors=49450)
  rows=28,139  triples=5,057,959  (3 ent/s, 491 triples/s, errors=49453)
  rows=28,160  triples=5,061,181  (3 ent/s, 491 triples/s, errors=49482)
  rows=28,183  triples=5,064,372  (3 ent/s, 491 triples/s, errors=49486)
  rows=28,201  triples=5,066,993  (3 ent/s, 491 triples/s, errors=49496)
  rows=28,222  triples=5,070,260  (3 ent/s, 491 triples/s, errors=49520)
  rows=28,241  triples=5,073,532  (3 ent/s, 491 triples/s, errors=49533)
  rows=28,261  triples=5,077,027  (3 ent/s, 491 triples/s, errors=49545)
  rows=28,283  triples=5,080,158  (3 ent/s, 491 triples/s, errors=49567)
  rows=28,303  triples=5,083,472  (3 ent/s, 491 triples/s, errors=49603)
  rows=28,319  triples=5,086,755  (3 ent/s, 491 triples/s, errors=49612)
  rows=28,336  triples=5,090,272  (3 ent/s, 491 triples/s, errors=49634)
  rows=28,354  triples=5,093,795  (3 ent/s, 491 triples/s, errors=49656)
  rows=28,377  triples=5,097,361  (3 ent/s, 491 triples/s, errors=49663)
  rows=28,397  triples=5,100,630  (3 ent/s, 491 triples/s, errors=49677)
  rows=28,417  triples=5,103,521  (3 ent/s, 491 triples/s, errors=49689)
  rows=28,437  triples=5,106,832  (3 ent/s, 491 triples/s, errors=49690)
  rows=28,455  triples=5,110,418  (3 ent/s, 491 triples/s, errors=49707)
  rows=28,474  triples=5,113,592  (3 ent/s, 491 triples/s, errors=49712)
  rows=28,490  triples=5,116,912  (3 ent/s, 491 triples/s, errors=49802)
  rows=28,512  triples=5,120,167  (3 ent/s, 491 triples/s, errors=49815)
  rows=28,538  triples=5,123,561  (3 ent/s, 491 triples/s, errors=49837)
  rows=28,559  triples=5,126,724  (3 ent/s, 491 triples/s, errors=49845)
  rows=28,587  triples=5,130,432  (3 ent/s, 491 triples/s, errors=49853)
  rows=28,606  triples=5,133,404  (3 ent/s, 491 triples/s, errors=49856)
  rows=28,622  triples=5,136,803  (3 ent/s, 491 triples/s, errors=49865)
  rows=28,638  triples=5,140,293  (3 ent/s, 491 triples/s, errors=49879)
  rows=28,659  triples=5,143,567  (3 ent/s, 491 triples/s, errors=49889)
  rows=28,678  triples=5,147,274  (3 ent/s, 491 triples/s, errors=49925)
  rows=28,702  triples=5,150,496  (3 ent/s, 491 triples/s, errors=49952)
  rows=28,721  triples=5,153,697  (3 ent/s, 491 triples/s, errors=49956)
  rows=28,744  triples=5,157,247  (3 ent/s, 491 triples/s, errors=49963)
  rows=28,773  triples=5,161,455  (3 ent/s, 491 triples/s, errors=49985)
  rows=28,800  triples=5,165,046  (3 ent/s, 491 triples/s, errors=50056)
  rows=28,826  triples=5,168,244  (3 ent/s, 491 triples/s, errors=50168)
  rows=28,845  triples=5,171,347  (3 ent/s, 491 triples/s, errors=50254)
  rows=28,872  triples=5,174,499  (3 ent/s, 491 triples/s, errors=50317)
  rows=28,893  triples=5,177,561  (3 ent/s, 491 triples/s, errors=50340)
  rows=28,917  triples=5,180,956  (3 ent/s, 491 triples/s, errors=50363)
  rows=28,949  triples=5,184,306  (3 ent/s, 491 triples/s, errors=50386)
  rows=28,975  triples=5,187,556  (3 ent/s, 491 triples/s, errors=50401)
  rows=29,001  triples=5,190,806  (3 ent/s, 491 triples/s, errors=50431)
  rows=29,019  triples=5,194,104  (3 ent/s, 491 triples/s, errors=50477)
  rows=29,044  triples=5,197,514  (3 ent/s, 492 triples/s, errors=50524)
  rows=29,066  triples=5,201,155  (3 ent/s, 492 triples/s, errors=50541)
  rows=29,089  triples=5,203,288  (3 ent/s, 490 triples/s, errors=50560)
  rows=29,108  triples=5,206,717  (3 ent/s, 490 triples/s, errors=50573)
  rows=29,139  triples=5,209,934  (3 ent/s, 490 triples/s, errors=50584)
  rows=29,174  triples=5,213,158  (3 ent/s, 490 triples/s, errors=50608)
  rows=29,201  triples=5,216,084  (3 ent/s, 490 triples/s, errors=50624)
  rows=29,229  triples=5,219,406  (3 ent/s, 490 triples/s, errors=50645)
  rows=29,253  triples=5,222,678  (3 ent/s, 490 triples/s, errors=50676)
  rows=29,273  triples=5,225,756  (3 ent/s, 490 triples/s, errors=50698)
  rows=29,299  triples=5,229,048  (3 ent/s, 490 triples/s, errors=50700)
  rows=29,328  triples=5,232,317  (3 ent/s, 490 triples/s, errors=50726)
  rows=29,359  triples=5,235,400  (3 ent/s, 490 triples/s, errors=50739)
  rows=29,383  triples=5,239,024  (3 ent/s, 490 triples/s, errors=50766)
  rows=29,401  triples=5,241,483  (3 ent/s, 490 triples/s, errors=50787)
  rows=29,422  triples=5,245,166  (3 ent/s, 490 triples/s, errors=50805)
  rows=29,445  triples=5,248,495  (3 ent/s, 490 triples/s, errors=50823)
  rows=29,471  triples=5,251,596  (3 ent/s, 490 triples/s, errors=50834)
  rows=29,490  triples=5,254,646  (3 ent/s, 490 triples/s, errors=50869)
  rows=29,514  triples=5,257,921  (3 ent/s, 490 triples/s, errors=50889)
  rows=29,538  triples=5,261,253  (3 ent/s, 490 triples/s, errors=50920)
  rows=29,561  triples=5,264,618  (3 ent/s, 490 triples/s, errors=50930)
  rows=29,587  triples=5,267,750  (3 ent/s, 490 triples/s, errors=50962)
  rows=29,611  triples=5,270,632  (3 ent/s, 490 triples/s, errors=50983)
  rows=29,640  triples=5,273,792  (3 ent/s, 490 triples/s, errors=50992)
  rows=29,664  triples=5,277,206  (3 ent/s, 490 triples/s, errors=51009)
  rows=29,694  triples=5,280,626  (3 ent/s, 490 triples/s, errors=51024)
  rows=29,715  triples=5,283,666  (3 ent/s, 490 triples/s, errors=51050)
  rows=29,738  triples=5,286,802  (3 ent/s, 490 triples/s, errors=51081)
  rows=29,760  triples=5,289,985  (3 ent/s, 490 triples/s, errors=51099)
  rows=29,781  triples=5,293,420  (3 ent/s, 490 triples/s, errors=51117)
  rows=29,801  triples=5,295,736  (3 ent/s, 490 triples/s, errors=51141)
  rows=29,823  triples=5,298,971  (3 ent/s, 490 triples/s, errors=51163)
  rows=29,849  triples=5,302,251  (3 ent/s, 490 triples/s, errors=51167)
  rows=29,879  triples=5,305,574  (3 ent/s, 490 triples/s, errors=51172)
  rows=29,901  triples=5,308,673  (3 ent/s, 490 triples/s, errors=51179)
  rows=29,922  triples=5,311,976  (3 ent/s, 490 triples/s, errors=51199)
  rows=29,943  triples=5,315,562  (3 ent/s, 490 triples/s, errors=51230)
  rows=29,964  triples=5,318,829  (3 ent/s, 490 triples/s, errors=51262)
  rows=29,987  triples=5,321,963  (3 ent/s, 490 triples/s, errors=51285)
  rows=30,001  triples=5,325,069  (3 ent/s, 490 triples/s, errors=52500)
  rows=30,028  triples=5,328,347  (3 ent/s, 490 triples/s, errors=52511)
  rows=30,053  triples=5,331,703  (3 ent/s, 490 triples/s, errors=52532)
  rows=30,082  triples=5,335,102  (3 ent/s, 490 triples/s, errors=52541)
  rows=30,112  triples=5,338,245  (3 ent/s, 490 triples/s, errors=52548)
  rows=30,141  triples=5,342,214  (3 ent/s, 490 triples/s, errors=52552)
  rows=30,164  triples=5,345,457  (3 ent/s, 490 triples/s, errors=52567)
  rows=30,188  triples=5,348,710  (3 ent/s, 490 triples/s, errors=52580)
  rows=30,209  triples=5,351,164  (3 ent/s, 490 triples/s, errors=52583)
  rows=30,234  triples=5,354,286  (3 ent/s, 490 triples/s, errors=52588)
  rows=30,256  triples=5,357,597  (3 ent/s, 490 triples/s, errors=52613)
  rows=30,284  triples=5,361,081  (3 ent/s, 490 triples/s, errors=52623)
  rows=30,311  triples=5,364,253  (3 ent/s, 490 triples/s, errors=52802)
  rows=30,336  triples=5,367,456  (3 ent/s, 490 triples/s, errors=52833)
  rows=30,358  triples=5,370,715  (3 ent/s, 490 triples/s, errors=52849)
  rows=30,385  triples=5,373,987  (3 ent/s, 490 triples/s, errors=52854)
  rows=30,401  triples=5,376,656  (3 ent/s, 490 triples/s, errors=52883)
  rows=30,427  triples=5,379,957  (3 ent/s, 490 triples/s, errors=52912)
  rows=30,450  triples=5,383,176  (3 ent/s, 490 triples/s, errors=52936)
  rows=30,478  triples=5,386,552  (3 ent/s, 490 triples/s, errors=52948)
  rows=30,498  triples=5,389,709  (3 ent/s, 490 triples/s, errors=53040)
  rows=30,522  triples=5,392,974  (3 ent/s, 490 triples/s, errors=53076)
  rows=30,547  triples=5,396,183  (3 ent/s, 490 triples/s, errors=53096)
  rows=30,571  triples=5,399,499  (3 ent/s, 490 triples/s, errors=53106)
  rows=30,595  triples=5,402,704  (3 ent/s, 490 triples/s, errors=53133)
  rows=30,620  triples=5,405,568  (3 ent/s, 490 triples/s, errors=53138)
  rows=30,643  triples=5,408,962  (3 ent/s, 490 triples/s, errors=53181)
  rows=30,666  triples=5,412,346  (3 ent/s, 490 triples/s, errors=53205)
  rows=30,689  triples=5,415,399  (3 ent/s, 490 triples/s, errors=53216)
  rows=30,712  triples=5,418,673  (3 ent/s, 490 triples/s, errors=53238)
  rows=30,736  triples=5,422,116  (3 ent/s, 490 triples/s, errors=53249)
  rows=30,759  triples=5,425,339  (3 ent/s, 490 triples/s, errors=53259)
  rows=30,788  triples=5,428,847  (3 ent/s, 490 triples/s, errors=53305)
  rows=30,808  triples=5,431,552  (3 ent/s, 490 triples/s, errors=53352)
  rows=30,827  triples=5,434,764  (3 ent/s, 490 triples/s, errors=53381)
  rows=30,856  triples=5,438,046  (3 ent/s, 490 triples/s, errors=53394)
  rows=30,881  triples=5,441,214  (3 ent/s, 490 triples/s, errors=53400)
  rows=30,904  triples=5,444,508  (3 ent/s, 490 triples/s, errors=53454)
  rows=30,907  triples=5,444,508  (3 ent/s, 486 triples/s, errors=53454)
  rows=30,924  triples=5,448,130  (3 ent/s, 487 triples/s, errors=53746)
  rows=30,944  triples=5,451,231  (3 ent/s, 487 triples/s, errors=53757)
  rows=30,963  triples=5,454,388  (3 ent/s, 487 triples/s, errors=53806)
  rows=30,989  triples=5,457,512  (3 ent/s, 487 triples/s, errors=53843)
  rows=31,007  triples=5,460,498  (3 ent/s, 487 triples/s, errors=53852)
  rows=31,028  triples=5,463,558  (3 ent/s, 487 triples/s, errors=53873)
  rows=31,054  triples=5,466,728  (3 ent/s, 487 triples/s, errors=53947)
  rows=31,075  triples=5,469,946  (3 ent/s, 487 triples/s, errors=53954)
  rows=31,102  triples=5,473,168  (3 ent/s, 487 triples/s, errors=53986)
  rows=31,128  triples=5,476,637  (3 ent/s, 487 triples/s, errors=54027)
  rows=31,150  triples=5,479,886  (3 ent/s, 487 triples/s, errors=54046)
  rows=31,174  triples=5,483,388  (3 ent/s, 487 triples/s, errors=54138)
  rows=31,196  triples=5,486,456  (3 ent/s, 487 triples/s, errors=54165)
  rows=31,210  triples=5,490,013  (3 ent/s, 487 triples/s, errors=55765)
  rows=31,236  triples=5,493,142  (3 ent/s, 487 triples/s, errors=55816)
  rows=31,262  triples=5,496,250  (3 ent/s, 487 triples/s, errors=55857)
  rows=31,285  triples=5,499,703  (3 ent/s, 487 triples/s, errors=55870)
  rows=31,312  triples=5,504,295  (3 ent/s, 487 triples/s, errors=57532)
  rows=31,339  triples=5,507,653  (3 ent/s, 487 triples/s, errors=57537)
  rows=31,358  triples=5,510,922  (3 ent/s, 487 triples/s, errors=57544)
  rows=31,382  triples=5,514,528  (3 ent/s, 487 triples/s, errors=57559)
  rows=31,401  triples=5,517,242  (3 ent/s, 487 triples/s, errors=57563)
  rows=31,421  triples=5,520,500  (3 ent/s, 487 triples/s, errors=57604)
  rows=31,442  triples=5,523,949  (3 ent/s, 487 triples/s, errors=57614)
  rows=31,457  triples=5,527,133  (3 ent/s, 487 triples/s, errors=57674)
  rows=31,479  triples=5,530,346  (3 ent/s, 487 triples/s, errors=57679)
  rows=31,501  triples=5,533,667  (3 ent/s, 487 triples/s, errors=57713)
  rows=31,523  triples=5,537,212  (3 ent/s, 487 triples/s, errors=57755)
  rows=31,542  triples=5,540,631  (3 ent/s, 487 triples/s, errors=57814)
  rows=31,558  triples=5,543,798  (3 ent/s, 487 triples/s, errors=57830)
  rows=31,575  triples=5,548,578  (3 ent/s, 487 triples/s, errors=59459)
  rows=31,595  triples=5,551,889  (3 ent/s, 487 triples/s, errors=59477)
  rows=31,605  triples=5,556,052  (3 ent/s, 487 triples/s, errors=59521)
  rows=31,617  triples=5,560,459  (3 ent/s, 488 triples/s, errors=59586)
  rows=31,635  triples=5,563,863  (3 ent/s, 488 triples/s, errors=59621)
  rows=31,649  triples=5,567,048  (3 ent/s, 488 triples/s, errors=59675)
  rows=31,664  triples=5,570,136  (3 ent/s, 488 triples/s, errors=59810)
  rows=31,680  triples=5,573,482  (3 ent/s, 488 triples/s, errors=59840)
  rows=31,691  triples=5,577,536  (3 ent/s, 488 triples/s, errors=61489)
  rows=31,710  triples=5,580,835  (3 ent/s, 488 triples/s, errors=61504)
  rows=31,728  triples=5,584,336  (3 ent/s, 488 triples/s, errors=61544)
  rows=31,749  triples=5,587,833  (3 ent/s, 488 triples/s, errors=61558)
  rows=31,769  triples=5,591,522  (3 ent/s, 488 triples/s, errors=61572)
  rows=31,787  triples=5,595,608  (3 ent/s, 488 triples/s, errors=61621)
  rows=31,801  triples=5,598,191  (3 ent/s, 488 triples/s, errors=61663)
  rows=31,820  triples=5,601,456  (3 ent/s, 488 triples/s, errors=61705)
  rows=31,838  triples=5,605,001  (3 ent/s, 488 triples/s, errors=62195)
  rows=31,855  triples=5,608,115  (3 ent/s, 488 triples/s, errors=62199)
  rows=31,870  triples=5,611,293  (3 ent/s, 488 triples/s, errors=62236)
  rows=31,888  triples=5,614,466  (3 ent/s, 488 triples/s, errors=62281)
  rows=31,904  triples=5,617,862  (3 ent/s, 488 triples/s, errors=62327)
  rows=31,919  triples=5,621,470  (3 ent/s, 488 triples/s, errors=62401)
  rows=31,933  triples=5,625,509  (3 ent/s, 488 triples/s, errors=64083)
  rows=31,948  triples=5,630,571  (3 ent/s, 488 triples/s, errors=65487)
  rows=31,968  triples=5,633,835  (3 ent/s, 488 triples/s, errors=65521)
  rows=31,984  triples=5,637,012  (3 ent/s, 488 triples/s, errors=65542)
  rows=32,001  triples=5,639,383  (3 ent/s, 488 triples/s, errors=65552)
  rows=32,024  triples=5,642,772  (3 ent/s, 488 triples/s, errors=65575)
  rows=32,047  triples=5,646,146  (3 ent/s, 488 triples/s, errors=65731)
  rows=32,071  triples=5,649,464  (3 ent/s, 488 triples/s, errors=65784)
  rows=32,093  triples=5,652,888  (3 ent/s, 488 triples/s, errors=65827)
  rows=32,112  triples=5,656,290  (3 ent/s, 488 triples/s, errors=65980)
  rows=32,130  triples=5,659,736  (3 ent/s, 488 triples/s, errors=66034)
  rows=32,151  triples=5,663,068  (3 ent/s, 488 triples/s, errors=66054)
  rows=32,175  triples=5,666,137  (3 ent/s, 488 triples/s, errors=66079)
  rows=32,194  triples=5,669,278  (3 ent/s, 488 triples/s, errors=66095)
  rows=32,213  triples=5,672,924  (3 ent/s, 488 triples/s, errors=66101)
  rows=32,238  triples=5,676,304  (3 ent/s, 488 triples/s, errors=66128)
  rows=32,258  triples=5,679,382  (3 ent/s, 488 triples/s, errors=66167)
  rows=32,284  triples=5,682,690  (3 ent/s, 488 triples/s, errors=66199)
  rows=32,306  triples=5,685,822  (3 ent/s, 488 triples/s, errors=66207)
  rows=32,326  triples=5,689,143  (3 ent/s, 488 triples/s, errors=66250)
  rows=32,355  triples=5,692,326  (3 ent/s, 488 triples/s, errors=66265)
  rows=32,380  triples=5,695,813  (3 ent/s, 488 triples/s, errors=66310)
  rows=32,401  triples=5,698,507  (3 ent/s, 488 triples/s, errors=66320)
  rows=32,432  triples=5,701,991  (3 ent/s, 488 triples/s, errors=66326)
  rows=32,458  triples=5,705,608  (3 ent/s, 489 triples/s, errors=66341)
  rows=32,490  triples=5,708,817  (3 ent/s, 489 triples/s, errors=66379)
  rows=32,512  triples=5,711,922  (3 ent/s, 489 triples/s, errors=66406)
  rows=32,537  triples=5,715,410  (3 ent/s, 489 triples/s, errors=66435)
  rows=32,563  triples=5,718,607  (3 ent/s, 489 triples/s, errors=66448)
  rows=32,590  triples=5,722,772  (3 ent/s, 489 triples/s, errors=66481)
  rows=32,622  triples=5,725,813  (3 ent/s, 489 triples/s, errors=66500)
  rows=32,644  triples=5,728,889  (3 ent/s, 489 triples/s, errors=66536)
  rows=32,678  triples=5,731,951  (3 ent/s, 489 triples/s, errors=66551)
  rows=32,712  triples=5,735,114  (3 ent/s, 489 triples/s, errors=66583)
  rows=32,725  triples=5,736,188  (3 ent/s, 487 triples/s, errors=66588)
  rows=32,746  triples=5,739,382  (3 ent/s, 487 triples/s, errors=66633)
  rows=32,778  triples=5,742,524  (3 ent/s, 487 triples/s, errors=66646)
  rows=32,804  triples=5,745,399  (3 ent/s, 487 triples/s, errors=66831)
  rows=32,832  triples=5,748,574  (3 ent/s, 487 triples/s, errors=66837)
  rows=32,865  triples=5,751,724  (3 ent/s, 487 triples/s, errors=66850)
  rows=32,896  triples=5,755,259  (3 ent/s, 487 triples/s, errors=66896)
  rows=32,932  triples=5,758,482  (3 ent/s, 487 triples/s, errors=66897)
  rows=32,964  triples=5,761,510  (3 ent/s, 487 triples/s, errors=66916)
  rows=32,987  triples=5,764,605  (3 ent/s, 487 triples/s, errors=66940)
  rows=33,017  triples=5,767,726  (3 ent/s, 487 triples/s, errors=66947)
  rows=33,046  triples=5,771,136  (3 ent/s, 487 triples/s, errors=66958)
  rows=33,079  triples=5,774,321  (3 ent/s, 487 triples/s, errors=66982)
  rows=33,102  triples=5,777,640  (3 ent/s, 487 triples/s, errors=67121)
  rows=33,138  triples=5,781,040  (3 ent/s, 487 triples/s, errors=67135)
  rows=33,166  triples=5,784,117  (3 ent/s, 487 triples/s, errors=67181)
  rows=33,191  triples=5,787,216  (3 ent/s, 487 triples/s, errors=67283)
  rows=33,204  triples=5,789,946  (3 ent/s, 487 triples/s, errors=67294)
  rows=33,227  triples=5,793,479  (3 ent/s, 487 triples/s, errors=67433)
  rows=33,250  triples=5,796,633  (3 ent/s, 487 triples/s, errors=67498)
  rows=33,275  triples=5,800,084  (3 ent/s, 487 triples/s, errors=67587)
  rows=33,305  triples=5,803,445  (3 ent/s, 487 triples/s, errors=67608)
  rows=33,329  triples=5,806,700  (3 ent/s, 487 triples/s, errors=67621)
  rows=33,354  triples=5,812,866  (3 ent/s, 487 triples/s, errors=67930)
  rows=33,379  triples=5,816,080  (3 ent/s, 487 triples/s, errors=67939)
  rows=33,401  triples=5,818,894  (3 ent/s, 487 triples/s, errors=67948)
  rows=33,431  triples=5,822,616  (3 ent/s, 487 triples/s, errors=67976)
  rows=33,453  triples=5,825,947  (3 ent/s, 487 triples/s, errors=67993)
  rows=33,477  triples=5,829,172  (3 ent/s, 487 triples/s, errors=68059)
  rows=33,507  triples=5,832,445  (3 ent/s, 487 triples/s, errors=68077)
  rows=33,530  triples=5,835,614  (3 ent/s, 487 triples/s, errors=68086)
  rows=33,556  triples=5,839,018  (3 ent/s, 487 triples/s, errors=68181)
  rows=33,587  triples=5,842,209  (3 ent/s, 487 triples/s, errors=68270)
  rows=33,607  triples=5,846,383  (3 ent/s, 488 triples/s, errors=68274)
  rows=33,634  triples=5,849,650  (3 ent/s, 488 triples/s, errors=68322)
  rows=33,664  triples=5,854,016  (3 ent/s, 488 triples/s, errors=70214)
  rows=33,684  triples=5,857,398  (3 ent/s, 488 triples/s, errors=70364)
  rows=33,706  triples=5,860,574  (3 ent/s, 488 triples/s, errors=70402)
  rows=33,731  triples=5,864,353  (3 ent/s, 488 triples/s, errors=70630)
  rows=33,754  triples=5,867,698  (3 ent/s, 488 triples/s, errors=70660)
  rows=33,785  triples=5,870,932  (3 ent/s, 488 triples/s, errors=70674)
  rows=33,811  triples=5,873,808  (3 ent/s, 488 triples/s, errors=70689)
  rows=33,847  triples=5,876,956  (3 ent/s, 488 triples/s, errors=70710)
  rows=33,871  triples=5,880,058  (3 ent/s, 488 triples/s, errors=70735)
  rows=33,895  triples=5,883,335  (3 ent/s, 488 triples/s, errors=70759)
  rows=33,916  triples=5,886,684  (3 ent/s, 488 triples/s, errors=70771)
  rows=33,945  triples=5,890,084  (3 ent/s, 488 triples/s, errors=70801)
  rows=33,971  triples=5,893,293  (3 ent/s, 488 triples/s, errors=70838)
  rows=33,994  triples=5,896,542  (3 ent/s, 488 triples/s, errors=70845)
  rows=34,017  triples=5,899,622  (3 ent/s, 488 triples/s, errors=70871)
  rows=34,045  triples=5,902,831  (3 ent/s, 488 triples/s, errors=70892)
  rows=34,069  triples=5,906,228  (3 ent/s, 488 triples/s, errors=70992)
  rows=34,093  triples=5,909,496  (3 ent/s, 488 triples/s, errors=71014)
  rows=34,122  triples=5,912,809  (3 ent/s, 488 triples/s, errors=71021)
  rows=34,150  triples=5,916,137  (3 ent/s, 488 triples/s, errors=71026)
  rows=34,171  triples=5,919,489  (3 ent/s, 488 triples/s, errors=71040)
  rows=34,198  triples=5,923,072  (3 ent/s, 488 triples/s, errors=71062)
  rows=34,213  triples=5,925,249  (3 ent/s, 488 triples/s, errors=71079)
  rows=34,237  triples=5,928,396  (3 ent/s, 488 triples/s, errors=71098)
  rows=34,267  triples=5,931,783  (3 ent/s, 488 triples/s, errors=71106)
  rows=34,299  triples=5,935,090  (3 ent/s, 488 triples/s, errors=71117)
  rows=34,321  triples=5,938,269  (3 ent/s, 488 triples/s, errors=71123)
  rows=34,342  triples=5,941,657  (3 ent/s, 488 triples/s, errors=71152)
  rows=34,362  triples=5,945,336  (3 ent/s, 488 triples/s, errors=71203)
  rows=34,384  triples=5,949,003  (3 ent/s, 488 triples/s, errors=71239)
  rows=34,407  triples=5,951,599  (3 ent/s, 488 triples/s, errors=71242)
  rows=34,428  triples=5,954,711  (3 ent/s, 488 triples/s, errors=71257)
  rows=34,447  triples=5,957,881  (3 ent/s, 488 triples/s, errors=71272)
  rows=34,476  triples=5,960,978  (3 ent/s, 488 triples/s, errors=71284)
  rows=34,499  triples=5,964,107  (3 ent/s, 488 triples/s, errors=71302)
  rows=34,514  triples=5,967,267  (3 ent/s, 488 triples/s, errors=71340)
  rows=34,538  triples=5,970,406  (3 ent/s, 488 triples/s, errors=71386)
  rows=34,543  triples=5,970,406  (3 ent/s, 487 triples/s, errors=71386)
  rows=34,553  triples=5,973,676  (3 ent/s, 487 triples/s, errors=71451)
  rows=34,576  triples=5,977,097  (3 ent/s, 487 triples/s, errors=71526)
  rows=34,597  triples=5,980,466  (3 ent/s, 487 triples/s, errors=71605)
  rows=34,611  triples=5,983,095  (3 ent/s, 487 triples/s, errors=71612)
  rows=34,636  triples=5,986,440  (3 ent/s, 487 triples/s, errors=71644)
  rows=34,655  triples=5,989,564  (3 ent/s, 487 triples/s, errors=71673)
  rows=34,675  triples=5,992,871  (3 ent/s, 487 triples/s, errors=71680)
  rows=34,706  triples=5,995,983  (3 ent/s, 487 triples/s, errors=71728)
  rows=34,730  triples=5,999,302  (3 ent/s, 487 triples/s, errors=71771)
  rows=34,748  triples=6,002,420  (3 ent/s, 487 triples/s, errors=71799)
  rows=34,773  triples=6,006,298  (3 ent/s, 487 triples/s, errors=71828)
  rows=34,801  triples=6,009,388  (3 ent/s, 487 triples/s, errors=71833)
  rows=34,824  triples=6,012,515  (3 ent/s, 487 triples/s, errors=71852)
  rows=34,849  triples=6,016,071  (3 ent/s, 487 triples/s, errors=71887)
  rows=34,873  triples=6,019,829  (3 ent/s, 487 triples/s, errors=71932)
  rows=34,897  triples=6,022,879  (3 ent/s, 487 triples/s, errors=71953)
  rows=34,924  triples=6,026,115  (3 ent/s, 487 triples/s, errors=71960)
  rows=34,953  triples=6,029,447  (3 ent/s, 487 triples/s, errors=71984)
  rows=34,981  triples=6,032,724  (3 ent/s, 487 triples/s, errors=72025)
  rows=35,001  triples=6,035,527  (3 ent/s, 487 triples/s, errors=72061)
  rows=35,023  triples=6,039,050  (3 ent/s, 487 triples/s, errors=72076)
  rows=35,053  triples=6,042,128  (3 ent/s, 487 triples/s, errors=72099)
  rows=35,085  triples=6,045,446  (3 ent/s, 487 triples/s, errors=72114)
  rows=35,110  triples=6,048,770  (3 ent/s, 487 triples/s, errors=72124)
  rows=35,131  triples=6,051,899  (3 ent/s, 487 triples/s, errors=72166)
  rows=35,156  triples=6,055,106  (3 ent/s, 487 triples/s, errors=72224)
  rows=35,178  triples=6,058,280  (3 ent/s, 487 triples/s, errors=72236)
  rows=35,201  triples=6,061,212  (3 ent/s, 487 triples/s, errors=72277)
  rows=35,231  triples=6,064,241  (3 ent/s, 487 triples/s, errors=72390)
  rows=35,258  triples=6,067,289  (3 ent/s, 487 triples/s, errors=72423)
  rows=35,287  triples=6,070,483  (3 ent/s, 487 triples/s, errors=72435)
  rows=35,321  triples=6,074,049  (3 ent/s, 487 triples/s, errors=72450)
  rows=35,347  triples=6,077,336  (3 ent/s, 487 triples/s, errors=72524)
  rows=35,377  triples=6,080,508  (3 ent/s, 487 triples/s, errors=72561)
  rows=35,401  triples=6,083,259  (3 ent/s, 487 triples/s, errors=72581)
  rows=35,428  triples=6,086,449  (3 ent/s, 487 triples/s, errors=72621)
  rows=35,452  triples=6,089,810  (3 ent/s, 487 triples/s, errors=72662)
  rows=35,486  triples=6,093,068  (3 ent/s, 487 triples/s, errors=72681)
  rows=35,516  triples=6,096,185  (3 ent/s, 487 triples/s, errors=72708)
  rows=35,536  triples=6,099,548  (3 ent/s, 487 triples/s, errors=72735)
  rows=35,563  triples=6,102,692  (3 ent/s, 487 triples/s, errors=72748)
  rows=35,592  triples=6,105,858  (3 ent/s, 487 triples/s, errors=72762)
  rows=35,614  triples=6,108,755  (3 ent/s, 487 triples/s, errors=72786)
  rows=35,635  triples=6,112,341  (3 ent/s, 487 triples/s, errors=72830)
  rows=35,662  triples=6,115,686  (3 ent/s, 487 triples/s, errors=72868)
  rows=35,697  triples=6,118,827  (3 ent/s, 487 triples/s, errors=72900)
  rows=35,729  triples=6,122,286  (3 ent/s, 487 triples/s, errors=72951)
  rows=35,755  triples=6,125,658  (3 ent/s, 487 triples/s, errors=72989)
  rows=35,779  triples=6,128,783  (3 ent/s, 487 triples/s, errors=73004)
  rows=35,801  triples=6,131,707  (3 ent/s, 487 triples/s, errors=73025)
  rows=35,826  triples=6,134,870  (3 ent/s, 487 triples/s, errors=73041)
  rows=35,850  triples=6,138,285  (3 ent/s, 487 triples/s, errors=73087)
  rows=35,874  triples=6,141,417  (3 ent/s, 487 triples/s, errors=73162)
  rows=35,903  triples=6,144,624  (3 ent/s, 487 triples/s, errors=73182)
  rows=35,930  triples=6,147,940  (3 ent/s, 487 triples/s, errors=73211)
  rows=35,954  triples=6,151,484  (3 ent/s, 487 triples/s, errors=73246)
  rows=35,973  triples=6,154,984  (3 ent/s, 487 triples/s, errors=73304)
  rows=35,997  triples=6,158,640  (3 ent/s, 487 triples/s, errors=73344)
  rows=36,020  triples=6,161,235  (3 ent/s, 487 triples/s, errors=73349)
  rows=36,036  triples=6,164,488  (3 ent/s, 487 triples/s, errors=73479)
  rows=36,059  triples=6,167,853  (3 ent/s, 487 triples/s, errors=73525)
  rows=36,080  triples=6,171,099  (3 ent/s, 487 triples/s, errors=73543)
  rows=36,100  triples=6,174,370  (3 ent/s, 487 triples/s, errors=73629)
  rows=36,119  triples=6,177,890  (3 ent/s, 487 triples/s, errors=73646)
  rows=36,136  triples=6,181,141  (3 ent/s, 487 triples/s, errors=73698)
  rows=36,153  triples=6,184,463  (3 ent/s, 487 triples/s, errors=73739)
  rows=36,177  triples=6,187,824  (3 ent/s, 487 triples/s, errors=73804)
  rows=36,201  triples=6,191,025  (3 ent/s, 487 triples/s, errors=73834)
  rows=36,214  triples=6,194,344  (3 ent/s, 487 triples/s, errors=73912)
  rows=36,240  triples=6,197,964  (3 ent/s, 487 triples/s, errors=73962)
  rows=36,254  triples=6,201,097  (3 ent/s, 487 triples/s, errors=74068)
  rows=36,272  triples=6,204,609  (3 ent/s, 487 triples/s, errors=74112)
  rows=36,289  triples=6,207,834  (3 ent/s, 487 triples/s, errors=74174)
  rows=36,304  triples=6,211,661  (3 ent/s, 488 triples/s, errors=74239)
  rows=36,323  triples=6,214,964  (3 ent/s, 488 triples/s, errors=74269)
  rows=36,340  triples=6,218,663  (3 ent/s, 488 triples/s, errors=74414)
  rows=36,361  triples=6,220,910  (3 ent/s, 485 triples/s, errors=74468)
  rows=36,369  triples=6,224,449  (3 ent/s, 485 triples/s, errors=74553)
  rows=36,390  triples=6,227,886  (3 ent/s, 485 triples/s, errors=74575)
  rows=36,406  triples=6,230,549  (3 ent/s, 485 triples/s, errors=74583)
  rows=36,422  triples=6,233,823  (3 ent/s, 485 triples/s, errors=74611)
  rows=36,437  triples=6,237,032  (3 ent/s, 485 triples/s, errors=74620)
  rows=36,454  triples=6,240,271  (3 ent/s, 485 triples/s, errors=74674)
  rows=36,470  triples=6,243,459  (3 ent/s, 485 triples/s, errors=74718)
  rows=36,489  triples=6,246,828  (3 ent/s, 485 triples/s, errors=74825)
  rows=36,511  triples=6,250,208  (3 ent/s, 485 triples/s, errors=74855)
  rows=36,527  triples=6,253,643  (3 ent/s, 485 triples/s, errors=74905)
  rows=36,547  triples=6,257,057  (3 ent/s, 485 triples/s, errors=74960)
  rows=36,565  triples=6,260,442  (3 ent/s, 485 triples/s, errors=74999)
  rows=36,586  triples=6,264,086  (3 ent/s, 485 triples/s, errors=75049)
  rows=36,600  triples=6,267,556  (3 ent/s, 485 triples/s, errors=75101)
  rows=36,623  triples=6,271,535  (3 ent/s, 486 triples/s, errors=75111)
  rows=36,642  triples=6,274,798  (3 ent/s, 486 triples/s, errors=75146)
  rows=36,661  triples=6,278,403  (3 ent/s, 486 triples/s, errors=75226)
  rows=36,675  triples=6,281,653  (3 ent/s, 486 triples/s, errors=75408)
  rows=36,698  triples=6,284,823  (3 ent/s, 486 triples/s, errors=75422)
  rows=36,719  triples=6,287,966  (3 ent/s, 486 triples/s, errors=75461)
  rows=36,733  triples=6,291,590  (3 ent/s, 486 triples/s, errors=75525)
  rows=36,753  triples=6,294,979  (3 ent/s, 486 triples/s, errors=75567)
  rows=36,774  triples=6,298,251  (3 ent/s, 486 triples/s, errors=75598)
  rows=36,798  triples=6,301,426  (3 ent/s, 486 triples/s, errors=75618)
  rows=36,820  triples=6,304,017  (3 ent/s, 486 triples/s, errors=75632)
  rows=36,847  triples=6,307,263  (3 ent/s, 486 triples/s, errors=75660)
  rows=36,867  triples=6,310,596  (3 ent/s, 486 triples/s, errors=75750)
  rows=36,886  triples=6,313,646  (3 ent/s, 486 triples/s, errors=75764)
  rows=36,910  triples=6,317,401  (3 ent/s, 486 triples/s, errors=75806)
  rows=36,931  triples=6,320,738  (3 ent/s, 486 triples/s, errors=75853)
  rows=36,954  triples=6,325,359  (3 ent/s, 486 triples/s, errors=77613)
  rows=36,982  triples=6,328,512  (3 ent/s, 486 triples/s, errors=77643)
  rows=37,001  triples=6,330,735  (3 ent/s, 486 triples/s, errors=77721)
  rows=37,030  triples=6,334,612  (3 ent/s, 486 triples/s, errors=77754)
  rows=37,058  triples=6,338,356  (3 ent/s, 486 triples/s, errors=77783)
  rows=37,079  triples=6,341,468  (3 ent/s, 486 triples/s, errors=77799)
  rows=37,101  triples=6,344,782  (3 ent/s, 486 triples/s, errors=77863)
  rows=37,122  triples=6,348,162  (3 ent/s, 486 triples/s, errors=77915)
  rows=37,141  triples=6,351,662  (3 ent/s, 486 triples/s, errors=77955)
  rows=37,165  triples=6,354,797  (3 ent/s, 486 triples/s, errors=78006)
  rows=37,194  triples=6,358,600  (3 ent/s, 486 triples/s, errors=78057)
  rows=37,216  triples=6,362,060  (3 ent/s, 486 triples/s, errors=78092)
  rows=37,237  triples=6,365,537  (3 ent/s, 486 triples/s, errors=78124)
  rows=37,265  triples=6,368,830  (3 ent/s, 486 triples/s, errors=78161)
  rows=37,295  triples=6,371,965  (3 ent/s, 486 triples/s, errors=78170)
  rows=37,316  triples=6,375,355  (3 ent/s, 486 triples/s, errors=78204)
  rows=37,331  triples=6,379,565  (3 ent/s, 486 triples/s, errors=78285)
  rows=37,354  triples=6,383,214  (3 ent/s, 486 triples/s, errors=78337)
  rows=37,377  triples=6,386,541  (3 ent/s, 486 triples/s, errors=78429)
  rows=37,401  triples=6,389,678  (3 ent/s, 486 triples/s, errors=78449)
  rows=37,422  triples=6,392,900  (3 ent/s, 486 triples/s, errors=78521)
  rows=37,446  triples=6,396,152  (3 ent/s, 486 triples/s, errors=78585)
  rows=37,470  triples=6,399,868  (3 ent/s, 486 triples/s, errors=78666)
  rows=37,494  triples=6,402,902  (3 ent/s, 486 triples/s, errors=78719)
  rows=37,513  triples=6,406,150  (3 ent/s, 486 triples/s, errors=78754)
  rows=37,542  triples=6,409,639  (3 ent/s, 486 triples/s, errors=78816)
  rows=37,571  triples=6,412,949  (3 ent/s, 486 triples/s, errors=78855)
  rows=37,601  triples=6,415,914  (3 ent/s, 486 triples/s, errors=78909)
  rows=37,622  triples=6,419,164  (3 ent/s, 486 triples/s, errors=79093)
  rows=37,653  triples=6,422,710  (3 ent/s, 486 triples/s, errors=79101)
  rows=37,674  triples=6,426,223  (3 ent/s, 486 triples/s, errors=79147)
  rows=37,694  triples=6,429,638  (3 ent/s, 486 triples/s, errors=79212)
  rows=37,717  triples=6,432,951  (3 ent/s, 487 triples/s, errors=79239)
  rows=37,739  triples=6,436,606  (3 ent/s, 487 triples/s, errors=79284)
  rows=37,763  triples=6,439,753  (3 ent/s, 487 triples/s, errors=79353)
  rows=37,788  triples=6,443,160  (3 ent/s, 487 triples/s, errors=79367)
  rows=37,818  triples=6,446,658  (3 ent/s, 487 triples/s, errors=79406)
  rows=37,842  triples=6,449,751  (3 ent/s, 487 triples/s, errors=79436)
  rows=37,869  triples=6,453,186  (3 ent/s, 487 triples/s, errors=79463)
  rows=37,894  triples=6,456,347  (3 ent/s, 487 triples/s, errors=79489)
  rows=37,917  triples=6,459,726  (3 ent/s, 487 triples/s, errors=79524)
  rows=37,943  triples=6,463,073  (3 ent/s, 487 triples/s, errors=79541)
  rows=37,963  triples=6,466,293  (3 ent/s, 487 triples/s, errors=79548)
  rows=37,991  triples=6,469,560  (3 ent/s, 487 triples/s, errors=79595)
  rows=38,008  triples=6,471,727  (3 ent/s, 487 triples/s, errors=79643)
  rows=38,030  triples=6,474,765  (3 ent/s, 487 triples/s, errors=79669)
  rows=38,051  triples=6,477,910  (3 ent/s, 487 triples/s, errors=79736)
  rows=38,072  triples=6,481,289  (3 ent/s, 487 triples/s, errors=79771)
  rows=38,094  triples=6,484,561  (3 ent/s, 487 triples/s, errors=79788)
  rows=38,120  triples=6,489,577  (3 ent/s, 487 triples/s, errors=81225)
  rows=38,137  triples=6,492,850  (3 ent/s, 487 triples/s, errors=81245)
  rows=38,159  triples=6,495,978  (3 ent/s, 487 triples/s, errors=81255)
  rows=38,175  triples=6,499,076  (3 ent/s, 487 triples/s, errors=81376)
  rows=38,179  triples=6,499,076  (3 ent/s, 485 triples/s, errors=81376)
  rows=38,196  triples=6,502,339  (3 ent/s, 485 triples/s, errors=81397)
  rows=38,214  triples=6,505,184  (3 ent/s, 485 triples/s, errors=81410)
  rows=38,240  triples=6,508,377  (3 ent/s, 485 triples/s, errors=81436)
  rows=38,263  triples=6,511,832  (3 ent/s, 485 triples/s, errors=81486)
  rows=38,283  triples=6,514,991  (3 ent/s, 485 triples/s, errors=81497)
  rows=38,306  triples=6,518,252  (3 ent/s, 485 triples/s, errors=81521)
  rows=38,325  triples=6,521,444  (3 ent/s, 485 triples/s, errors=81560)
  rows=38,352  triples=6,525,108  (3 ent/s, 485 triples/s, errors=81583)
  rows=38,377  triples=6,528,676  (3 ent/s, 485 triples/s, errors=81626)
  rows=38,397  triples=6,532,034  (3 ent/s, 486 triples/s, errors=81669)
  rows=38,415  triples=6,534,752  (3 ent/s, 485 triples/s, errors=81697)
  rows=38,436  triples=6,537,990  (3 ent/s, 485 triples/s, errors=81803)
  rows=38,459  triples=6,541,539  (3 ent/s, 486 triples/s, errors=81836)
  rows=38,479  triples=6,544,856  (3 ent/s, 486 triples/s, errors=81893)
  rows=38,501  triples=6,548,210  (3 ent/s, 486 triples/s, errors=81924)
  rows=38,522  triples=6,551,311  (3 ent/s, 486 triples/s, errors=81954)
  rows=38,548  triples=6,554,836  (3 ent/s, 486 triples/s, errors=82006)
  rows=38,568  triples=6,558,592  (3 ent/s, 486 triples/s, errors=82099)
  rows=38,593  triples=6,561,865  (3 ent/s, 486 triples/s, errors=82122)
  rows=38,614  triples=6,564,728  (3 ent/s, 486 triples/s, errors=82146)
  rows=38,637  triples=6,568,071  (3 ent/s, 486 triples/s, errors=82183)
  rows=38,658  triples=6,571,515  (3 ent/s, 486 triples/s, errors=82219)
  rows=38,677  triples=6,574,664  (3 ent/s, 486 triples/s, errors=82254)
  rows=38,697  triples=6,577,760  (3 ent/s, 486 triples/s, errors=82273)
  rows=38,717  triples=6,580,847  (3 ent/s, 486 triples/s, errors=82288)
  rows=38,744  triples=6,584,077  (3 ent/s, 486 triples/s, errors=82325)
  rows=38,777  triples=6,587,481  (3 ent/s, 486 triples/s, errors=82356)
  rows=38,796  triples=6,590,855  (3 ent/s, 486 triples/s, errors=82491)
  rows=38,811  triples=6,593,520  (3 ent/s, 486 triples/s, errors=82532)
  rows=38,834  triples=6,596,775  (3 ent/s, 486 triples/s, errors=82587)
  rows=38,855  triples=6,599,808  (3 ent/s, 486 triples/s, errors=82675)
  rows=38,872  triples=6,603,088  (3 ent/s, 486 triples/s, errors=82720)
  rows=38,900  triples=6,606,277  (3 ent/s, 486 triples/s, errors=82753)
  rows=38,927  triples=6,609,904  (3 ent/s, 486 triples/s, errors=82781)
  rows=38,952  triples=6,613,416  (3 ent/s, 486 triples/s, errors=82822)
  rows=38,968  triples=6,616,503  (3 ent/s, 486 triples/s, errors=82917)
  rows=38,991  triples=6,619,714  (3 ent/s, 486 triples/s, errors=82951)
  rows=39,009  triples=6,622,636  (3 ent/s, 486 triples/s, errors=82989)
  rows=39,030  triples=6,626,018  (3 ent/s, 486 triples/s, errors=83028)
  rows=39,051  triples=6,629,209  (3 ent/s, 486 triples/s, errors=83050)
  rows=39,085  triples=6,632,412  (3 ent/s, 486 triples/s, errors=83068)
  rows=39,107  triples=6,635,578  (3 ent/s, 486 triples/s, errors=83100)
  rows=39,128  triples=6,638,878  (3 ent/s, 486 triples/s, errors=83204)
  rows=39,143  triples=6,642,048  (3 ent/s, 486 triples/s, errors=83255)
  rows=39,164  triples=6,645,396  (3 ent/s, 486 triples/s, errors=83274)
  rows=39,184  triples=6,648,630  (3 ent/s, 486 triples/s, errors=83294)
  rows=39,206  triples=6,651,391  (3 ent/s, 486 triples/s, errors=83342)
  rows=39,234  triples=6,654,715  (3 ent/s, 486 triples/s, errors=83389)
  rows=39,262  triples=6,657,968  (3 ent/s, 486 triples/s, errors=83402)
  rows=39,287  triples=6,661,339  (3 ent/s, 486 triples/s, errors=83418)
  rows=39,312  triples=6,664,477  (3 ent/s, 486 triples/s, errors=83423)
  rows=39,334  triples=6,667,508  (3 ent/s, 486 triples/s, errors=83434)
  rows=39,360  triples=6,670,858  (3 ent/s, 486 triples/s, errors=83502)
  rows=39,379  triples=6,674,135  (3 ent/s, 486 triples/s, errors=83531)
  rows=39,401  triples=6,676,430  (3 ent/s, 486 triples/s, errors=83533)
  rows=39,426  triples=6,679,532  (3 ent/s, 486 triples/s, errors=83550)
  rows=39,448  triples=6,682,837  (3 ent/s, 486 triples/s, errors=83574)
  rows=39,470  triples=6,686,116  (3 ent/s, 486 triples/s, errors=83594)
  rows=39,494  triples=6,689,169  (3 ent/s, 486 triples/s, errors=83688)
  rows=39,520  triples=6,692,593  (3 ent/s, 486 triples/s, errors=83712)
  rows=39,547  triples=6,695,822  (3 ent/s, 486 triples/s, errors=83736)
  rows=39,571  triples=6,699,138  (3 ent/s, 486 triples/s, errors=83744)
  rows=39,601  triples=6,701,982  (3 ent/s, 486 triples/s, errors=83755)
  rows=39,623  triples=6,704,988  (3 ent/s, 486 triples/s, errors=83841)
  rows=39,651  triples=6,708,252  (3 ent/s, 486 triples/s, errors=83844)
  rows=39,673  triples=6,711,536  (3 ent/s, 486 triples/s, errors=83868)
  rows=39,693  triples=6,714,715  (3 ent/s, 486 triples/s, errors=83876)
  rows=39,714  triples=6,718,350  (3 ent/s, 486 triples/s, errors=83900)
  rows=39,744  triples=6,721,913  (3 ent/s, 486 triples/s, errors=83925)
  rows=39,770  triples=6,725,414  (3 ent/s, 486 triples/s, errors=83938)
  rows=39,794  triples=6,728,499  (3 ent/s, 486 triples/s, errors=83941)
  rows=39,816  triples=6,731,695  (3 ent/s, 486 triples/s, errors=83963)
  rows=39,839  triples=6,734,956  (3 ent/s, 486 triples/s, errors=83977)
  rows=39,864  triples=6,738,007  (3 ent/s, 486 triples/s, errors=83987)
  rows=39,888  triples=6,741,232  (3 ent/s, 486 triples/s, errors=84001)
  rows=39,910  triples=6,744,463  (3 ent/s, 486 triples/s, errors=84028)
  rows=39,931  triples=6,747,638  (3 ent/s, 486 triples/s, errors=84050)
  rows=39,951  triples=6,750,756  (3 ent/s, 486 triples/s, errors=84066)
  rows=39,976  triples=6,753,863  (3 ent/s, 486 triples/s, errors=84081)
  rows=39,997  triples=6,757,076  (3 ent/s, 485 triples/s, errors=84109)
  rows=40,014  triples=6,759,739  (3 ent/s, 485 triples/s, errors=84151)
  rows=40,035  triples=6,763,193  (3 ent/s, 485 triples/s, errors=84163)
  rows=40,059  triples=6,766,442  (3 ent/s, 485 triples/s, errors=84186)
  rows=40,079  triples=6,769,754  (3 ent/s, 485 triples/s, errors=84199)
  rows=40,101  triples=6,772,986  (3 ent/s, 485 triples/s, errors=84211)
  rows=40,123  triples=6,776,131  (3 ent/s, 485 triples/s, errors=84242)
  rows=40,143  triples=6,779,311  (3 ent/s, 485 triples/s, errors=84253)
  rows=40,165  triples=6,782,647  (3 ent/s, 485 triples/s, errors=84262)
  rows=40,189  triples=6,785,832  (3 ent/s, 485 triples/s, errors=84337)
  rows=40,207  triples=6,788,131  (3 ent/s, 485 triples/s, errors=84356)
  rows=40,230  triples=6,791,132  (3 ent/s, 485 triples/s, errors=84393)
  rows=40,258  triples=6,794,320  (3 ent/s, 485 triples/s, errors=84403)
  rows=40,281  triples=6,797,487  (3 ent/s, 485 triples/s, errors=84408)
  rows=40,301  triples=6,800,755  (3 ent/s, 485 triples/s, errors=84417)
  rows=40,325  triples=6,803,792  (3 ent/s, 485 triples/s, errors=84426)
  rows=40,348  triples=6,806,810  (3 ent/s, 485 triples/s, errors=84439)
  rows=40,373  triples=6,810,033  (3 ent/s, 485 triples/s, errors=84446)
  rows=40,393  triples=6,813,131  (3 ent/s, 485 triples/s, errors=84469)
  rows=40,417  triples=6,816,240  (3 ent/s, 485 triples/s, errors=84479)
  rows=40,438  triples=6,819,491  (3 ent/s, 485 triples/s, errors=84481)
  rows=40,453  triples=6,822,589  (3 ent/s, 485 triples/s, errors=84588)
  rows=40,475  triples=6,825,854  (3 ent/s, 485 triples/s, errors=84619)
  rows=40,502  triples=6,829,041  (3 ent/s, 485 triples/s, errors=84626)
  rows=40,523  triples=6,832,229  (3 ent/s, 485 triples/s, errors=84654)
  rows=40,546  triples=6,835,561  (3 ent/s, 485 triples/s, errors=85013)
  rows=40,567  triples=6,838,658  (3 ent/s, 485 triples/s, errors=85019)
  rows=40,589  triples=6,841,927  (3 ent/s, 485 triples/s, errors=85070)
  rows=40,612  triples=6,844,405  (3 ent/s, 485 triples/s, errors=85074)
  rows=40,631  triples=6,847,735  (3 ent/s, 485 triples/s, errors=85170)
  rows=40,655  triples=6,850,812  (3 ent/s, 485 triples/s, errors=85194)
  rows=40,676  triples=6,854,035  (3 ent/s, 485 triples/s, errors=85210)
  rows=40,698  triples=6,857,160  (3 ent/s, 485 triples/s, errors=85220)
  rows=40,723  triples=6,860,511  (3 ent/s, 485 triples/s, errors=85239)
  rows=40,749  triples=6,863,835  (3 ent/s, 485 triples/s, errors=85251)
  rows=40,772  triples=6,867,186  (3 ent/s, 485 triples/s, errors=85292)
  rows=40,792  triples=6,870,500  (3 ent/s, 485 triples/s, errors=85411)
  rows=40,810  triples=6,872,643  (3 ent/s, 485 triples/s, errors=85415)
  rows=40,831  triples=6,876,057  (3 ent/s, 485 triples/s, errors=85419)
  rows=40,851  triples=6,879,418  (3 ent/s, 485 triples/s, errors=85437)
  rows=40,872  triples=6,883,041  (3 ent/s, 485 triples/s, errors=85479)
  rows=40,895  triples=6,886,411  (3 ent/s, 485 triples/s, errors=85569)
  rows=40,918  triples=6,889,478  (3 ent/s, 485 triples/s, errors=85613)
  rows=40,938  triples=6,892,677  (3 ent/s, 485 triples/s, errors=85629)
  rows=40,960  triples=6,895,867  (3 ent/s, 485 triples/s, errors=85650)
  rows=40,980  triples=6,899,084  (3 ent/s, 485 triples/s, errors=85667)
  rows=40,999  triples=6,902,116  (3 ent/s, 485 triples/s, errors=85814)
  rows=41,012  triples=6,904,507  (3 ent/s, 485 triples/s, errors=85850)
  rows=41,030  triples=6,907,589  (3 ent/s, 485 triples/s, errors=85977)
  rows=41,052  triples=6,910,767  (3 ent/s, 485 triples/s, errors=86059)
  rows=41,080  triples=6,914,486  (3 ent/s, 485 triples/s, errors=86172)
  rows=41,100  triples=6,917,782  (3 ent/s, 485 triples/s, errors=86225)
  rows=41,115  triples=6,920,986  (3 ent/s, 485 triples/s, errors=86926)
  rows=41,139  triples=6,924,412  (3 ent/s, 485 triples/s, errors=86950)
  rows=41,158  triples=6,927,555  (3 ent/s, 485 triples/s, errors=86985)
  rows=41,178  triples=6,930,850  (3 ent/s, 485 triples/s, errors=86999)
  rows=41,201  triples=6,933,675  (3 ent/s, 485 triples/s, errors=87002)
  rows=41,222  triples=6,936,966  (3 ent/s, 485 triples/s, errors=87029)
  rows=41,246  triples=6,940,454  (3 ent/s, 485 triples/s, errors=87050)
  rows=41,274  triples=6,943,619  (3 ent/s, 485 triples/s, errors=87099)
  rows=41,295  triples=6,946,804  (3 ent/s, 485 triples/s, errors=87109)
  rows=41,317  triples=6,950,181  (3 ent/s, 485 triples/s, errors=87131)
  rows=41,337  triples=6,953,415  (3 ent/s, 485 triples/s, errors=87141)
  rows=41,360  triples=6,956,705  (3 ent/s, 485 triples/s, errors=87157)
  rows=41,388  triples=6,960,061  (3 ent/s, 485 triples/s, errors=87159)
  rows=41,406  triples=6,963,080  (3 ent/s, 485 triples/s, errors=87259)
  rows=41,428  triples=6,966,196  (3 ent/s, 485 triples/s, errors=87273)
  rows=41,451  triples=6,969,468  (3 ent/s, 485 triples/s, errors=87298)
  rows=41,471  triples=6,972,588  (3 ent/s, 485 triples/s, errors=87313)
  rows=41,498  triples=6,975,856  (3 ent/s, 485 triples/s, errors=87340)
  rows=41,526  triples=6,979,045  (3 ent/s, 485 triples/s, errors=87382)
  rows=41,553  triples=6,982,241  (3 ent/s, 485 triples/s, errors=87396)
  rows=41,579  triples=6,985,351  (3 ent/s, 485 triples/s, errors=87451)
  rows=41,601  triples=6,988,185  (3 ent/s, 485 triples/s, errors=87480)
  rows=41,628  triples=6,991,358  (3 ent/s, 485 triples/s, errors=87482)
  rows=41,651  triples=6,994,596  (3 ent/s, 485 triples/s, errors=87583)
  rows=41,676  triples=6,997,725  (3 ent/s, 485 triples/s, errors=87599)
  rows=41,704  triples=7,001,076  (3 ent/s, 485 triples/s, errors=87613)
  rows=41,730  triples=7,004,363  (3 ent/s, 485 triples/s, errors=87652)
  rows=41,755  triples=7,007,937  (3 ent/s, 485 triples/s, errors=87672)
  rows=41,777  triples=7,011,246  (3 ent/s, 485 triples/s, errors=87682)
  rows=41,797  triples=7,014,292  (3 ent/s, 485 triples/s, errors=87784)
  rows=41,813  triples=7,017,144  (3 ent/s, 485 triples/s, errors=87792)
  rows=41,815  triples=7,017,144  (3 ent/s, 484 triples/s, errors=87792)
  rows=41,836  triples=7,020,216  (3 ent/s, 484 triples/s, errors=87835)
  rows=41,859  triples=7,023,316  (3 ent/s, 484 triples/s, errors=87856)
  rows=41,882  triples=7,026,739  (3 ent/s, 484 triples/s, errors=87863)
  rows=41,896  triples=7,029,588  (3 ent/s, 484 triples/s, errors=88273)
  rows=41,923  triples=7,032,777  (3 ent/s, 484 triples/s, errors=88294)
  rows=41,945  triples=7,036,208  (3 ent/s, 484 triples/s, errors=88327)
  rows=41,973  triples=7,039,305  (3 ent/s, 484 triples/s, errors=88342)
  rows=41,995  triples=7,042,564  (3 ent/s, 484 triples/s, errors=88373)
  rows=42,020  triples=7,045,849  (3 ent/s, 484 triples/s, errors=88388)
  rows=42,045  triples=7,049,083  (3 ent/s, 484 triples/s, errors=88388)
  rows=42,066  triples=7,052,314  (3 ent/s, 484 triples/s, errors=88403)
  rows=42,094  triples=7,055,759  (3 ent/s, 484 triples/s, errors=88441)
  rows=42,117  triples=7,059,019  (3 ent/s, 484 triples/s, errors=89017)
  rows=42,139  triples=7,062,071  (3 ent/s, 484 triples/s, errors=89554)
  rows=42,168  triples=7,065,173  (3 ent/s, 484 triples/s, errors=89570)
  rows=42,183  triples=7,068,390  (3 ent/s, 484 triples/s, errors=89752)
  rows=42,201  triples=7,070,793  (3 ent/s, 484 triples/s, errors=89773)
  rows=42,222  triples=7,074,075  (3 ent/s, 484 triples/s, errors=89807)
  rows=42,244  triples=7,077,321  (3 ent/s, 484 triples/s, errors=89839)
  rows=42,272  triples=7,080,639  (3 ent/s, 484 triples/s, errors=89859)
  rows=42,295  triples=7,083,794  (3 ent/s, 484 triples/s, errors=89890)
  rows=42,321  triples=7,086,956  (3 ent/s, 484 triples/s, errors=89903)
  rows=42,338  triples=7,090,285  (3 ent/s, 484 triples/s, errors=89930)
  rows=42,360  triples=7,093,780  (3 ent/s, 484 triples/s, errors=89955)
  rows=42,385  triples=7,096,989  (3 ent/s, 484 triples/s, errors=89965)
  rows=42,401  triples=7,099,813  (3 ent/s, 484 triples/s, errors=89988)
  rows=42,424  triples=7,102,769  (3 ent/s, 484 triples/s, errors=90143)
  rows=42,442  triples=7,106,130  (3 ent/s, 484 triples/s, errors=90203)
  rows=42,470  triples=7,109,564  (3 ent/s, 484 triples/s, errors=90231)
  rows=42,489  triples=7,112,700  (3 ent/s, 484 triples/s, errors=90295)
  rows=42,509  triples=7,115,948  (3 ent/s, 484 triples/s, errors=90391)
  rows=42,529  triples=7,119,034  (3 ent/s, 484 triples/s, errors=90406)
  rows=42,547  triples=7,122,238  (3 ent/s, 484 triples/s, errors=90481)
  rows=42,570  triples=7,125,849  (3 ent/s, 484 triples/s, errors=90667)
  rows=42,594  triples=7,129,003  (3 ent/s, 484 triples/s, errors=90722)
  rows=42,615  triples=7,131,882  (3 ent/s, 484 triples/s, errors=90728)
  rows=42,638  triples=7,135,235  (3 ent/s, 484 triples/s, errors=90754)
  rows=42,664  triples=7,138,307  (3 ent/s, 484 triples/s, errors=90784)
  rows=42,684  triples=7,141,461  (3 ent/s, 484 triples/s, errors=90835)
  rows=42,709  triples=7,144,561  (3 ent/s, 484 triples/s, errors=90858)
  rows=42,734  triples=7,147,961  (3 ent/s, 484 triples/s, errors=90885)
  rows=42,755  triples=7,151,231  (3 ent/s, 484 triples/s, errors=90921)
  rows=42,782  triples=7,154,437  (3 ent/s, 484 triples/s, errors=90928)
  rows=42,801  triples=7,157,191  (3 ent/s, 484 triples/s, errors=90958)
  rows=42,823  triples=7,160,609  (3 ent/s, 484 triples/s, errors=91003)
  rows=42,846  triples=7,164,143  (3 ent/s, 484 triples/s, errors=91023)
  rows=42,873  triples=7,167,288  (3 ent/s, 484 triples/s, errors=91061)
  rows=42,904  triples=7,170,326  (3 ent/s, 484 triples/s, errors=91174)
  rows=42,930  triples=7,173,430  (3 ent/s, 484 triples/s, errors=91185)
  rows=42,964  triples=7,177,005  (3 ent/s, 484 triples/s, errors=91219)
  rows=42,989  triples=7,180,363  (3 ent/s, 484 triples/s, errors=91243)
  rows=43,001  triples=7,182,773  (3 ent/s, 484 triples/s, errors=91253)
  rows=43,030  triples=7,186,024  (3 ent/s, 484 triples/s, errors=91283)
  rows=43,051  triples=7,189,372  (3 ent/s, 484 triples/s, errors=91339)
  rows=43,080  triples=7,192,938  (3 ent/s, 484 triples/s, errors=91364)
  rows=43,104  triples=7,196,106  (3 ent/s, 484 triples/s, errors=91400)
  rows=43,133  triples=7,199,241  (3 ent/s, 484 triples/s, errors=91427)
  rows=43,164  triples=7,202,562  (3 ent/s, 484 triples/s, errors=91518)
  rows=43,197  triples=7,205,692  (3 ent/s, 484 triples/s, errors=91543)
  rows=43,214  triples=7,208,065  (3 ent/s, 484 triples/s, errors=91549)
  rows=43,239  triples=7,211,395  (3 ent/s, 484 triples/s, errors=91581)
  rows=43,267  triples=7,214,712  (3 ent/s, 484 triples/s, errors=91612)
  rows=43,293  triples=7,217,719  (3 ent/s, 484 triples/s, errors=91806)
  rows=43,327  triples=7,220,982  (3 ent/s, 484 triples/s, errors=91826)
  rows=43,346  triples=7,224,461  (3 ent/s, 484 triples/s, errors=92119)
  rows=43,368  triples=7,227,589  (3 ent/s, 484 triples/s, errors=92149)
  rows=43,398  triples=7,230,978  (3 ent/s, 484 triples/s, errors=92183)
  rows=43,414  triples=7,232,967  (3 ent/s, 484 triples/s, errors=92518)
  rows=43,436  triples=7,236,171  (3 ent/s, 484 triples/s, errors=92591)
  rows=43,463  triples=7,239,272  (3 ent/s, 484 triples/s, errors=92605)
  rows=43,484  triples=7,242,609  (3 ent/s, 484 triples/s, errors=92653)
  rows=43,507  triples=7,245,710  (3 ent/s, 484 triples/s, errors=92686)
  rows=43,533  triples=7,249,077  (3 ent/s, 484 triples/s, errors=92703)
  rows=43,558  triples=7,252,265  (3 ent/s, 484 triples/s, errors=92739)
  rows=43,584  triples=7,256,735  (3 ent/s, 484 triples/s, errors=92750)
  rows=43,610  triples=7,259,708  (3 ent/s, 484 triples/s, errors=92788)
  rows=43,633  triples=7,261,895  (3 ent/s, 483 triples/s, errors=92807)
  rows=43,650  triples=7,265,333  (3 ent/s, 483 triples/s, errors=92878)
  rows=43,669  triples=7,268,661  (3 ent/s, 483 triples/s, errors=92930)
  rows=43,695  triples=7,271,804  (3 ent/s, 483 triples/s, errors=92947)
  rows=43,723  triples=7,274,944  (3 ent/s, 483 triples/s, errors=92967)
  rows=43,747  triples=7,278,029  (3 ent/s, 483 triples/s, errors=92984)
  rows=43,769  triples=7,281,110  (3 ent/s, 483 triples/s, errors=93164)
  rows=43,800  triples=7,284,490  (3 ent/s, 483 triples/s, errors=93193)
  rows=43,823  triples=7,287,744  (3 ent/s, 483 triples/s, errors=93211)
  rows=43,849  triples=7,290,861  (3 ent/s, 483 triples/s, errors=93245)
  rows=43,871  triples=7,294,083  (3 ent/s, 483 triples/s, errors=93275)
  rows=43,900  triples=7,297,211  (3 ent/s, 483 triples/s, errors=93309)
  rows=43,919  triples=7,300,534  (3 ent/s, 483 triples/s, errors=93413)
  rows=43,944  triples=7,303,696  (3 ent/s, 483 triples/s, errors=93429)
  rows=43,965  triples=7,306,884  (3 ent/s, 483 triples/s, errors=93454)
  rows=43,989  triples=7,309,997  (3 ent/s, 483 triples/s, errors=93471)
  rows=44,005  triples=7,312,661  (3 ent/s, 483 triples/s, errors=93509)
  rows=44,032  triples=7,316,038  (3 ent/s, 483 triples/s, errors=93569)
  rows=44,057  triples=7,319,169  (3 ent/s, 483 triples/s, errors=93593)
  rows=44,085  triples=7,322,374  (3 ent/s, 483 triples/s, errors=93599)
  rows=44,124  triples=7,325,843  (3 ent/s, 483 triples/s, errors=93630)
  rows=44,154  triples=7,329,689  (3 ent/s, 483 triples/s, errors=93795)
  rows=44,179  triples=7,332,859  (3 ent/s, 483 triples/s, errors=93817)
  rows=44,201  triples=7,335,425  (3 ent/s, 483 triples/s, errors=93859)
  rows=44,226  triples=7,338,792  (3 ent/s, 483 triples/s, errors=93877)
  rows=44,248  triples=7,342,125  (3 ent/s, 483 triples/s, errors=93898)
  rows=44,279  triples=7,345,572  (3 ent/s, 483 triples/s, errors=93968)
  rows=44,304  triples=7,348,754  (3 ent/s, 483 triples/s, errors=93989)
  rows=44,334  triples=7,351,971  (3 ent/s, 483 triples/s, errors=94000)
  rows=44,363  triples=7,355,449  (3 ent/s, 483 triples/s, errors=94027)
  rows=44,389  triples=7,358,810  (3 ent/s, 483 triples/s, errors=94063)
  rows=44,409  triples=7,362,011  (3 ent/s, 483 triples/s, errors=94075)
  rows=44,432  triples=7,365,162  (3 ent/s, 483 triples/s, errors=94092)
  rows=44,457  triples=7,368,425  (3 ent/s, 483 triples/s, errors=94122)
  rows=44,481  triples=7,371,462  (3 ent/s, 483 triples/s, errors=94164)
  rows=44,509  triples=7,374,610  (3 ent/s, 483 triples/s, errors=94275)
  rows=44,533  triples=7,377,967  (3 ent/s, 483 triples/s, errors=94279)
  rows=44,558  triples=7,381,294  (3 ent/s, 483 triples/s, errors=94426)
  rows=44,590  triples=7,384,388  (3 ent/s, 483 triples/s, errors=94434)
  rows=44,608  triples=7,386,802  (3 ent/s, 483 triples/s, errors=94445)
  rows=44,645  triples=7,390,352  (3 ent/s, 483 triples/s, errors=94523)
  rows=44,668  triples=7,393,584  (3 ent/s, 483 triples/s, errors=94555)
  rows=44,699  triples=7,396,803  (3 ent/s, 483 triples/s, errors=94582)
  rows=44,724  triples=7,399,896  (3 ent/s, 483 triples/s, errors=94620)
  rows=44,754  triples=7,403,262  (3 ent/s, 483 triples/s, errors=94649)
  rows=44,780  triples=7,406,453  (3 ent/s, 483 triples/s, errors=94662)
  rows=44,801  triples=7,409,390  (3 ent/s, 483 triples/s, errors=94666)
  rows=44,820  triples=7,412,590  (3 ent/s, 483 triples/s, errors=94692)
  rows=44,850  triples=7,415,820  (3 ent/s, 483 triples/s, errors=94712)
  rows=44,874  triples=7,419,054  (3 ent/s, 483 triples/s, errors=94720)
  rows=44,897  triples=7,422,226  (3 ent/s, 483 triples/s, errors=94739)
  rows=44,921  triples=7,425,902  (3 ent/s, 483 triples/s, errors=94907)
  rows=44,949  triples=7,429,496  (3 ent/s, 483 triples/s, errors=94932)
  rows=44,970  triples=7,432,719  (3 ent/s, 483 triples/s, errors=94940)
  rows=44,996  triples=7,435,865  (3 ent/s, 483 triples/s, errors=94945)
  rows=45,016  triples=7,438,458  (3 ent/s, 483 triples/s, errors=95017)
  rows=45,043  triples=7,441,699  (3 ent/s, 483 triples/s, errors=95021)
  rows=45,072  triples=7,444,998  (3 ent/s, 483 triples/s, errors=95035)
  rows=45,099  triples=7,448,293  (3 ent/s, 483 triples/s, errors=95165)
  rows=45,128  triples=7,451,498  (3 ent/s, 483 triples/s, errors=95172)
  rows=45,156  triples=7,454,708  (3 ent/s, 483 triples/s, errors=95187)
  rows=45,174  triples=7,458,094  (3 ent/s, 483 triples/s, errors=95195)
  rows=45,200  triples=7,461,211  (3 ent/s, 483 triples/s, errors=95225)
  rows=45,231  triples=7,464,395  (3 ent/s, 483 triples/s, errors=95230)
  rows=45,252  triples=7,467,756  (3 ent/s, 483 triples/s, errors=95254)
  rows=45,281  triples=7,470,909  (3 ent/s, 483 triples/s, errors=95266)
  rows=45,307  triples=7,474,171  (3 ent/s, 483 triples/s, errors=95278)
  rows=45,335  triples=7,477,310  (3 ent/s, 483 triples/s, errors=95285)
  rows=45,369  triples=7,480,541  (3 ent/s, 483 triples/s, errors=95288)
  rows=45,397  triples=7,483,922  (3 ent/s, 483 triples/s, errors=95309)
  rows=45,418  triples=7,486,563  (3 ent/s, 483 triples/s, errors=95327)
  rows=45,445  triples=7,492,562  (3 ent/s, 483 triples/s, errors=95335)
  rows=45,451  triples=7,492,562  (3 ent/s, 483 triples/s, errors=95335)
  rows=45,473  triples=7,495,834  (3 ent/s, 483 triples/s, errors=95348)
  rows=45,503  triples=7,499,061  (3 ent/s, 483 triples/s, errors=95353)
  rows=45,521  triples=7,502,335  (3 ent/s, 483 triples/s, errors=95359)
  rows=45,547  triples=7,505,509  (3 ent/s, 483 triples/s, errors=95371)
  rows=45,574  triples=7,508,784  (3 ent/s, 483 triples/s, errors=95381)
  rows=45,601  triples=7,511,690  (3 ent/s, 483 triples/s, errors=95381)
  rows=45,627  triples=7,514,867  (3 ent/s, 483 triples/s, errors=95393)
  rows=45,651  triples=7,518,245  (3 ent/s, 483 triples/s, errors=95404)
  rows=45,675  triples=7,521,396  (3 ent/s, 483 triples/s, errors=95407)
  rows=45,699  triples=7,524,561  (3 ent/s, 483 triples/s, errors=95417)
  rows=45,725  triples=7,527,902  (3 ent/s, 483 triples/s, errors=95424)
  rows=45,751  triples=7,531,014  (3 ent/s, 483 triples/s, errors=95427)
  rows=45,772  triples=7,534,389  (3 ent/s, 483 triples/s, errors=95427)
  rows=45,798  triples=7,537,554  (3 ent/s, 483 triples/s, errors=95427)
  rows=45,817  triples=7,540,031  (3 ent/s, 483 triples/s, errors=95430)
  rows=45,844  triples=7,543,160  (3 ent/s, 483 triples/s, errors=95430)
  rows=45,872  triples=7,546,552  (3 ent/s, 483 triples/s, errors=95542)
  rows=45,895  triples=7,549,764  (3 ent/s, 483 triples/s, errors=95547)
  rows=45,924  triples=7,553,169  (3 ent/s, 483 triples/s, errors=95551)
  rows=45,952  triples=7,556,455  (3 ent/s, 483 triples/s, errors=95553)
  rows=45,980  triples=7,559,637  (3 ent/s, 483 triples/s, errors=95553)
  rows=46,001  triples=7,561,957  (3 ent/s, 483 triples/s, errors=95554)
  rows=46,022  triples=7,565,283  (3 ent/s, 483 triples/s, errors=95570)
  rows=46,044  triples=7,568,535  (3 ent/s, 483 triples/s, errors=95590)
  rows=46,071  triples=7,571,715  (3 ent/s, 483 triples/s, errors=95627)
  rows=46,096  triples=7,575,110  (3 ent/s, 483 triples/s, errors=95627)
  rows=46,122  triples=7,578,342  (3 ent/s, 483 triples/s, errors=95628)
  rows=46,146  triples=7,581,613  (3 ent/s, 483 triples/s, errors=95648)
  rows=46,173  triples=7,584,716  (3 ent/s, 483 triples/s, errors=95659)
  rows=46,201  triples=7,587,497  (3 ent/s, 483 triples/s, errors=95670)
  rows=46,222  triples=7,590,733  (3 ent/s, 483 triples/s, errors=95688)
  rows=46,249  triples=7,593,832  (3 ent/s, 483 triples/s, errors=95705)
  rows=46,270  triples=7,596,995  (3 ent/s, 483 triples/s, errors=95708)
  rows=46,293  triples=7,600,116  (3 ent/s, 483 triples/s, errors=95733)
  rows=46,320  triples=7,603,419  (3 ent/s, 483 triples/s, errors=95734)
  rows=46,346  triples=7,606,716  (3 ent/s, 483 triples/s, errors=95735)
  rows=46,372  triples=7,609,969  (3 ent/s, 483 triples/s, errors=95741)
  rows=46,394  triples=7,613,187  (3 ent/s, 483 triples/s, errors=95741)
  rows=46,414  triples=7,616,114  (3 ent/s, 483 triples/s, errors=95838)
  rows=46,424  triples=7,618,238  (3 ent/s, 483 triples/s, errors=95864)
  rows=46,444  triples=7,621,365  (3 ent/s, 483 triples/s, errors=95869)
  rows=46,466  triples=7,624,502  (3 ent/s, 483 triples/s, errors=95877)
  rows=46,492  triples=7,628,071  (3 ent/s, 483 triples/s, errors=95881)
  rows=46,514  triples=7,631,514  (3 ent/s, 483 triples/s, errors=95902)
  rows=46,528  triples=7,634,790  (3 ent/s, 483 triples/s, errors=95902)
  rows=46,552  triples=7,638,239  (3 ent/s, 483 triples/s, errors=95902)
  rows=46,570  triples=7,641,368  (3 ent/s, 483 triples/s, errors=95904)
  rows=46,590  triples=7,645,178  (3 ent/s, 483 triples/s, errors=95933)
  rows=46,605  triples=7,648,319  (3 ent/s, 483 triples/s, errors=95979)
  rows=46,633  triples=7,651,536  (3 ent/s, 483 triples/s, errors=95992)
  rows=46,657  triples=7,654,785  (3 ent/s, 483 triples/s, errors=96018)
  rows=46,674  triples=7,657,923  (3 ent/s, 483 triples/s, errors=96042)
  rows=46,695  triples=7,661,157  (3 ent/s, 483 triples/s, errors=96049)
  rows=46,717  triples=7,664,592  (3 ent/s, 483 triples/s, errors=96049)
  rows=46,738  triples=7,667,764  (3 ent/s, 483 triples/s, errors=96075)
  rows=46,758  triples=7,671,050  (3 ent/s, 483 triples/s, errors=96079)
  rows=46,779  triples=7,674,166  (3 ent/s, 483 triples/s, errors=96098)
  rows=46,801  triples=7,677,047  (3 ent/s, 483 triples/s, errors=96302)
  rows=46,819  triples=7,680,126  (3 ent/s, 483 triples/s, errors=96305)
  rows=46,842  triples=7,683,421  (3 ent/s, 483 triples/s, errors=96525)
  rows=46,867  triples=7,686,975  (3 ent/s, 483 triples/s, errors=96526)
  rows=46,887  triples=7,690,340  (3 ent/s, 483 triples/s, errors=96528)
  rows=46,907  triples=7,693,721  (3 ent/s, 483 triples/s, errors=96528)
  rows=46,929  triples=7,697,365  (3 ent/s, 483 triples/s, errors=96528)
  rows=46,944  triples=7,700,824  (3 ent/s, 483 triples/s, errors=96891)
  rows=46,968  triples=7,704,506  (3 ent/s, 483 triples/s, errors=96913)
  rows=46,991  triples=7,707,718  (3 ent/s, 483 triples/s, errors=96913)
  rows=47,006  triples=7,710,401  (3 ent/s, 483 triples/s, errors=96916)
  rows=47,030  triples=7,714,006  (3 ent/s, 483 triples/s, errors=97057)
  rows=47,057  triples=7,717,449  (3 ent/s, 483 triples/s, errors=97057)
  rows=47,077  triples=7,720,614  (3 ent/s, 483 triples/s, errors=97095)
  rows=47,101  triples=7,723,968  (3 ent/s, 484 triples/s, errors=97097)
  rows=47,127  triples=7,727,586  (3 ent/s, 484 triples/s, errors=97101)
  rows=47,140  triples=7,730,481  (3 ent/s, 484 triples/s, errors=97382)
  rows=47,163  triples=7,733,741  (3 ent/s, 484 triples/s, errors=97409)
  rows=47,184  triples=7,736,992  (3 ent/s, 484 triples/s, errors=97413)
  rows=47,201  triples=7,739,731  (3 ent/s, 484 triples/s, errors=97642)
  rows=47,218  triples=7,743,275  (3 ent/s, 484 triples/s, errors=97663)
  rows=47,238  triples=7,746,356  (3 ent/s, 484 triples/s, errors=97663)
  rows=47,263  triples=7,749,834  (3 ent/s, 484 triples/s, errors=97664)
  rows=47,269  triples=7,749,834  (3 ent/s, 483 triples/s, errors=97664)
  rows=47,286  triples=7,753,160  (3 ent/s, 483 triples/s, errors=97671)
  rows=47,306  triples=7,756,716  (3 ent/s, 483 triples/s, errors=97672)
  rows=47,331  triples=7,760,024  (3 ent/s, 483 triples/s, errors=97674)
  rows=47,351  triples=7,763,665  (3 ent/s, 483 triples/s, errors=97677)
  rows=47,372  triples=7,766,824  (3 ent/s, 483 triples/s, errors=97677)
  rows=47,391  triples=7,769,991  (3 ent/s, 483 triples/s, errors=97677)
  rows=47,406  triples=7,773,046  (3 ent/s, 483 triples/s, errors=97677)
  rows=47,426  triples=7,776,191  (3 ent/s, 483 triples/s, errors=97679)
  rows=47,448  triples=7,779,491  (3 ent/s, 483 triples/s, errors=97687)
  rows=47,473  triples=7,782,771  (3 ent/s, 483 triples/s, errors=97689)
  rows=47,496  triples=7,786,069  (3 ent/s, 483 triples/s, errors=97689)
  rows=47,519  triples=7,789,471  (3 ent/s, 483 triples/s, errors=97692)
  rows=47,537  triples=7,792,713  (3 ent/s, 483 triples/s, errors=97701)
  rows=47,554  triples=7,795,810  (3 ent/s, 483 triples/s, errors=97701)
  rows=47,577  triples=7,798,913  (3 ent/s, 483 triples/s, errors=97701)
  rows=47,600  triples=7,802,004  (3 ent/s, 483 triples/s, errors=97701)
  rows=47,621  triples=7,805,241  (3 ent/s, 483 triples/s, errors=97756)
  rows=47,642  triples=7,808,594  (3 ent/s, 483 triples/s, errors=97756)
  rows=47,661  triples=7,811,828  (3 ent/s, 483 triples/s, errors=97758)
  rows=47,679  triples=7,815,229  (3 ent/s, 483 triples/s, errors=97760)
  rows=47,695  triples=7,818,227  (3 ent/s, 483 triples/s, errors=97867)
  rows=47,720  triples=7,821,831  (3 ent/s, 483 triples/s, errors=97867)
  rows=47,741  triples=7,825,222  (3 ent/s, 483 triples/s, errors=97867)
  rows=47,760  triples=7,828,286  (3 ent/s, 483 triples/s, errors=97867)
  rows=47,776  triples=7,831,609  (3 ent/s, 483 triples/s, errors=98185)
  rows=47,796  triples=7,835,882  (3 ent/s, 483 triples/s, errors=98857)
  rows=47,811  triples=7,838,551  (3 ent/s, 483 triples/s, errors=98894)
  rows=47,833  triples=7,842,181  (3 ent/s, 483 triples/s, errors=99354)
  rows=47,852  triples=7,845,348  (3 ent/s, 483 triples/s, errors=99354)
  rows=47,871  triples=7,848,670  (3 ent/s, 483 triples/s, errors=99361)
  rows=47,892  triples=7,852,160  (3 ent/s, 483 triples/s, errors=99451)
  rows=47,912  triples=7,855,333  (3 ent/s, 483 triples/s, errors=99451)
  rows=47,933  triples=7,858,516  (3 ent/s, 483 triples/s, errors=99451)
  rows=47,954  triples=7,861,894  (3 ent/s, 483 triples/s, errors=99724)
  rows=47,977  triples=7,865,159  (3 ent/s, 483 triples/s, errors=99732)
  rows=47,998  triples=7,868,807  (3 ent/s, 483 triples/s, errors=99839)
  rows=48,015  triples=7,871,243  (3 ent/s, 483 triples/s, errors=99840)
  rows=48,035  triples=7,874,577  (3 ent/s, 483 triples/s, errors=99840)
  rows=48,055  triples=7,878,004  (3 ent/s, 483 triples/s, errors=99844)
  rows=48,076  triples=7,881,339  (3 ent/s, 483 triples/s, errors=99844)
  rows=48,096  triples=7,884,779  (3 ent/s, 483 triples/s, errors=99861)
  rows=48,118  triples=7,888,113  (3 ent/s, 483 triples/s, errors=100000)
  rows=48,132  triples=7,891,062  (3 ent/s, 483 triples/s, errors=100346)
  rows=48,154  triples=7,894,206  (3 ent/s, 483 triples/s, errors=100354)
  rows=48,173  triples=7,897,636  (3 ent/s, 483 triples/s, errors=100495)
  rows=48,197  triples=7,902,251  (3 ent/s, 483 triples/s, errors=100627)
  rows=48,215  triples=7,904,723  (3 ent/s, 483 triples/s, errors=100638)
  rows=48,234  triples=7,907,608  (3 ent/s, 483 triples/s, errors=101138)
  rows=48,253  triples=7,910,912  (3 ent/s, 483 triples/s, errors=101140)
  rows=48,282  triples=7,914,164  (3 ent/s, 483 triples/s, errors=101140)
  rows=48,306  triples=7,917,468  (3 ent/s, 483 triples/s, errors=101145)
  rows=48,325  triples=7,920,766  (3 ent/s, 483 triples/s, errors=101159)
  rows=48,349  triples=7,924,095  (3 ent/s, 483 triples/s, errors=101163)
  rows=48,366  triples=7,929,500  (3 ent/s, 484 triples/s, errors=101282)
  rows=48,387  triples=7,932,646  (3 ent/s, 484 triples/s, errors=101297)
  rows=48,407  triples=7,935,436  (3 ent/s, 484 triples/s, errors=101307)
  rows=48,429  triples=7,939,953  (3 ent/s, 484 triples/s, errors=101464)
  rows=48,446  triples=7,943,149  (3 ent/s, 484 triples/s, errors=101591)
  rows=48,471  triples=7,947,307  (3 ent/s, 484 triples/s, errors=102347)
  rows=48,493  triples=7,950,741  (3 ent/s, 484 triples/s, errors=102353)
  rows=48,519  triples=7,953,952  (3 ent/s, 484 triples/s, errors=102353)
  rows=48,543  triples=7,957,168  (3 ent/s, 484 triples/s, errors=102359)
  rows=48,563  triples=7,960,338  (3 ent/s, 484 triples/s, errors=102359)
  rows=48,588  triples=7,963,519  (3 ent/s, 484 triples/s, errors=102364)
  rows=48,601  triples=7,967,840  (3 ent/s, 484 triples/s, errors=103347)
  rows=48,632  triples=7,971,093  (3 ent/s, 484 triples/s, errors=103347)
  rows=48,653  triples=7,974,581  (3 ent/s, 484 triples/s, errors=103351)
  rows=48,673  triples=7,977,613  (3 ent/s, 484 triples/s, errors=103638)
  rows=48,700  triples=7,980,849  (3 ent/s, 484 triples/s, errors=103654)
  rows=48,719  triples=7,984,390  (3 ent/s, 484 triples/s, errors=103853)
  rows=48,736  triples=7,987,512  (3 ent/s, 484 triples/s, errors=103858)
  rows=48,758  triples=7,990,609  (3 ent/s, 484 triples/s, errors=104235)
  rows=48,778  triples=7,994,098  (3 ent/s, 484 triples/s, errors=104246)
  rows=48,801  triples=7,997,255  (3 ent/s, 484 triples/s, errors=104281)
  rows=48,824  triples=8,000,452  (3 ent/s, 484 triples/s, errors=104292)
  rows=48,853  triples=8,003,914  (3 ent/s, 484 triples/s, errors=104312)
  rows=48,885  triples=8,007,104  (3 ent/s, 484 triples/s, errors=104314)
  rows=48,909  triples=8,010,380  (3 ent/s, 484 triples/s, errors=104320)
  rows=48,931  triples=8,013,721  (3 ent/s, 484 triples/s, errors=104333)
  rows=48,967  triples=8,017,025  (3 ent/s, 484 triples/s, errors=104360)
  rows=48,992  triples=8,020,085  (3 ent/s, 484 triples/s, errors=104398)
  rows=49,010  triples=8,022,332  (3 ent/s, 484 triples/s, errors=104406)
  rows=49,031  triples=8,025,707  (3 ent/s, 484 triples/s, errors=104434)
  rows=49,062  triples=8,028,927  (3 ent/s, 484 triples/s, errors=104438)
  rows=49,087  triples=8,031,099  (3 ent/s, 483 triples/s, errors=104441)
  rows=49,109  triples=8,034,237  (3 ent/s, 483 triples/s, errors=104446)
  rows=49,130  triples=8,037,422  (3 ent/s, 483 triples/s, errors=104471)
  rows=49,160  triples=8,041,018  (3 ent/s, 483 triples/s, errors=104492)
  rows=49,187  triples=8,044,392  (3 ent/s, 483 triples/s, errors=104498)
  rows=49,209  triples=8,047,456  (3 ent/s, 483 triples/s, errors=104531)
  rows=49,234  triples=8,050,779  (3 ent/s, 483 triples/s, errors=104547)
  rows=49,255  triples=8,054,078  (3 ent/s, 483 triples/s, errors=104567)
  rows=49,282  triples=8,057,370  (3 ent/s, 483 triples/s, errors=104595)
  rows=49,301  triples=8,060,566  (3 ent/s, 483 triples/s, errors=104630)
  rows=49,329  triples=8,063,809  (3 ent/s, 483 triples/s, errors=104646)
  rows=49,356  triples=8,067,649  (3 ent/s, 483 triples/s, errors=104716)
  rows=49,384  triples=8,071,007  (3 ent/s, 483 triples/s, errors=104735)
  rows=49,412  triples=8,074,241  (3 ent/s, 483 triples/s, errors=104747)
  rows=49,437  triples=8,077,350  (3 ent/s, 483 triples/s, errors=104755)
  rows=49,462  triples=8,080,598  (3 ent/s, 483 triples/s, errors=104808)
  rows=49,488  triples=8,083,882  (3 ent/s, 483 triples/s, errors=104838)
  rows=49,519  triples=8,087,146  (3 ent/s, 483 triples/s, errors=104865)
  rows=49,541  triples=8,090,281  (3 ent/s, 483 triples/s, errors=104873)
  rows=49,565  triples=8,093,388  (3 ent/s, 483 triples/s, errors=104905)
  rows=49,593  triples=8,096,582  (3 ent/s, 483 triples/s, errors=104942)
  rows=49,616  triples=8,099,290  (3 ent/s, 483 triples/s, errors=104972)
  rows=49,647  triples=8,102,570  (3 ent/s, 483 triples/s, errors=104993)
  rows=49,674  triples=8,105,859  (3 ent/s, 483 triples/s, errors=105006)
  rows=49,697  triples=8,109,018  (3 ent/s, 483 triples/s, errors=105067)
  rows=49,719  triples=8,112,205  (3 ent/s, 483 triples/s, errors=105105)
  rows=49,745  triples=8,115,345  (3 ent/s, 483 triples/s, errors=105133)
  rows=49,778  triples=8,118,635  (3 ent/s, 483 triples/s, errors=105151)
  rows=49,801  triples=8,121,181  (3 ent/s, 483 triples/s, errors=105176)
  rows=49,831  triples=8,124,593  (3 ent/s, 483 triples/s, errors=105238)
  rows=49,855  triples=8,127,686  (3 ent/s, 483 triples/s, errors=105274)
  rows=49,878  triples=8,131,091  (3 ent/s, 483 triples/s, errors=105314)
  rows=49,903  triples=8,134,363  (3 ent/s, 483 triples/s, errors=105332)
  rows=49,926  triples=8,137,915  (3 ent/s, 483 triples/s, errors=105374)
  rows=49,952  triples=8,141,364  (3 ent/s, 483 triples/s, errors=105431)
  rows=49,979  triples=8,144,611  (3 ent/s, 483 triples/s, errors=105449)
  rows=50,001  triples=8,147,067  (3 ent/s, 483 triples/s, errors=105453)
  rows=50,025  triples=8,150,470  (3 ent/s, 483 triples/s, errors=105562)
  rows=50,052  triples=8,153,603  (3 ent/s, 483 triples/s, errors=105582)
  rows=50,084  triples=8,156,794  (3 ent/s, 483 triples/s, errors=105611)
  rows=50,109  triples=8,160,207  (3 ent/s, 483 triples/s, errors=105663)
  rows=50,133  triples=8,163,472  (3 ent/s, 483 triples/s, errors=105670)
  rows=50,155  triples=8,166,802  (3 ent/s, 483 triples/s, errors=105696)
  rows=50,176  triples=8,170,005  (3 ent/s, 483 triples/s, errors=105757)
  rows=50,201  triples=8,172,429  (3 ent/s, 483 triples/s, errors=105768)
  rows=50,218  triples=8,175,550  (3 ent/s, 483 triples/s, errors=105783)
  rows=50,244  triples=8,178,881  (3 ent/s, 483 triples/s, errors=105825)
  rows=50,273  triples=8,182,279  (3 ent/s, 483 triples/s, errors=105852)
  rows=50,297  triples=8,185,502  (3 ent/s, 483 triples/s, errors=105857)
  rows=50,321  triples=8,188,697  (3 ent/s, 483 triples/s, errors=105865)
  rows=50,341  triples=8,191,735  (3 ent/s, 483 triples/s, errors=105986)
  rows=50,363  triples=8,194,864  (3 ent/s, 483 triples/s, errors=106009)
  rows=50,386  triples=8,198,083  (3 ent/s, 483 triples/s, errors=106039)
  rows=50,410  triples=8,201,081  (3 ent/s, 483 triples/s, errors=106053)
  rows=50,436  triples=8,204,108  (3 ent/s, 483 triples/s, errors=106067)
  rows=50,456  triples=8,207,268  (3 ent/s, 483 triples/s, errors=106101)
  rows=50,477  triples=8,210,346  (3 ent/s, 483 triples/s, errors=106186)
  rows=50,507  triples=8,213,937  (3 ent/s, 483 triples/s, errors=106211)
  rows=50,527  triples=8,217,423  (3 ent/s, 483 triples/s, errors=106628)
  rows=50,548  triples=8,220,564  (3 ent/s, 483 triples/s, errors=106698)
  rows=50,573  triples=8,223,691  (3 ent/s, 483 triples/s, errors=106738)
  rows=50,591  triples=8,226,917  (3 ent/s, 483 triples/s, errors=106776)
  rows=50,613  triples=8,230,010  (3 ent/s, 483 triples/s, errors=106814)
  rows=50,637  triples=8,233,235  (3 ent/s, 483 triples/s, errors=106841)
  rows=50,666  triples=8,236,394  (3 ent/s, 483 triples/s, errors=106846)
  rows=50,690  triples=8,239,617  (3 ent/s, 483 triples/s, errors=106886)
  rows=50,714  triples=8,242,706  (3 ent/s, 483 triples/s, errors=106934)
  rows=50,735  triples=8,245,852  (3 ent/s, 483 triples/s, errors=106953)
  rows=50,760  triples=8,248,948  (3 ent/s, 483 triples/s, errors=107015)
  rows=50,784  triples=8,252,358  (3 ent/s, 483 triples/s, errors=107048)
  rows=50,808  triples=8,254,798  (3 ent/s, 483 triples/s, errors=107066)
  rows=50,828  triples=8,257,996  (3 ent/s, 483 triples/s, errors=107088)
  rows=50,860  triples=8,261,082  (3 ent/s, 483 triples/s, errors=107100)
  rows=50,882  triples=8,264,440  (3 ent/s, 483 triples/s, errors=107154)
  rows=50,905  triples=8,266,789  (3 ent/s, 482 triples/s, errors=107184)
  rows=50,922  triples=8,270,074  (3 ent/s, 482 triples/s, errors=107238)
  rows=50,943  triples=8,273,115  (3 ent/s, 482 triples/s, errors=107296)
  rows=50,967  triples=8,276,443  (3 ent/s, 482 triples/s, errors=107313)
  rows=50,996  triples=8,279,618  (3 ent/s, 482 triples/s, errors=107323)
  rows=51,018  triples=8,282,696  (3 ent/s, 482 triples/s, errors=107346)
  rows=51,046  triples=8,285,941  (3 ent/s, 482 triples/s, errors=107396)
  rows=51,069  triples=8,289,269  (3 ent/s, 482 triples/s, errors=107448)
  rows=51,092  triples=8,292,387  (3 ent/s, 482 triples/s, errors=107504)
  rows=51,109  triples=8,295,806  (3 ent/s, 482 triples/s, errors=107540)
  rows=51,132  triples=8,299,065  (3 ent/s, 482 triples/s, errors=107541)
  rows=51,160  triples=8,302,395  (3 ent/s, 482 triples/s, errors=107549)
  rows=51,177  triples=8,305,631  (3 ent/s, 482 triples/s, errors=107585)
  rows=51,201  triples=8,308,596  (3 ent/s, 482 triples/s, errors=107625)
  rows=51,219  triples=8,312,019  (3 ent/s, 482 triples/s, errors=107650)
  rows=51,242  triples=8,315,412  (3 ent/s, 482 triples/s, errors=107700)
  rows=51,266  triples=8,318,631  (3 ent/s, 482 triples/s, errors=107726)
  rows=51,289  triples=8,321,781  (3 ent/s, 482 triples/s, errors=107768)
  rows=51,316  triples=8,324,995  (3 ent/s, 482 triples/s, errors=107771)
  rows=51,340  triples=8,328,241  (3 ent/s, 482 triples/s, errors=107798)
  rows=51,363  triples=8,331,346  (3 ent/s, 482 triples/s, errors=107822)
  rows=51,385  triples=8,334,683  (3 ent/s, 482 triples/s, errors=107864)
  rows=51,413  triples=8,337,811  (3 ent/s, 482 triples/s, errors=107913)
  rows=51,436  triples=8,341,363  (3 ent/s, 482 triples/s, errors=107936)
  rows=51,460  triples=8,344,757  (3 ent/s, 482 triples/s, errors=107942)
  rows=51,487  triples=8,347,920  (3 ent/s, 482 triples/s, errors=107958)
  rows=51,509  triples=8,350,883  (3 ent/s, 482 triples/s, errors=108067)
  rows=51,534  triples=8,353,947  (3 ent/s, 482 triples/s, errors=108168)
  rows=51,559  triples=8,357,306  (3 ent/s, 482 triples/s, errors=108220)
  rows=51,577  triples=8,360,576  (3 ent/s, 482 triples/s, errors=108331)
  rows=51,601  triples=8,363,448  (3 ent/s, 482 triples/s, errors=108346)
  rows=51,619  triples=8,366,755  (3 ent/s, 482 triples/s, errors=108365)
  rows=51,644  triples=8,369,852  (3 ent/s, 482 triples/s, errors=108381)
  rows=51,669  triples=8,373,169  (3 ent/s, 482 triples/s, errors=108400)
  rows=51,690  triples=8,376,281  (3 ent/s, 482 triples/s, errors=108512)
  rows=51,709  triples=8,379,466  (3 ent/s, 482 triples/s, errors=108561)
  rows=51,736  triples=8,382,626  (3 ent/s, 482 triples/s, errors=108581)
  rows=51,758  triples=8,385,987  (3 ent/s, 482 triples/s, errors=108645)
  rows=51,776  triples=8,388,990  (3 ent/s, 482 triples/s, errors=108724)
  rows=51,800  triples=8,392,155  (3 ent/s, 482 triples/s, errors=108742)
  rows=51,826  triples=8,395,358  (3 ent/s, 482 triples/s, errors=108765)
  rows=51,848  triples=8,398,842  (3 ent/s, 482 triples/s, errors=108784)
  rows=51,868  triples=8,402,425  (3 ent/s, 482 triples/s, errors=108807)
  rows=51,891  triples=8,405,780  (3 ent/s, 482 triples/s, errors=108826)
  rows=51,912  triples=8,409,033  (3 ent/s, 482 triples/s, errors=108854)
  rows=51,934  triples=8,412,146  (3 ent/s, 482 triples/s, errors=108912)
  rows=51,960  triples=8,415,443  (3 ent/s, 482 triples/s, errors=108928)
  rows=51,984  triples=8,418,763  (3 ent/s, 482 triples/s, errors=109010)
  rows=52,001  triples=8,421,540  (3 ent/s, 482 triples/s, errors=109095)
  rows=52,026  triples=8,424,961  (3 ent/s, 482 triples/s, errors=109122)
  rows=52,050  triples=8,428,551  (3 ent/s, 482 triples/s, errors=109168)
  rows=52,072  triples=8,431,695  (3 ent/s, 482 triples/s, errors=109232)
  rows=52,093  triples=8,434,925  (3 ent/s, 483 triples/s, errors=109237)
  rows=52,116  triples=8,438,470  (3 ent/s, 483 triples/s, errors=109265)
  rows=52,138  triples=8,441,875  (3 ent/s, 483 triples/s, errors=109312)
  rows=52,161  triples=8,444,942  (3 ent/s, 483 triples/s, errors=109456)
  rows=52,177  triples=8,448,074  (3 ent/s, 483 triples/s, errors=109529)
  rows=52,198  triples=8,451,477  (3 ent/s, 483 triples/s, errors=109570)
  rows=52,211  triples=8,453,669  (3 ent/s, 482 triples/s, errors=109593)
  rows=52,234  triples=8,456,721  (3 ent/s, 482 triples/s, errors=109793)
  rows=52,263  triples=8,460,044  (3 ent/s, 482 triples/s, errors=109815)
  rows=52,287  triples=8,463,346  (3 ent/s, 482 triples/s, errors=109846)
  rows=52,313  triples=8,466,392  (3 ent/s, 482 triples/s, errors=109953)
  rows=52,339  triples=8,469,710  (3 ent/s, 483 triples/s, errors=109980)
  rows=52,369  triples=8,473,406  (3 ent/s, 483 triples/s, errors=109994)
  rows=52,391  triples=8,476,624  (3 ent/s, 483 triples/s, errors=110025)
  rows=52,411  triples=8,479,790  (3 ent/s, 483 triples/s, errors=110087)
  rows=52,438  triples=8,482,890  (3 ent/s, 483 triples/s, errors=110118)
  rows=52,466  triples=8,486,714  (3 ent/s, 483 triples/s, errors=110132)
  rows=52,496  triples=8,490,088  (3 ent/s, 483 triples/s, errors=110167)
  rows=52,527  triples=8,493,364  (3 ent/s, 483 triples/s, errors=110182)
  rows=52,553  triples=8,496,832  (3 ent/s, 483 triples/s, errors=110194)
  rows=52,570  triples=8,500,010  (3 ent/s, 483 triples/s, errors=110237)
  rows=52,592  triples=8,503,257  (3 ent/s, 483 triples/s, errors=110286)
  rows=52,607  triples=8,505,510  (3 ent/s, 483 triples/s, errors=110356)
  rows=52,628  triples=8,508,605  (3 ent/s, 483 triples/s, errors=110402)
  rows=52,650  triples=8,511,662  (3 ent/s, 483 triples/s, errors=110503)
  rows=52,675  triples=8,514,806  (3 ent/s, 483 triples/s, errors=110521)
  rows=52,699  triples=8,518,348  (3 ent/s, 483 triples/s, errors=110537)
  rows=52,720  triples=8,521,490  (3 ent/s, 483 triples/s, errors=110568)
  rows=52,723  triples=8,521,490  (3 ent/s, 477 triples/s, errors=110568)
  rows=52,743  triples=8,524,875  (3 ent/s, 477 triples/s, errors=110603)
  rows=52,767  triples=8,527,906  (3 ent/s, 477 triples/s, errors=110615)
  rows=52,792  triples=8,531,077  (3 ent/s, 477 triples/s, errors=110645)
  rows=52,815  triples=8,534,158  (3 ent/s, 477 triples/s, errors=110688)
  rows=52,840  triples=8,537,391  (3 ent/s, 477 triples/s, errors=110760)
  rows=52,862  triples=8,540,591  (3 ent/s, 477 triples/s, errors=110778)
  rows=52,886  triples=8,543,727  (3 ent/s, 477 triples/s, errors=110798)
  rows=52,907  triples=8,546,850  (3 ent/s, 477 triples/s, errors=110828)
  rows=52,929  triples=8,550,052  (3 ent/s, 477 triples/s, errors=110862)
  rows=52,951  triples=8,553,370  (3 ent/s, 477 triples/s, errors=110906)
  rows=52,972  triples=8,556,688  (3 ent/s, 477 triples/s, errors=111047)
  rows=52,993  triples=8,559,880  (3 ent/s, 477 triples/s, errors=111102)
  rows=53,010  triples=8,563,149  (3 ent/s, 477 triples/s, errors=111137)
  rows=53,033  triples=8,566,486  (3 ent/s, 477 triples/s, errors=111158)
  rows=53,056  triples=8,569,531  (3 ent/s, 477 triples/s, errors=111206)
  rows=53,076  triples=8,572,797  (3 ent/s, 477 triples/s, errors=111225)
  rows=53,102  triples=8,575,959  (3 ent/s, 477 triples/s, errors=111266)
  rows=53,123  triples=8,579,321  (3 ent/s, 476 triples/s, errors=111294)
  rows=53,148  triples=8,582,698  (3 ent/s, 476 triples/s, errors=111317)
  rows=53,175  triples=8,585,914  (3 ent/s, 476 triples/s, errors=111327)
  rows=53,192  triples=8,588,136  (3 ent/s, 476 triples/s, errors=111350)
  rows=53,207  triples=8,590,835  (3 ent/s, 476 triples/s, errors=111363)
  rows=53,227  triples=8,594,023  (3 ent/s, 476 triples/s, errors=111393)
  rows=53,248  triples=8,597,099  (3 ent/s, 476 triples/s, errors=111422)
  rows=53,272  triples=8,600,566  (3 ent/s, 476 triples/s, errors=111432)
  rows=53,294  triples=8,603,807  (3 ent/s, 476 triples/s, errors=111455)
  rows=53,317  triples=8,606,900  (3 ent/s, 476 triples/s, errors=111479)
  rows=53,334  triples=8,610,035  (3 ent/s, 476 triples/s, errors=111576)
  rows=53,352  triples=8,613,159  (3 ent/s, 476 triples/s, errors=111702)
  rows=53,375  triples=8,616,680  (3 ent/s, 476 triples/s, errors=111746)
  rows=53,401  triples=8,619,661  (3 ent/s, 476 triples/s, errors=111774)
  rows=53,424  triples=8,622,815  (3 ent/s, 476 triples/s, errors=111797)
  rows=53,448  triples=8,626,157  (3 ent/s, 476 triples/s, errors=111808)
  rows=53,474  triples=8,629,437  (3 ent/s, 476 triples/s, errors=111873)
  rows=53,498  triples=8,632,672  (3 ent/s, 476 triples/s, errors=111897)
  rows=53,517  triples=8,635,977  (3 ent/s, 476 triples/s, errors=111921)
  rows=53,537  triples=8,639,198  (3 ent/s, 476 triples/s, errors=111981)
  rows=53,550  triples=8,642,652  (3 ent/s, 476 triples/s, errors=112139)
  rows=53,576  triples=8,645,916  (3 ent/s, 476 triples/s, errors=112227)
  rows=53,601  triples=8,648,912  (3 ent/s, 476 triples/s, errors=112279)
  rows=53,628  triples=8,652,209  (3 ent/s, 476 triples/s, errors=112320)
  rows=53,657  triples=8,655,379  (3 ent/s, 476 triples/s, errors=112353)
  rows=53,678  triples=8,659,078  (3 ent/s, 476 triples/s, errors=112409)
  rows=53,702  triples=8,662,499  (3 ent/s, 476 triples/s, errors=112462)
  rows=53,728  triples=8,665,738  (3 ent/s, 476 triples/s, errors=112468)
  rows=53,747  triples=8,668,970  (3 ent/s, 476 triples/s, errors=112518)
  rows=53,763  triples=8,672,209  (3 ent/s, 476 triples/s, errors=112623)
  rows=53,781  triples=8,675,403  (3 ent/s, 476 triples/s, errors=112646)
  rows=53,801  triples=8,678,085  (3 ent/s, 476 triples/s, errors=112651)
  rows=53,825  triples=8,681,447  (3 ent/s, 476 triples/s, errors=112656)
  rows=53,847  triples=8,684,959  (3 ent/s, 476 triples/s, errors=112807)
  rows=53,865  triples=8,688,445  (3 ent/s, 476 triples/s, errors=112952)
  rows=53,892  triples=8,691,706  (3 ent/s, 476 triples/s, errors=112972)
  rows=53,911  triples=8,694,828  (3 ent/s, 476 triples/s, errors=112999)
  rows=53,930  triples=8,697,966  (3 ent/s, 476 triples/s, errors=113067)
  rows=53,946  triples=8,701,392  (3 ent/s, 476 triples/s, errors=113146)
  rows=53,968  triples=8,704,573  (3 ent/s, 476 triples/s, errors=113177)
  rows=53,992  triples=8,708,042  (3 ent/s, 476 triples/s, errors=113198)
  rows=54,008  triples=8,710,384  (3 ent/s, 476 triples/s, errors=113237)
  rows=54,027  triples=8,712,472  (3 ent/s, 476 triples/s, errors=113249)
  rows=54,045  triples=8,714,874  (3 ent/s, 476 triples/s, errors=113278)
  rows=54,062  triples=8,717,118  (3 ent/s, 476 triples/s, errors=113298)
  rows=54,076  triples=8,719,344  (3 ent/s, 476 triples/s, errors=113300)
  rows=54,092  triples=8,721,449  (3 ent/s, 476 triples/s, errors=113311)
  rows=54,105  triples=8,723,765  (3 ent/s, 476 triples/s, errors=113323)
  rows=54,129  triples=8,727,061  (3 ent/s, 476 triples/s, errors=113333)
  rows=54,158  triples=8,730,255  (3 ent/s, 476 triples/s, errors=113365)
  rows=54,182  triples=8,733,587  (3 ent/s, 476 triples/s, errors=113407)
  rows=54,209  triples=8,736,971  (3 ent/s, 476 triples/s, errors=113421)
  rows=54,233  triples=8,740,135  (3 ent/s, 476 triples/s, errors=113534)
  rows=54,255  triples=8,743,395  (3 ent/s, 476 triples/s, errors=113580)
  rows=54,274  triples=8,746,525  (3 ent/s, 476 triples/s, errors=113600)
  rows=54,301  triples=8,749,763  (3 ent/s, 476 triples/s, errors=113610)
  rows=54,326  triples=8,753,009  (3 ent/s, 476 triples/s, errors=113639)
  rows=54,356  triples=8,756,110  (3 ent/s, 476 triples/s, errors=113680)
  rows=54,384  triples=8,759,231  (3 ent/s, 476 triples/s, errors=113701)
  rows=54,413  triples=8,762,209  (3 ent/s, 476 triples/s, errors=113703)
  rows=54,444  triples=8,765,641  (3 ent/s, 476 triples/s, errors=113728)
  rows=54,486  triples=8,769,356  (3 ent/s, 476 triples/s, errors=113741)
  rows=54,519  triples=8,772,442  (3 ent/s, 476 triples/s, errors=113842)
  rows=54,541  triples=8,774,723  (3 ent/s, 471 triples/s, errors=113911)
  rows=54,561  triples=8,777,725  (3 ent/s, 471 triples/s, errors=113947)
  rows=54,595  triples=8,781,074  (3 ent/s, 471 triples/s, errors=114004)
  rows=54,623  triples=8,783,831  (3 ent/s, 471 triples/s, errors=114015)
  rows=54,652  triples=8,787,066  (3 ent/s, 471 triples/s, errors=114052)
  rows=54,681  triples=8,790,606  (3 ent/s, 471 triples/s, errors=114061)
  rows=54,717  triples=8,793,792  (3 ent/s, 471 triples/s, errors=114077)
  rows=54,757  triples=8,797,171  (3 ent/s, 471 triples/s, errors=114146)
  rows=54,789  triples=8,800,716  (3 ent/s, 471 triples/s, errors=114178)
  rows=54,808  triples=8,802,754  (3 ent/s, 470 triples/s, errors=114212)
  rows=54,844  triples=8,805,861  (3 ent/s, 470 triples/s, errors=114222)
  rows=54,885  triples=8,809,340  (3 ent/s, 471 triples/s, errors=114235)
  rows=54,915  triples=8,812,497  (3 ent/s, 471 triples/s, errors=114243)
  rows=54,940  triples=8,816,261  (3 ent/s, 471 triples/s, errors=114330)
  rows=54,968  triples=8,819,598  (3 ent/s, 471 triples/s, errors=114350)
  rows=54,997  triples=8,822,707  (3 ent/s, 471 triples/s, errors=114357)
  rows=55,019  triples=8,825,302  (3 ent/s, 471 triples/s, errors=114363)
  rows=55,055  triples=8,828,811  (3 ent/s, 471 triples/s, errors=114376)
  rows=55,083  triples=8,832,081  (3 ent/s, 471 triples/s, errors=114379)
  rows=55,112  triples=8,835,284  (3 ent/s, 471 triples/s, errors=114414)
  rows=55,134  triples=8,838,717  (3 ent/s, 471 triples/s, errors=114463)
  rows=55,159  triples=8,841,773  (3 ent/s, 471 triples/s, errors=114473)
  rows=55,185  triples=8,846,744  (3 ent/s, 471 triples/s, errors=114531)
  rows=55,212  triples=8,849,776  (3 ent/s, 471 triples/s, errors=114556)
  rows=55,249  triples=8,853,029  (3 ent/s, 471 triples/s, errors=114575)
  rows=55,272  triples=8,856,380  (3 ent/s, 471 triples/s, errors=114603)
  rows=55,300  triples=8,859,584  (3 ent/s, 471 triples/s, errors=114629)
  rows=55,332  triples=8,862,894  (3 ent/s, 471 triples/s, errors=114652)
  rows=55,363  triples=8,865,938  (3 ent/s, 471 triples/s, errors=114675)
  rows=55,378  triples=8,868,783  (3 ent/s, 471 triples/s, errors=115078)
  rows=55,401  triples=8,871,472  (3 ent/s, 471 triples/s, errors=115105)
  rows=55,419  triples=8,874,653  (3 ent/s, 471 triples/s, errors=115298)
  rows=55,437  triples=8,877,785  (3 ent/s, 471 triples/s, errors=115364)
  rows=55,469  triples=8,880,924  (3 ent/s, 471 triples/s, errors=115378)
  rows=55,493  triples=8,884,086  (3 ent/s, 471 triples/s, errors=115405)
  rows=55,511  triples=8,887,276  (3 ent/s, 471 triples/s, errors=115448)
  rows=55,544  triples=8,890,316  (3 ent/s, 471 triples/s, errors=115458)
  rows=55,579  triples=8,893,463  (3 ent/s, 471 triples/s, errors=115481)
  rows=55,601  triples=8,895,866  (3 ent/s, 471 triples/s, errors=115492)
  rows=55,634  triples=8,898,997  (3 ent/s, 471 triples/s, errors=115498)
  rows=55,662  triples=8,902,193  (3 ent/s, 471 triples/s, errors=115552)
  rows=55,693  triples=8,905,592  (3 ent/s, 471 triples/s, errors=115568)
  rows=55,722  triples=8,908,799  (3 ent/s, 471 triples/s, errors=115599)
  rows=55,743  triples=8,912,072  (3 ent/s, 471 triples/s, errors=115618)
  rows=55,776  triples=8,915,397  (3 ent/s, 471 triples/s, errors=115635)
  rows=55,801  triples=8,918,120  (3 ent/s, 471 triples/s, errors=115749)
  rows=55,827  triples=8,921,374  (3 ent/s, 471 triples/s, errors=115769)
  rows=55,852  triples=8,924,353  (3 ent/s, 471 triples/s, errors=115814)
  rows=55,880  triples=8,927,577  (3 ent/s, 471 triples/s, errors=115854)
  rows=55,900  triples=8,930,978  (3 ent/s, 471 triples/s, errors=115882)
  rows=55,930  triples=8,934,305  (3 ent/s, 471 triples/s, errors=115914)
  rows=55,960  triples=8,937,732  (3 ent/s, 471 triples/s, errors=115974)
  rows=55,985  triples=8,940,811  (3 ent/s, 471 triples/s, errors=115991)
  rows=56,010  triples=8,943,901  (3 ent/s, 471 triples/s, errors=116017)
  rows=56,038  triples=8,946,980  (3 ent/s, 471 triples/s, errors=116058)
  rows=56,063  triples=8,950,179  (3 ent/s, 471 triples/s, errors=116077)
  rows=56,088  triples=8,953,548  (3 ent/s, 471 triples/s, errors=116092)
  rows=56,117  triples=8,956,951  (3 ent/s, 471 triples/s, errors=116129)
  rows=56,144  triples=8,960,240  (3 ent/s, 471 triples/s, errors=116179)
  rows=56,171  triples=8,963,460  (3 ent/s, 471 triples/s, errors=116193)
  rows=56,201  triples=8,966,459  (3 ent/s, 471 triples/s, errors=116202)
  rows=56,223  triples=8,969,649  (3 ent/s, 471 triples/s, errors=116217)
  rows=56,252  triples=8,972,860  (3 ent/s, 471 triples/s, errors=116225)
  rows=56,278  triples=8,976,052  (3 ent/s, 471 triples/s, errors=116232)
  rows=56,302  triples=8,979,655  (3 ent/s, 471 triples/s, errors=116245)
  rows=56,324  triples=8,982,693  (3 ent/s, 471 triples/s, errors=116327)
  rows=56,352  triples=8,985,724  (3 ent/s, 471 triples/s, errors=116383)
  rows=56,359  triples=8,985,724  (3 ent/s, 470 triples/s, errors=116383)
  rows=56,378  triples=8,988,912  (3 ent/s, 470 triples/s, errors=116417)
  rows=56,399  triples=8,992,165  (3 ent/s, 470 triples/s, errors=116465)
  rows=56,421  triples=8,994,316  (3 ent/s, 470 triples/s, errors=116473)
  rows=56,453  triples=8,997,740  (3 ent/s, 470 triples/s, errors=116503)
  rows=56,479  triples=9,001,046  (3 ent/s, 470 triples/s, errors=116543)
  rows=56,514  triples=9,004,409  (3 ent/s, 470 triples/s, errors=116557)
  rows=56,540  triples=9,007,629  (3 ent/s, 470 triples/s, errors=116615)
  rows=56,562  triples=9,010,931  (3 ent/s, 470 triples/s, errors=116632)
  rows=56,590  triples=9,015,004  (3 ent/s, 470 triples/s, errors=118471)
  rows=56,603  triples=9,017,847  (3 ent/s, 470 triples/s, errors=120018)
  rows=56,632  triples=9,021,165  (3 ent/s, 470 triples/s, errors=120024)
  rows=56,662  triples=9,024,424  (3 ent/s, 470 triples/s, errors=120051)
  rows=56,693  triples=9,027,705  (3 ent/s, 470 triples/s, errors=120053)
  rows=56,717  triples=9,030,700  (3 ent/s, 470 triples/s, errors=120097)
  rows=56,742  triples=9,034,160  (3 ent/s, 470 triples/s, errors=120126)
  rows=56,771  triples=9,037,364  (3 ent/s, 470 triples/s, errors=120171)
  rows=56,798  triples=9,040,735  (3 ent/s, 470 triples/s, errors=120196)
  rows=56,817  triples=9,043,155  (3 ent/s, 470 triples/s, errors=120223)
  rows=56,844  triples=9,046,412  (3 ent/s, 470 triples/s, errors=120250)
  rows=56,866  triples=9,049,716  (3 ent/s, 470 triples/s, errors=120263)
  rows=56,894  triples=9,052,993  (3 ent/s, 470 triples/s, errors=120291)
  rows=56,921  triples=9,056,275  (3 ent/s, 470 triples/s, errors=120306)
  rows=56,945  triples=9,059,780  (3 ent/s, 470 triples/s, errors=120334)
  rows=56,972  triples=9,063,188  (3 ent/s, 470 triples/s, errors=120358)
  rows=57,000  triples=9,066,696  (3 ent/s, 470 triples/s, errors=120370)
  rows=57,025  triples=9,070,040  (3 ent/s, 470 triples/s, errors=120384)
  rows=57,047  triples=9,073,344  (3 ent/s, 470 triples/s, errors=120412)
  rows=57,067  triples=9,076,644  (3 ent/s, 470 triples/s, errors=120474)
  rows=57,092  triples=9,080,132  (3 ent/s, 470 triples/s, errors=120597)
  rows=57,117  triples=9,083,550  (3 ent/s, 470 triples/s, errors=120613)
  rows=57,143  triples=9,086,613  (3 ent/s, 470 triples/s, errors=120622)
  rows=57,172  triples=9,089,831  (3 ent/s, 470 triples/s, errors=120663)
  rows=57,200  triples=9,093,053  (3 ent/s, 470 triples/s, errors=120675)
  rows=57,223  triples=9,096,296  (3 ent/s, 470 triples/s, errors=120698)
  rows=57,255  triples=9,099,412  (3 ent/s, 470 triples/s, errors=120711)
  rows=57,280  triples=9,102,833  (3 ent/s, 470 triples/s, errors=120720)
  rows=57,305  triples=9,105,958  (3 ent/s, 470 triples/s, errors=120753)
  rows=57,330  triples=9,109,396  (3 ent/s, 470 triples/s, errors=120776)
  rows=57,350  triples=9,112,510  (3 ent/s, 470 triples/s, errors=120785)
  rows=57,375  triples=9,115,952  (3 ent/s, 470 triples/s, errors=120795)
  rows=57,399  triples=9,119,393  (3 ent/s, 470 triples/s, errors=120807)
  rows=57,413  triples=9,121,663  (3 ent/s, 470 triples/s, errors=120817)
  rows=57,440  triples=9,124,848  (3 ent/s, 470 triples/s, errors=120824)
  rows=57,459  triples=9,127,103  (3 ent/s, 470 triples/s, errors=120840)
  rows=57,469  triples=9,129,358  (3 ent/s, 470 triples/s, errors=120893)
  rows=57,483  triples=9,131,505  (3 ent/s, 470 triples/s, errors=120900)
  rows=57,495  triples=9,133,525  (3 ent/s, 470 triples/s, errors=120913)
  rows=57,510  triples=9,135,907  (3 ent/s, 469 triples/s, errors=120923)
  rows=57,523  triples=9,138,037  (3 ent/s, 469 triples/s, errors=120938)
  rows=57,531  triples=9,140,028  (3 ent/s, 469 triples/s, errors=121050)
  rows=57,543  triples=9,142,307  (3 ent/s, 469 triples/s, errors=121075)
  rows=57,556  triples=9,144,211  (3 ent/s, 469 triples/s, errors=121192)
  rows=57,570  triples=9,146,472  (3 ent/s, 469 triples/s, errors=121197)
  rows=57,583  triples=9,148,623  (3 ent/s, 469 triples/s, errors=121217)
  rows=57,596  triples=9,150,749  (3 ent/s, 469 triples/s, errors=121233)
  rows=57,606  triples=9,152,280  (3 ent/s, 468 triples/s, errors=121245)
  rows=57,618  triples=9,154,447  (3 ent/s, 468 triples/s, errors=121276)
  rows=57,635  triples=9,156,541  (3 ent/s, 468 triples/s, errors=121285)
  rows=57,646  triples=9,158,807  (3 ent/s, 468 triples/s, errors=121305)
  rows=57,659  triples=9,160,944  (3 ent/s, 468 triples/s, errors=121315)
  rows=57,675  triples=9,163,137  (3 ent/s, 468 triples/s, errors=121331)
  rows=57,690  triples=9,165,531  (3 ent/s, 468 triples/s, errors=121351)
  rows=57,701  triples=9,167,785  (3 ent/s, 468 triples/s, errors=121388)
  rows=57,714  triples=9,169,836  (3 ent/s, 468 triples/s, errors=121429)
  rows=57,728  triples=9,172,138  (3 ent/s, 468 triples/s, errors=121450)
  rows=57,742  triples=9,174,527  (3 ent/s, 468 triples/s, errors=121463)
  rows=57,752  triples=9,176,557  (3 ent/s, 468 triples/s, errors=121479)
  rows=57,768  triples=9,178,685  (3 ent/s, 468 triples/s, errors=121495)
  rows=57,781  triples=9,180,844  (3 ent/s, 468 triples/s, errors=121505)
  rows=57,802  triples=9,182,760  (3 ent/s, 468 triples/s, errors=121521)
  rows=57,813  triples=9,184,951  (3 ent/s, 468 triples/s, errors=121550)
  rows=57,835  triples=9,188,121  (3 ent/s, 468 triples/s, errors=121564)
  rows=57,858  triples=9,191,239  (3 ent/s, 468 triples/s, errors=121591)
  rows=57,879  triples=9,194,417  (3 ent/s, 468 triples/s, errors=121658)
  rows=57,902  triples=9,197,683  (3 ent/s, 468 triples/s, errors=121680)
  rows=57,919  triples=9,201,286  (3 ent/s, 468 triples/s, errors=121858)
  rows=57,940  triples=9,204,497  (3 ent/s, 468 triples/s, errors=121913)
  rows=57,960  triples=9,207,762  (3 ent/s, 468 triples/s, errors=121925)
  rows=57,985  triples=9,210,991  (3 ent/s, 468 triples/s, errors=121944)
  rows=57,995  triples=9,213,167  (3 ent/s, 467 triples/s, errors=121978)
  rows=58,001  triples=9,213,664  (3 ent/s, 467 triples/s, errors=121981)
  rows=58,006  triples=9,214,773  (3 ent/s, 467 triples/s, errors=121991)
  rows=58,013  triples=9,215,862  (3 ent/s, 466 triples/s, errors=122010)
  rows=58,019  triples=9,217,098  (3 ent/s, 466 triples/s, errors=122011)
  rows=58,027  triples=9,218,435  (3 ent/s, 466 triples/s, errors=122015)
  rows=58,034  triples=9,219,768  (3 ent/s, 466 triples/s, errors=122021)
  rows=58,050  triples=9,221,881  (3 ent/s, 466 triples/s, errors=122037)
  rows=58,065  triples=9,224,125  (3 ent/s, 466 triples/s, errors=122046)
  rows=58,082  triples=9,226,307  (3 ent/s, 466 triples/s, errors=122060)
  rows=58,097  triples=9,228,493  (3 ent/s, 466 triples/s, errors=122066)
  rows=58,112  triples=9,230,891  (3 ent/s, 466 triples/s, errors=122075)
  rows=58,126  triples=9,233,154  (3 ent/s, 466 triples/s, errors=122097)
  rows=58,140  triples=9,235,417  (3 ent/s, 465 triples/s, errors=122119)
  rows=58,157  triples=9,237,481  (3 ent/s, 465 triples/s, errors=122124)
  rows=58,172  triples=9,239,567  (3 ent/s, 465 triples/s, errors=122153)
  rows=58,177  triples=9,239,567  (3 ent/s, 464 triples/s, errors=122153)
  rows=58,186  triples=9,241,865  (3 ent/s, 464 triples/s, errors=122177)
  rows=58,201  triples=9,243,532  (3 ent/s, 464 triples/s, errors=122190)
  rows=58,216  triples=9,245,817  (3 ent/s, 464 triples/s, errors=122193)
  rows=58,231  triples=9,247,975  (3 ent/s, 464 triples/s, errors=122199)
  rows=58,257  triples=9,251,183  (3 ent/s, 464 triples/s, errors=122215)
  rows=58,277  triples=9,254,617  (3 ent/s, 464 triples/s, errors=122229)
  rows=58,294  triples=9,258,076  (3 ent/s, 464 triples/s, errors=122240)
  rows=58,315  triples=9,261,199  (3 ent/s, 464 triples/s, errors=122280)
  rows=58,344  triples=9,264,548  (3 ent/s, 464 triples/s, errors=122296)
  rows=58,369  triples=9,267,930  (3 ent/s, 464 triples/s, errors=122330)
  rows=58,387  triples=9,271,158  (3 ent/s, 464 triples/s, errors=122348)
  rows=58,408  triples=9,273,753  (3 ent/s, 464 triples/s, errors=122374)
  rows=58,432  triples=9,277,129  (3 ent/s, 464 triples/s, errors=122461)
  rows=58,459  triples=9,280,508  (3 ent/s, 464 triples/s, errors=122472)
  rows=58,477  triples=9,283,596  (3 ent/s, 464 triples/s, errors=122601)
  rows=58,502  triples=9,286,786  (3 ent/s, 464 triples/s, errors=122617)
  rows=58,525  triples=9,289,871  (3 ent/s, 464 triples/s, errors=122636)
  rows=58,549  triples=9,293,167  (3 ent/s, 464 triples/s, errors=122712)
  rows=58,572  triples=9,296,463  (3 ent/s, 464 triples/s, errors=122753)
  rows=58,595  triples=9,299,722  (3 ent/s, 464 triples/s, errors=122777)
  rows=58,623  triples=9,302,297  (3 ent/s, 464 triples/s, errors=122814)
  rows=58,652  triples=9,305,396  (3 ent/s, 464 triples/s, errors=122830)
  rows=58,672  triples=9,308,572  (3 ent/s, 464 triples/s, errors=122856)
  rows=58,697  triples=9,311,859  (3 ent/s, 464 triples/s, errors=122880)
  rows=58,724  triples=9,314,987  (3 ent/s, 464 triples/s, errors=122992)
  rows=58,749  triples=9,318,292  (3 ent/s, 464 triples/s, errors=123007)
  rows=58,772  triples=9,321,369  (3 ent/s, 464 triples/s, errors=123017)
  rows=58,797  triples=9,324,732  (3 ent/s, 464 triples/s, errors=123047)
  rows=58,816  triples=9,327,200  (3 ent/s, 464 triples/s, errors=123069)
  rows=58,844  triples=9,330,385  (3 ent/s, 464 triples/s, errors=123093)
  rows=58,865  triples=9,333,657  (3 ent/s, 464 triples/s, errors=123106)
  rows=58,896  triples=9,336,911  (3 ent/s, 464 triples/s, errors=123113)
  rows=58,915  triples=9,340,352  (3 ent/s, 464 triples/s, errors=123146)
  rows=58,934  triples=9,343,372  (3 ent/s, 464 triples/s, errors=123455)
  rows=58,964  triples=9,346,659  (3 ent/s, 464 triples/s, errors=123500)
  rows=58,990  triples=9,349,921  (3 ent/s, 464 triples/s, errors=123569)
  rows=59,009  triples=9,352,264  (3 ent/s, 464 triples/s, errors=123574)
  rows=59,035  triples=9,355,395  (3 ent/s, 464 triples/s, errors=123616)
  rows=59,063  triples=9,358,677  (3 ent/s, 464 triples/s, errors=123636)
  rows=59,089  triples=9,361,885  (3 ent/s, 464 triples/s, errors=123657)
  rows=59,113  triples=9,365,088  (3 ent/s, 464 triples/s, errors=123670)
  rows=59,135  triples=9,368,256  (3 ent/s, 464 triples/s, errors=123694)
  rows=59,164  triples=9,371,515  (3 ent/s, 464 triples/s, errors=123723)
  rows=59,187  triples=9,374,975  (3 ent/s, 464 triples/s, errors=123785)
  rows=59,210  triples=9,377,940  (3 ent/s, 464 triples/s, errors=123803)
  rows=59,231  triples=9,381,200  (3 ent/s, 464 triples/s, errors=123820)
  rows=59,256  triples=9,385,014  (3 ent/s, 464 triples/s, errors=123875)
  rows=59,283  triples=9,388,230  (3 ent/s, 464 triples/s, errors=123897)
  rows=59,304  triples=9,391,402  (3 ent/s, 464 triples/s, errors=123908)
  rows=59,328  triples=9,394,540  (3 ent/s, 464 triples/s, errors=123993)
  rows=59,352  triples=9,397,706  (3 ent/s, 464 triples/s, errors=124078)
  rows=59,377  triples=9,401,374  (3 ent/s, 464 triples/s, errors=124096)
  rows=59,397  triples=9,404,738  (3 ent/s, 464 triples/s, errors=124132)
  rows=59,417  triples=9,407,157  (3 ent/s, 464 triples/s, errors=124171)
  rows=59,446  triples=9,410,656  (3 ent/s, 464 triples/s, errors=124197)
  rows=59,472  triples=9,414,157  (3 ent/s, 464 triples/s, errors=124236)
  rows=59,492  triples=9,417,243  (3 ent/s, 464 triples/s, errors=124258)
  rows=59,519  triples=9,420,504  (3 ent/s, 464 triples/s, errors=124278)
  rows=59,545  triples=9,423,516  (3 ent/s, 464 triples/s, errors=124302)
  rows=59,572  triples=9,426,531  (3 ent/s, 464 triples/s, errors=124314)
  rows=59,601  triples=9,429,792  (3 ent/s, 464 triples/s, errors=124342)
  rows=59,624  triples=9,433,018  (3 ent/s, 464 triples/s, errors=124354)
  rows=59,652  triples=9,436,357  (3 ent/s, 464 triples/s, errors=124376)
  rows=59,674  triples=9,439,410  (3 ent/s, 464 triples/s, errors=124504)
  rows=59,704  triples=9,442,720  (3 ent/s, 464 triples/s, errors=124509)
  rows=59,732  triples=9,445,876  (3 ent/s, 464 triples/s, errors=124538)
  rows=59,751  triples=9,448,989  (3 ent/s, 464 triples/s, errors=124565)
  rows=59,774  triples=9,452,130  (3 ent/s, 464 triples/s, errors=124577)
  rows=59,794  triples=9,455,251  (3 ent/s, 464 triples/s, errors=124602)
  rows=59,817  triples=9,458,132  (3 ent/s, 464 triples/s, errors=124619)
  rows=59,842  triples=9,461,368  (3 ent/s, 464 triples/s, errors=124645)
  rows=59,867  triples=9,464,548  (3 ent/s, 464 triples/s, errors=124659)
  rows=59,891  triples=9,467,799  (3 ent/s, 464 triples/s, errors=124707)
  rows=59,913  triples=9,470,954  (3 ent/s, 464 triples/s, errors=124737)
  rows=59,931  triples=9,474,572  (3 ent/s, 464 triples/s, errors=124814)
  rows=59,962  triples=9,477,943  (3 ent/s, 464 triples/s, errors=124822)
  rows=59,987  triples=9,481,038  (3 ent/s, 464 triples/s, errors=124841)
  rows=59,995  triples=9,481,038  (3 ent/s, 463 triples/s, errors=124841)
  rows=60,009  triples=9,483,562  (3 ent/s, 463 triples/s, errors=124857)
  rows=60,039  triples=9,486,722  (3 ent/s, 463 triples/s, errors=124865)
  rows=60,069  triples=9,490,253  (3 ent/s, 463 triples/s, errors=124891)
  rows=60,091  triples=9,493,400  (3 ent/s, 463 triples/s, errors=124909)
  rows=60,121  triples=9,496,770  (3 ent/s, 463 triples/s, errors=124926)
  rows=60,141  triples=9,499,916  (3 ent/s, 463 triples/s, errors=124961)
  rows=60,164  triples=9,503,043  (3 ent/s, 463 triples/s, errors=124980)
  rows=60,189  triples=9,506,124  (3 ent/s, 463 triples/s, errors=124990)
  rows=60,207  triples=9,508,600  (3 ent/s, 463 triples/s, errors=125018)
  rows=60,234  triples=9,511,791  (3 ent/s, 463 triples/s, errors=125052)
  rows=60,259  triples=9,515,078  (3 ent/s, 463 triples/s, errors=125098)
  rows=60,287  triples=9,518,570  (3 ent/s, 463 triples/s, errors=125131)
  rows=60,308  triples=9,521,867  (3 ent/s, 463 triples/s, errors=125200)
  rows=60,337  triples=9,525,209  (3 ent/s, 464 triples/s, errors=125230)
  rows=60,363  triples=9,528,467  (3 ent/s, 464 triples/s, errors=125243)
  rows=60,388  triples=9,531,771  (3 ent/s, 464 triples/s, errors=125309)
  rows=60,408  triples=9,534,895  (3 ent/s, 464 triples/s, errors=125328)
  rows=60,432  triples=9,537,971  (3 ent/s, 464 triples/s, errors=125346)
  rows=60,459  triples=9,541,202  (3 ent/s, 464 triples/s, errors=125365)
  rows=60,476  triples=9,544,521  (3 ent/s, 464 triples/s, errors=125469)
  rows=60,500  triples=9,547,777  (3 ent/s, 464 triples/s, errors=125497)
  rows=60,525  triples=9,550,958  (3 ent/s, 464 triples/s, errors=125502)
  rows=60,551  triples=9,554,503  (3 ent/s, 464 triples/s, errors=125572)
  rows=60,571  triples=9,557,716  (3 ent/s, 464 triples/s, errors=125591)
  rows=60,595  triples=9,561,032  (3 ent/s, 464 triples/s, errors=125598)
  rows=60,609  triples=9,563,202  (3 ent/s, 464 triples/s, errors=125695)
  rows=60,632  triples=9,566,428  (3 ent/s, 464 triples/s, errors=125718)
  rows=60,659  triples=9,569,677  (3 ent/s, 464 triples/s, errors=125754)
  rows=60,684  triples=9,573,409  (3 ent/s, 464 triples/s, errors=125808)
  rows=60,709  triples=9,576,673  (3 ent/s, 464 triples/s, errors=125823)
  rows=60,733  triples=9,579,804  (3 ent/s, 464 triples/s, errors=125853)
  rows=60,761  triples=9,583,011  (3 ent/s, 464 triples/s, errors=125883)
  rows=60,782  triples=9,586,305  (3 ent/s, 464 triples/s, errors=125895)
  rows=60,801  triples=9,588,809  (3 ent/s, 464 triples/s, errors=125908)
  rows=60,826  triples=9,592,105  (3 ent/s, 464 triples/s, errors=125989)
  rows=60,846  triples=9,594,878  (3 ent/s, 464 triples/s, errors=126641)
  rows=60,865  triples=9,598,196  (3 ent/s, 464 triples/s, errors=126648)
  rows=60,887  triples=9,601,500  (3 ent/s, 464 triples/s, errors=126674)
  rows=60,909  triples=9,604,755  (3 ent/s, 464 triples/s, errors=126689)
  rows=60,930  triples=9,607,928  (3 ent/s, 464 triples/s, errors=126732)
  rows=60,951  triples=9,611,128  (3 ent/s, 464 triples/s, errors=126796)
  rows=60,974  triples=9,614,533  (3 ent/s, 464 triples/s, errors=126832)
  rows=60,998  triples=9,617,666  (3 ent/s, 464 triples/s, errors=126864)
  rows=61,014  triples=9,620,290  (3 ent/s, 464 triples/s, errors=126877)
  rows=61,037  triples=9,623,366  (3 ent/s, 464 triples/s, errors=126902)
  rows=61,059  triples=9,626,598  (3 ent/s, 464 triples/s, errors=126926)
  rows=61,086  triples=9,629,798  (3 ent/s, 464 triples/s, errors=126965)
  rows=61,110  triples=9,632,950  (3 ent/s, 464 triples/s, errors=126992)
  rows=61,126  triples=9,637,394  (3 ent/s, 464 triples/s, errors=127053)
  rows=61,144  triples=9,640,625  (3 ent/s, 464 triples/s, errors=127085)
  rows=61,166  triples=9,643,811  (3 ent/s, 464 triples/s, errors=127109)
  rows=61,192  triples=9,646,999  (3 ent/s, 464 triples/s, errors=127125)
  rows=61,209  triples=9,649,495  (3 ent/s, 464 triples/s, errors=127180)
  rows=61,233  triples=9,652,957  (3 ent/s, 464 triples/s, errors=127200)
  rows=61,254  triples=9,656,195  (3 ent/s, 464 triples/s, errors=127248)
  rows=61,272  triples=9,659,479  (3 ent/s, 464 triples/s, errors=127280)
  rows=61,298  triples=9,662,676  (3 ent/s, 464 triples/s, errors=127300)
  rows=61,328  triples=9,665,695  (3 ent/s, 464 triples/s, errors=127306)
  rows=61,349  triples=9,668,927  (3 ent/s, 464 triples/s, errors=127334)
  rows=61,367  triples=9,672,375  (3 ent/s, 464 triples/s, errors=127434)
  rows=61,389  triples=9,675,714  (3 ent/s, 464 triples/s, errors=127452)
  rows=61,408  triples=9,678,644  (3 ent/s, 464 triples/s, errors=127475)
  rows=61,436  triples=9,681,890  (3 ent/s, 464 triples/s, errors=127484)
  rows=61,460  triples=9,684,963  (3 ent/s, 464 triples/s, errors=127491)
  rows=61,482  triples=9,688,398  (3 ent/s, 464 triples/s, errors=127504)
  rows=61,507  triples=9,691,583  (3 ent/s, 464 triples/s, errors=127580)
  rows=61,534  triples=9,694,933  (3 ent/s, 464 triples/s, errors=127582)
  rows=61,561  triples=9,698,250  (3 ent/s, 464 triples/s, errors=127645)
  rows=61,584  triples=9,701,532  (3 ent/s, 464 triples/s, errors=127683)
  rows=61,613  triples=9,704,721  (3 ent/s, 464 triples/s, errors=127690)
  rows=61,636  triples=9,707,810  (3 ent/s, 464 triples/s, errors=127731)
  rows=61,659  triples=9,711,220  (3 ent/s, 464 triples/s, errors=127745)
  rows=61,685  triples=9,714,498  (3 ent/s, 464 triples/s, errors=127813)
  rows=61,707  triples=9,718,021  (3 ent/s, 464 triples/s, errors=127830)
  rows=61,734  triples=9,721,241  (3 ent/s, 464 triples/s, errors=127861)
  rows=61,754  triples=9,724,354  (3 ent/s, 464 triples/s, errors=127875)
  rows=61,780  triples=9,727,521  (3 ent/s, 464 triples/s, errors=127901)
  rows=61,806  triples=9,730,477  (3 ent/s, 464 triples/s, errors=127933)
  rows=61,813  triples=9,730,477  (3 ent/s, 463 triples/s, errors=127933)
  rows=61,829  triples=9,733,615  (3 ent/s, 463 triples/s, errors=127949)
  rows=61,854  triples=9,736,841  (3 ent/s, 463 triples/s, errors=128020)
  rows=61,874  triples=9,740,186  (3 ent/s, 463 triples/s, errors=128127)
  rows=61,895  triples=9,743,260  (3 ent/s, 463 triples/s, errors=128181)
  rows=61,929  triples=9,746,692  (3 ent/s, 463 triples/s, errors=128202)
  rows=61,951  triples=9,749,836  (3 ent/s, 463 triples/s, errors=128258)
  rows=61,976  triples=9,753,448  (3 ent/s, 463 triples/s, errors=128282)
  rows=62,001  triples=9,756,174  (3 ent/s, 463 triples/s, errors=128313)
  rows=62,022  triples=9,759,564  (3 ent/s, 463 triples/s, errors=128336)
  rows=62,043  triples=9,762,810  (3 ent/s, 463 triples/s, errors=128350)
  rows=62,069  triples=9,765,957  (3 ent/s, 463 triples/s, errors=128377)
  rows=62,094  triples=9,769,289  (3 ent/s, 463 triples/s, errors=128387)
  rows=62,123  triples=9,772,725  (3 ent/s, 463 triples/s, errors=128398)
  rows=62,146  triples=9,775,872  (3 ent/s, 463 triples/s, errors=128422)
  rows=62,170  triples=9,779,046  (3 ent/s, 463 triples/s, errors=128512)
  rows=62,190  triples=9,782,274  (3 ent/s, 463 triples/s, errors=128534)
  rows=62,213  triples=9,784,455  (3 ent/s, 463 triples/s, errors=128546)
  rows=62,238  triples=9,787,677  (3 ent/s, 463 triples/s, errors=128572)
  rows=62,261  triples=9,791,040  (3 ent/s, 463 triples/s, errors=128625)
  rows=62,290  triples=9,794,591  (3 ent/s, 463 triples/s, errors=128644)
  rows=62,314  triples=9,797,744  (3 ent/s, 463 triples/s, errors=128683)
  rows=62,336  triples=9,801,029  (3 ent/s, 463 triples/s, errors=128710)
  rows=62,357  triples=9,804,335  (3 ent/s, 463 triples/s, errors=128731)
  rows=62,382  triples=9,807,519  (3 ent/s, 463 triples/s, errors=128798)
  rows=62,401  triples=9,810,018  (3 ent/s, 463 triples/s, errors=128880)
  rows=62,429  triples=9,813,463  (3 ent/s, 463 triples/s, errors=128886)
  rows=62,449  triples=9,816,657  (3 ent/s, 463 triples/s, errors=128898)
  rows=62,474  triples=9,819,706  (3 ent/s, 463 triples/s, errors=128994)
  rows=62,496  triples=9,822,989  (3 ent/s, 463 triples/s, errors=129004)
  rows=62,519  triples=9,826,821  (3 ent/s, 463 triples/s, errors=129060)
  rows=62,542  triples=9,830,065  (3 ent/s, 464 triples/s, errors=129095)
  rows=62,567  triples=9,833,175  (3 ent/s, 464 triples/s, errors=129248)
  rows=62,590  triples=9,836,473  (3 ent/s, 464 triples/s, errors=129274)
  rows=62,616  triples=9,839,584  (3 ent/s, 464 triples/s, errors=129295)
  rows=62,641  triples=9,842,866  (3 ent/s, 464 triples/s, errors=129342)
  rows=62,660  triples=9,846,190  (3 ent/s, 464 triples/s, errors=129429)
  rows=62,685  triples=9,849,281  (3 ent/s, 464 triples/s, errors=129459)
  rows=62,710  triples=9,852,973  (3 ent/s, 464 triples/s, errors=129528)
  rows=62,738  triples=9,856,316  (3 ent/s, 464 triples/s, errors=129545)
  rows=62,761  triples=9,859,956  (3 ent/s, 464 triples/s, errors=129561)
  rows=62,785  triples=9,863,125  (3 ent/s, 464 triples/s, errors=129582)
  rows=62,801  triples=9,865,568  (3 ent/s, 464 triples/s, errors=129593)
  rows=62,828  triples=9,868,697  (3 ent/s, 464 triples/s, errors=129651)
  rows=62,849  triples=9,871,891  (3 ent/s, 464 triples/s, errors=129704)
  rows=62,870  triples=9,875,196  (3 ent/s, 464 triples/s, errors=129744)
  rows=62,894  triples=9,878,487  (3 ent/s, 464 triples/s, errors=129760)
  rows=62,918  triples=9,881,624  (3 ent/s, 464 triples/s, errors=129785)
  rows=62,937  triples=9,884,963  (3 ent/s, 464 triples/s, errors=129826)
  rows=62,964  triples=9,888,290  (3 ent/s, 464 triples/s, errors=129849)
  rows=62,989  triples=9,891,695  (3 ent/s, 464 triples/s, errors=129883)
  rows=63,006  triples=9,893,925  (3 ent/s, 464 triples/s, errors=129893)
  rows=63,035  triples=9,897,110  (3 ent/s, 464 triples/s, errors=129907)
  rows=63,061  triples=9,900,334  (3 ent/s, 464 triples/s, errors=129947)
  rows=63,083  triples=9,903,577  (3 ent/s, 464 triples/s, errors=129972)
  rows=63,101  triples=9,906,928  (3 ent/s, 464 triples/s, errors=129991)
  rows=63,127  triples=9,910,441  (3 ent/s, 464 triples/s, errors=130015)
  rows=63,154  triples=9,913,624  (3 ent/s, 464 triples/s, errors=130048)
  rows=63,185  triples=9,917,014  (3 ent/s, 464 triples/s, errors=130061)
  rows=63,208  triples=9,920,171  (3 ent/s, 464 triples/s, errors=130071)
  rows=63,235  triples=9,923,394  (3 ent/s, 464 triples/s, errors=130093)
  rows=63,257  triples=9,926,624  (3 ent/s, 464 triples/s, errors=130117)
  rows=63,282  triples=9,930,302  (3 ent/s, 464 triples/s, errors=130342)
  rows=63,304  triples=9,933,805  (3 ent/s, 464 triples/s, errors=130356)
  rows=63,329  triples=9,937,162  (3 ent/s, 464 triples/s, errors=130392)
  rows=63,347  triples=9,940,355  (3 ent/s, 464 triples/s, errors=130817)
  rows=63,368  triples=9,943,528  (3 ent/s, 464 triples/s, errors=130863)
  rows=63,390  triples=9,946,697  (3 ent/s, 464 triples/s, errors=130870)
  rows=63,411  triples=9,949,057  (3 ent/s, 464 triples/s, errors=130891)
  rows=63,434  triples=9,952,242  (3 ent/s, 464 triples/s, errors=130904)
  rows=63,454  triples=9,955,438  (3 ent/s, 464 triples/s, errors=130915)
  rows=63,479  triples=9,958,825  (3 ent/s, 464 triples/s, errors=130927)
  rows=63,499  triples=9,962,153  (3 ent/s, 464 triples/s, errors=130966)
  rows=63,525  triples=9,965,535  (3 ent/s, 464 triples/s, errors=130984)
  rows=63,547  triples=9,968,710  (3 ent/s, 464 triples/s, errors=131017)
  rows=63,567  triples=9,971,877  (3 ent/s, 464 triples/s, errors=131025)
  rows=63,591  triples=9,975,128  (3 ent/s, 464 triples/s, errors=131073)
  rows=63,606  triples=9,977,377  (3 ent/s, 464 triples/s, errors=131081)
  rows=63,628  triples=9,980,701  (3 ent/s, 464 triples/s, errors=131115)
  rows=63,631  triples=9,980,701  (3 ent/s, 463 triples/s, errors=131115)
  rows=63,655  triples=9,983,819  (3 ent/s, 463 triples/s, errors=131158)
  rows=63,680  triples=9,987,156  (3 ent/s, 463 triples/s, errors=131176)
  rows=63,701  triples=9,990,605  (3 ent/s, 463 triples/s, errors=131196)
  rows=63,725  triples=9,993,855  (3 ent/s, 463 triples/s, errors=131215)
  rows=63,747  triples=9,997,176  (3 ent/s, 463 triples/s, errors=131274)
  rows=63,773  triples=10,000,609  (3 ent/s, 463 triples/s, errors=131359)
  rows=63,798  triples=10,003,830  (3 ent/s, 463 triples/s, errors=131378)
  rows=63,815  triples=10,006,017  (3 ent/s, 463 triples/s, errors=131396)
  rows=63,842  triples=10,009,242  (3 ent/s, 463 triples/s, errors=131420)
  rows=63,866  triples=10,012,461  (3 ent/s, 463 triples/s, errors=131432)
  rows=63,890  triples=10,015,564  (3 ent/s, 463 triples/s, errors=131440)
  rows=63,915  triples=10,018,767  (3 ent/s, 463 triples/s, errors=131451)
  rows=63,939  triples=10,022,288  (3 ent/s, 463 triples/s, errors=131476)
  rows=63,962  triples=10,025,595  (3 ent/s, 463 triples/s, errors=131500)
  rows=63,980  triples=10,028,867  (3 ent/s, 463 triples/s, errors=131544)
  rows=64,001  triples=10,031,490  (3 ent/s, 463 triples/s, errors=131548)
  rows=64,026  triples=10,034,811  (3 ent/s, 463 triples/s, errors=131592)
  rows=64,051  triples=10,038,107  (3 ent/s, 463 triples/s, errors=131601)
  rows=64,071  triples=10,041,350  (3 ent/s, 463 triples/s, errors=131664)
  rows=64,094  triples=10,044,677  (3 ent/s, 463 triples/s, errors=131671)
  rows=64,117  triples=10,047,986  (3 ent/s, 463 triples/s, errors=131688)
  rows=64,136  triples=10,051,277  (3 ent/s, 463 triples/s, errors=131737)
  rows=64,161  triples=10,054,389  (3 ent/s, 463 triples/s, errors=131757)
  rows=64,180  triples=10,057,475  (3 ent/s, 463 triples/s, errors=131797)
  rows=64,201  triples=10,060,003  (3 ent/s, 463 triples/s, errors=131806)
  rows=64,225  triples=10,063,274  (3 ent/s, 463 triples/s, errors=131840)
  rows=64,250  triples=10,066,482  (3 ent/s, 463 triples/s, errors=131843)
  rows=64,275  triples=10,069,658  (3 ent/s, 463 triples/s, errors=131873)
  rows=64,301  triples=10,072,785  (3 ent/s, 463 triples/s, errors=131912)
  rows=64,325  triples=10,076,001  (3 ent/s, 463 triples/s, errors=131922)
  rows=64,349  triples=10,079,335  (3 ent/s, 463 triples/s, errors=131947)
  rows=64,369  triples=10,082,486  (3 ent/s, 463 triples/s, errors=131985)
  rows=64,389  triples=10,085,849  (3 ent/s, 463 triples/s, errors=131986)
  rows=64,410  triples=10,087,922  (3 ent/s, 463 triples/s, errors=131989)
  rows=64,434  triples=10,091,088  (3 ent/s, 463 triples/s, errors=132002)
  rows=64,451  triples=10,094,197  (3 ent/s, 463 triples/s, errors=132053)
  rows=64,475  triples=10,097,308  (3 ent/s, 463 triples/s, errors=132086)
  rows=64,501  triples=10,100,538  (3 ent/s, 463 triples/s, errors=132090)
  rows=64,521  triples=10,103,882  (3 ent/s, 463 triples/s, errors=132156)
  rows=64,546  triples=10,107,147  (3 ent/s, 463 triples/s, errors=132205)
  rows=64,568  triples=10,110,397  (3 ent/s, 463 triples/s, errors=132219)
  rows=64,595  triples=10,113,512  (3 ent/s, 463 triples/s, errors=132225)
  rows=64,614  triples=10,116,707  (3 ent/s, 463 triples/s, errors=132243)
  rows=64,642  triples=10,119,896  (3 ent/s, 463 triples/s, errors=132272)
  rows=64,666  triples=10,123,020  (3 ent/s, 463 triples/s, errors=132280)
  rows=64,692  triples=10,126,171  (3 ent/s, 463 triples/s, errors=132291)
  rows=64,718  triples=10,129,490  (3 ent/s, 463 triples/s, errors=132307)
  rows=64,743  triples=10,132,724  (3 ent/s, 463 triples/s, errors=132376)
  rows=64,775  triples=10,135,935  (3 ent/s, 463 triples/s, errors=132384)
  rows=64,801  triples=10,138,989  (3 ent/s, 463 triples/s, errors=132407)
  rows=64,825  triples=10,142,142  (3 ent/s, 463 triples/s, errors=132427)
  rows=64,850  triples=10,145,503  (3 ent/s, 463 triples/s, errors=132481)
  rows=64,878  triples=10,148,642  (3 ent/s, 463 triples/s, errors=132491)
  rows=64,905  triples=10,151,696  (3 ent/s, 463 triples/s, errors=132517)
  rows=64,929  triples=10,155,109  (3 ent/s, 463 triples/s, errors=132520)
  rows=64,959  triples=10,158,349  (3 ent/s, 463 triples/s, errors=132536)
  rows=64,989  triples=10,161,485  (3 ent/s, 463 triples/s, errors=132548)
  rows=65,022  triples=10,164,465  (3 ent/s, 463 triples/s, errors=132554)
  rows=65,045  triples=10,167,534  (3 ent/s, 463 triples/s, errors=132564)
  rows=65,069  triples=10,170,726  (3 ent/s, 463 triples/s, errors=132573)
  rows=65,098  triples=10,173,840  (3 ent/s, 463 triples/s, errors=132586)
  rows=65,125  triples=10,177,145  (3 ent/s, 463 triples/s, errors=132595)
  rows=65,149  triples=10,180,695  (3 ent/s, 463 triples/s, errors=132854)
  rows=65,179  triples=10,183,882  (3 ent/s, 463 triples/s, errors=132870)
  rows=65,201  triples=10,186,781  (3 ent/s, 463 triples/s, errors=132925)
  rows=65,234  triples=10,190,146  (3 ent/s, 463 triples/s, errors=132966)
  rows=65,254  triples=10,193,490  (3 ent/s, 463 triples/s, errors=133011)
  rows=65,289  triples=10,196,794  (3 ent/s, 464 triples/s, errors=133016)
  rows=65,318  triples=10,199,985  (3 ent/s, 464 triples/s, errors=133050)
  rows=65,347  triples=10,203,028  (3 ent/s, 464 triples/s, errors=133077)
  rows=65,372  triples=10,206,286  (3 ent/s, 464 triples/s, errors=133081)
  rows=65,395  triples=10,209,717  (3 ent/s, 464 triples/s, errors=133115)
  rows=65,419  triples=10,212,640  (3 ent/s, 464 triples/s, errors=133117)
  rows=65,442  triples=10,215,669  (3 ent/s, 464 triples/s, errors=133155)
  rows=65,449  triples=10,215,669  (3 ent/s, 463 triples/s, errors=133155)
  rows=65,472  triples=10,218,783  (3 ent/s, 463 triples/s, errors=133186)
  rows=65,489  triples=10,222,498  (3 ent/s, 463 triples/s, errors=133291)
  rows=65,517  triples=10,225,520  (3 ent/s, 463 triples/s, errors=133333)
  rows=65,548  triples=10,228,598  (3 ent/s, 463 triples/s, errors=133359)
  rows=65,577  triples=10,232,112  (3 ent/s, 463 triples/s, errors=133381)
  rows=65,601  triples=10,235,083  (3 ent/s, 463 triples/s, errors=133447)
  rows=65,621  triples=10,238,523  (3 ent/s, 463 triples/s, errors=133482)
  rows=65,649  triples=10,241,717  (3 ent/s, 463 triples/s, errors=133492)
  rows=65,673  triples=10,245,022  (3 ent/s, 463 triples/s, errors=133522)
  rows=65,703  triples=10,248,198  (3 ent/s, 463 triples/s, errors=133534)
  rows=65,735  triples=10,251,464  (3 ent/s, 463 triples/s, errors=133545)
  rows=65,762  triples=10,254,809  (3 ent/s, 463 triples/s, errors=133554)
  rows=65,793  triples=10,257,886  (3 ent/s, 463 triples/s, errors=133589)
  rows=65,821  triples=10,260,576  (3 ent/s, 463 triples/s, errors=133598)
  rows=65,838  triples=10,267,917  (3 ent/s, 463 triples/s, errors=134565)
  rows=65,867  triples=10,271,059  (3 ent/s, 463 triples/s, errors=134571)
  rows=65,891  triples=10,274,259  (3 ent/s, 463 triples/s, errors=134582)
  rows=65,915  triples=10,277,334  (3 ent/s, 463 triples/s, errors=134689)
  rows=65,945  triples=10,280,457  (3 ent/s, 463 triples/s, errors=134705)
  rows=65,975  triples=10,283,626  (3 ent/s, 463 triples/s, errors=134712)
  rows=66,001  triples=10,287,462  (3 ent/s, 463 triples/s, errors=134919)
  rows=66,031  triples=10,290,703  (3 ent/s, 463 triples/s, errors=134931)
  rows=66,063  triples=10,294,286  (3 ent/s, 463 triples/s, errors=134966)
  rows=66,097  triples=10,297,574  (3 ent/s, 463 triples/s, errors=135007)
  rows=66,133  triples=10,300,964  (3 ent/s, 463 triples/s, errors=135054)
  rows=66,165  triples=10,304,101  (3 ent/s, 463 triples/s, errors=135065)
  rows=66,192  triples=10,307,582  (3 ent/s, 463 triples/s, errors=135098)
  rows=66,219  triples=10,310,511  (3 ent/s, 463 triples/s, errors=135110)
  rows=66,250  triples=10,313,934  (3 ent/s, 463 triples/s, errors=135115)
  rows=66,280  triples=10,317,163  (3 ent/s, 463 triples/s, errors=135135)
  rows=66,310  triples=10,320,360  (3 ent/s, 463 triples/s, errors=135146)
  rows=66,332  triples=10,323,458  (3 ent/s, 463 triples/s, errors=135164)
  rows=66,355  triples=10,326,672  (3 ent/s, 463 triples/s, errors=135195)
  rows=66,383  triples=10,329,841  (3 ent/s, 463 triples/s, errors=135208)
  rows=66,401  triples=10,332,564  (3 ent/s, 463 triples/s, errors=135233)
  rows=66,424  triples=10,335,623  (3 ent/s, 463 triples/s, errors=135256)
  rows=66,456  triples=10,339,074  (3 ent/s, 463 triples/s, errors=135282)
  rows=66,486  triples=10,342,392  (3 ent/s, 463 triples/s, errors=135307)
  rows=66,516  triples=10,345,632  (3 ent/s, 463 triples/s, errors=135315)
  rows=66,541  triples=10,348,813  (3 ent/s, 463 triples/s, errors=135337)
  rows=66,568  triples=10,352,292  (3 ent/s, 463 triples/s, errors=135353)
  rows=66,589  triples=10,356,114  (3 ent/s, 463 triples/s, errors=135400)
  rows=66,601  triples=10,358,245  (3 ent/s, 463 triples/s, errors=135559)
  rows=66,626  triples=10,361,590  (3 ent/s, 463 triples/s, errors=135715)
  rows=66,657  triples=10,364,732  (3 ent/s, 463 triples/s, errors=135730)
  rows=66,684  triples=10,368,211  (3 ent/s, 463 triples/s, errors=135758)
  rows=66,715  triples=10,371,486  (3 ent/s, 463 triples/s, errors=135779)
  rows=66,747  triples=10,374,651  (3 ent/s, 463 triples/s, errors=135798)
  rows=66,775  triples=10,377,848  (3 ent/s, 463 triples/s, errors=135859)
  rows=66,801  triples=10,380,421  (3 ent/s, 463 triples/s, errors=135876)
  rows=66,831  triples=10,383,505  (3 ent/s, 463 triples/s, errors=135908)
  rows=66,860  triples=10,386,605  (3 ent/s, 463 triples/s, errors=135926)
  rows=66,887  triples=10,389,691  (3 ent/s, 463 triples/s, errors=135980)
  rows=66,911  triples=10,393,081  (3 ent/s, 463 triples/s, errors=135983)
  rows=66,944  triples=10,396,211  (3 ent/s, 463 triples/s, errors=135988)
  rows=66,978  triples=10,399,453  (3 ent/s, 463 triples/s, errors=136043)
  rows=67,001  triples=10,401,978  (3 ent/s, 463 triples/s, errors=136065)
  rows=67,027  triples=10,405,399  (3 ent/s, 463 triples/s, errors=136087)
  rows=67,052  triples=10,408,975  (3 ent/s, 463 triples/s, errors=136111)
  rows=67,083  triples=10,412,261  (3 ent/s, 463 triples/s, errors=136119)
  rows=67,110  triples=10,415,559  (3 ent/s, 463 triples/s, errors=136144)
  rows=67,140  triples=10,418,680  (3 ent/s, 463 triples/s, errors=136168)
  rows=67,168  triples=10,421,871  (3 ent/s, 463 triples/s, errors=136190)
  rows=67,193  triples=10,425,200  (3 ent/s, 463 triples/s, errors=136209)
  rows=67,220  triples=10,428,248  (3 ent/s, 463 triples/s, errors=136302)
  rows=67,248  triples=10,431,540  (3 ent/s, 463 triples/s, errors=136313)
  rows=67,267  triples=10,432,568  (3 ent/s, 463 triples/s, errors=136315)
  rows=67,289  triples=10,435,689  (3 ent/s, 463 triples/s, errors=136343)
  rows=67,322  triples=10,438,901  (3 ent/s, 463 triples/s, errors=136347)
  rows=67,350  triples=10,442,854  (3 ent/s, 463 triples/s, errors=136372)
  rows=67,387  triples=10,446,357  (3 ent/s, 463 triples/s, errors=136387)
  rows=67,413  triples=10,449,176  (3 ent/s, 463 triples/s, errors=136405)
  rows=67,449  triples=10,452,410  (3 ent/s, 463 triples/s, errors=136448)
  rows=67,477  triples=10,455,467  (3 ent/s, 463 triples/s, errors=136460)
  rows=67,504  triples=10,458,839  (3 ent/s, 463 triples/s, errors=136498)
  rows=67,528  triples=10,461,918  (3 ent/s, 463 triples/s, errors=136522)
  rows=67,555  triples=10,465,070  (3 ent/s, 463 triples/s, errors=136534)
  rows=67,579  triples=10,468,173  (3 ent/s, 463 triples/s, errors=136612)
  rows=67,601  triples=10,470,882  (3 ent/s, 463 triples/s, errors=136652)
  rows=67,632  triples=10,474,276  (3 ent/s, 463 triples/s, errors=136684)
  rows=67,659  triples=10,477,395  (3 ent/s, 463 triples/s, errors=136814)
  rows=67,687  triples=10,480,821  (3 ent/s, 463 triples/s, errors=136821)
  rows=67,713  triples=10,484,113  (3 ent/s, 463 triples/s, errors=136853)
  rows=67,745  triples=10,487,223  (3 ent/s, 463 triples/s, errors=136855)
  rows=67,776  triples=10,490,452  (3 ent/s, 463 triples/s, errors=136912)
  rows=67,799  triples=10,493,627  (3 ent/s, 463 triples/s, errors=136956)
  rows=67,821  triples=10,495,722  (3 ent/s, 463 triples/s, errors=136975)
  rows=67,846  triples=10,498,800  (3 ent/s, 463 triples/s, errors=136994)
  rows=67,876  triples=10,502,174  (3 ent/s, 463 triples/s, errors=137022)
  rows=67,903  triples=10,505,314  (3 ent/s, 463 triples/s, errors=137036)
  rows=67,929  triples=10,508,416  (3 ent/s, 463 triples/s, errors=137049)
  rows=67,960  triples=10,511,658  (3 ent/s, 463 triples/s, errors=137066)
  rows=67,990  triples=10,514,764  (3 ent/s, 463 triples/s, errors=137101)
  rows=68,008  triples=10,517,042  (3 ent/s, 463 triples/s, errors=137145)
  rows=68,038  triples=10,520,215  (3 ent/s, 463 triples/s, errors=137154)
  rows=68,072  triples=10,523,485  (3 ent/s, 463 triples/s, errors=137183)
  rows=68,111  triples=10,526,938  (3 ent/s, 463 triples/s, errors=137191)
  rows=68,146  triples=10,530,277  (3 ent/s, 463 triples/s, errors=137213)
  rows=68,174  triples=10,533,649  (3 ent/s, 463 triples/s, errors=137293)
  rows=68,201  triples=10,536,648  (3 ent/s, 463 triples/s, errors=137306)
  rows=68,227  triples=10,539,799  (3 ent/s, 463 triples/s, errors=137320)
  rows=68,260  triples=10,543,121  (3 ent/s, 463 triples/s, errors=137374)
  rows=68,289  triples=10,546,278  (3 ent/s, 463 triples/s, errors=137414)
  rows=68,321  triples=10,549,560  (3 ent/s, 463 triples/s, errors=137427)
  rows=68,343  triples=10,552,570  (3 ent/s, 463 triples/s, errors=137593)
  rows=68,371  triples=10,555,875  (3 ent/s, 463 triples/s, errors=137610)
  rows=68,392  triples=10,559,263  (3 ent/s, 463 triples/s, errors=137621)
  rows=68,418  triples=10,562,447  (3 ent/s, 463 triples/s, errors=137630)
  rows=68,446  triples=10,565,591  (3 ent/s, 463 triples/s, errors=137666)
  rows=68,468  triples=10,569,104  (3 ent/s, 463 triples/s, errors=137685)
  rows=68,495  triples=10,572,301  (3 ent/s, 463 triples/s, errors=137700)
  rows=68,529  triples=10,575,534  (3 ent/s, 463 triples/s, errors=137718)
  rows=68,556  triples=10,578,838  (3 ent/s, 463 triples/s, errors=137739)
  rows=68,580  triples=10,582,114  (3 ent/s, 463 triples/s, errors=137864)
  rows=68,611  triples=10,585,249  (3 ent/s, 463 triples/s, errors=137874)
  rows=68,640  triples=10,588,355  (3 ent/s, 463 triples/s, errors=137882)
  rows=68,669  triples=10,591,481  (3 ent/s, 463 triples/s, errors=137900)
  rows=68,700  triples=10,594,623  (3 ent/s, 463 triples/s, errors=137907)
  rows=68,730  triples=10,597,875  (3 ent/s, 463 triples/s, errors=137922)
  rows=68,752  triples=10,601,245  (3 ent/s, 463 triples/s, errors=137975)
  rows=68,784  triples=10,604,694  (3 ent/s, 463 triples/s, errors=137990)
  rows=68,811  triples=10,607,429  (3 ent/s, 463 triples/s, errors=137997)
  rows=68,845  triples=10,611,037  (3 ent/s, 463 triples/s, errors=138013)
  rows=68,877  triples=10,614,367  (3 ent/s, 463 triples/s, errors=138020)
  rows=68,904  triples=10,617,582  (3 ent/s, 463 triples/s, errors=138048)
  rows=68,930  triples=10,620,968  (3 ent/s, 463 triples/s, errors=138069)
  rows=68,955  triples=10,624,368  (3 ent/s, 463 triples/s, errors=138114)
  rows=68,986  triples=10,627,953  (3 ent/s, 463 triples/s, errors=138156)
  rows=69,010  triples=10,630,270  (3 ent/s, 463 triples/s, errors=138177)
  rows=69,032  triples=10,633,405  (3 ent/s, 463 triples/s, errors=138290)
  rows=69,056  triples=10,636,775  (3 ent/s, 463 triples/s, errors=138346)
  rows=69,083  triples=10,639,945  (3 ent/s, 463 triples/s, errors=138573)
  rows=69,085  triples=10,639,945  (3 ent/s, 462 triples/s, errors=138573)
  rows=69,111  triples=10,643,179  (3 ent/s, 462 triples/s, errors=138585)
  rows=69,137  triples=10,646,730  (3 ent/s, 462 triples/s, errors=138635)
  rows=69,162  triples=10,650,045  (3 ent/s, 462 triples/s, errors=138656)
  rows=69,197  triples=10,653,588  (3 ent/s, 462 triples/s, errors=138683)
  rows=69,214  triples=10,656,006  (3 ent/s, 462 triples/s, errors=138690)
  rows=69,244  triples=10,659,500  (3 ent/s, 462 triples/s, errors=138724)
  rows=69,274  triples=10,662,780  (3 ent/s, 462 triples/s, errors=138739)
  rows=69,308  triples=10,665,908  (3 ent/s, 462 triples/s, errors=138793)
  rows=69,334  triples=10,669,257  (3 ent/s, 462 triples/s, errors=138803)
  rows=69,365  triples=10,672,348  (3 ent/s, 462 triples/s, errors=138819)
  rows=69,398  triples=10,675,626  (3 ent/s, 462 triples/s, errors=138865)
  rows=69,417  triples=10,677,866  (3 ent/s, 462 triples/s, errors=138874)
  rows=69,452  triples=10,681,736  (3 ent/s, 462 triples/s, errors=138880)
  rows=69,486  triples=10,684,912  (3 ent/s, 462 triples/s, errors=138891)
  rows=69,520  triples=10,688,060  (3 ent/s, 462 triples/s, errors=138903)
  rows=69,549  triples=10,691,267  (3 ent/s, 462 triples/s, errors=138920)
  rows=69,577  triples=10,694,363  (3 ent/s, 462 triples/s, errors=138946)
  rows=69,600  triples=10,697,623  (3 ent/s, 462 triples/s, errors=138981)
  rows=69,635  triples=10,701,054  (3 ent/s, 462 triples/s, errors=139028)
  rows=69,660  triples=10,704,381  (3 ent/s, 462 triples/s, errors=139045)
  rows=69,693  triples=10,707,593  (3 ent/s, 462 triples/s, errors=139063)
  rows=69,724  triples=10,710,944  (3 ent/s, 462 triples/s, errors=139091)
  rows=69,756  triples=10,713,983  (3 ent/s, 462 triples/s, errors=139109)
  rows=69,785  triples=10,717,171  (3 ent/s, 462 triples/s, errors=139133)
  rows=69,809  triples=10,719,730  (3 ent/s, 462 triples/s, errors=139283)
  rows=69,830  triples=10,722,961  (3 ent/s, 462 triples/s, errors=139365)
  rows=69,856  triples=10,726,085  (3 ent/s, 462 triples/s, errors=139389)
  rows=69,883  triples=10,729,428  (3 ent/s, 462 triples/s, errors=139403)
  rows=69,909  triples=10,732,753  (3 ent/s, 462 triples/s, errors=139410)
  rows=69,940  triples=10,736,014  (3 ent/s, 462 triples/s, errors=139415)
  rows=69,976  triples=10,739,355  (3 ent/s, 462 triples/s, errors=139437)
  rows=70,001  triples=10,741,929  (3 ent/s, 462 triples/s, errors=139438)
  rows=70,038  triples=10,745,085  (3 ent/s, 462 triples/s, errors=139486)
  rows=70,067  triples=10,748,374  (3 ent/s, 462 triples/s, errors=139515)
  rows=70,098  triples=10,751,564  (3 ent/s, 462 triples/s, errors=139619)
  rows=70,126  triples=10,754,812  (3 ent/s, 462 triples/s, errors=139636)
  rows=70,157  triples=10,758,175  (3 ent/s, 462 triples/s, errors=139671)
  rows=70,184  triples=10,761,807  (3 ent/s, 462 triples/s, errors=139710)
  rows=70,211  triples=10,764,690  (3 ent/s, 462 triples/s, errors=139729)
  rows=70,234  triples=10,767,989  (3 ent/s, 462 triples/s, errors=139842)
  rows=70,264  triples=10,771,142  (3 ent/s, 462 triples/s, errors=139846)
  rows=70,292  triples=10,774,284  (3 ent/s, 462 triples/s, errors=139869)
  rows=70,315  triples=10,777,540  (3 ent/s, 462 triples/s, errors=139918)
  rows=70,348  triples=10,780,872  (3 ent/s, 462 triples/s, errors=139938)
  rows=70,385  triples=10,784,095  (3 ent/s, 462 triples/s, errors=139951)
  rows=70,406  triples=10,786,835  (3 ent/s, 462 triples/s, errors=139965)
  rows=70,442  triples=10,789,945  (3 ent/s, 462 triples/s, errors=139980)
  rows=70,477  triples=10,793,361  (3 ent/s, 462 triples/s, errors=139983)
  rows=70,515  triples=10,796,711  (3 ent/s, 462 triples/s, errors=140000)
  rows=70,540  triples=10,799,931  (3 ent/s, 462 triples/s, errors=140025)
  rows=70,565  triples=10,803,285  (3 ent/s, 462 triples/s, errors=140032)
  rows=70,582  triples=10,805,264  (3 ent/s, 462 triples/s, errors=140091)
  rows=70,601  triples=10,807,224  (3 ent/s, 462 triples/s, errors=140221)
  rows=70,633  triples=10,810,482  (3 ent/s, 462 triples/s, errors=140341)
  rows=70,655  triples=10,812,675  (3 ent/s, 462 triples/s, errors=140451)
  rows=70,686  triples=10,816,017  (3 ent/s, 462 triples/s, errors=140498)
  rows=70,723  triples=10,819,128  (3 ent/s, 462 triples/s, errors=140521)
  rows=70,740  triples=10,821,307  (3 ent/s, 462 triples/s, errors=140546)
  rows=70,760  triples=10,823,582  (3 ent/s, 462 triples/s, errors=140558)
  rows=70,780  triples=10,825,920  (3 ent/s, 462 triples/s, errors=140566)
  rows=70,801  triples=10,827,845  (3 ent/s, 462 triples/s, errors=140576)
  rows=70,833  triples=10,831,290  (3 ent/s, 462 triples/s, errors=140585)
  rows=70,864  triples=10,834,840  (3 ent/s, 462 triples/s, errors=140611)
  rows=70,896  triples=10,838,313  (3 ent/s, 462 triples/s, errors=140619)
  rows=70,903  triples=10,838,313  (3 ent/s, 462 triples/s, errors=140619)
  rows=70,928  triples=10,841,418  (3 ent/s, 462 triples/s, errors=140635)
  rows=70,966  triples=10,844,674  (3 ent/s, 462 triples/s, errors=140643)
  rows=70,995  triples=10,848,117  (3 ent/s, 462 triples/s, errors=140650)
  rows=71,019  triples=10,850,283  (3 ent/s, 462 triples/s, errors=140705)
  rows=71,045  triples=10,853,427  (3 ent/s, 462 triples/s, errors=140714)
  rows=71,068  triples=10,856,839  (3 ent/s, 462 triples/s, errors=140883)
  rows=71,102  triples=10,860,083  (3 ent/s, 462 triples/s, errors=140895)
  rows=71,136  triples=10,863,410  (3 ent/s, 462 triples/s, errors=140924)
  rows=71,163  triples=10,866,526  (3 ent/s, 462 triples/s, errors=140939)
  rows=71,187  triples=10,869,872  (3 ent/s, 462 triples/s, errors=140956)
  rows=71,219  triples=10,872,845  (3 ent/s, 462 triples/s, errors=140970)
  rows=71,250  triples=10,875,911  (3 ent/s, 462 triples/s, errors=140979)
  rows=71,289  triples=10,879,125  (3 ent/s, 462 triples/s, errors=140999)
  rows=71,320  triples=10,882,247  (3 ent/s, 462 triples/s, errors=141008)
  rows=71,348  triples=10,885,835  (3 ent/s, 462 triples/s, errors=141043)
  rows=71,384  triples=10,889,111  (3 ent/s, 462 triples/s, errors=141060)
  rows=71,401  triples=10,891,366  (3 ent/s, 462 triples/s, errors=141105)
  rows=71,431  triples=10,894,586  (3 ent/s, 462 triples/s, errors=141111)
  rows=71,457  triples=10,897,631  (3 ent/s, 462 triples/s, errors=141126)
  rows=71,487  triples=10,901,163  (3 ent/s, 462 triples/s, errors=141136)
  rows=71,507  triples=10,904,303  (3 ent/s, 462 triples/s, errors=141155)
  rows=71,538  triples=10,907,518  (3 ent/s, 462 triples/s, errors=141172)
  rows=71,579  triples=10,910,870  (3 ent/s, 462 triples/s, errors=141193)
  rows=71,613  triples=10,913,885  (3 ent/s, 462 triples/s, errors=141202)
  rows=71,642  triples=10,916,934  (3 ent/s, 462 triples/s, errors=141222)
  rows=71,673  triples=10,920,507  (3 ent/s, 462 triples/s, errors=141303)
  rows=71,701  triples=10,923,667  (3 ent/s, 462 triples/s, errors=141307)
  rows=71,726  triples=10,927,082  (3 ent/s, 462 triples/s, errors=141334)
  rows=71,759  triples=10,930,388  (3 ent/s, 462 triples/s, errors=141358)
  rows=71,791  triples=10,933,464  (3 ent/s, 462 triples/s, errors=141365)
  rows=71,814  triples=10,935,672  (3 ent/s, 462 triples/s, errors=141374)
  rows=71,847  triples=10,939,250  (3 ent/s, 462 triples/s, errors=141485)
  rows=71,883  triples=10,942,349  (3 ent/s, 462 triples/s, errors=141497)
  rows=71,914  triples=10,945,577  (3 ent/s, 462 triples/s, errors=141504)
  rows=71,949  triples=10,948,622  (3 ent/s, 462 triples/s, errors=141512)
  rows=71,977  triples=10,951,819  (3 ent/s, 462 triples/s, errors=141519)
  rows=72,001  triples=10,954,924  (3 ent/s, 462 triples/s, errors=141535)
  rows=72,020  triples=10,958,196  (3 ent/s, 462 triples/s, errors=141565)
  rows=72,045  triples=10,961,323  (3 ent/s, 462 triples/s, errors=141582)
  rows=72,069  triples=10,964,602  (3 ent/s, 462 triples/s, errors=141593)
  rows=72,098  triples=10,968,044  (3 ent/s, 462 triples/s, errors=141596)
  rows=72,124  triples=10,971,471  (3 ent/s, 462 triples/s, errors=141617)
  rows=72,153  triples=10,974,894  (3 ent/s, 462 triples/s, errors=141622)
  rows=72,173  triples=10,978,055  (3 ent/s, 462 triples/s, errors=141635)
  rows=72,198  triples=10,981,458  (3 ent/s, 462 triples/s, errors=141678)
  rows=72,221  triples=10,983,875  (3 ent/s, 462 triples/s, errors=141689)
  rows=72,244  triples=10,987,408  (3 ent/s, 462 triples/s, errors=141740)
  rows=72,270  triples=10,990,674  (3 ent/s, 462 triples/s, errors=141760)
  rows=72,295  triples=10,994,131  (3 ent/s, 462 triples/s, errors=141778)
  rows=72,322  triples=10,997,273  (3 ent/s, 462 triples/s, errors=141808)
  rows=72,345  triples=11,000,356  (3 ent/s, 462 triples/s, errors=141839)
  rows=72,363  triples=11,003,415  (3 ent/s, 462 triples/s, errors=141908)
  rows=72,390  triples=11,006,678  (3 ent/s, 462 triples/s, errors=141913)
  rows=72,415  triples=11,009,868  (3 ent/s, 462 triples/s, errors=141955)
  rows=72,442  triples=11,013,092  (3 ent/s, 462 triples/s, errors=141970)
  rows=72,470  triples=11,016,296  (3 ent/s, 462 triples/s, errors=141987)
  rows=72,495  triples=11,019,615  (3 ent/s, 462 triples/s, errors=142029)
  rows=72,528  triples=11,022,716  (3 ent/s, 462 triples/s, errors=142057)
  rows=72,551  triples=11,026,009  (3 ent/s, 462 triples/s, errors=142089)
  rows=72,575  triples=11,029,905  (3 ent/s, 462 triples/s, errors=143887)
  rows=72,600  triples=11,033,098  (3 ent/s, 462 triples/s, errors=143901)
  rows=72,624  triples=11,036,184  (3 ent/s, 462 triples/s, errors=143909)
  rows=72,648  triples=11,039,212  (3 ent/s, 462 triples/s, errors=143944)
  rows=72,676  triples=11,042,459  (3 ent/s, 462 triples/s, errors=143952)
  rows=72,699  triples=11,045,571  (3 ent/s, 462 triples/s, errors=143964)
  rows=72,721  triples=11,047,582  (3 ent/s, 461 triples/s, errors=143979)
  rows=72,744  triples=11,050,837  (3 ent/s, 461 triples/s, errors=143979)
  rows=72,770  triples=11,054,187  (3 ent/s, 461 triples/s, errors=144013)
  rows=72,792  triples=11,057,357  (3 ent/s, 461 triples/s, errors=144027)
  rows=72,823  triples=11,060,578  (3 ent/s, 461 triples/s, errors=144039)
  rows=72,857  triples=11,063,688  (3 ent/s, 461 triples/s, errors=144053)
  rows=72,888  triples=11,067,141  (3 ent/s, 461 triples/s, errors=144068)
  rows=72,919  triples=11,070,443  (3 ent/s, 461 triples/s, errors=144082)
  rows=72,949  triples=11,073,674  (3 ent/s, 461 triples/s, errors=144115)
  rows=72,974  triples=11,077,410  (3 ent/s, 461 triples/s, errors=144135)
  rows=73,001  triples=11,080,025  (3 ent/s, 461 triples/s, errors=144142)
  rows=73,028  triples=11,083,119  (3 ent/s, 461 triples/s, errors=144151)
  rows=73,055  triples=11,086,289  (3 ent/s, 461 triples/s, errors=144170)
  rows=73,078  triples=11,089,333  (3 ent/s, 461 triples/s, errors=144189)
  rows=73,106  triples=11,092,435  (3 ent/s, 461 triples/s, errors=144205)
  rows=73,137  triples=11,095,710  (3 ent/s, 461 triples/s, errors=144211)
  rows=73,164  triples=11,099,069  (3 ent/s, 461 triples/s, errors=144231)
  rows=73,191  triples=11,102,694  (3 ent/s, 461 triples/s, errors=144259)
  rows=73,210  triples=11,104,859  (3 ent/s, 461 triples/s, errors=144275)
  rows=73,245  triples=11,108,304  (3 ent/s, 461 triples/s, errors=144290)
  rows=73,273  triples=11,111,459  (3 ent/s, 461 triples/s, errors=144306)
  rows=73,296  triples=11,114,601  (3 ent/s, 461 triples/s, errors=144321)
  rows=73,323  triples=11,117,744  (3 ent/s, 461 triples/s, errors=144330)
  rows=73,348  triples=11,120,967  (3 ent/s, 461 triples/s, errors=144353)
  rows=73,379  triples=11,124,185  (3 ent/s, 461 triples/s, errors=144372)
  rows=73,401  triples=11,126,468  (3 ent/s, 461 triples/s, errors=144382)
  rows=73,419  triples=11,129,681  (3 ent/s, 461 triples/s, errors=144388)
  rows=73,452  triples=11,132,735  (3 ent/s, 461 triples/s, errors=144401)
  rows=73,479  triples=11,135,902  (3 ent/s, 461 triples/s, errors=144416)
  rows=73,506  triples=11,139,243  (3 ent/s, 461 triples/s, errors=144429)
  rows=73,526  triples=11,142,569  (3 ent/s, 461 triples/s, errors=144483)
  rows=73,551  triples=11,145,641  (3 ent/s, 461 triples/s, errors=144494)
  rows=73,580  triples=11,149,224  (3 ent/s, 461 triples/s, errors=144521)
  rows=73,601  triples=11,151,590  (3 ent/s, 461 triples/s, errors=144586)
  rows=73,625  triples=11,154,666  (3 ent/s, 461 triples/s, errors=144619)
  rows=73,655  triples=11,157,808  (3 ent/s, 461 triples/s, errors=144625)
  rows=73,684  triples=11,160,872  (3 ent/s, 461 triples/s, errors=144632)
  rows=73,717  triples=11,164,430  (3 ent/s, 461 triples/s, errors=144712)
  rows=73,739  triples=11,167,630  (3 ent/s, 461 triples/s, errors=144764)
  rows=73,766  triples=11,170,836  (3 ent/s, 461 triples/s, errors=144830)
  rows=73,788  triples=11,173,989  (3 ent/s, 461 triples/s, errors=144865)
  rows=73,821  triples=11,177,211  (3 ent/s, 461 triples/s, errors=144886)
  rows=73,845  triples=11,180,493  (3 ent/s, 461 triples/s, errors=144934)
  rows=73,871  triples=11,183,516  (3 ent/s, 461 triples/s, errors=144976)
  rows=73,900  triples=11,186,640  (3 ent/s, 461 triples/s, errors=144994)
  rows=73,934  triples=11,189,945  (3 ent/s, 461 triples/s, errors=145007)
  rows=73,959  triples=11,193,096  (3 ent/s, 461 triples/s, errors=145012)
  rows=73,985  triples=11,196,411  (3 ent/s, 461 triples/s, errors=145036)
  rows=74,009  triples=11,199,025  (3 ent/s, 461 triples/s, errors=145046)
  rows=74,034  triples=11,202,304  (3 ent/s, 461 triples/s, errors=145074)
  rows=74,059  triples=11,205,412  (3 ent/s, 461 triples/s, errors=145193)
  rows=74,090  triples=11,208,628  (3 ent/s, 461 triples/s, errors=145197)
  rows=74,119  triples=11,211,784  (3 ent/s, 461 triples/s, errors=145214)
  rows=74,153  triples=11,214,815  (3 ent/s, 461 triples/s, errors=145271)
  rows=74,184  triples=11,218,195  (3 ent/s, 461 triples/s, errors=145295)
  rows=74,209  triples=11,221,142  (3 ent/s, 461 triples/s, errors=145301)
  rows=74,231  triples=11,224,691  (3 ent/s, 461 triples/s, errors=145341)
  rows=74,257  triples=11,227,689  (3 ent/s, 461 triples/s, errors=145482)
  rows=74,288  triples=11,230,944  (3 ent/s, 461 triples/s, errors=145500)
  rows=74,316  triples=11,233,999  (3 ent/s, 461 triples/s, errors=145518)
  rows=74,341  triples=11,237,258  (3 ent/s, 461 triples/s, errors=145550)
  rows=74,366  triples=11,241,124  (3 ent/s, 461 triples/s, errors=145706)
  rows=74,390  triples=11,244,801  (3 ent/s, 461 triples/s, errors=145740)
  rows=74,416  triples=11,247,606  (3 ent/s, 461 triples/s, errors=145769)
  rows=74,448  triples=11,250,956  (3 ent/s, 461 triples/s, errors=145784)
  rows=74,470  triples=11,254,355  (3 ent/s, 461 triples/s, errors=145897)
  rows=74,496  triples=11,257,656  (3 ent/s, 461 triples/s, errors=145934)
  rows=74,520  triples=11,260,985  (3 ent/s, 461 triples/s, errors=145942)
  rows=74,539  triples=11,263,114  (3 ent/s, 461 triples/s, errors=145947)
  rows=74,563  triples=11,266,241  (3 ent/s, 461 triples/s, errors=145996)
  rows=74,587  triples=11,269,566  (3 ent/s, 461 triples/s, errors=146005)
  rows=74,611  triples=11,272,292  (3 ent/s, 461 triples/s, errors=146015)
  rows=74,633  triples=11,275,584  (3 ent/s, 461 triples/s, errors=146040)
  rows=74,664  triples=11,278,740  (3 ent/s, 461 triples/s, errors=146054)
  rows=74,690  triples=11,282,009  (3 ent/s, 461 triples/s, errors=146068)
  rows=74,717  triples=11,285,490  (3 ent/s, 461 triples/s, errors=146205)
  rows=74,742  triples=11,288,948  (3 ent/s, 461 triples/s, errors=146235)
  rows=74,772  triples=11,292,092  (3 ent/s, 461 triples/s, errors=146238)
  rows=74,801  triples=11,295,115  (3 ent/s, 461 triples/s, errors=146248)
  rows=74,830  triples=11,298,296  (3 ent/s, 461 triples/s, errors=146261)
  rows=74,856  triples=11,301,621  (3 ent/s, 461 triples/s, errors=146277)
  rows=74,880  triples=11,304,805  (3 ent/s, 461 triples/s, errors=146283)
  rows=74,906  triples=11,307,827  (3 ent/s, 461 triples/s, errors=146315)
  rows=74,938  triples=11,311,063  (3 ent/s, 461 triples/s, errors=146341)
  rows=74,967  triples=11,314,238  (3 ent/s, 461 triples/s, errors=146354)
  rows=74,993  triples=11,317,610  (3 ent/s, 461 triples/s, errors=146373)
  rows=75,012  triples=11,320,362  (3 ent/s, 461 triples/s, errors=146399)
  rows=75,049  triples=11,323,520  (3 ent/s, 461 triples/s, errors=146415)
  rows=75,075  triples=11,326,633  (3 ent/s, 461 triples/s, errors=146431)
  rows=75,104  triples=11,329,749  (3 ent/s, 461 triples/s, errors=146438)
  rows=75,133  triples=11,333,207  (3 ent/s, 461 triples/s, errors=146458)
  rows=75,163  triples=11,336,461  (3 ent/s, 461 triples/s, errors=146484)
  rows=75,187  triples=11,339,686  (3 ent/s, 461 triples/s, errors=146488)
  rows=75,212  triples=11,342,159  (3 ent/s, 461 triples/s, errors=146495)
  rows=75,247  triples=11,345,525  (3 ent/s, 461 triples/s, errors=146511)
  rows=75,270  triples=11,348,737  (3 ent/s, 461 triples/s, errors=146521)
  rows=75,297  triples=11,352,162  (3 ent/s, 461 triples/s, errors=146591)
  rows=75,328  triples=11,355,373  (3 ent/s, 461 triples/s, errors=146613)
  rows=75,350  triples=11,358,496  (3 ent/s, 461 triples/s, errors=146666)
  rows=75,374  triples=11,361,528  (3 ent/s, 461 triples/s, errors=146698)
  rows=75,401  triples=11,364,695  (3 ent/s, 461 triples/s, errors=146699)
  rows=75,433  triples=11,368,032  (3 ent/s, 461 triples/s, errors=146722)
  rows=75,457  triples=11,371,762  (3 ent/s, 461 triples/s, errors=146733)
  rows=75,487  triples=11,375,111  (3 ent/s, 461 triples/s, errors=146753)
  rows=75,513  triples=11,378,386  (3 ent/s, 461 triples/s, errors=146767)
  rows=75,541  triples=11,381,743  (3 ent/s, 461 triples/s, errors=146782)
  rows=75,574  triples=11,384,923  (3 ent/s, 461 triples/s, errors=146800)
  rows=75,597  triples=11,388,118  (3 ent/s, 461 triples/s, errors=146814)
  rows=75,620  triples=11,390,979  (3 ent/s, 461 triples/s, errors=146830)
  rows=75,644  triples=11,394,134  (3 ent/s, 461 triples/s, errors=146844)
  rows=75,665  triples=11,397,409  (3 ent/s, 461 triples/s, errors=146882)
  rows=75,692  triples=11,400,533  (3 ent/s, 461 triples/s, errors=146889)
  rows=75,713  triples=11,403,727  (3 ent/s, 461 triples/s, errors=146920)
  rows=75,742  triples=11,406,839  (3 ent/s, 461 triples/s, errors=146935)
  rows=75,764  triples=11,410,107  (3 ent/s, 461 triples/s, errors=146949)
  rows=75,790  triples=11,413,366  (3 ent/s, 461 triples/s, errors=146964)
  rows=75,812  triples=11,415,754  (3 ent/s, 461 triples/s, errors=146976)
  rows=75,841  triples=11,418,897  (3 ent/s, 461 triples/s, errors=146987)
  rows=75,876  triples=11,422,264  (3 ent/s, 461 triples/s, errors=147008)
  rows=75,904  triples=11,425,635  (3 ent/s, 461 triples/s, errors=147025)
  rows=75,933  triples=11,428,819  (3 ent/s, 461 triples/s, errors=147033)
  rows=75,958  triples=11,432,023  (3 ent/s, 461 triples/s, errors=147097)
  rows=75,983  triples=11,435,278  (3 ent/s, 461 triples/s, errors=147112)
  rows=76,008  triples=11,438,190  (3 ent/s, 461 triples/s, errors=147118)
  rows=76,034  triples=11,441,661  (3 ent/s, 461 triples/s, errors=147127)
  rows=76,070  triples=11,445,019  (3 ent/s, 461 triples/s, errors=147133)
  rows=76,097  triples=11,448,302  (3 ent/s, 461 triples/s, errors=147167)
  rows=76,129  triples=11,451,543  (3 ent/s, 461 triples/s, errors=147182)
  rows=76,154  triples=11,454,921  (3 ent/s, 461 triples/s, errors=147208)
  rows=76,176  triples=11,458,298  (3 ent/s, 461 triples/s, errors=147230)
  rows=76,201  triples=11,461,433  (3 ent/s, 461 triples/s, errors=147262)
  rows=76,229  triples=11,464,585  (3 ent/s, 461 triples/s, errors=147287)
  rows=76,257  triples=11,467,745  (3 ent/s, 461 triples/s, errors=147298)
  rows=76,293  triples=11,470,933  (3 ent/s, 461 triples/s, errors=147320)
  rows=76,319  triples=11,474,030  (3 ent/s, 461 triples/s, errors=147347)
  rows=76,348  triples=11,477,361  (3 ent/s, 461 triples/s, errors=147364)
  rows=76,357  triples=11,477,361  (3 ent/s, 461 triples/s, errors=147364)
  rows=76,382  triples=11,480,768  (3 ent/s, 461 triples/s, errors=147372)
  rows=76,401  triples=11,482,994  (3 ent/s, 461 triples/s, errors=147381)
  rows=76,433  triples=11,486,013  (3 ent/s, 461 triples/s, errors=147412)
  rows=76,461  triples=11,489,381  (3 ent/s, 461 triples/s, errors=147423)
  rows=76,480  triples=11,492,567  (3 ent/s, 461 triples/s, errors=147428)
  rows=76,512  triples=11,495,738  (3 ent/s, 461 triples/s, errors=147449)
  rows=76,536  triples=11,498,989  (3 ent/s, 461 triples/s, errors=147470)
  rows=76,567  triples=11,502,211  (3 ent/s, 461 triples/s, errors=147515)
  rows=76,591  triples=11,505,232  (3 ent/s, 461 triples/s, errors=147548)
  rows=76,606  triples=11,507,519  (3 ent/s, 461 triples/s, errors=147582)
  rows=76,633  triples=11,510,559  (3 ent/s, 461 triples/s, errors=147605)
  rows=76,659  triples=11,513,845  (3 ent/s, 461 triples/s, errors=147619)
  rows=76,694  triples=11,517,246  (3 ent/s, 461 triples/s, errors=147708)
  rows=76,721  triples=11,520,379  (3 ent/s, 461 triples/s, errors=147723)
  rows=76,750  triples=11,523,497  (3 ent/s, 461 triples/s, errors=147731)
  rows=76,779  triples=11,526,733  (3 ent/s, 461 triples/s, errors=147742)
  rows=76,801  triples=11,529,344  (3 ent/s, 461 triples/s, errors=147793)
  rows=76,830  triples=11,532,406  (3 ent/s, 461 triples/s, errors=147833)
  rows=76,859  triples=11,536,021  (3 ent/s, 461 triples/s, errors=147848)
  rows=76,888  triples=11,539,188  (3 ent/s, 461 triples/s, errors=147869)
  rows=76,921  triples=11,542,310  (3 ent/s, 461 triples/s, errors=147895)
  rows=76,952  triples=11,545,344  (3 ent/s, 461 triples/s, errors=147915)
  rows=76,981  triples=11,548,352  (3 ent/s, 461 triples/s, errors=148003)
  rows=77,007  triples=11,551,648  (3 ent/s, 461 triples/s, errors=148015)
  rows=77,027  triples=11,554,904  (3 ent/s, 461 triples/s, errors=148136)
  rows=77,050  triples=11,558,229  (3 ent/s, 461 triples/s, errors=148144)
  rows=77,081  triples=11,561,303  (3 ent/s, 461 triples/s, errors=148154)
  rows=77,102  triples=11,564,525  (3 ent/s, 461 triples/s, errors=148168)
  rows=77,129  triples=11,567,682  (3 ent/s, 461 triples/s, errors=148213)
  rows=77,154  triples=11,571,122  (3 ent/s, 461 triples/s, errors=148255)
  rows=77,174  triples=11,574,274  (3 ent/s, 461 triples/s, errors=148283)
  rows=77,201  triples=11,577,395  (3 ent/s, 461 triples/s, errors=148294)
  rows=77,224  triples=11,580,743  (3 ent/s, 461 triples/s, errors=148343)
  rows=77,253  triples=11,583,991  (3 ent/s, 461 triples/s, errors=148372)
  rows=77,276  triples=11,587,534  (3 ent/s, 461 triples/s, errors=148409)
  rows=77,306  triples=11,590,678  (3 ent/s, 461 triples/s, errors=148445)
  rows=77,342  triples=11,594,036  (3 ent/s, 461 triples/s, errors=148475)
  rows=77,366  triples=11,597,284  (3 ent/s, 461 triples/s, errors=148509)
  rows=77,398  triples=11,600,542  (3 ent/s, 461 triples/s, errors=148529)
  rows=77,420  triples=11,602,945  (3 ent/s, 461 triples/s, errors=148545)
  rows=77,446  triples=11,606,038  (3 ent/s, 461 triples/s, errors=148582)
  rows=77,477  triples=11,609,369  (3 ent/s, 461 triples/s, errors=148591)
  rows=77,507  triples=11,612,621  (3 ent/s, 461 triples/s, errors=148664)
  rows=77,536  triples=11,616,109  (3 ent/s, 461 triples/s, errors=148679)
  rows=77,563  triples=11,619,317  (3 ent/s, 461 triples/s, errors=148905)
  rows=77,589  triples=11,622,461  (3 ent/s, 461 triples/s, errors=148935)
  rows=77,622  triples=11,625,734  (3 ent/s, 461 triples/s, errors=148990)
  rows=77,655  triples=11,629,063  (3 ent/s, 461 triples/s, errors=149018)
  rows=77,686  triples=11,632,204  (3 ent/s, 461 triples/s, errors=149062)
  rows=77,716  triples=11,636,011  (3 ent/s, 461 triples/s, errors=149089)
  rows=77,740  triples=11,639,214  (3 ent/s, 461 triples/s, errors=149120)
  rows=77,765  triples=11,642,368  (3 ent/s, 461 triples/s, errors=149176)
  rows=77,789  triples=11,645,524  (3 ent/s, 461 triples/s, errors=149198)
  rows=77,816  triples=11,649,171  (3 ent/s, 461 triples/s, errors=149203)
  rows=77,843  triples=11,652,306  (3 ent/s, 461 triples/s, errors=149220)
  rows=77,878  triples=11,655,570  (3 ent/s, 461 triples/s, errors=149242)
  rows=77,910  triples=11,658,754  (3 ent/s, 461 triples/s, errors=149281)
  rows=77,939  triples=11,661,920  (3 ent/s, 461 triples/s, errors=149293)
  rows=77,968  triples=11,665,292  (3 ent/s, 461 triples/s, errors=149302)
  rows=77,999  triples=11,668,729  (3 ent/s, 461 triples/s, errors=149320)
  rows=78,018  triples=11,671,077  (3 ent/s, 461 triples/s, errors=149322)
  rows=78,051  triples=11,674,383  (3 ent/s, 461 triples/s, errors=149391)
  rows=78,078  triples=11,677,466  (3 ent/s, 461 triples/s, errors=149419)
  rows=78,110  triples=11,680,754  (3 ent/s, 461 triples/s, errors=149430)
  rows=78,135  triples=11,684,195  (3 ent/s, 461 triples/s, errors=149627)
  rows=78,164  triples=11,687,450  (3 ent/s, 461 triples/s, errors=149632)
  rows=78,175  triples=11,687,450  (3 ent/s, 460 triples/s, errors=149632)
  rows=78,193  triples=11,690,575  (3 ent/s, 460 triples/s, errors=149655)
  rows=78,219  triples=11,693,247  (3 ent/s, 460 triples/s, errors=149767)
  rows=78,240  triples=11,696,438  (3 ent/s, 460 triples/s, errors=149815)
  rows=78,269  triples=11,699,875  (3 ent/s, 460 triples/s, errors=149859)
  rows=78,293  triples=11,703,204  (3 ent/s, 460 triples/s, errors=149874)
  rows=78,325  triples=11,706,491  (3 ent/s, 460 triples/s, errors=149891)
  rows=78,350  triples=11,709,743  (3 ent/s, 460 triples/s, errors=149908)
  rows=78,370  triples=11,712,937  (3 ent/s, 460 triples/s, errors=149931)
  rows=78,398  triples=11,716,106  (3 ent/s, 460 triples/s, errors=149943)
  rows=78,419  triples=11,718,678  (3 ent/s, 460 triples/s, errors=149947)
  rows=78,450  triples=11,722,285  (3 ent/s, 460 triples/s, errors=149954)
  rows=78,484  triples=11,725,689  (3 ent/s, 460 triples/s, errors=149982)
  rows=78,501  triples=11,728,830  (3 ent/s, 460 triples/s, errors=150067)
  rows=78,534  triples=11,731,917  (3 ent/s, 460 triples/s, errors=150076)
  rows=78,569  triples=11,735,109  (3 ent/s, 460 triples/s, errors=150083)
  rows=78,594  triples=11,738,250  (3 ent/s, 460 triples/s, errors=150098)
  rows=78,606  triples=11,740,875  (3 ent/s, 460 triples/s, errors=150224)
  rows=78,632  triples=11,744,015  (3 ent/s, 460 triples/s, errors=150363)
  rows=78,659  triples=11,747,198  (3 ent/s, 460 triples/s, errors=150380)
  rows=78,684  triples=11,750,609  (3 ent/s, 460 triples/s, errors=150414)
  rows=78,714  triples=11,754,126  (3 ent/s, 460 triples/s, errors=150431)
  rows=78,746  triples=11,757,337  (3 ent/s, 460 triples/s, errors=150449)
  rows=78,774  triples=11,760,409  (3 ent/s, 460 triples/s, errors=150458)
  rows=78,801  triples=11,763,446  (3 ent/s, 460 triples/s, errors=150463)
  rows=78,826  triples=11,766,715  (3 ent/s, 460 triples/s, errors=150492)
  rows=78,858  triples=11,769,775  (3 ent/s, 460 triples/s, errors=150493)
  rows=78,893  triples=11,772,918  (3 ent/s, 460 triples/s, errors=150515)
  rows=78,929  triples=11,776,005  (3 ent/s, 460 triples/s, errors=150583)
  rows=78,964  triples=11,779,113  (3 ent/s, 460 triples/s, errors=150588)
  rows=78,999  triples=11,782,180  (3 ent/s, 460 triples/s, errors=150612)
  rows=79,025  triples=11,784,325  (3 ent/s, 460 triples/s, errors=150616)
  rows=79,058  triples=11,787,922  (3 ent/s, 460 triples/s, errors=150655)
  rows=79,089  triples=11,791,138  (3 ent/s, 460 triples/s, errors=150673)
  rows=79,117  triples=11,794,210  (3 ent/s, 460 triples/s, errors=150684)
  rows=79,147  triples=11,797,239  (3 ent/s, 460 triples/s, errors=150708)
  rows=79,174  triples=11,800,559  (3 ent/s, 460 triples/s, errors=150752)
  rows=79,201  triples=11,803,382  (3 ent/s, 460 triples/s, errors=150762)
  rows=79,234  triples=11,806,670  (3 ent/s, 460 triples/s, errors=150771)
  rows=79,253  triples=11,809,839  (3 ent/s, 460 triples/s, errors=150819)
  rows=79,287  triples=11,813,716  (3 ent/s, 460 triples/s, errors=150872)
  rows=79,307  triples=11,816,774  (3 ent/s, 460 triples/s, errors=150939)
  rows=79,333  triples=11,820,050  (3 ent/s, 460 triples/s, errors=150953)
  rows=79,357  triples=11,823,162  (3 ent/s, 460 triples/s, errors=150971)
  rows=79,384  triples=11,826,244  (3 ent/s, 460 triples/s, errors=150981)
  rows=79,409  triples=11,829,372  (3 ent/s, 460 triples/s, errors=151005)
  rows=79,437  triples=11,832,609  (3 ent/s, 460 triples/s, errors=151006)
  rows=79,463  triples=11,835,907  (3 ent/s, 460 triples/s, errors=151019)
  rows=79,491  triples=11,839,070  (3 ent/s, 460 triples/s, errors=151035)
  rows=79,517  triples=11,842,621  (3 ent/s, 460 triples/s, errors=151080)
  rows=79,544  triples=11,846,040  (3 ent/s, 460 triples/s, errors=151108)
  rows=79,575  triples=11,849,526  (3 ent/s, 460 triples/s, errors=151136)
  rows=79,599  triples=11,852,793  (3 ent/s, 460 triples/s, errors=151174)
  rows=79,606  triples=11,854,008  (3 ent/s, 460 triples/s, errors=151177)
  rows=79,633  triples=11,857,624  (3 ent/s, 460 triples/s, errors=151219)
  rows=79,656  triples=11,860,728  (3 ent/s, 460 triples/s, errors=151288)
  rows=79,686  triples=11,863,946  (3 ent/s, 460 triples/s, errors=151310)
  rows=79,709  triples=11,866,948  (3 ent/s, 460 triples/s, errors=151337)
  rows=79,738  triples=11,870,140  (3 ent/s, 460 triples/s, errors=151360)
  rows=79,771  triples=11,873,380  (3 ent/s, 460 triples/s, errors=151380)
  rows=79,798  triples=11,876,787  (3 ent/s, 460 triples/s, errors=151425)
  rows=79,816  triples=11,879,357  (3 ent/s, 460 triples/s, errors=151459)
  rows=79,844  triples=11,882,564  (3 ent/s, 460 triples/s, errors=151486)
  rows=79,871  triples=11,885,838  (3 ent/s, 460 triples/s, errors=151539)
  rows=79,907  triples=11,889,063  (3 ent/s, 460 triples/s, errors=151614)
  rows=79,937  triples=11,892,293  (3 ent/s, 460 triples/s, errors=151617)
  rows=79,965  triples=11,895,997  (3 ent/s, 460 triples/s, errors=151639)
  rows=79,993  triples=11,898,209  (3 ent/s, 460 triples/s, errors=151649)
  rows=80,010  triples=11,900,736  (3 ent/s, 460 triples/s, errors=151652)
  rows=80,029  triples=11,903,821  (3 ent/s, 460 triples/s, errors=151713)
  rows=80,061  triples=11,907,337  (3 ent/s, 460 triples/s, errors=151737)
  rows=80,090  triples=11,910,363  (3 ent/s, 460 triples/s, errors=151738)
  rows=80,116  triples=11,913,562  (3 ent/s, 460 triples/s, errors=151741)
  rows=80,137  triples=11,916,735  (3 ent/s, 460 triples/s, errors=151795)
  rows=80,162  triples=11,920,359  (3 ent/s, 460 triples/s, errors=151831)
  rows=80,193  triples=11,923,476  (3 ent/s, 460 triples/s, errors=151860)
  rows=80,218  triples=11,926,594  (3 ent/s, 460 triples/s, errors=151871)
  rows=80,247  triples=11,929,778  (3 ent/s, 460 triples/s, errors=151901)
  rows=80,274  triples=11,932,931  (3 ent/s, 460 triples/s, errors=151923)
  rows=80,295  triples=11,936,050  (3 ent/s, 460 triples/s, errors=151974)
  rows=80,328  triples=11,939,116  (3 ent/s, 460 triples/s, errors=151996)
  rows=80,358  triples=11,942,601  (3 ent/s, 460 triples/s, errors=152008)
  rows=80,381  triples=11,945,652  (3 ent/s, 460 triples/s, errors=152064)
  rows=80,411  triples=11,948,770  (3 ent/s, 460 triples/s, errors=152099)
  rows=80,435  triples=11,952,073  (3 ent/s, 460 triples/s, errors=152121)
  rows=80,466  triples=11,955,547  (3 ent/s, 460 triples/s, errors=152174)
  rows=80,498  triples=11,958,863  (3 ent/s, 460 triples/s, errors=152198)
  rows=80,521  triples=11,962,354  (3 ent/s, 460 triples/s, errors=152874)
  rows=80,548  triples=11,965,533  (3 ent/s, 460 triples/s, errors=152884)
  rows=80,571  triples=11,968,716  (3 ent/s, 460 triples/s, errors=152902)
  rows=80,594  triples=11,972,055  (3 ent/s, 460 triples/s, errors=152936)
  rows=80,615  triples=11,974,723  (3 ent/s, 460 triples/s, errors=153007)
  rows=80,642  triples=11,978,000  (3 ent/s, 460 triples/s, errors=153023)
  rows=80,664  triples=11,981,374  (3 ent/s, 460 triples/s, errors=153117)
  rows=80,682  triples=11,984,395  (3 ent/s, 460 triples/s, errors=153124)
  rows=80,706  triples=11,987,718  (3 ent/s, 460 triples/s, errors=153153)
  rows=80,737  triples=11,991,046  (3 ent/s, 460 triples/s, errors=153179)
  rows=80,765  triples=11,994,756  (3 ent/s, 460 triples/s, errors=153258)
  rows=80,789  triples=11,998,350  (3 ent/s, 460 triples/s, errors=153275)
  rows=80,822  triples=12,001,473  (3 ent/s, 460 triples/s, errors=153284)
  rows=80,839  triples=12,006,129  (3 ent/s, 460 triples/s, errors=153291)
  rows=80,865  triples=12,009,680  (3 ent/s, 460 triples/s, errors=153313)
  rows=80,891  triples=12,013,025  (3 ent/s, 460 triples/s, errors=153340)
  rows=80,913  triples=12,016,276  (3 ent/s, 460 triples/s, errors=153368)
  rows=80,938  triples=12,019,973  (3 ent/s, 460 triples/s, errors=153380)
  rows=80,956  triples=12,023,144  (3 ent/s, 460 triples/s, errors=153418)
  rows=80,976  triples=12,026,330  (3 ent/s, 460 triples/s, errors=153446)
  rows=80,999  triples=12,029,537  (3 ent/s, 460 triples/s, errors=153455)
  rows=81,015  triples=12,031,870  (3 ent/s, 460 triples/s, errors=153519)
  rows=81,039  triples=12,035,234  (3 ent/s, 460 triples/s, errors=153543)
  rows=81,060  triples=12,038,411  (3 ent/s, 460 triples/s, errors=153561)
  rows=81,088  triples=12,041,521  (3 ent/s, 460 triples/s, errors=153572)
  rows=81,108  triples=12,045,169  (3 ent/s, 460 triples/s, errors=153625)
  rows=81,130  triples=12,048,457  (3 ent/s, 460 triples/s, errors=153651)
  rows=81,154  triples=12,051,829  (3 ent/s, 460 triples/s, errors=153673)
  rows=81,174  triples=12,055,131  (3 ent/s, 460 triples/s, errors=153685)
  rows=81,195  triples=12,058,780  (3 ent/s, 460 triples/s, errors=153715)
  rows=81,212  triples=12,061,972  (3 ent/s, 460 triples/s, errors=153747)
  rows=81,242  triples=12,065,120  (3 ent/s, 460 triples/s, errors=153790)
  rows=81,262  triples=12,068,403  (3 ent/s, 460 triples/s, errors=153866)
  rows=81,280  triples=12,071,766  (3 ent/s, 460 triples/s, errors=153899)
  rows=81,304  triples=12,074,913  (3 ent/s, 460 triples/s, errors=153934)
  rows=81,321  triples=12,078,085  (3 ent/s, 460 triples/s, errors=153942)
  rows=81,347  triples=12,081,499  (3 ent/s, 460 triples/s, errors=153955)
  rows=81,369  triples=12,084,691  (3 ent/s, 460 triples/s, errors=153966)
  rows=81,386  triples=12,088,010  (3 ent/s, 460 triples/s, errors=154005)
  rows=81,408  triples=12,091,128  (3 ent/s, 460 triples/s, errors=154021)
  rows=81,431  triples=12,094,143  (3 ent/s, 460 triples/s, errors=154054)
  rows=81,451  triples=12,097,298  (3 ent/s, 460 triples/s, errors=154104)
  rows=81,472  triples=12,100,410  (3 ent/s, 460 triples/s, errors=154119)
  rows=81,498  triples=12,103,709  (3 ent/s, 460 triples/s, errors=154178)
  rows=81,524  triples=12,106,757  (3 ent/s, 460 triples/s, errors=154202)
  rows=81,546  triples=12,109,800  (3 ent/s, 460 triples/s, errors=154249)
  rows=81,566  triples=12,112,981  (3 ent/s, 460 triples/s, errors=154268)
  rows=81,584  triples=12,118,124  (3 ent/s, 460 triples/s, errors=154489)
  rows=81,601  triples=12,120,619  (3 ent/s, 460 triples/s, errors=154509)
  rows=81,622  triples=12,123,905  (3 ent/s, 460 triples/s, errors=154518)
  rows=81,642  triples=12,127,059  (3 ent/s, 460 triples/s, errors=154529)
  rows=81,666  triples=12,130,629  (3 ent/s, 460 triples/s, errors=154609)
  rows=81,693  triples=12,133,961  (3 ent/s, 460 triples/s, errors=154621)
  rows=81,713  triples=12,137,043  (3 ent/s, 460 triples/s, errors=154638)
  rows=81,740  triples=12,140,236  (3 ent/s, 460 triples/s, errors=154699)
  rows=81,766  triples=12,143,693  (3 ent/s, 460 triples/s, errors=154762)
  rows=81,786  triples=12,146,769  (3 ent/s, 460 triples/s, errors=154778)
  rows=81,811  triples=12,148,366  (3 ent/s, 460 triples/s, errors=154778)
  rows=81,833  triples=12,151,529  (3 ent/s, 460 triples/s, errors=154809)
  rows=81,856  triples=12,154,845  (3 ent/s, 460 triples/s, errors=154830)
  rows=81,880  triples=12,157,984  (3 ent/s, 460 triples/s, errors=154856)
  rows=81,913  triples=12,161,171  (3 ent/s, 460 triples/s, errors=154886)
  rows=81,934  triples=12,164,539  (3 ent/s, 460 triples/s, errors=155074)
  rows=81,959  triples=12,167,768  (3 ent/s, 460 triples/s, errors=155105)
  rows=81,988  triples=12,170,848  (3 ent/s, 460 triples/s, errors=155131)
  rows=82,004  triples=12,173,467  (3 ent/s, 460 triples/s, errors=155170)
  rows=82,032  triples=12,176,601  (3 ent/s, 460 triples/s, errors=155178)
  rows=82,064  triples=12,179,859  (3 ent/s, 460 triples/s, errors=155219)
  rows=82,086  triples=12,183,194  (3 ent/s, 460 triples/s, errors=155272)
  rows=82,108  triples=12,186,217  (3 ent/s, 460 triples/s, errors=155417)
  rows=82,129  triples=12,189,451  (3 ent/s, 460 triples/s, errors=155478)
  rows=82,159  triples=12,192,912  (3 ent/s, 460 triples/s, errors=155499)
  rows=82,185  triples=12,195,985  (3 ent/s, 460 triples/s, errors=155511)
  rows=82,206  triples=12,198,523  (3 ent/s, 460 triples/s, errors=155516)
  rows=82,230  triples=12,201,629  (3 ent/s, 460 triples/s, errors=155809)
  rows=82,256  triples=12,205,023  (3 ent/s, 460 triples/s, errors=155865)
  rows=82,278  triples=12,208,330  (3 ent/s, 460 triples/s, errors=155878)
  rows=82,303  triples=12,211,447  (3 ent/s, 460 triples/s, errors=155884)
  rows=82,331  triples=12,214,642  (3 ent/s, 460 triples/s, errors=155899)
  rows=82,356  triples=12,218,329  (3 ent/s, 460 triples/s, errors=155969)
  rows=82,391  triples=12,221,762  (3 ent/s, 460 triples/s, errors=156001)
  rows=82,420  triples=12,224,871  (3 ent/s, 460 triples/s, errors=156035)
  rows=82,442  triples=12,227,928  (3 ent/s, 460 triples/s, errors=156054)
  rows=82,468  triples=12,230,960  (3 ent/s, 460 triples/s, errors=156089)
  rows=82,492  triples=12,234,269  (3 ent/s, 460 triples/s, errors=156095)
  rows=82,518  triples=12,237,433  (3 ent/s, 460 triples/s, errors=156109)
  rows=82,546  triples=12,240,556  (3 ent/s, 460 triples/s, errors=156147)
  rows=82,572  triples=12,243,791  (3 ent/s, 460 triples/s, errors=156174)
  rows=82,597  triples=12,246,863  (3 ent/s, 460 triples/s, errors=156295)
  rows=82,622  triples=12,249,377  (3 ent/s, 460 triples/s, errors=156309)
  rows=82,645  triples=12,252,728  (3 ent/s, 460 triples/s, errors=156356)
  rows=82,671  triples=12,256,273  (3 ent/s, 460 triples/s, errors=156452)
  rows=82,698  triples=12,259,372  (3 ent/s, 460 triples/s, errors=156488)
  rows=82,733  triples=12,262,438  (3 ent/s, 460 triples/s, errors=156518)
  rows=82,760  triples=12,265,810  (3 ent/s, 460 triples/s, errors=156549)
  rows=82,784  triples=12,268,941  (3 ent/s, 460 triples/s, errors=156568)
  rows=82,801  triples=12,271,470  (3 ent/s, 460 triples/s, errors=156596)
  rows=82,824  triples=12,274,561  (3 ent/s, 460 triples/s, errors=156620)
  rows=82,848  triples=12,277,663  (3 ent/s, 460 triples/s, errors=156695)
  rows=82,877  triples=12,281,047  (3 ent/s, 460 triples/s, errors=156732)
  rows=82,904  triples=12,284,312  (3 ent/s, 460 triples/s, errors=156749)
  rows=82,930  triples=12,287,342  (3 ent/s, 460 triples/s, errors=156778)
  rows=82,953  triples=12,290,364  (3 ent/s, 460 triples/s, errors=156874)
  rows=82,976  triples=12,293,445  (3 ent/s, 460 triples/s, errors=156999)
  rows=82,996  triples=12,296,810  (3 ent/s, 460 triples/s, errors=157027)
  rows=83,018  triples=12,299,858  (3 ent/s, 460 triples/s, errors=157059)
  rows=83,045  triples=12,303,377  (3 ent/s, 460 triples/s, errors=157088)
  rows=83,066  triples=12,307,049  (3 ent/s, 460 triples/s, errors=157153)
  rows=83,085  triples=12,310,408  (3 ent/s, 460 triples/s, errors=157179)
  rows=83,110  triples=12,313,731  (3 ent/s, 460 triples/s, errors=157215)
  rows=83,142  triples=12,316,882  (3 ent/s, 460 triples/s, errors=157258)
  rows=83,171  triples=12,319,984  (3 ent/s, 460 triples/s, errors=157260)
  rows=83,198  triples=12,323,147  (3 ent/s, 460 triples/s, errors=157286)
  rows=83,216  triples=12,325,279  (3 ent/s, 460 triples/s, errors=157296)
  rows=83,238  triples=12,328,386  (3 ent/s, 460 triples/s, errors=157365)
  rows=83,260  triples=12,331,546  (3 ent/s, 460 triples/s, errors=157393)
  rows=83,282  triples=12,334,952  (3 ent/s, 460 triples/s, errors=157407)
  rows=83,305  triples=12,338,312  (3 ent/s, 460 triples/s, errors=157441)
  rows=83,333  triples=12,341,517  (3 ent/s, 460 triples/s, errors=157492)
  rows=83,356  triples=12,344,582  (3 ent/s, 460 triples/s, errors=157510)
  rows=83,385  triples=12,347,756  (3 ent/s, 460 triples/s, errors=157523)
  rows=83,408  triples=12,350,506  (3 ent/s, 460 triples/s, errors=157541)
  rows=83,434  triples=12,353,908  (3 ent/s, 460 triples/s, errors=157565)
  rows=83,459  triples=12,357,195  (3 ent/s, 460 triples/s, errors=157610)
  rows=83,485  triples=12,360,734  (3 ent/s, 460 triples/s, errors=157647)
  rows=83,516  triples=12,364,004  (3 ent/s, 460 triples/s, errors=157703)
  rows=83,538  triples=12,367,378  (3 ent/s, 460 triples/s, errors=157722)
  rows=83,563  triples=12,370,547  (3 ent/s, 460 triples/s, errors=157754)
  rows=83,590  triples=12,373,837  (3 ent/s, 460 triples/s, errors=157806)
  rows=83,607  triples=12,376,394  (3 ent/s, 460 triples/s, errors=157828)
  rows=83,629  triples=12,378,783  (3 ent/s, 460 triples/s, errors=157847)
  rows=83,650  triples=12,381,850  (3 ent/s, 460 triples/s, errors=157858)
  rows=83,674  triples=12,385,020  (3 ent/s, 460 triples/s, errors=157886)
  rows=83,698  triples=12,388,062  (3 ent/s, 460 triples/s, errors=157981)
  rows=83,722  triples=12,391,338  (3 ent/s, 460 triples/s, errors=157996)
  rows=83,745  triples=12,394,436  (3 ent/s, 460 triples/s, errors=158038)
  rows=83,769  triples=12,398,160  (3 ent/s, 460 triples/s, errors=158275)
  rows=83,793  triples=12,401,348  (3 ent/s, 460 triples/s, errors=158306)
  rows=83,820  triples=12,404,125  (3 ent/s, 460 triples/s, errors=158330)
  rows=83,847  triples=12,407,858  (3 ent/s, 460 triples/s, errors=158353)
  rows=83,870  triples=12,411,443  (3 ent/s, 460 triples/s, errors=158399)
  rows=83,895  triples=12,414,864  (3 ent/s, 460 triples/s, errors=158460)
  rows=83,917  triples=12,418,171  (3 ent/s, 460 triples/s, errors=158495)
  rows=83,957  triples=12,421,586  (3 ent/s, 460 triples/s, errors=158512)
  rows=83,988  triples=12,424,929  (3 ent/s, 460 triples/s, errors=158586)
  rows=84,008  triples=12,427,043  (3 ent/s, 460 triples/s, errors=158605)
  rows=84,038  triples=12,430,674  (3 ent/s, 460 triples/s, errors=158651)
  rows=84,063  triples=12,434,216  (3 ent/s, 460 triples/s, errors=158698)
  rows=84,100  triples=12,437,532  (3 ent/s, 460 triples/s, errors=158709)
  rows=84,134  triples=12,440,759  (3 ent/s, 460 triples/s, errors=158760)
  rows=84,166  triples=12,443,836  (3 ent/s, 460 triples/s, errors=158784)
  rows=84,188  triples=12,447,040  (3 ent/s, 460 triples/s, errors=158904)
  rows=84,207  triples=12,449,834  (3 ent/s, 460 triples/s, errors=158912)
  rows=84,227  triples=12,453,167  (3 ent/s, 460 triples/s, errors=158934)
  rows=84,257  triples=12,456,751  (3 ent/s, 460 triples/s, errors=158945)
  rows=84,288  triples=12,459,868  (3 ent/s, 460 triples/s, errors=158951)
  rows=84,320  triples=12,463,056  (3 ent/s, 460 triples/s, errors=158959)
  rows=84,349  triples=12,466,281  (3 ent/s, 460 triples/s, errors=158971)
  rows=84,376  triples=12,469,382  (3 ent/s, 460 triples/s, errors=158988)
  rows=84,401  triples=12,472,358  (3 ent/s, 460 triples/s, errors=158999)
  rows=84,429  triples=12,475,480  (3 ent/s, 460 triples/s, errors=159016)
  rows=84,458  triples=12,478,848  (3 ent/s, 460 triples/s, errors=159059)
  rows=84,489  triples=12,482,411  (3 ent/s, 460 triples/s, errors=159066)
  rows=84,515  triples=12,485,814  (3 ent/s, 460 triples/s, errors=159089)
  rows=84,536  triples=12,489,274  (3 ent/s, 460 triples/s, errors=159154)
  rows=84,560  triples=12,492,497  (3 ent/s, 460 triples/s, errors=159194)
  rows=84,588  triples=12,495,551  (3 ent/s, 460 triples/s, errors=159217)
  rows=84,616  triples=12,498,433  (3 ent/s, 460 triples/s, errors=159224)
  rows=84,647  triples=12,501,797  (3 ent/s, 460 triples/s, errors=159275)
  rows=84,679  triples=12,505,058  (3 ent/s, 460 triples/s, errors=159292)
  rows=84,704  triples=12,508,211  (3 ent/s, 460 triples/s, errors=159327)
  rows=84,732  triples=12,511,285  (3 ent/s, 460 triples/s, errors=159380)
  rows=84,761  triples=12,514,840  (3 ent/s, 460 triples/s, errors=159411)
  rows=84,786  triples=12,517,945  (3 ent/s, 460 triples/s, errors=159425)
  rows=84,809  triples=12,520,942  (3 ent/s, 460 triples/s, errors=159441)
  rows=84,837  triples=12,524,232  (3 ent/s, 460 triples/s, errors=159476)
  rows=84,867  triples=12,527,587  (3 ent/s, 460 triples/s, errors=159482)
  rows=84,894  triples=12,530,755  (3 ent/s, 460 triples/s, errors=159507)
  rows=84,928  triples=12,534,331  (3 ent/s, 460 triples/s, errors=159509)
  rows=84,952  triples=12,537,939  (3 ent/s, 460 triples/s, errors=159537)
  rows=84,979  triples=12,541,369  (3 ent/s, 460 triples/s, errors=159590)
  rows=84,998  triples=12,544,522  (3 ent/s, 460 triples/s, errors=159604)
  rows=85,015  triples=12,546,687  (3 ent/s, 460 triples/s, errors=159618)
  rows=85,044  triples=12,549,884  (3 ent/s, 460 triples/s, errors=159650)
  rows=85,076  triples=12,553,015  (3 ent/s, 460 triples/s, errors=159670)
  rows=85,108  triples=12,556,486  (3 ent/s, 460 triples/s, errors=159734)
  rows=85,142  triples=12,559,904  (3 ent/s, 460 triples/s, errors=159741)
  rows=85,168  triples=12,563,387  (3 ent/s, 460 triples/s, errors=159764)
  rows=85,194  triples=12,566,462  (3 ent/s, 460 triples/s, errors=159774)
  rows=85,225  triples=12,569,104  (3 ent/s, 460 triples/s, errors=159786)
  rows=85,259  triples=12,572,355  (3 ent/s, 460 triples/s, errors=159803)
  rows=85,286  triples=12,575,773  (3 ent/s, 460 triples/s, errors=159839)
  rows=85,313  triples=12,578,946  (3 ent/s, 460 triples/s, errors=159855)
  rows=85,344  triples=12,582,029  (3 ent/s, 460 triples/s, errors=159873)
  rows=85,368  triples=12,585,431  (3 ent/s, 460 triples/s, errors=159883)
  rows=85,400  triples=12,588,597  (3 ent/s, 460 triples/s, errors=159898)
  rows=85,427  triples=12,591,906  (3 ent/s, 460 triples/s, errors=159936)
  rows=85,447  triples=12,593,928  (3 ent/s, 460 triples/s, errors=159946)
  rows=85,465  triples=12,597,062  (3 ent/s, 460 triples/s, errors=159973)
  rows=85,488  triples=12,600,164  (3 ent/s, 460 triples/s, errors=160045)
  rows=85,518  triples=12,603,388  (3 ent/s, 460 triples/s, errors=160048)
  rows=85,547  triples=12,606,645  (3 ent/s, 460 triples/s, errors=160194)
  rows=85,580  triples=12,610,430  (3 ent/s, 460 triples/s, errors=160203)
  rows=85,601  triples=12,612,565  (3 ent/s, 460 triples/s, errors=160214)
  rows=85,624  triples=12,615,943  (3 ent/s, 460 triples/s, errors=160244)
  rows=85,656  triples=12,619,353  (3 ent/s, 460 triples/s, errors=160262)
  rows=85,684  triples=12,622,439  (3 ent/s, 460 triples/s, errors=160275)
  rows=85,714  triples=12,625,568  (3 ent/s, 460 triples/s, errors=160289)
  rows=85,747  triples=12,628,771  (3 ent/s, 460 triples/s, errors=160304)
  rows=85,776  triples=12,631,832  (3 ent/s, 460 triples/s, errors=160312)
  rows=85,801  triples=12,634,625  (3 ent/s, 460 triples/s, errors=160329)
  rows=85,835  triples=12,637,803  (3 ent/s, 460 triples/s, errors=160352)
  rows=85,865  triples=12,641,346  (3 ent/s, 460 triples/s, errors=160385)
  rows=85,896  triples=12,644,472  (3 ent/s, 460 triples/s, errors=160414)
  rows=85,922  triples=12,647,699  (3 ent/s, 460 triples/s, errors=160437)
  rows=85,942  triples=12,650,935  (3 ent/s, 460 triples/s, errors=160460)
  rows=85,971  triples=12,654,014  (3 ent/s, 460 triples/s, errors=160468)
  rows=85,995  triples=12,657,189  (3 ent/s, 460 triples/s, errors=160476)
  rows=86,025  triples=12,659,636  (3 ent/s, 460 triples/s, errors=160481)
  rows=86,056  triples=12,663,613  (3 ent/s, 460 triples/s, errors=160513)
  rows=86,086  triples=12,666,700  (3 ent/s, 460 triples/s, errors=160537)
  rows=86,122  triples=12,669,801  (3 ent/s, 460 triples/s, errors=160543)
  rows=86,154  triples=12,672,858  (3 ent/s, 460 triples/s, errors=160549)
  rows=86,183  triples=12,676,151  (3 ent/s, 460 triples/s, errors=160570)
  rows=86,211  triples=12,678,603  (3 ent/s, 460 triples/s, errors=160581)
  rows=86,246  triples=12,681,723  (3 ent/s, 460 triples/s, errors=160593)
  rows=86,279  triples=12,685,125  (3 ent/s, 460 triples/s, errors=160596)
  rows=86,316  triples=12,688,539  (3 ent/s, 460 triples/s, errors=160601)
  rows=86,348  triples=12,691,639  (3 ent/s, 460 triples/s, errors=160605)
  rows=86,377  triples=12,695,140  (3 ent/s, 460 triples/s, errors=160623)
  rows=86,409  triples=12,697,937  (3 ent/s, 460 triples/s, errors=160627)
  rows=86,443  triples=12,701,264  (3 ent/s, 460 triples/s, errors=160677)
  rows=86,474  triples=12,704,541  (3 ent/s, 460 triples/s, errors=160688)
  rows=86,502  triples=12,708,015  (3 ent/s, 460 triples/s, errors=160712)
  rows=86,544  triples=12,711,380  (3 ent/s, 460 triples/s, errors=160750)
  rows=86,571  triples=12,714,452  (3 ent/s, 460 triples/s, errors=160786)
  rows=86,601  triples=12,716,669  (3 ent/s, 460 triples/s, errors=160799)
  rows=86,626  triples=12,719,780  (3 ent/s, 460 triples/s, errors=160823)
  rows=86,658  triples=12,723,023  (3 ent/s, 460 triples/s, errors=160844)
  rows=86,698  triples=12,726,306  (3 ent/s, 460 triples/s, errors=160858)
  rows=86,740  triples=12,729,585  (3 ent/s, 460 triples/s, errors=160865)
  rows=86,773  triples=12,732,944  (3 ent/s, 460 triples/s, errors=160904)
  rows=86,815  triples=12,736,226  (3 ent/s, 460 triples/s, errors=160915)
  rows=86,848  triples=12,739,488  (3 ent/s, 460 triples/s, errors=160933)
  rows=86,880  triples=12,742,863  (3 ent/s, 460 triples/s, errors=160938)
  rows=86,910  triples=12,746,144  (3 ent/s, 460 triples/s, errors=160949)
  rows=86,938  triples=12,749,661  (3 ent/s, 460 triples/s, errors=160961)
  rows=86,967  triples=12,753,198  (3 ent/s, 460 triples/s, errors=161005)
  rows=86,994  triples=12,756,661  (3 ent/s, 460 triples/s, errors=161020)
  rows=87,020  triples=12,759,509  (3 ent/s, 460 triples/s, errors=161030)
  rows=87,045  triples=12,762,717  (3 ent/s, 460 triples/s, errors=161060)
  rows=87,069  triples=12,766,072  (3 ent/s, 460 triples/s, errors=161068)
  rows=87,106  triples=12,769,216  (3 ent/s, 460 triples/s, errors=161097)
  rows=87,146  triples=12,772,607  (3 ent/s, 460 triples/s, errors=161125)
  rows=87,176  triples=12,775,632  (3 ent/s, 460 triples/s, errors=161143)
  rows=87,216  triples=12,778,724  (3 ent/s, 460 triples/s, errors=161160)
  rows=87,243  triples=12,782,258  (3 ent/s, 460 triples/s, errors=161186)
  rows=87,265  triples=12,784,799  (3 ent/s, 459 triples/s, errors=161226)
  rows=87,287  triples=12,788,189  (3 ent/s, 459 triples/s, errors=161246)
  rows=87,315  triples=12,791,296  (3 ent/s, 459 triples/s, errors=161272)
  rows=87,346  triples=12,794,401  (3 ent/s, 459 triples/s, errors=161305)
  rows=87,368  triples=12,797,471  (3 ent/s, 459 triples/s, errors=161334)
  rows=87,400  triples=12,800,828  (3 ent/s, 459 triples/s, errors=161377)
  rows=87,432  triples=12,804,277  (3 ent/s, 459 triples/s, errors=161410)
  rows=87,466  triples=12,807,749  (3 ent/s, 459 triples/s, errors=161451)
  rows=87,492  triples=12,810,902  (3 ent/s, 459 triples/s, errors=161462)
  rows=87,515  triples=12,814,125  (3 ent/s, 459 triples/s, errors=161468)
  rows=87,548  triples=12,817,361  (3 ent/s, 459 triples/s, errors=161490)
  rows=87,575  triples=12,820,670  (3 ent/s, 459 triples/s, errors=161522)
  rows=87,601  triples=12,823,460  (3 ent/s, 459 triples/s, errors=161534)
  rows=87,621  triples=12,826,837  (3 ent/s, 459 triples/s, errors=161565)
  rows=87,652  triples=12,830,191  (3 ent/s, 459 triples/s, errors=161574)
  rows=87,681  triples=12,833,435  (3 ent/s, 459 triples/s, errors=161582)
  rows=87,715  triples=12,836,625  (3 ent/s, 459 triples/s, errors=161600)
  rows=87,744  triples=12,839,761  (3 ent/s, 459 triples/s, errors=161609)
  rows=87,775  triples=12,843,053  (3 ent/s, 459 triples/s, errors=161619)
  rows=87,801  triples=12,845,425  (3 ent/s, 459 triples/s, errors=161643)
  rows=87,829  triples=12,848,760  (3 ent/s, 459 triples/s, errors=161725)
  rows=87,859  triples=12,852,231  (3 ent/s, 459 triples/s, errors=161792)
  rows=87,883  triples=12,855,577  (3 ent/s, 459 triples/s, errors=161907)
  rows=87,916  triples=12,858,883  (3 ent/s, 459 triples/s, errors=161958)
  rows=87,936  triples=12,862,080  (3 ent/s, 459 triples/s, errors=161974)
  rows=87,966  triples=12,865,279  (3 ent/s, 459 triples/s, errors=161989)
  rows=87,991  triples=12,868,279  (3 ent/s, 459 triples/s, errors=162031)
  rows=88,020  triples=12,870,990  (3 ent/s, 459 triples/s, errors=162041)
  rows=88,052  triples=12,874,049  (3 ent/s, 459 triples/s, errors=162060)
  rows=88,079  triples=12,877,086  (3 ent/s, 459 triples/s, errors=162078)
  rows=88,103  triples=12,880,326  (3 ent/s, 459 triples/s, errors=162131)
  rows=88,138  triples=12,883,422  (3 ent/s, 459 triples/s, errors=162137)
  rows=88,174  triples=12,887,015  (3 ent/s, 459 triples/s, errors=162142)
  rows=88,196  triples=12,890,255  (3 ent/s, 459 triples/s, errors=162176)
  rows=88,228  triples=12,893,384  (3 ent/s, 459 triples/s, errors=162202)
  rows=88,257  triples=12,896,616  (3 ent/s, 459 triples/s, errors=162214)
  rows=88,287  triples=12,899,833  (3 ent/s, 459 triples/s, errors=162234)
  rows=88,323  triples=12,902,950  (3 ent/s, 459 triples/s, errors=162265)
  rows=88,355  triples=12,906,758  (3 ent/s, 460 triples/s, errors=162305)
  rows=88,394  triples=12,910,133  (3 ent/s, 460 triples/s, errors=162317)
  rows=88,420  triples=12,912,948  (3 ent/s, 460 triples/s, errors=162423)
  rows=88,450  triples=12,916,061  (3 ent/s, 460 triples/s, errors=162476)
  rows=88,482  triples=12,919,320  (3 ent/s, 460 triples/s, errors=162500)
  rows=88,518  triples=12,922,438  (3 ent/s, 460 triples/s, errors=162515)
  rows=88,549  triples=12,925,579  (3 ent/s, 460 triples/s, errors=162534)
  rows=88,580  triples=12,928,805  (3 ent/s, 460 triples/s, errors=162555)
  rows=88,612  triples=12,931,825  (3 ent/s, 460 triples/s, errors=162569)
  rows=88,645  triples=12,935,069  (3 ent/s, 460 triples/s, errors=162574)
  rows=88,672  triples=12,938,138  (3 ent/s, 460 triples/s, errors=162588)
  rows=88,705  triples=12,941,714  (3 ent/s, 460 triples/s, errors=162630)
  rows=88,738  triples=12,944,795  (3 ent/s, 460 triples/s, errors=162638)
  rows=88,773  triples=12,948,012  (3 ent/s, 460 triples/s, errors=162682)
  rows=88,801  triples=12,950,445  (3 ent/s, 460 triples/s, errors=162700)
  rows=88,818  triples=12,953,521  (3 ent/s, 460 triples/s, errors=162720)
  rows=88,858  triples=12,956,627  (3 ent/s, 460 triples/s, errors=162734)
  rows=88,889  triples=12,960,119  (3 ent/s, 460 triples/s, errors=162746)
  rows=88,925  triples=12,963,341  (3 ent/s, 460 triples/s, errors=162762)
  rows=88,957  triples=12,966,457  (3 ent/s, 460 triples/s, errors=162786)
  rows=88,992  triples=12,969,730  (3 ent/s, 460 triples/s, errors=162853)
  rows=89,007  triples=12,972,012  (3 ent/s, 460 triples/s, errors=162859)
  rows=89,039  triples=12,975,150  (3 ent/s, 460 triples/s, errors=162886)
  rows=89,063  triples=12,978,345  (3 ent/s, 460 triples/s, errors=162888)
  rows=89,083  triples=12,980,675  (3 ent/s, 459 triples/s, errors=162891)
  rows=89,112  triples=12,983,836  (3 ent/s, 459 triples/s, errors=162915)
  rows=89,148  triples=12,987,150  (3 ent/s, 459 triples/s, errors=162920)
  rows=89,176  triples=12,990,201  (3 ent/s, 459 triples/s, errors=162938)
  rows=89,201  triples=12,993,311  (3 ent/s, 459 triples/s, errors=162956)
  rows=89,233  triples=12,996,606  (3 ent/s, 459 triples/s, errors=162966)
  rows=89,272  triples=12,999,991  (3 ent/s, 459 triples/s, errors=163031)
  rows=89,305  triples=13,003,212  (3 ent/s, 459 triples/s, errors=163043)
  rows=89,347  triples=13,006,689  (3 ent/s, 459 triples/s, errors=163077)
  rows=89,385  triples=13,009,926  (3 ent/s, 459 triples/s, errors=163137)
  rows=89,410  triples=13,012,177  (3 ent/s, 459 triples/s, errors=163154)
  rows=89,461  triples=13,015,210  (3 ent/s, 459 triples/s, errors=163171)
  rows=89,491  triples=13,018,364  (3 ent/s, 459 triples/s, errors=163196)
  rows=89,533  triples=13,021,519  (3 ent/s, 459 triples/s, errors=163213)
  rows=89,569  triples=13,024,576  (3 ent/s, 459 triples/s, errors=163315)
  rows=89,601  triples=13,027,418  (3 ent/s, 459 triples/s, errors=163345)
  rows=89,637  triples=13,030,835  (3 ent/s, 459 triples/s, errors=163376)
  rows=89,678  triples=13,033,951  (3 ent/s, 459 triples/s, errors=163401)
  rows=89,716  triples=13,037,194  (3 ent/s, 459 triples/s, errors=163420)
  rows=89,752  triples=13,040,455  (3 ent/s, 459 triples/s, errors=163442)
  rows=89,787  triples=13,043,488  (3 ent/s, 459 triples/s, errors=163536)
  rows=89,827  triples=13,047,127  (3 ent/s, 459 triples/s, errors=163588)
  rows=89,858  triples=13,050,316  (3 ent/s, 459 triples/s, errors=163600)
  rows=89,895  triples=13,053,384  (3 ent/s, 459 triples/s, errors=163606)
  rows=89,932  triples=13,056,582  (3 ent/s, 459 triples/s, errors=163610)
  rows=89,978  triples=13,059,680  (3 ent/s, 459 triples/s, errors=163627)
  rows=90,013  triples=13,062,645  (3 ent/s, 459 triples/s, errors=163635)
  rows=90,049  triples=13,065,711  (3 ent/s, 459 triples/s, errors=163656)
  rows=90,087  triples=13,068,999  (3 ent/s, 459 triples/s, errors=163685)
  rows=90,121  triples=13,072,211  (3 ent/s, 459 triples/s, errors=163722)
  rows=90,163  triples=13,075,333  (3 ent/s, 459 triples/s, errors=163753)
  rows=90,199  triples=13,078,568  (3 ent/s, 459 triples/s, errors=163762)
  rows=90,229  triples=13,080,967  (3 ent/s, 459 triples/s, errors=163769)
  rows=90,251  triples=13,083,048  (3 ent/s, 459 triples/s, errors=163773)
  rows=90,268  triples=13,085,155  (3 ent/s, 459 triples/s, errors=163789)
  rows=90,304  triples=13,088,381  (3 ent/s, 459 triples/s, errors=163806)
  rows=90,342  triples=13,091,610  (3 ent/s, 459 triples/s, errors=163810)
  rows=90,377  triples=13,094,719  (3 ent/s, 459 triples/s, errors=163814)
  rows=90,416  triples=13,097,037  (3 ent/s, 459 triples/s, errors=163840)
  rows=90,453  triples=13,100,068  (3 ent/s, 459 triples/s, errors=163957)
  rows=90,492  triples=13,103,111  (3 ent/s, 459 triples/s, errors=163978)
  rows=90,529  triples=13,106,278  (3 ent/s, 459 triples/s, errors=164015)
  rows=90,576  triples=13,109,546  (3 ent/s, 459 triples/s, errors=164041)
  rows=90,616  triples=13,112,317  (3 ent/s, 459 triples/s, errors=164050)
  rows=90,665  triples=13,115,552  (3 ent/s, 459 triples/s, errors=164067)
  rows=90,702  triples=13,118,698  (3 ent/s, 459 triples/s, errors=164080)
  rows=90,732  triples=13,121,801  (3 ent/s, 459 triples/s, errors=164145)
  rows=90,773  triples=13,125,024  (3 ent/s, 459 triples/s, errors=164183)
  rows=90,811  triples=13,127,883  (3 ent/s, 459 triples/s, errors=164190)
  rows=90,858  triples=13,130,866  (3 ent/s, 459 triples/s, errors=164335)
  rows=90,901  triples=13,133,005  (3 ent/s, 459 triples/s, errors=164337)
  rows=90,933  triples=13,136,171  (3 ent/s, 459 triples/s, errors=164342)
  rows=90,967  triples=13,139,288  (3 ent/s, 459 triples/s, errors=164378)
  rows=91,001  triples=13,141,761  (3 ent/s, 459 triples/s, errors=164380)
  rows=91,041  triples=13,144,980  (3 ent/s, 459 triples/s, errors=164387)
  rows=91,081  triples=13,148,151  (3 ent/s, 459 triples/s, errors=164423)
  rows=91,123  triples=13,151,391  (3 ent/s, 459 triples/s, errors=164437)
  rows=91,159  triples=13,154,552  (3 ent/s, 459 triples/s, errors=164444)
  rows=91,190  triples=13,157,829  (3 ent/s, 459 triples/s, errors=164449)
  rows=91,229  triples=13,161,042  (3 ent/s, 459 triples/s, errors=164463)
  rows=91,270  triples=13,164,553  (3 ent/s, 459 triples/s, errors=164537)
  rows=91,314  triples=13,167,696  (3 ent/s, 459 triples/s, errors=164549)
  rows=91,360  triples=13,170,808  (3 ent/s, 459 triples/s, errors=164565)
  rows=91,401  triples=13,173,058  (3 ent/s, 459 triples/s, errors=164570)
  rows=91,447  triples=13,176,406  (3 ent/s, 459 triples/s, errors=164575)
  rows=91,497  triples=13,179,701  (3 ent/s, 459 triples/s, errors=164578)
  rows=91,548  triples=13,182,888  (3 ent/s, 459 triples/s, errors=164583)
  rows=91,596  triples=13,186,082  (3 ent/s, 459 triples/s, errors=164589)
  rows=91,636  triples=13,188,357  (3 ent/s, 459 triples/s, errors=164590)
  rows=91,690  triples=13,191,768  (3 ent/s, 459 triples/s, errors=164607)
  rows=91,745  triples=13,194,876  (3 ent/s, 459 triples/s, errors=164611)
  rows=91,780  triples=13,198,128  (3 ent/s, 459 triples/s, errors=164625)
  rows=91,811  triples=13,200,432  (3 ent/s, 459 triples/s, errors=164631)
  rows=91,852  triples=13,203,474  (3 ent/s, 459 triples/s, errors=164632)
  rows=91,890  triples=13,206,830  (3 ent/s, 459 triples/s, errors=164654)
  rows=91,929  triples=13,210,067  (3 ent/s, 459 triples/s, errors=164686)
  rows=91,964  triples=13,213,300  (3 ent/s, 459 triples/s, errors=164710)
  rows=92,001  triples=13,215,866  (3 ent/s, 459 triples/s, errors=164745)
  rows=92,038  triples=13,219,002  (3 ent/s, 459 triples/s, errors=164769)
  rows=92,082  triples=13,222,091  (3 ent/s, 459 triples/s, errors=164780)
  rows=92,130  triples=13,225,495  (3 ent/s, 459 triples/s, errors=164790)
  rows=92,164  triples=13,228,579  (3 ent/s, 459 triples/s, errors=164797)
  rows=92,198  triples=13,231,715  (3 ent/s, 459 triples/s, errors=164813)
  rows=92,234  triples=13,234,119  (3 ent/s, 459 triples/s, errors=164818)
  rows=92,282  triples=13,237,416  (3 ent/s, 459 triples/s, errors=164852)
  rows=92,311  triples=13,240,482  (3 ent/s, 459 triples/s, errors=164889)
  rows=92,358  triples=13,243,757  (3 ent/s, 459 triples/s, errors=164913)
  rows=92,401  triples=13,246,503  (3 ent/s, 459 triples/s, errors=164928)
  rows=92,442  triples=13,249,550  (3 ent/s, 459 triples/s, errors=164930)
  rows=92,477  triples=13,252,782  (3 ent/s, 459 triples/s, errors=164933)
  rows=92,514  triples=13,255,864  (3 ent/s, 459 triples/s, errors=164940)
  rows=92,560  triples=13,259,247  (3 ent/s, 459 triples/s, errors=164946)
  rows=92,601  triples=13,262,296  (3 ent/s, 459 triples/s, errors=164950)
  rows=92,640  triples=13,265,335  (3 ent/s, 459 triples/s, errors=164955)
  rows=92,681  triples=13,268,765  (3 ent/s, 459 triples/s, errors=165002)
  rows=92,719  triples=13,270,821  (3 ent/s, 459 triples/s, errors=165003)
  rows=92,749  triples=13,274,081  (3 ent/s, 459 triples/s, errors=165011)
  rows=92,793  triples=13,277,404  (3 ent/s, 459 triples/s, errors=165030)
  rows=92,823  triples=13,280,062  (3 ent/s, 459 triples/s, errors=165032)
  rows=92,864  triples=13,283,421  (3 ent/s, 459 triples/s, errors=165047)
  rows=92,892  triples=13,286,714  (3 ent/s, 459 triples/s, errors=165093)
  rows=92,930  triples=13,290,280  (3 ent/s, 459 triples/s, errors=165104)
  rows=92,965  triples=13,293,721  (3 ent/s, 459 triples/s, errors=165115)
  rows=92,999  triples=13,296,907  (3 ent/s, 459 triples/s, errors=165139)
  rows=93,019  triples=13,299,224  (3 ent/s, 459 triples/s, errors=165157)
  rows=93,049  triples=13,302,579  (3 ent/s, 459 triples/s, errors=165175)
  rows=93,081  triples=13,305,930  (3 ent/s, 459 triples/s, errors=165188)
  rows=93,121  triples=13,309,239  (3 ent/s, 459 triples/s, errors=165239)
  rows=93,146  triples=13,312,354  (3 ent/s, 459 triples/s, errors=165419)
  rows=93,179  triples=13,315,682  (3 ent/s, 459 triples/s, errors=165455)
  rows=93,209  triples=13,319,409  (3 ent/s, 459 triples/s, errors=165497)
  rows=93,238  triples=13,322,654  (3 ent/s, 459 triples/s, errors=165509)
  rows=93,268  triples=13,325,870  (3 ent/s, 459 triples/s, errors=165525)
  rows=93,301  triples=13,329,080  (3 ent/s, 459 triples/s, errors=165535)
  rows=93,330  triples=13,332,650  (3 ent/s, 459 triples/s, errors=165568)
  rows=93,364  triples=13,336,011  (3 ent/s, 459 triples/s, errors=165570)
  rows=93,400  triples=13,339,338  (3 ent/s, 459 triples/s, errors=165578)
  rows=93,424  triples=13,342,080  (3 ent/s, 459 triples/s, errors=166053)
  rows=93,453  triples=13,345,218  (3 ent/s, 459 triples/s, errors=166103)
  rows=93,502  triples=13,348,479  (3 ent/s, 459 triples/s, errors=166111)
  rows=93,533  triples=13,351,590  (3 ent/s, 459 triples/s, errors=166132)
  rows=93,578  triples=13,354,666  (3 ent/s, 459 triples/s, errors=166155)
  rows=93,607  triples=13,357,245  (3 ent/s, 459 triples/s, errors=166214)
  rows=93,635  triples=13,360,749  (3 ent/s, 459 triples/s, errors=166228)
  rows=93,669  triples=13,363,908  (3 ent/s, 459 triples/s, errors=166229)
  rows=93,701  triples=13,367,279  (3 ent/s, 459 triples/s, errors=166249)
  rows=93,735  triples=13,370,607  (3 ent/s, 459 triples/s, errors=166263)
  rows=93,770  triples=13,373,921  (3 ent/s, 459 triples/s, errors=166268)
  rows=93,801  triples=13,376,793  (3 ent/s, 459 triples/s, errors=166268)
  rows=93,833  triples=13,380,255  (3 ent/s, 459 triples/s, errors=166280)
  rows=93,869  triples=13,383,526  (3 ent/s, 459 triples/s, errors=166292)
  rows=93,891  triples=13,386,680  (3 ent/s, 459 triples/s, errors=166322)
  rows=93,928  triples=13,389,923  (3 ent/s, 459 triples/s, errors=166332)
  rows=93,964  triples=13,393,171  (3 ent/s, 459 triples/s, errors=166350)
  rows=94,001  triples=13,396,201  (3 ent/s, 459 triples/s, errors=166356)
  rows=94,033  triples=13,399,400  (3 ent/s, 459 triples/s, errors=166365)
  rows=94,067  triples=13,402,560  (3 ent/s, 459 triples/s, errors=166375)
  rows=94,098  triples=13,406,003  (3 ent/s, 459 triples/s, errors=166382)
  rows=94,140  triples=13,409,324  (3 ent/s, 459 triples/s, errors=166387)
  rows=94,175  triples=13,412,436  (3 ent/s, 459 triples/s, errors=166398)
  rows=94,201  triples=13,414,699  (3 ent/s, 459 triples/s, errors=166408)
  rows=94,250  triples=13,418,003  (3 ent/s, 459 triples/s, errors=166416)
  rows=94,281  triples=13,421,071  (3 ent/s, 459 triples/s, errors=166431)
  rows=94,316  triples=13,424,357  (3 ent/s, 459 triples/s, errors=166442)
  rows=94,344  triples=13,427,546  (3 ent/s, 459 triples/s, errors=166456)
  rows=94,378  triples=13,430,675  (3 ent/s, 459 triples/s, errors=166461)
  rows=94,409  triples=13,433,136  (3 ent/s, 459 triples/s, errors=166463)
  rows=94,447  triples=13,436,175  (3 ent/s, 459 triples/s, errors=166485)
  rows=94,485  triples=13,439,339  (3 ent/s, 459 triples/s, errors=166505)
  rows=94,527  triples=13,442,425  (3 ent/s, 459 triples/s, errors=166532)
  rows=94,537  triples=13,442,425  (3 ent/s, 458 triples/s, errors=166532)
  rows=94,557  triples=13,445,467  (3 ent/s, 458 triples/s, errors=166538)
  rows=94,596  triples=13,448,770  (3 ent/s, 458 triples/s, errors=166548)
  rows=94,623  triples=13,451,481  (3 ent/s, 458 triples/s, errors=166562)
  rows=94,650  triples=13,454,588  (3 ent/s, 458 triples/s, errors=166596)
  rows=94,700  triples=13,457,729  (3 ent/s, 458 triples/s, errors=166601)
  rows=94,733  triples=13,460,989  (3 ent/s, 458 triples/s, errors=166638)
  rows=94,770  triples=13,464,119  (3 ent/s, 458 triples/s, errors=166642)
  rows=94,812  triples=13,467,114  (3 ent/s, 458 triples/s, errors=166652)
  rows=94,839  triples=13,470,190  (3 ent/s, 458 triples/s, errors=166656)
  rows=94,872  triples=13,473,245  (3 ent/s, 458 triples/s, errors=166662)
  rows=94,912  triples=13,476,328  (3 ent/s, 458 triples/s, errors=166686)
  rows=94,945  triples=13,479,440  (3 ent/s, 458 triples/s, errors=166702)
  rows=94,975  triples=13,482,592  (3 ent/s, 458 triples/s, errors=166729)
  rows=95,014  triples=13,485,301  (3 ent/s, 458 triples/s, errors=166735)
  rows=95,048  triples=13,488,570  (3 ent/s, 458 triples/s, errors=166759)
  rows=95,081  triples=13,491,684  (3 ent/s, 458 triples/s, errors=166782)
  rows=95,122  triples=13,494,915  (3 ent/s, 458 triples/s, errors=166809)
  rows=95,162  triples=13,498,376  (3 ent/s, 458 triples/s, errors=166826)
  rows=95,190  triples=13,501,606  (3 ent/s, 458 triples/s, errors=166834)
  rows=95,226  triples=13,504,342  (3 ent/s, 458 triples/s, errors=166857)
  rows=95,260  triples=13,507,553  (3 ent/s, 458 triples/s, errors=166870)
  rows=95,294  triples=13,510,914  (3 ent/s, 458 triples/s, errors=166926)
  rows=95,330  triples=13,513,996  (3 ent/s, 458 triples/s, errors=166938)
  rows=95,354  triples=13,517,284  (3 ent/s, 458 triples/s, errors=167019)
  rows=95,387  triples=13,520,523  (3 ent/s, 458 triples/s, errors=167029)
  rows=95,405  triples=13,523,162  (3 ent/s, 458 triples/s, errors=167039)
  rows=95,435  triples=13,526,236  (3 ent/s, 458 triples/s, errors=167053)
  rows=95,457  triples=13,529,406  (3 ent/s, 458 triples/s, errors=167141)
  rows=95,493  triples=13,532,844  (3 ent/s, 458 triples/s, errors=167149)
  rows=95,522  triples=13,536,055  (3 ent/s, 458 triples/s, errors=167191)
  rows=95,556  triples=13,539,390  (3 ent/s, 458 triples/s, errors=167249)
  rows=95,587  triples=13,542,667  (3 ent/s, 458 triples/s, errors=167257)
  rows=95,607  triples=13,544,933  (3 ent/s, 458 triples/s, errors=167259)
  rows=95,646  triples=13,548,635  (3 ent/s, 458 triples/s, errors=167288)
  rows=95,677  triples=13,552,257  (3 ent/s, 458 triples/s, errors=167330)
  rows=95,707  triples=13,555,616  (3 ent/s, 458 triples/s, errors=167344)
  rows=95,739  triples=13,558,703  (3 ent/s, 458 triples/s, errors=167360)
  rows=95,775  triples=13,561,799  (3 ent/s, 458 triples/s, errors=167368)
  rows=95,801  triples=13,565,026  (3 ent/s, 458 triples/s, errors=167376)
  rows=95,832  triples=13,568,446  (3 ent/s, 458 triples/s, errors=167410)
  rows=95,870  triples=13,571,487  (3 ent/s, 458 triples/s, errors=167421)
  rows=95,901  triples=13,574,668  (3 ent/s, 458 triples/s, errors=167426)
  rows=95,941  triples=13,577,802  (3 ent/s, 458 triples/s, errors=167428)
  rows=95,971  triples=13,580,963  (3 ent/s, 458 triples/s, errors=167431)
  rows=95,999  triples=13,584,495  (3 ent/s, 458 triples/s, errors=167453)
  rows=96,025  triples=13,586,855  (3 ent/s, 458 triples/s, errors=167468)
  rows=96,051  triples=13,590,349  (3 ent/s, 458 triples/s, errors=167535)
  rows=96,080  triples=13,593,476  (3 ent/s, 458 triples/s, errors=167540)
  rows=96,113  triples=13,596,622  (3 ent/s, 458 triples/s, errors=167581)
  rows=96,139  triples=13,599,877  (3 ent/s, 458 triples/s, errors=167587)
  rows=96,160  triples=13,603,129  (3 ent/s, 458 triples/s, errors=167609)
  rows=96,191  triples=13,606,241  (3 ent/s, 458 triples/s, errors=167617)
  rows=96,218  triples=13,608,924  (3 ent/s, 458 triples/s, errors=167626)
  rows=96,255  triples=13,612,502  (3 ent/s, 458 triples/s, errors=167689)
  rows=96,280  triples=13,615,528  (3 ent/s, 458 triples/s, errors=167718)
  rows=96,301  triples=13,618,681  (3 ent/s, 458 triples/s, errors=167748)
  rows=96,335  triples=13,621,975  (3 ent/s, 458 triples/s, errors=167760)
  rows=96,355  triples=13,624,145  (3 ent/s, 458 triples/s, errors=167790)
  rows=96,376  triples=13,627,512  (3 ent/s, 458 triples/s, errors=167811)
  rows=96,413  triples=13,630,504  (3 ent/s, 458 triples/s, errors=167822)
  rows=96,432  triples=13,633,789  (3 ent/s, 458 triples/s, errors=167873)
  rows=96,465  triples=13,636,993  (3 ent/s, 458 triples/s, errors=167884)
  rows=96,499  triples=13,640,627  (3 ent/s, 458 triples/s, errors=167893)
  rows=96,525  triples=13,644,050  (3 ent/s, 458 triples/s, errors=167912)
  rows=96,556  triples=13,647,418  (3 ent/s, 458 triples/s, errors=167922)
  rows=96,587  triples=13,650,744  (3 ent/s, 458 triples/s, errors=167931)
  rows=96,613  triples=13,653,705  (3 ent/s, 458 triples/s, errors=167939)
  rows=96,645  triples=13,656,759  (3 ent/s, 458 triples/s, errors=167946)
  rows=96,669  triples=13,659,955  (3 ent/s, 458 triples/s, errors=167951)
  rows=96,704  triples=13,663,393  (3 ent/s, 458 triples/s, errors=167974)
  rows=96,727  triples=13,666,751  (3 ent/s, 458 triples/s, errors=168019)
  rows=96,761  triples=13,669,988  (3 ent/s, 458 triples/s, errors=168033)
  rows=96,792  triples=13,673,301  (3 ent/s, 458 triples/s, errors=168052)
  rows=96,811  triples=13,675,686  (3 ent/s, 458 triples/s, errors=168056)
  rows=96,836  triples=13,678,989  (3 ent/s, 458 triples/s, errors=168061)
  rows=96,868  triples=13,682,701  (3 ent/s, 458 triples/s, errors=168234)
  rows=96,893  triples=13,686,030  (3 ent/s, 458 triples/s, errors=168260)
  rows=96,919  triples=13,689,269  (3 ent/s, 458 triples/s, errors=168290)
  rows=96,948  triples=13,692,635  (3 ent/s, 458 triples/s, errors=168337)
  rows=96,985  triples=13,695,883  (3 ent/s, 458 triples/s, errors=168346)
  rows=97,007  triples=13,698,055  (3 ent/s, 458 triples/s, errors=168358)
  rows=97,040  triples=13,701,372  (3 ent/s, 458 triples/s, errors=168374)
  rows=97,062  triples=13,704,589  (3 ent/s, 458 triples/s, errors=168406)
  rows=97,096  triples=13,707,816  (3 ent/s, 458 triples/s, errors=168408)
  rows=97,122  triples=13,710,916  (3 ent/s, 458 triples/s, errors=168418)
  rows=97,150  triples=13,714,019  (3 ent/s, 458 triples/s, errors=168432)
  rows=97,177  triples=13,717,449  (3 ent/s, 458 triples/s, errors=168447)
  rows=97,201  triples=13,720,005  (3 ent/s, 458 triples/s, errors=168453)
  rows=97,235  triples=13,723,327  (3 ent/s, 458 triples/s, errors=168459)
  rows=97,272  triples=13,726,478  (3 ent/s, 458 triples/s, errors=168469)
  rows=97,308  triples=13,729,847  (3 ent/s, 458 triples/s, errors=168477)
  rows=97,350  triples=13,733,173  (3 ent/s, 458 triples/s, errors=168501)
  rows=97,376  triples=13,736,257  (3 ent/s, 458 triples/s, errors=168504)
  rows=97,399  triples=13,739,521  (3 ent/s, 458 triples/s, errors=168510)
  rows=97,416  triples=13,741,905  (3 ent/s, 458 triples/s, errors=168541)
  rows=97,447  triples=13,745,185  (3 ent/s, 458 triples/s, errors=168550)
  rows=97,480  triples=13,748,569  (3 ent/s, 458 triples/s, errors=168561)
  rows=97,528  triples=13,751,680  (3 ent/s, 458 triples/s, errors=168561)
  rows=97,566  triples=13,755,033  (3 ent/s, 458 triples/s, errors=168608)
  rows=97,601  triples=13,758,292  (3 ent/s, 458 triples/s, errors=168631)
  rows=97,628  triples=13,761,647  (3 ent/s, 458 triples/s, errors=168636)
  rows=97,651  triples=13,764,870  (3 ent/s, 458 triples/s, errors=168655)
  rows=97,682  triples=13,768,153  (3 ent/s, 458 triples/s, errors=168656)
  rows=97,723  triples=13,771,456  (3 ent/s, 458 triples/s, errors=168671)
  rows=97,761  triples=13,774,817  (3 ent/s, 458 triples/s, errors=168676)
  rows=97,798  triples=13,778,328  (3 ent/s, 458 triples/s, errors=168688)
  rows=97,830  triples=13,780,577  (3 ent/s, 458 triples/s, errors=168688)
  rows=97,871  triples=13,783,735  (3 ent/s, 458 triples/s, errors=168696)
  rows=97,902  triples=13,786,888  (3 ent/s, 458 triples/s, errors=168740)
  rows=97,931  triples=13,790,118  (3 ent/s, 458 triples/s, errors=168750)
  rows=97,957  triples=13,793,260  (3 ent/s, 458 triples/s, errors=168766)
  rows=97,991  triples=13,796,763  (3 ent/s, 458 triples/s, errors=168772)
  rows=98,021  triples=13,799,403  (3 ent/s, 458 triples/s, errors=168798)
  rows=98,048  triples=13,802,685  (3 ent/s, 458 triples/s, errors=168827)
  rows=98,090  triples=13,806,273  (3 ent/s, 458 triples/s, errors=168844)
  rows=98,128  triples=13,809,420  (3 ent/s, 458 triples/s, errors=168850)
  rows=98,157  triples=13,812,682  (3 ent/s, 458 triples/s, errors=168851)
  rows=98,173  triples=13,813,703  (3 ent/s, 458 triples/s, errors=168871)
  rows=98,201  triples=13,816,578  (3 ent/s, 458 triples/s, errors=168881)
  rows=98,225  triples=13,819,685  (3 ent/s, 458 triples/s, errors=168924)
  rows=98,255  triples=13,822,714  (3 ent/s, 458 triples/s, errors=169005)
  rows=98,288  triples=13,826,133  (3 ent/s, 458 triples/s, errors=169069)
  rows=98,318  triples=13,829,278  (3 ent/s, 458 triples/s, errors=169117)
  rows=98,355  triples=13,832,645  (3 ent/s, 458 triples/s, errors=169134)
  rows=98,386  triples=13,836,031  (3 ent/s, 458 triples/s, errors=169151)
  rows=98,407  triples=13,838,127  (3 ent/s, 458 triples/s, errors=169160)
  rows=98,445  triples=13,841,313  (3 ent/s, 458 triples/s, errors=169184)
  rows=98,480  triples=13,844,474  (3 ent/s, 458 triples/s, errors=169189)
  rows=98,516  triples=13,847,732  (3 ent/s, 458 triples/s, errors=169194)
  rows=98,548  triples=13,851,181  (3 ent/s, 458 triples/s, errors=169224)
  rows=98,577  triples=13,854,671  (3 ent/s, 458 triples/s, errors=169235)
  rows=98,601  triples=13,857,407  (3 ent/s, 458 triples/s, errors=169260)
  rows=98,638  triples=13,860,796  (3 ent/s, 458 triples/s, errors=169277)
  rows=98,671  triples=13,864,239  (3 ent/s, 458 triples/s, errors=169291)
  rows=98,708  triples=13,867,511  (3 ent/s, 458 triples/s, errors=169316)
  rows=98,741  triples=13,871,096  (3 ent/s, 458 triples/s, errors=169327)
  rows=98,777  triples=13,874,381  (3 ent/s, 458 triples/s, errors=169351)
  rows=98,801  triples=13,877,027  (3 ent/s, 458 triples/s, errors=169381)
  rows=98,825  triples=13,880,166  (3 ent/s, 458 triples/s, errors=169530)
  rows=98,855  triples=13,883,249  (3 ent/s, 458 triples/s, errors=169539)
  rows=98,891  triples=13,886,771  (3 ent/s, 458 triples/s, errors=169564)
  rows=98,917  triples=13,889,797  (3 ent/s, 458 triples/s, errors=169583)
  rows=98,956  triples=13,892,991  (3 ent/s, 458 triples/s, errors=169617)
  rows=98,988  triples=13,896,063  (3 ent/s, 458 triples/s, errors=169661)
  rows=99,027  triples=13,899,072  (3 ent/s, 458 triples/s, errors=169686)
  rows=99,052  triples=13,902,278  (3 ent/s, 458 triples/s, errors=169717)
  rows=99,091  triples=13,905,572  (3 ent/s, 458 triples/s, errors=169735)
  rows=99,123  triples=13,908,750  (3 ent/s, 458 triples/s, errors=169761)
  rows=99,163  triples=13,911,801  (3 ent/s, 458 triples/s, errors=169778)
  rows=99,191  triples=13,915,291  (3 ent/s, 458 triples/s, errors=169833)
  rows=99,208  triples=13,917,623  (3 ent/s, 458 triples/s, errors=169849)
  rows=99,243  triples=13,920,873  (3 ent/s, 458 triples/s, errors=169880)
  rows=99,273  triples=13,923,987  (3 ent/s, 458 triples/s, errors=169905)
  rows=99,302  triples=13,927,178  (3 ent/s, 458 triples/s, errors=169923)
  rows=99,329  triples=13,930,318  (3 ent/s, 458 triples/s, errors=169956)
  rows=99,354  triples=13,933,523  (3 ent/s, 458 triples/s, errors=169961)
  rows=99,379  triples=13,936,608  (3 ent/s, 458 triples/s, errors=169994)
  rows=99,401  triples=13,939,239  (3 ent/s, 458 triples/s, errors=170035)
  rows=99,433  triples=13,942,702  (3 ent/s, 458 triples/s, errors=170082)
  rows=99,465  triples=13,945,882  (3 ent/s, 458 triples/s, errors=170109)
  rows=99,483  triples=13,949,124  (3 ent/s, 458 triples/s, errors=170187)
  rows=99,506  triples=13,952,313  (3 ent/s, 458 triples/s, errors=170374)
  rows=99,543  triples=13,955,484  (3 ent/s, 458 triples/s, errors=170430)
  rows=99,571  triples=13,958,768  (3 ent/s, 458 triples/s, errors=170448)
  rows=99,598  triples=13,961,880  (3 ent/s, 458 triples/s, errors=170488)
  rows=99,620  triples=13,964,134  (3 ent/s, 458 triples/s, errors=170507)
  rows=99,661  triples=13,967,634  (3 ent/s, 458 triples/s, errors=170554)
  rows=99,691  triples=13,970,957  (3 ent/s, 458 triples/s, errors=170616)
  rows=99,729  triples=13,974,007  (3 ent/s, 458 triples/s, errors=170648)
  rows=99,758  triples=13,977,343  (3 ent/s, 458 triples/s, errors=170719)
  rows=99,786  triples=13,980,482  (3 ent/s, 458 triples/s, errors=170797)
  rows=99,820  triples=13,983,575  (3 ent/s, 458 triples/s, errors=170825)
  rows=99,850  triples=13,986,629  (3 ent/s, 458 triples/s, errors=170859)
  rows=99,878  triples=13,989,956  (3 ent/s, 458 triples/s, errors=170875)
  rows=99,911  triples=13,993,026  (3 ent/s, 458 triples/s, errors=170940)
  rows=99,945  triples=13,996,032  (3 ent/s, 458 triples/s, errors=171053)
  rows=99,975  triples=13,999,346  (3 ent/s, 458 triples/s, errors=171069)
  rows=99,991  triples=14,000,437  (3 ent/s, 457 triples/s, errors=171082)
  rows=100,013  triples=14,002,977  (3 ent/s, 457 triples/s, errors=171119)
  rows=100,044  triples=14,006,054  (3 ent/s, 457 triples/s, errors=171161)
  rows=100,085  triples=14,009,338  (3 ent/s, 457 triples/s, errors=171175)
  rows=100,121  triples=14,012,560  (3 ent/s, 457 triples/s, errors=171197)
  rows=100,159  triples=14,015,648  (3 ent/s, 457 triples/s, errors=171265)
  rows=100,188  triples=14,018,675  (3 ent/s, 457 triples/s, errors=171330)
  rows=100,223  triples=14,021,858  (3 ent/s, 457 triples/s, errors=171342)
  rows=100,254  triples=14,024,866  (3 ent/s, 457 triples/s, errors=171369)
  rows=100,289  triples=14,028,157  (3 ent/s, 457 triples/s, errors=171395)
  rows=100,331  triples=14,031,372  (3 ent/s, 457 triples/s, errors=171403)
  rows=100,370  triples=14,034,565  (3 ent/s, 457 triples/s, errors=171410)
  rows=100,400  triples=14,037,681  (3 ent/s, 457 triples/s, errors=171426)
  rows=100,436  triples=14,040,887  (3 ent/s, 457 triples/s, errors=171452)
  rows=100,471  triples=14,043,991  (3 ent/s, 457 triples/s, errors=171485)
  rows=100,501  triples=14,047,085  (3 ent/s, 457 triples/s, errors=171529)
  rows=100,530  triples=14,049,957  (3 ent/s, 457 triples/s, errors=171993)
  rows=100,567  triples=14,053,100  (3 ent/s, 457 triples/s, errors=172039)
  rows=100,601  triples=14,055,879  (3 ent/s, 457 triples/s, errors=172057)
  rows=100,633  triples=14,059,268  (3 ent/s, 457 triples/s, errors=172092)
  rows=100,667  triples=14,062,355  (3 ent/s, 457 triples/s, errors=172198)
  rows=100,702  triples=14,065,436  (3 ent/s, 457 triples/s, errors=172240)
  rows=100,729  triples=14,068,609  (3 ent/s, 457 triples/s, errors=172268)
  rows=100,768  triples=14,071,806  (3 ent/s, 457 triples/s, errors=172326)
  rows=100,801  triples=14,074,094  (3 ent/s, 457 triples/s, errors=172328)
  rows=100,834  triples=14,077,343  (3 ent/s, 457 triples/s, errors=172365)
  rows=100,874  triples=14,080,625  (3 ent/s, 457 triples/s, errors=172410)
  rows=100,904  triples=14,083,861  (3 ent/s, 457 triples/s, errors=172456)
  rows=100,938  triples=14,086,939  (3 ent/s, 457 triples/s, errors=172491)
  rows=100,970  triples=14,090,081  (3 ent/s, 457 triples/s, errors=172587)
  rows=101,001  triples=14,092,756  (3 ent/s, 457 triples/s, errors=172602)
  rows=101,035  triples=14,095,857  (3 ent/s, 457 triples/s, errors=172618)
  rows=101,067  triples=14,098,918  (3 ent/s, 457 triples/s, errors=172637)
  rows=101,102  triples=14,102,170  (3 ent/s, 457 triples/s, errors=172749)
  rows=101,142  triples=14,105,319  (3 ent/s, 457 triples/s, errors=172761)
  rows=101,171  triples=14,108,435  (3 ent/s, 457 triples/s, errors=172815)
  rows=101,198  triples=14,111,719  (3 ent/s, 457 triples/s, errors=172901)
  rows=101,228  triples=14,113,976  (3 ent/s, 457 triples/s, errors=172918)
  rows=101,273  triples=14,117,130  (3 ent/s, 457 triples/s, errors=172928)
  rows=101,307  triples=14,120,473  (3 ent/s, 457 triples/s, errors=173017)
  rows=101,340  triples=14,123,556  (3 ent/s, 457 triples/s, errors=173050)
  rows=101,374  triples=14,126,719  (3 ent/s, 457 triples/s, errors=173063)
  rows=101,401  triples=14,129,220  (3 ent/s, 457 triples/s, errors=173092)
  rows=101,439  triples=14,132,395  (3 ent/s, 457 triples/s, errors=173127)
  rows=101,474  triples=14,135,458  (3 ent/s, 457 triples/s, errors=173226)
  rows=101,510  triples=14,138,724  (3 ent/s, 457 triples/s, errors=173237)
  rows=101,548  triples=14,141,918  (3 ent/s, 457 triples/s, errors=173253)
  rows=101,587  triples=14,145,207  (3 ent/s, 457 triples/s, errors=173265)
  rows=101,612  triples=14,147,429  (3 ent/s, 457 triples/s, errors=173284)
  rows=101,647  triples=14,150,754  (3 ent/s, 457 triples/s, errors=173306)
  rows=101,687  triples=14,154,103  (3 ent/s, 457 triples/s, errors=173322)
  rows=101,723  triples=14,157,182  (3 ent/s, 457 triples/s, errors=173353)
  rows=101,756  triples=14,160,400  (3 ent/s, 457 triples/s, errors=173384)
  rows=101,792  triples=14,163,752  (3 ent/s, 457 triples/s, errors=173396)
  rows=101,809  triples=14,164,498  (3 ent/s, 457 triples/s, errors=173396)
  rows=101,826  triples=14,167,625  (3 ent/s, 457 triples/s, errors=173519)
  rows=101,860  triples=14,170,843  (3 ent/s, 457 triples/s, errors=173590)
  rows=101,897  triples=14,174,337  (3 ent/s, 457 triples/s, errors=173603)
  rows=101,932  triples=14,177,503  (3 ent/s, 457 triples/s, errors=173622)
  rows=101,966  triples=14,180,774  (3 ent/s, 457 triples/s, errors=173638)
  rows=102,001  triples=14,183,444  (3 ent/s, 457 triples/s, errors=173646)
  rows=102,039  triples=14,186,628  (3 ent/s, 457 triples/s, errors=173666)
  rows=102,075  triples=14,189,794  (3 ent/s, 457 triples/s, errors=173670)
  rows=102,111  triples=14,193,033  (3 ent/s, 457 triples/s, errors=173705)
  rows=102,146  triples=14,196,406  (3 ent/s, 457 triples/s, errors=173720)
  rows=102,174  triples=14,199,369  (3 ent/s, 457 triples/s, errors=174148)
  rows=102,201  triples=14,201,661  (3 ent/s, 457 triples/s, errors=174151)
  rows=102,228  triples=14,204,906  (3 ent/s, 457 triples/s, errors=174163)
  rows=102,264  triples=14,208,184  (3 ent/s, 457 triples/s, errors=174188)
  rows=102,295  triples=14,211,322  (3 ent/s, 457 triples/s, errors=174220)
  rows=102,331  triples=14,214,423  (3 ent/s, 457 triples/s, errors=174226)
  rows=102,367  triples=14,217,822  (3 ent/s, 457 triples/s, errors=174235)
  rows=102,397  triples=14,220,871  (3 ent/s, 457 triples/s, errors=174327)
  rows=102,426  triples=14,223,386  (3 ent/s, 457 triples/s, errors=174335)
  rows=102,469  triples=14,226,961  (3 ent/s, 457 triples/s, errors=174356)
  rows=102,501  triples=14,230,122  (3 ent/s, 457 triples/s, errors=174365)
  rows=102,538  triples=14,233,128  (3 ent/s, 457 triples/s, errors=174375)
  rows=102,572  triples=14,236,347  (3 ent/s, 457 triples/s, errors=174439)
  rows=102,601  triples=14,238,676  (3 ent/s, 457 triples/s, errors=174441)
  rows=102,636  triples=14,241,940  (3 ent/s, 457 triples/s, errors=174452)
  rows=102,668  triples=14,245,093  (3 ent/s, 457 triples/s, errors=174464)
  rows=102,701  triples=14,248,200  (3 ent/s, 457 triples/s, errors=174480)
  rows=102,732  triples=14,251,595  (3 ent/s, 457 triples/s, errors=174493)
  rows=102,769  triples=14,254,687  (3 ent/s, 457 triples/s, errors=174512)
  rows=102,799  triples=14,257,793  (3 ent/s, 457 triples/s, errors=174601)
  rows=102,821  triples=14,259,921  (3 ent/s, 457 triples/s, errors=174685)
  rows=102,862  triples=14,263,245  (3 ent/s, 457 triples/s, errors=174709)
  rows=102,899  triples=14,266,328  (3 ent/s, 457 triples/s, errors=174721)
  rows=102,925  triples=14,269,446  (3 ent/s, 457 triples/s, errors=174745)
  rows=102,968  triples=14,272,586  (3 ent/s, 457 triples/s, errors=174747)
  rows=103,001  triples=14,275,605  (3 ent/s, 457 triples/s, errors=174750)
  rows=103,041  triples=14,278,922  (3 ent/s, 457 triples/s, errors=174754)
  rows=103,078  triples=14,282,089  (3 ent/s, 457 triples/s, errors=174767)
  rows=103,113  triples=14,285,447  (3 ent/s, 457 triples/s, errors=174778)
  rows=103,151  triples=14,288,713  (3 ent/s, 457 triples/s, errors=174808)
  rows=103,186  triples=14,292,023  (3 ent/s, 457 triples/s, errors=174837)
  rows=103,205  triples=14,294,491  (3 ent/s, 457 triples/s, errors=174842)
  rows=103,237  triples=14,297,723  (3 ent/s, 457 triples/s, errors=174873)
  rows=103,270  triples=14,301,132  (3 ent/s, 457 triples/s, errors=174895)
  rows=103,301  triples=14,304,463  (3 ent/s, 457 triples/s, errors=174918)
  rows=103,330  triples=14,307,553  (3 ent/s, 457 triples/s, errors=174966)
  rows=103,364  triples=14,310,724  (3 ent/s, 457 triples/s, errors=174974)
  rows=103,390  triples=14,313,948  (3 ent/s, 457 triples/s, errors=174990)
  rows=103,412  triples=14,316,310  (3 ent/s, 457 triples/s, errors=175002)
  rows=103,454  triples=14,319,399  (3 ent/s, 457 triples/s, errors=175012)
  rows=103,483  triples=14,322,677  (3 ent/s, 457 triples/s, errors=175060)
  rows=103,527  triples=14,325,744  (3 ent/s, 457 triples/s, errors=175066)
  rows=103,562  triples=14,328,939  (3 ent/s, 457 triples/s, errors=175069)
  rows=103,592  triples=14,332,171  (3 ent/s, 457 triples/s, errors=175078)
  rows=103,618  triples=14,335,102  (3 ent/s, 457 triples/s, errors=175087)
  rows=103,627  triples=14,335,102  (3 ent/s, 457 triples/s, errors=175087)
  rows=103,651  triples=14,338,511  (3 ent/s, 457 triples/s, errors=175125)
  rows=103,684  triples=14,341,574  (3 ent/s, 457 triples/s, errors=175238)
  rows=103,729  triples=14,344,826  (3 ent/s, 457 triples/s, errors=175248)
  rows=103,766  triples=14,348,044  (3 ent/s, 457 triples/s, errors=175266)
  rows=103,798  triples=14,351,420  (3 ent/s, 457 triples/s, errors=175270)
  rows=103,830  triples=14,354,444  (3 ent/s, 457 triples/s, errors=175287)
  rows=103,858  triples=14,357,659  (3 ent/s, 457 triples/s, errors=175379)
  rows=103,882  triples=14,360,784  (3 ent/s, 457 triples/s, errors=175401)
  rows=103,929  triples=14,364,027  (3 ent/s, 457 triples/s, errors=175412)
  rows=103,970  triples=14,367,183  (3 ent/s, 457 triples/s, errors=175422)
  rows=103,994  triples=14,370,315  (3 ent/s, 457 triples/s, errors=175437)
  rows=104,015  triples=14,372,929  (3 ent/s, 457 triples/s, errors=175447)
  rows=104,047  triples=14,376,218  (3 ent/s, 457 triples/s, errors=175465)
  rows=104,079  triples=14,379,243  (3 ent/s, 457 triples/s, errors=175478)
  rows=104,106  triples=14,382,840  (3 ent/s, 457 triples/s, errors=175508)
  rows=104,125  triples=14,385,752  (3 ent/s, 457 triples/s, errors=175891)
  rows=104,160  triples=14,389,002  (3 ent/s, 457 triples/s, errors=175898)
  rows=104,193  triples=14,392,177  (3 ent/s, 457 triples/s, errors=175912)
  rows=104,226  triples=14,394,694  (3 ent/s, 457 triples/s, errors=175956)
  rows=104,264  triples=14,398,001  (3 ent/s, 457 triples/s, errors=175987)
  rows=104,296  triples=14,401,125  (3 ent/s, 457 triples/s, errors=175997)
  rows=104,340  triples=14,404,777  (3 ent/s, 457 triples/s, errors=176020)
  rows=104,373  triples=14,407,797  (3 ent/s, 457 triples/s, errors=176041)
  rows=104,401  triples=14,410,409  (3 ent/s, 457 triples/s, errors=176070)
  rows=104,428  triples=14,413,508  (3 ent/s, 457 triples/s, errors=176086)
  rows=104,460  triples=14,416,662  (3 ent/s, 457 triples/s, errors=176108)
  rows=104,489  triples=14,420,106  (3 ent/s, 457 triples/s, errors=176149)
  rows=104,515  triples=14,423,247  (3 ent/s, 457 triples/s, errors=176164)
  rows=104,538  triples=14,426,329  (3 ent/s, 457 triples/s, errors=176172)
  rows=104,566  triples=14,429,742  (3 ent/s, 457 triples/s, errors=176615)
  rows=104,598  triples=14,433,126  (3 ent/s, 457 triples/s, errors=176628)
  rows=104,619  triples=14,435,729  (3 ent/s, 457 triples/s, errors=176911)
  rows=104,653  triples=14,438,754  (3 ent/s, 457 triples/s, errors=176922)
  rows=104,691  triples=14,441,951  (3 ent/s, 457 triples/s, errors=176931)
  rows=104,720  triples=14,444,996  (3 ent/s, 457 triples/s, errors=176992)
  rows=104,761  triples=14,448,212  (3 ent/s, 457 triples/s, errors=177001)
  rows=104,792  triples=14,451,393  (3 ent/s, 457 triples/s, errors=177060)
  rows=104,822  triples=14,454,773  (3 ent/s, 457 triples/s, errors=177066)
  rows=104,859  triples=14,458,070  (3 ent/s, 457 triples/s, errors=177073)
  rows=104,905  triples=14,461,665  (3 ent/s, 457 triples/s, errors=177089)
  rows=104,947  triples=14,465,203  (3 ent/s, 457 triples/s, errors=177097)
  rows=104,982  triples=14,468,442  (3 ent/s, 457 triples/s, errors=177105)
  rows=105,007  triples=14,470,827  (3 ent/s, 457 triples/s, errors=177108)
  rows=105,038  triples=14,474,085  (3 ent/s, 457 triples/s, errors=177118)
  rows=105,075  triples=14,477,220  (3 ent/s, 457 triples/s, errors=177127)
  rows=105,113  triples=14,480,967  (3 ent/s, 457 triples/s, errors=177253)
  rows=105,142  triples=14,484,116  (3 ent/s, 457 triples/s, errors=177258)
  rows=105,169  triples=14,487,523  (3 ent/s, 457 triples/s, errors=177281)
  rows=105,188  triples=14,490,817  (3 ent/s, 457 triples/s, errors=177303)
  rows=105,218  triples=14,493,758  (3 ent/s, 457 triples/s, errors=177316)
  rows=105,252  triples=14,496,902  (3 ent/s, 457 triples/s, errors=177345)
  rows=105,280  triples=14,500,286  (3 ent/s, 457 triples/s, errors=177352)
  rows=105,305  triples=14,503,431  (3 ent/s, 457 triples/s, errors=177372)
  rows=105,333  triples=14,506,637  (3 ent/s, 457 triples/s, errors=177376)
  rows=105,357  triples=14,509,916  (3 ent/s, 457 triples/s, errors=177417)
  rows=105,386  triples=14,512,975  (3 ent/s, 457 triples/s, errors=177428)
  rows=105,413  triples=14,515,345  (3 ent/s, 457 triples/s, errors=177429)
  rows=105,445  triples=14,517,548  (3 ent/s, 456 triples/s, errors=177434)
  rows=105,471  triples=14,520,985  (3 ent/s, 456 triples/s, errors=177460)
  rows=105,516  triples=14,524,305  (3 ent/s, 456 triples/s, errors=177474)
  rows=105,548  triples=14,527,382  (3 ent/s, 456 triples/s, errors=177487)
  rows=105,588  triples=14,530,638  (3 ent/s, 456 triples/s, errors=177505)
  rows=105,611  triples=14,533,381  (3 ent/s, 456 triples/s, errors=177531)
  rows=105,641  triples=14,536,807  (3 ent/s, 456 triples/s, errors=177569)
  rows=105,672  triples=14,540,072  (3 ent/s, 456 triples/s, errors=177577)
  rows=105,700  triples=14,543,142  (3 ent/s, 456 triples/s, errors=177590)
  rows=105,735  triples=14,546,272  (3 ent/s, 456 triples/s, errors=177628)
  rows=105,758  triples=14,549,362  (3 ent/s, 456 triples/s, errors=177635)
  rows=105,788  triples=14,552,470  (3 ent/s, 456 triples/s, errors=177672)
  rows=105,813  triples=14,555,741  (3 ent/s, 456 triples/s, errors=177723)
  rows=105,844  triples=14,558,792  (3 ent/s, 456 triples/s, errors=177734)
  rows=105,867  triples=14,561,983  (3 ent/s, 456 triples/s, errors=177748)
  rows=105,892  triples=14,565,239  (3 ent/s, 456 triples/s, errors=177757)
  rows=105,922  triples=14,568,377  (3 ent/s, 456 triples/s, errors=177773)
  rows=105,940  triples=14,571,173  (3 ent/s, 456 triples/s, errors=178127)
  rows=105,966  triples=14,574,691  (3 ent/s, 456 triples/s, errors=178137)
  rows=105,993  triples=14,578,220  (3 ent/s, 456 triples/s, errors=178233)
  rows=106,013  triples=14,580,444  (3 ent/s, 456 triples/s, errors=178241)
  rows=106,046  triples=14,583,660  (3 ent/s, 456 triples/s, errors=178264)
  rows=106,068  triples=14,586,903  (3 ent/s, 456 triples/s, errors=178340)
  rows=106,095  triples=14,590,358  (3 ent/s, 456 triples/s, errors=178350)
  rows=106,119  triples=14,593,802  (3 ent/s, 456 triples/s, errors=178375)
  rows=106,146  triples=14,597,077  (3 ent/s, 456 triples/s, errors=178409)
  rows=106,174  triples=14,600,278  (3 ent/s, 456 triples/s, errors=178419)
  rows=106,201  triples=14,602,848  (3 ent/s, 456 triples/s, errors=178429)
  rows=106,221  triples=14,605,852  (3 ent/s, 456 triples/s, errors=178441)
  rows=106,248  triples=14,609,101  (3 ent/s, 456 triples/s, errors=178461)
  rows=106,275  triples=14,612,345  (3 ent/s, 456 triples/s, errors=178471)
  rows=106,310  triples=14,615,792  (3 ent/s, 456 triples/s, errors=178490)
  rows=106,339  triples=14,619,051  (3 ent/s, 456 triples/s, errors=178552)
  rows=106,369  triples=14,622,264  (3 ent/s, 456 triples/s, errors=178599)
  rows=106,395  triples=14,625,552  (3 ent/s, 456 triples/s, errors=178619)
  rows=106,414  triples=14,628,442  (3 ent/s, 456 triples/s, errors=178654)
  rows=106,441  triples=14,631,757  (3 ent/s, 456 triples/s, errors=178678)
  rows=106,470  triples=14,634,976  (3 ent/s, 456 triples/s, errors=178738)
  rows=106,499  triples=14,638,451  (3 ent/s, 456 triples/s, errors=178753)
  rows=106,525  triples=14,641,665  (3 ent/s, 456 triples/s, errors=178782)
  rows=106,557  triples=14,644,944  (3 ent/s, 456 triples/s, errors=178812)
  rows=106,587  triples=14,648,211  (3 ent/s, 456 triples/s, errors=178836)
  rows=106,610  triples=14,650,668  (3 ent/s, 456 triples/s, errors=178858)
  rows=106,636  triples=14,654,043  (3 ent/s, 456 triples/s, errors=179047)
  rows=106,659  triples=14,657,221  (3 ent/s, 456 triples/s, errors=179056)
  rows=106,688  triples=14,660,835  (3 ent/s, 456 triples/s, errors=179069)
  rows=106,709  triples=14,664,196  (3 ent/s, 456 triples/s, errors=179079)
  rows=106,740  triples=14,667,571  (3 ent/s, 456 triples/s, errors=179101)
  rows=106,766  triples=14,670,933  (3 ent/s, 456 triples/s, errors=179125)
  rows=106,792  triples=14,674,049  (3 ent/s, 456 triples/s, errors=179145)
  rows=106,812  triples=14,676,611  (3 ent/s, 456 triples/s, errors=179170)
  rows=106,840  triples=14,679,791  (3 ent/s, 456 triples/s, errors=179185)
  rows=106,863  triples=14,682,856  (3 ent/s, 456 triples/s, errors=179188)
  rows=106,900  triples=14,686,004  (3 ent/s, 456 triples/s, errors=179218)
  rows=106,930  triples=14,689,194  (3 ent/s, 456 triples/s, errors=179244)
  rows=106,958  triples=14,692,556  (3 ent/s, 456 triples/s, errors=179254)
  rows=106,986  triples=14,695,885  (3 ent/s, 456 triples/s, errors=179263)
  rows=107,001  triples=14,698,105  (3 ent/s, 456 triples/s, errors=179300)
  rows=107,031  triples=14,701,623  (3 ent/s, 456 triples/s, errors=179336)
  rows=107,064  triples=14,704,707  (3 ent/s, 456 triples/s, errors=179351)
  rows=107,095  triples=14,708,171  (3 ent/s, 456 triples/s, errors=179368)
  rows=107,122  triples=14,711,415  (3 ent/s, 456 triples/s, errors=179399)
  rows=107,151  triples=14,714,683  (3 ent/s, 456 triples/s, errors=179460)
  rows=107,179  triples=14,717,948  (3 ent/s, 456 triples/s, errors=179474)
  rows=107,213  triples=14,720,760  (3 ent/s, 456 triples/s, errors=179516)
  rows=107,242  triples=14,723,880  (3 ent/s, 456 triples/s, errors=179566)
  rows=107,262  triples=14,726,925  (3 ent/s, 456 triples/s, errors=179598)
  rows=107,263  triples=14,726,925  (3 ent/s, 456 triples/s, errors=179598)
  rows=107,295  triples=14,730,457  (3 ent/s, 456 triples/s, errors=179647)
  rows=107,323  triples=14,733,882  (3 ent/s, 456 triples/s, errors=179667)
  rows=107,351  triples=14,736,822  (3 ent/s, 456 triples/s, errors=179929)
  rows=107,378  triples=14,740,135  (3 ent/s, 456 triples/s, errors=179980)
  rows=107,400  triples=14,743,327  (3 ent/s, 456 triples/s, errors=179994)
  rows=107,427  triples=14,746,778  (3 ent/s, 456 triples/s, errors=180021)
  rows=107,453  triples=14,749,829  (3 ent/s, 456 triples/s, errors=180030)
  rows=107,474  triples=14,753,430  (3 ent/s, 456 triples/s, errors=180126)
  rows=107,508  triples=14,756,696  (3 ent/s, 456 triples/s, errors=180166)
  rows=107,538  triples=14,759,995  (3 ent/s, 456 triples/s, errors=180203)
  rows=107,566  triples=14,763,097  (3 ent/s, 456 triples/s, errors=180240)
  rows=107,592  triples=14,766,555  (3 ent/s, 456 triples/s, errors=180278)
  rows=107,612  triples=14,769,228  (3 ent/s, 456 triples/s, errors=180302)
  rows=107,640  triples=14,772,323  (3 ent/s, 456 triples/s, errors=180317)
  rows=107,673  triples=14,775,689  (3 ent/s, 456 triples/s, errors=180333)
  rows=107,703  triples=14,778,798  (3 ent/s, 456 triples/s, errors=180363)
  rows=107,734  triples=14,782,058  (3 ent/s, 456 triples/s, errors=180382)
  rows=107,765  triples=14,785,452  (3 ent/s, 456 triples/s, errors=180393)
  rows=107,797  triples=14,788,598  (3 ent/s, 456 triples/s, errors=180446)
  rows=107,821  triples=14,791,253  (3 ent/s, 456 triples/s, errors=180468)
  rows=107,841  triples=14,794,455  (3 ent/s, 456 triples/s, errors=180609)
  rows=107,871  triples=14,797,845  (3 ent/s, 456 triples/s, errors=180623)
  rows=107,900  triples=14,801,384  (3 ent/s, 456 triples/s, errors=180649)
  rows=107,930  triples=14,804,552  (3 ent/s, 456 triples/s, errors=180669)
  rows=107,955  triples=14,807,892  (3 ent/s, 456 triples/s, errors=180697)
  rows=107,990  triples=14,810,993  (3 ent/s, 456 triples/s, errors=180706)
  rows=108,019  triples=14,814,128  (3 ent/s, 456 triples/s, errors=180723)
  rows=108,047  triples=14,817,469  (3 ent/s, 456 triples/s, errors=180735)
  rows=108,076  triples=14,820,560  (3 ent/s, 456 triples/s, errors=180764)
  rows=108,109  triples=14,823,989  (3 ent/s, 456 triples/s, errors=180806)
  rows=108,145  triples=14,827,582  (3 ent/s, 456 triples/s, errors=180838)
  rows=108,173  triples=14,831,116  (3 ent/s, 456 triples/s, errors=180869)
  rows=108,193  triples=14,833,349  (3 ent/s, 456 triples/s, errors=180891)
  rows=108,212  triples=14,835,304  (3 ent/s, 456 triples/s, errors=180898)
  rows=108,228  triples=14,837,520  (3 ent/s, 456 triples/s, errors=180943)
  rows=108,245  triples=14,839,606  (3 ent/s, 456 triples/s, errors=180948)
  rows=108,262  triples=14,841,819  (3 ent/s, 456 triples/s, errors=180957)
  rows=108,276  triples=14,843,961  (3 ent/s, 456 triples/s, errors=180975)
  rows=108,293  triples=14,845,161  (3 ent/s, 456 triples/s, errors=181007)
  rows=108,298  triples=14,846,455  (3 ent/s, 456 triples/s, errors=181019)
  rows=108,326  triples=14,849,566  (3 ent/s, 456 triples/s, errors=181048)
  rows=108,352  triples=14,851,702  (3 ent/s, 456 triples/s, errors=181051)
  rows=108,376  triples=14,854,885  (3 ent/s, 456 triples/s, errors=181077)
  rows=108,410  triples=14,857,904  (3 ent/s, 456 triples/s, errors=181111)
  rows=108,427  triples=14,859,978  (3 ent/s, 456 triples/s, errors=181128)
  rows=108,456  triples=14,863,432  (3 ent/s, 456 triples/s, errors=181142)
  rows=108,485  triples=14,866,968  (3 ent/s, 456 triples/s, errors=181171)
  rows=108,513  triples=14,870,267  (3 ent/s, 456 triples/s, errors=181185)
  rows=108,541  triples=14,872,648  (3 ent/s, 456 triples/s, errors=181241)
  rows=108,561  triples=14,875,722  (3 ent/s, 456 triples/s, errors=181278)
  rows=108,587  triples=14,878,835  (3 ent/s, 456 triples/s, errors=181295)
  rows=108,608  triples=14,881,689  (3 ent/s, 456 triples/s, errors=181307)
  rows=108,631  triples=14,885,087  (3 ent/s, 456 triples/s, errors=181335)
  rows=108,659  triples=14,890,566  (3 ent/s, 456 triples/s, errors=181347)
  rows=108,690  triples=14,893,636  (3 ent/s, 456 triples/s, errors=181356)
  rows=108,724  triples=14,896,965  (4 ent/s, 456 triples/s, errors=181378)
  rows=108,751  triples=14,900,253  (4 ent/s, 456 triples/s, errors=181414)
  rows=108,775  triples=14,903,355  (4 ent/s, 456 triples/s, errors=181478)
  rows=108,801  triples=14,906,236  (4 ent/s, 456 triples/s, errors=181500)
  rows=108,830  triples=14,909,642  (4 ent/s, 456 triples/s, errors=181540)
  rows=108,866  triples=14,913,213  (4 ent/s, 456 triples/s, errors=181570)
  rows=108,891  triples=14,916,432  (4 ent/s, 456 triples/s, errors=181589)
  rows=108,923  triples=14,919,687  (4 ent/s, 456 triples/s, errors=181617)
  rows=108,947  triples=14,923,178  (4 ent/s, 456 triples/s, errors=181643)
  rows=108,976  triples=14,926,385  (4 ent/s, 456 triples/s, errors=181668)
  rows=109,001  triples=14,928,561  (4 ent/s, 456 triples/s, errors=181677)
  rows=109,031  triples=14,932,051  (4 ent/s, 456 triples/s, errors=181699)
  rows=109,065  triples=14,935,305  (4 ent/s, 456 triples/s, errors=181720)
  rows=109,081  triples=14,936,276  (3 ent/s, 455 triples/s, errors=181761)
  rows=109,101  triples=14,939,445  (3 ent/s, 455 triples/s, errors=181793)
  rows=109,131  triples=14,942,465  (3 ent/s, 455 triples/s, errors=181853)
  rows=109,154  triples=14,945,849  (3 ent/s, 455 triples/s, errors=181884)
  rows=109,181  triples=14,949,163  (3 ent/s, 455 triples/s, errors=181899)
  rows=109,201  triples=14,951,762  (3 ent/s, 455 triples/s, errors=182010)
  rows=109,234  triples=14,955,286  (3 ent/s, 455 triples/s, errors=182278)
  rows=109,259  triples=14,958,352  (3 ent/s, 455 triples/s, errors=182313)
  rows=109,290  triples=14,961,530  (3 ent/s, 455 triples/s, errors=182328)
  rows=109,320  triples=14,964,696  (3 ent/s, 455 triples/s, errors=182345)
  rows=109,341  triples=14,966,799  (3 ent/s, 455 triples/s, errors=182351)
  rows=109,363  triples=14,968,835  (3 ent/s, 455 triples/s, errors=182377)
  rows=109,386  triples=14,970,946  (3 ent/s, 455 triples/s, errors=182397)
  rows=109,401  triples=14,972,850  (3 ent/s, 455 triples/s, errors=182402)
  rows=109,419  triples=14,975,138  (3 ent/s, 455 triples/s, errors=182423)
  rows=109,450  triples=14,978,242  (3 ent/s, 455 triples/s, errors=182438)
  rows=109,473  triples=14,981,404  (3 ent/s, 455 triples/s, errors=182471)
  rows=109,492  triples=14,984,503  (3 ent/s, 455 triples/s, errors=182492)
  rows=109,515  triples=14,987,603  (3 ent/s, 455 triples/s, errors=182504)
  rows=109,553  triples=14,990,697  (3 ent/s, 455 triples/s, errors=182519)
  rows=109,581  triples=14,993,777  (3 ent/s, 455 triples/s, errors=182653)
  rows=109,609  triples=14,996,775  (3 ent/s, 455 triples/s, errors=182668)
  rows=109,631  triples=15,000,131  (3 ent/s, 455 triples/s, errors=182696)
  rows=109,660  triples=15,003,365  (3 ent/s, 455 triples/s, errors=182705)
  rows=109,695  triples=15,006,563  (4 ent/s, 455 triples/s, errors=182744)
  rows=109,723  triples=15,010,022  (4 ent/s, 455 triples/s, errors=182765)
  rows=109,753  triples=15,013,295  (4 ent/s, 455 triples/s, errors=182831)
  rows=109,777  triples=15,016,844  (4 ent/s, 455 triples/s, errors=182856)
  rows=109,801  triples=15,019,695  (4 ent/s, 455 triples/s, errors=182874)
  rows=109,824  triples=15,023,119  (4 ent/s, 455 triples/s, errors=182913)
  rows=109,850  triples=15,026,355  (4 ent/s, 455 triples/s, errors=182922)
  rows=109,876  triples=15,029,454  (4 ent/s, 455 triples/s, errors=182949)
  rows=109,907  triples=15,032,606  (4 ent/s, 455 triples/s, errors=182960)
  rows=109,939  triples=15,035,667  (4 ent/s, 455 triples/s, errors=183045)
  rows=109,962  triples=15,039,271  (4 ent/s, 455 triples/s, errors=183249)
  rows=109,990  triples=15,042,619  (4 ent/s, 455 triples/s, errors=183267)
  rows=110,010  triples=15,044,977  (4 ent/s, 455 triples/s, errors=183290)
  rows=110,047  triples=15,048,230  (4 ent/s, 455 triples/s, errors=183297)
  rows=110,073  triples=15,051,490  (4 ent/s, 455 triples/s, errors=183323)
  rows=110,093  triples=15,054,678  (4 ent/s, 455 triples/s, errors=183360)
  rows=110,120  triples=15,057,734  (4 ent/s, 455 triples/s, errors=183380)
  rows=110,147  triples=15,060,989  (4 ent/s, 455 triples/s, errors=183413)
  rows=110,173  triples=15,064,120  (4 ent/s, 455 triples/s, errors=183435)
  rows=110,201  triples=15,066,806  (4 ent/s, 455 triples/s, errors=183444)
  rows=110,232  triples=15,070,097  (4 ent/s, 455 triples/s, errors=183454)
  rows=110,258  triples=15,073,252  (4 ent/s, 455 triples/s, errors=183467)
  rows=110,288  triples=15,076,442  (4 ent/s, 455 triples/s, errors=183480)
  rows=110,316  triples=15,079,999  (4 ent/s, 455 triples/s, errors=183979)
  rows=110,352  triples=15,083,183  (4 ent/s, 455 triples/s, errors=183999)
  rows=110,382  triples=15,086,278  (4 ent/s, 455 triples/s, errors=184023)
  rows=110,408  triples=15,089,186  (4 ent/s, 455 triples/s, errors=184044)
  rows=110,442  triples=15,092,399  (4 ent/s, 455 triples/s, errors=184064)
  rows=110,466  triples=15,095,689  (4 ent/s, 455 triples/s, errors=184076)
  rows=110,493  triples=15,098,779  (4 ent/s, 455 triples/s, errors=184121)
  rows=110,517  triples=15,101,706  (4 ent/s, 455 triples/s, errors=184719)
  rows=110,542  triples=15,104,826  (4 ent/s, 455 triples/s, errors=184740)
  rows=110,575  triples=15,108,155  (4 ent/s, 455 triples/s, errors=184750)
  rows=110,598  triples=15,111,306  (4 ent/s, 455 triples/s, errors=184852)
  rows=110,616  triples=15,113,529  (4 ent/s, 455 triples/s, errors=184860)
  rows=110,645  triples=15,116,646  (4 ent/s, 455 triples/s, errors=184873)
  rows=110,676  triples=15,119,851  (4 ent/s, 455 triples/s, errors=184879)
  rows=110,699  triples=15,123,160  (4 ent/s, 455 triples/s, errors=184902)
  rows=110,723  triples=15,126,391  (4 ent/s, 455 triples/s, errors=185042)
  rows=110,749  triples=15,129,174  (4 ent/s, 455 triples/s, errors=185387)
  rows=110,780  triples=15,132,271  (4 ent/s, 455 triples/s, errors=185397)
  rows=110,801  triples=15,134,707  (4 ent/s, 455 triples/s, errors=185407)
  rows=110,833  triples=15,138,125  (4 ent/s, 455 triples/s, errors=185445)
  rows=110,859  triples=15,141,202  (4 ent/s, 455 triples/s, errors=185476)
  rows=110,890  triples=15,144,516  (4 ent/s, 455 triples/s, errors=185506)
  rows=110,899  triples=15,145,673  (4 ent/s, 455 triples/s, errors=185513)
  rows=110,923  triples=15,148,859  (4 ent/s, 455 triples/s, errors=185537)
  rows=110,953  triples=15,151,956  (4 ent/s, 455 triples/s, errors=185551)
  rows=110,974  triples=15,155,031  (4 ent/s, 455 triples/s, errors=185608)
  rows=111,001  triples=15,157,614  (4 ent/s, 455 triples/s, errors=185631)
  rows=111,026  triples=15,160,845  (4 ent/s, 455 triples/s, errors=185658)
  rows=111,055  triples=15,164,158  (4 ent/s, 455 triples/s, errors=185688)
  rows=111,085  triples=15,167,559  (4 ent/s, 455 triples/s, errors=185704)
  rows=111,115  triples=15,170,689  (4 ent/s, 455 triples/s, errors=185780)
  rows=111,142  triples=15,174,064  (4 ent/s, 455 triples/s, errors=185808)
  rows=111,169  triples=15,177,291  (4 ent/s, 455 triples/s, errors=186090)
  rows=111,194  triples=15,180,558  (4 ent/s, 455 triples/s, errors=186219)
  rows=111,218  triples=15,183,773  (4 ent/s, 455 triples/s, errors=186295)
  rows=111,245  triples=15,187,075  (4 ent/s, 455 triples/s, errors=186349)
  rows=111,274  triples=15,190,256  (4 ent/s, 455 triples/s, errors=186371)
  rows=111,296  triples=15,193,386  (4 ent/s, 455 triples/s, errors=186402)
  rows=111,328  triples=15,196,543  (4 ent/s, 455 triples/s, errors=186413)
  rows=111,359  triples=15,199,669  (4 ent/s, 455 triples/s, errors=186426)
  rows=111,390  triples=15,202,773  (4 ent/s, 455 triples/s, errors=186450)
  rows=111,409  triples=15,204,988  (4 ent/s, 455 triples/s, errors=186453)
  rows=111,432  triples=15,208,074  (4 ent/s, 455 triples/s, errors=186479)
  rows=111,463  triples=15,211,406  (4 ent/s, 455 triples/s, errors=186483)
  rows=111,497  triples=15,214,676  (4 ent/s, 455 triples/s, errors=186637)
  rows=111,534  triples=15,217,905  (4 ent/s, 455 triples/s, errors=186651)
  rows=111,560  triples=15,221,090  (4 ent/s, 455 triples/s, errors=186700)
  rows=111,589  triples=15,224,941  (4 ent/s, 455 triples/s, errors=186721)
  rows=111,613  triples=15,227,245  (4 ent/s, 455 triples/s, errors=186727)
  rows=111,641  triples=15,230,524  (4 ent/s, 455 triples/s, errors=186752)
  rows=111,669  triples=15,234,256  (4 ent/s, 455 triples/s, errors=186792)
  rows=111,699  triples=15,237,405  (4 ent/s, 455 triples/s, errors=186826)
  rows=111,729  triples=15,240,546  (4 ent/s, 455 triples/s, errors=186841)
  rows=111,757  triples=15,243,677  (4 ent/s, 455 triples/s, errors=186906)
  rows=111,785  triples=15,247,376  (4 ent/s, 455 triples/s, errors=186930)
  rows=111,809  triples=15,250,188  (4 ent/s, 455 triples/s, errors=186962)
  rows=111,836  triples=15,253,526  (4 ent/s, 455 triples/s, errors=186989)
  rows=111,865  triples=15,256,985  (4 ent/s, 455 triples/s, errors=187061)
  rows=111,895  triples=15,260,309  (4 ent/s, 455 triples/s, errors=187105)
  rows=111,927  triples=15,263,549  (4 ent/s, 455 triples/s, errors=187249)
  rows=111,943  triples=15,266,556  (4 ent/s, 455 triples/s, errors=187537)
  rows=111,988  triples=15,269,614  (4 ent/s, 455 triples/s, errors=187563)
  rows=112,010  triples=15,272,334  (4 ent/s, 455 triples/s, errors=187572)
  rows=112,040  triples=15,275,370  (4 ent/s, 455 triples/s, errors=187591)
  rows=112,069  triples=15,278,558  (4 ent/s, 455 triples/s, errors=187605)
  rows=112,098  triples=15,281,690  (4 ent/s, 455 triples/s, errors=187629)
  rows=112,131  triples=15,284,937  (4 ent/s, 455 triples/s, errors=187653)
  rows=112,154  triples=15,288,069  (4 ent/s, 455 triples/s, errors=187665)
  rows=112,178  triples=15,291,324  (4 ent/s, 455 triples/s, errors=187693)
  rows=112,201  triples=15,293,866  (4 ent/s, 454 triples/s, errors=187707)
  rows=112,223  triples=15,297,060  (4 ent/s, 454 triples/s, errors=187715)
  rows=112,250  triples=15,300,300  (4 ent/s, 454 triples/s, errors=187729)
  rows=112,277  triples=15,303,338  (4 ent/s, 454 triples/s, errors=187734)
  rows=112,307  triples=15,306,492  (4 ent/s, 454 triples/s, errors=187774)
  rows=112,338  triples=15,309,838  (4 ent/s, 454 triples/s, errors=187797)
  rows=112,367  triples=15,313,128  (4 ent/s, 454 triples/s, errors=187830)
  rows=112,393  triples=15,316,236  (4 ent/s, 454 triples/s, errors=187854)
  rows=112,417  triples=15,319,084  (4 ent/s, 454 triples/s, errors=187865)
  rows=112,443  triples=15,322,361  (4 ent/s, 454 triples/s, errors=187875)
  rows=112,469  triples=15,325,709  (4 ent/s, 454 triples/s, errors=187961)
  rows=112,499  triples=15,329,046  (4 ent/s, 454 triples/s, errors=187976)
  rows=112,524  triples=15,332,402  (4 ent/s, 454 triples/s, errors=188003)
  rows=112,551  triples=15,335,491  (4 ent/s, 454 triples/s, errors=188053)
  rows=112,587  triples=15,338,560  (4 ent/s, 454 triples/s, errors=188073)
  rows=112,613  triples=15,341,121  (4 ent/s, 454 triples/s, errors=188096)
  rows=112,644  triples=15,344,511  (4 ent/s, 454 triples/s, errors=188144)
  rows=112,668  triples=15,347,477  (4 ent/s, 454 triples/s, errors=188359)
  rows=112,691  triples=15,350,734  (4 ent/s, 454 triples/s, errors=188396)
  rows=112,717  triples=15,352,787  (4 ent/s, 454 triples/s, errors=188411)
  rows=112,741  triples=15,356,185  (4 ent/s, 454 triples/s, errors=188443)
  rows=112,770  triples=15,359,366  (4 ent/s, 454 triples/s, errors=188461)
  rows=112,801  triples=15,362,474  (4 ent/s, 454 triples/s, errors=188473)
  rows=112,827  triples=15,365,741  (4 ent/s, 454 triples/s, errors=188509)
  rows=112,849  triples=15,368,830  (4 ent/s, 454 triples/s, errors=188538)
  rows=112,871  triples=15,372,289  (4 ent/s, 454 triples/s, errors=188567)
  rows=112,901  triples=15,375,525  (4 ent/s, 454 triples/s, errors=188609)
  rows=112,931  triples=15,378,647  (4 ent/s, 454 triples/s, errors=188659)
  rows=112,960  triples=15,381,993  (4 ent/s, 454 triples/s, errors=188780)
  rows=112,991  triples=15,385,112  (4 ent/s, 454 triples/s, errors=188781)
  rows=113,020  triples=15,387,581  (4 ent/s, 454 triples/s, errors=188786)
  rows=113,054  triples=15,390,829  (4 ent/s, 454 triples/s, errors=188808)
  rows=113,085  triples=15,394,039  (4 ent/s, 454 triples/s, errors=188840)
  rows=113,112  triples=15,397,114  (4 ent/s, 454 triples/s, errors=188890)
  rows=113,148  triples=15,400,308  (4 ent/s, 454 triples/s, errors=188907)
  rows=113,180  triples=15,403,845  (4 ent/s, 454 triples/s, errors=188950)
  rows=113,201  triples=15,406,671  (4 ent/s, 454 triples/s, errors=188990)
  rows=113,228  triples=15,409,822  (4 ent/s, 454 triples/s, errors=189012)
  rows=113,261  triples=15,413,194  (4 ent/s, 454 triples/s, errors=189030)
  rows=113,284  triples=15,416,374  (4 ent/s, 454 triples/s, errors=189039)
  rows=113,316  triples=15,419,421  (4 ent/s, 454 triples/s, errors=189063)
  rows=113,342  triples=15,423,066  (4 ent/s, 454 triples/s, errors=189090)
  rows=113,381  triples=15,426,200  (4 ent/s, 454 triples/s, errors=189101)
  rows=113,410  triples=15,428,562  (4 ent/s, 454 triples/s, errors=189115)
  rows=113,439  triples=15,431,699  (4 ent/s, 454 triples/s, errors=189133)
  rows=113,468  triples=15,435,060  (4 ent/s, 454 triples/s, errors=189144)
  rows=113,498  triples=15,438,265  (4 ent/s, 454 triples/s, errors=189183)
  rows=113,525  triples=15,441,276  (4 ent/s, 454 triples/s, errors=189220)
  rows=113,546  triples=15,443,406  (4 ent/s, 454 triples/s, errors=189257)
  rows=113,566  triples=15,445,722  (4 ent/s, 454 triples/s, errors=189271)
  rows=113,579  triples=15,447,725  (4 ent/s, 454 triples/s, errors=189331)
  rows=113,601  triples=15,449,645  (4 ent/s, 454 triples/s, errors=189336)
  rows=113,624  triples=15,451,822  (4 ent/s, 454 triples/s, errors=189346)
  rows=113,641  triples=15,454,093  (4 ent/s, 454 triples/s, errors=189348)
  rows=113,661  triples=15,456,358  (4 ent/s, 454 triples/s, errors=189351)
  rows=113,680  triples=15,458,388  (4 ent/s, 454 triples/s, errors=189356)
  rows=113,708  triples=15,461,482  (4 ent/s, 454 triples/s, errors=189376)
  rows=113,742  triples=15,464,656  (4 ent/s, 454 triples/s, errors=189385)
  rows=113,767  triples=15,467,985  (4 ent/s, 454 triples/s, errors=189389)
  rows=113,796  triples=15,471,187  (4 ent/s, 454 triples/s, errors=189407)
  rows=113,824  triples=15,473,558  (4 ent/s, 454 triples/s, errors=189413)
  rows=113,857  triples=15,476,928  (4 ent/s, 454 triples/s, errors=189447)
  rows=113,888  triples=15,480,060  (4 ent/s, 454 triples/s, errors=189461)
  rows=113,926  triples=15,483,318  (4 ent/s, 454 triples/s, errors=189480)
  rows=113,961  triples=15,486,841  (4 ent/s, 454 triples/s, errors=189503)
  rows=113,995  triples=15,489,879  (4 ent/s, 454 triples/s, errors=189525)
  rows=114,019  triples=15,492,316  (4 ent/s, 454 triples/s, errors=189554)
  rows=114,052  triples=15,495,777  (4 ent/s, 454 triples/s, errors=189570)
  rows=114,085  triples=15,498,919  (4 ent/s, 454 triples/s, errors=189599)
  rows=114,118  triples=15,502,329  (4 ent/s, 454 triples/s, errors=189613)
  rows=114,147  triples=15,505,520  (4 ent/s, 454 triples/s, errors=189623)
  rows=114,190  triples=15,508,654  (4 ent/s, 454 triples/s, errors=189633)
  rows=114,226  triples=15,511,398  (4 ent/s, 454 triples/s, errors=189677)
  rows=114,256  triples=15,514,527  (4 ent/s, 454 triples/s, errors=189709)
  rows=114,290  triples=15,517,715  (4 ent/s, 454 triples/s, errors=189710)
  rows=114,318  triples=15,520,901  (4 ent/s, 454 triples/s, errors=189747)
  rows=114,352  triples=15,524,190  (4 ent/s, 454 triples/s, errors=189791)
  rows=114,381  triples=15,527,294  (4 ent/s, 454 triples/s, errors=189825)
  rows=114,416  triples=15,529,696  (4 ent/s, 454 triples/s, errors=189853)
  rows=114,449  triples=15,532,907  (4 ent/s, 454 triples/s, errors=189868)
  rows=114,487  triples=15,536,051  (4 ent/s, 454 triples/s, errors=189877)
  rows=114,521  triples=15,539,148  (4 ent/s, 454 triples/s, errors=189878)
  rows=114,535  triples=15,540,156  (4 ent/s, 454 triples/s, errors=189924)
  rows=114,562  triples=15,543,244  (4 ent/s, 454 triples/s, errors=189933)
  rows=114,586  triples=15,546,434  (4 ent/s, 454 triples/s, errors=189945)
  rows=114,610  triples=15,549,362  (4 ent/s, 454 triples/s, errors=189958)
  rows=114,644  triples=15,552,728  (4 ent/s, 454 triples/s, errors=190009)
  rows=114,679  triples=15,556,041  (4 ent/s, 454 triples/s, errors=190018)
  rows=114,710  triples=15,559,667  (4 ent/s, 454 triples/s, errors=190046)
  rows=114,746  triples=15,562,888  (4 ent/s, 454 triples/s, errors=190069)
  rows=114,778  triples=15,566,326  (4 ent/s, 454 triples/s, errors=190097)
  rows=114,813  triples=15,569,236  (4 ent/s, 454 triples/s, errors=190105)
  rows=114,849  triples=15,572,470  (4 ent/s, 454 triples/s, errors=190112)
  rows=114,883  triples=15,575,722  (4 ent/s, 454 triples/s, errors=190120)
  rows=114,921  triples=15,578,841  (4 ent/s, 454 triples/s, errors=190122)
  rows=114,950  triples=15,582,009  (4 ent/s, 454 triples/s, errors=190129)
  rows=114,985  triples=15,585,444  (4 ent/s, 454 triples/s, errors=190135)
  rows=115,013  triples=15,588,042  (4 ent/s, 454 triples/s, errors=190153)
  rows=115,055  triples=15,591,117  (4 ent/s, 454 triples/s, errors=190157)
  rows=115,099  triples=15,594,251  (4 ent/s, 454 triples/s, errors=190191)
  rows=115,142  triples=15,597,396  (4 ent/s, 454 triples/s, errors=190198)
  rows=115,181  triples=15,600,932  (4 ent/s, 454 triples/s, errors=190222)
  rows=115,210  triples=15,603,780  (4 ent/s, 454 triples/s, errors=190237)
  rows=115,243  triples=15,606,935  (4 ent/s, 454 triples/s, errors=190274)
  rows=115,278  triples=15,610,374  (4 ent/s, 454 triples/s, errors=190277)
  rows=115,309  triples=15,613,474  (4 ent/s, 454 triples/s, errors=190281)
  rows=115,345  triples=15,616,906  (4 ent/s, 454 triples/s, errors=190296)
  rows=115,379  triples=15,620,167  (4 ent/s, 454 triples/s, errors=190320)
  rows=115,401  triples=15,622,707  (4 ent/s, 454 triples/s, errors=190322)
  rows=115,434  triples=15,625,948  (4 ent/s, 454 triples/s, errors=190340)
  rows=115,475  triples=15,629,440  (4 ent/s, 454 triples/s, errors=190356)
  rows=115,509  triples=15,632,613  (4 ent/s, 454 triples/s, errors=190356)
  rows=115,542  triples=15,635,835  (4 ent/s, 454 triples/s, errors=190373)
  rows=115,588  triples=15,639,332  (4 ent/s, 454 triples/s, errors=190377)
  rows=115,611  triples=15,641,840  (4 ent/s, 454 triples/s, errors=190408)
  rows=115,646  triples=15,645,079  (4 ent/s, 454 triples/s, errors=190431)
  rows=115,673  triples=15,648,510  (4 ent/s, 454 triples/s, errors=190462)
  rows=115,709  triples=15,651,833  (4 ent/s, 454 triples/s, errors=190474)
  rows=115,742  triples=15,655,000  (4 ent/s, 454 triples/s, errors=190493)
  rows=115,784  triples=15,658,419  (4 ent/s, 454 triples/s, errors=190493)
  rows=115,812  triples=15,660,857  (4 ent/s, 454 triples/s, errors=190508)
  rows=115,856  triples=15,664,120  (4 ent/s, 454 triples/s, errors=190518)
  rows=115,896  triples=15,667,461  (4 ent/s, 454 triples/s, errors=190546)
  rows=115,927  triples=15,670,557  (4 ent/s, 454 triples/s, errors=190555)
  rows=115,961  triples=15,673,882  (4 ent/s, 454 triples/s, errors=190581)
  rows=116,001  triples=15,676,496  (4 ent/s, 454 triples/s, errors=190584)
  rows=116,032  triples=15,679,805  (4 ent/s, 454 triples/s, errors=190591)
  rows=116,068  triples=15,683,232  (4 ent/s, 454 triples/s, errors=190630)
  rows=116,114  triples=15,686,682  (4 ent/s, 454 triples/s, errors=190643)
  rows=116,143  triples=15,689,862  (4 ent/s, 454 triples/s, errors=190657)
  rows=116,176  triples=15,693,078  (4 ent/s, 454 triples/s, errors=190669)
  rows=116,217  triples=15,696,037  (4 ent/s, 454 triples/s, errors=190674)
  rows=116,257  triples=15,699,155  (4 ent/s, 454 triples/s, errors=190684)
  rows=116,297  triples=15,702,421  (4 ent/s, 454 triples/s, errors=190733)
  rows=116,346  triples=15,705,520  (4 ent/s, 454 triples/s, errors=190748)
  rows=116,353  triples=15,705,520  (4 ent/s, 453 triples/s, errors=190748)
  rows=116,382  triples=15,708,682  (4 ent/s, 453 triples/s, errors=190759)
  rows=116,416  triples=15,711,828  (4 ent/s, 453 triples/s, errors=190793)
  rows=116,445  triples=15,714,838  (4 ent/s, 453 triples/s, errors=190806)
  rows=116,485  triples=15,717,954  (4 ent/s, 453 triples/s, errors=190820)
  rows=116,513  triples=15,720,170  (4 ent/s, 453 triples/s, errors=190839)
  rows=116,550  triples=15,723,595  (4 ent/s, 453 triples/s, errors=190855)
  rows=116,586  triples=15,726,796  (4 ent/s, 453 triples/s, errors=190866)
  rows=116,611  triples=15,729,410  (4 ent/s, 453 triples/s, errors=190872)
  rows=116,639  triples=15,732,495  (4 ent/s, 453 triples/s, errors=190900)
  rows=116,670  triples=15,735,754  (4 ent/s, 453 triples/s, errors=190939)
  rows=116,705  triples=15,738,888  (4 ent/s, 453 triples/s, errors=190949)
  rows=116,739  triples=15,742,092  (4 ent/s, 453 triples/s, errors=190956)
  rows=116,776  triples=15,745,202  (4 ent/s, 453 triples/s, errors=190980)
  rows=116,801  triples=15,747,711  (4 ent/s, 453 triples/s, errors=191055)
  rows=116,851  triples=15,751,023  (4 ent/s, 453 triples/s, errors=191059)
  rows=116,880  triples=15,754,100  (4 ent/s, 453 triples/s, errors=191070)
  rows=116,909  triples=15,757,398  (4 ent/s, 453 triples/s, errors=191086)
  rows=116,945  triples=15,760,465  (4 ent/s, 453 triples/s, errors=191107)
  rows=116,979  triples=15,763,539  (4 ent/s, 453 triples/s, errors=191134)
  rows=117,014  triples=15,766,297  (4 ent/s, 453 triples/s, errors=191192)
  rows=117,051  triples=15,769,753  (4 ent/s, 453 triples/s, errors=191217)
  rows=117,094  triples=15,772,941  (4 ent/s, 453 triples/s, errors=191244)
  rows=117,132  triples=15,776,571  (4 ent/s, 453 triples/s, errors=191271)
  rows=117,173  triples=15,779,629  (4 ent/s, 453 triples/s, errors=191277)
  rows=117,208  triples=15,782,687  (4 ent/s, 453 triples/s, errors=191312)
  rows=117,251  triples=15,785,998  (4 ent/s, 453 triples/s, errors=191324)
  rows=117,280  triples=15,789,060  (4 ent/s, 453 triples/s, errors=191398)
  rows=117,308  triples=15,792,395  (4 ent/s, 453 triples/s, errors=191433)
  rows=117,338  triples=15,795,409  (4 ent/s, 453 triples/s, errors=191519)
  rows=117,366  triples=15,798,553  (4 ent/s, 453 triples/s, errors=191550)
  rows=117,401  triples=15,800,877  (4 ent/s, 453 triples/s, errors=191557)
  rows=117,445  triples=15,804,025  (4 ent/s, 453 triples/s, errors=191559)
  rows=117,486  triples=15,807,331  (4 ent/s, 453 triples/s, errors=191573)
  rows=117,517  triples=15,810,638  (4 ent/s, 453 triples/s, errors=191591)
  rows=117,548  triples=15,813,846  (4 ent/s, 453 triples/s, errors=191606)
  rows=117,584  triples=15,817,280  (4 ent/s, 453 triples/s, errors=191651)
  rows=117,617  triples=15,820,361  (4 ent/s, 453 triples/s, errors=191667)
  rows=117,655  triples=15,823,496  (4 ent/s, 453 triples/s, errors=191675)
  rows=117,683  triples=15,826,640  (4 ent/s, 453 triples/s, errors=191691)
  rows=117,720  triples=15,829,720  (4 ent/s, 453 triples/s, errors=191693)
  rows=117,749  triples=15,832,751  (4 ent/s, 453 triples/s, errors=191735)
  rows=117,789  triples=15,835,912  (4 ent/s, 453 triples/s, errors=191772)
  rows=117,825  triples=15,838,530  (4 ent/s, 453 triples/s, errors=191815)
  rows=117,866  triples=15,841,642  (4 ent/s, 453 triples/s, errors=191821)
  rows=117,891  triples=15,844,705  (4 ent/s, 453 triples/s, errors=191823)
  rows=117,929  triples=15,848,050  (4 ent/s, 453 triples/s, errors=191825)
  rows=117,956  triples=15,851,140  (4 ent/s, 453 triples/s, errors=191854)
  rows=117,995  triples=15,854,385  (4 ent/s, 453 triples/s, errors=191858)
  rows=118,021  triples=15,857,307  (4 ent/s, 453 triples/s, errors=191915)
  rows=118,061  triples=15,860,637  (4 ent/s, 453 triples/s, errors=191928)
  rows=118,088  triples=15,863,932  (4 ent/s, 453 triples/s, errors=191951)
  rows=118,114  triples=15,867,176  (4 ent/s, 453 triples/s, errors=191990)
  rows=118,144  triples=15,870,463  (4 ent/s, 453 triples/s, errors=192014)
  rows=118,171  triples=15,872,535  (4 ent/s, 453 triples/s, errors=192017)
  rows=118,200  triples=15,875,615  (4 ent/s, 453 triples/s, errors=192074)
  rows=118,241  triples=15,878,780  (4 ent/s, 453 triples/s, errors=192079)
  rows=118,269  triples=15,881,883  (4 ent/s, 453 triples/s, errors=192080)
  rows=118,302  triples=15,884,983  (4 ent/s, 453 triples/s, errors=192088)
  rows=118,335  triples=15,888,240  (4 ent/s, 453 triples/s, errors=192097)
  rows=118,362  triples=15,891,464  (4 ent/s, 453 triples/s, errors=192122)
  rows=118,391  triples=15,894,418  (4 ent/s, 453 triples/s, errors=192337)
  rows=118,426  triples=15,897,433  (4 ent/s, 453 triples/s, errors=192356)
  rows=118,459  triples=15,900,598  (4 ent/s, 453 triples/s, errors=192366)
  rows=118,493  triples=15,903,756  (4 ent/s, 453 triples/s, errors=192375)
  rows=118,529  triples=15,907,138  (4 ent/s, 453 triples/s, errors=192395)
  rows=118,571  triples=15,910,261  (4 ent/s, 453 triples/s, errors=192397)
  rows=118,601  triples=15,912,850  (4 ent/s, 453 triples/s, errors=192415)
  rows=118,634  triples=15,915,890  (4 ent/s, 453 triples/s, errors=192422)
  rows=118,666  triples=15,919,027  (4 ent/s, 453 triples/s, errors=192425)
  rows=118,704  triples=15,922,371  (4 ent/s, 453 triples/s, errors=192430)
  rows=118,735  triples=15,925,605  (4 ent/s, 453 triples/s, errors=192439)
  rows=118,767  triples=15,928,739  (4 ent/s, 453 triples/s, errors=192448)
  rows=118,801  triples=15,931,494  (4 ent/s, 453 triples/s, errors=192450)
  rows=118,832  triples=15,934,646  (4 ent/s, 453 triples/s, errors=192464)
  rows=118,853  triples=15,937,907  (4 ent/s, 453 triples/s, errors=192480)
  rows=118,899  triples=15,941,032  (4 ent/s, 453 triples/s, errors=192489)
  rows=118,927  triples=15,944,289  (4 ent/s, 453 triples/s, errors=192495)
  rows=118,960  triples=15,947,654  (4 ent/s, 453 triples/s, errors=192511)
  rows=118,998  triples=15,950,798  (4 ent/s, 453 triples/s, errors=192527)
  rows=119,022  triples=15,953,150  (4 ent/s, 453 triples/s, errors=192535)
  rows=119,062  triples=15,956,456  (4 ent/s, 453 triples/s, errors=192536)
  rows=119,090  triples=15,959,732  (4 ent/s, 453 triples/s, errors=192541)
  rows=119,125  triples=15,962,789  (4 ent/s, 453 triples/s, errors=192552)
  rows=119,162  triples=15,965,945  (4 ent/s, 453 triples/s, errors=192555)
  rows=119,201  triples=15,968,869  (4 ent/s, 453 triples/s, errors=192559)
  rows=119,228  triples=15,972,231  (4 ent/s, 453 triples/s, errors=192637)
  rows=119,259  triples=15,975,468  (4 ent/s, 453 triples/s, errors=192658)
  rows=119,293  triples=15,978,715  (4 ent/s, 453 triples/s, errors=192663)
  rows=119,313  triples=15,982,148  (4 ent/s, 453 triples/s, errors=192709)
  rows=119,351  triples=15,985,365  (4 ent/s, 453 triples/s, errors=192722)
  rows=119,384  triples=15,988,655  (4 ent/s, 453 triples/s, errors=192729)
  rows=119,411  triples=15,991,370  (4 ent/s, 453 triples/s, errors=192732)
  rows=119,438  triples=15,994,536  (4 ent/s, 453 triples/s, errors=192752)
  rows=119,474  triples=15,997,929  (4 ent/s, 453 triples/s, errors=192779)
  rows=119,507  triples=16,001,166  (4 ent/s, 453 triples/s, errors=192797)
  rows=119,543  triples=16,004,524  (4 ent/s, 453 triples/s, errors=192817)
  rows=119,570  triples=16,007,693  (4 ent/s, 453 triples/s, errors=192827)
  rows=119,601  triples=16,010,237  (4 ent/s, 453 triples/s, errors=192829)
  rows=119,631  triples=16,013,674  (4 ent/s, 453 triples/s, errors=192872)
  rows=119,659  triples=16,016,934  (4 ent/s, 453 triples/s, errors=192884)
  rows=119,698  triples=16,020,440  (4 ent/s, 453 triples/s, errors=192897)
  rows=119,736  triples=16,023,715  (4 ent/s, 453 triples/s, errors=192906)
  rows=119,762  triples=16,026,783  (4 ent/s, 453 triples/s, errors=192916)
  rows=119,789  triples=16,029,909  (4 ent/s, 453 triples/s, errors=192988)
  rows=119,821  triples=16,033,182  (4 ent/s, 453 triples/s, errors=192998)
  rows=119,851  triples=16,036,265  (4 ent/s, 453 triples/s, errors=193003)
  rows=119,884  triples=16,039,312  (4 ent/s, 453 triples/s, errors=193006)
  rows=119,912  triples=16,042,529  (4 ent/s, 453 triples/s, errors=193009)
  rows=119,945  triples=16,045,663  (4 ent/s, 453 triples/s, errors=193017)
  rows=119,974  triples=16,048,951  (4 ent/s, 453 triples/s, errors=193060)
  rows=119,989  triples=16,051,139  (4 ent/s, 453 triples/s, errors=193062)
  rows=120,012  triples=16,053,417  (4 ent/s, 453 triples/s, errors=193075)
  rows=120,041  triples=16,056,587  (4 ent/s, 453 triples/s, errors=193093)
  rows=120,072  triples=16,059,704  (4 ent/s, 453 triples/s, errors=193099)
  rows=120,108  triples=16,062,965  (4 ent/s, 453 triples/s, errors=193115)
  rows=120,136  triples=16,066,159  (4 ent/s, 453 triples/s, errors=193129)
  rows=120,173  triples=16,069,578  (4 ent/s, 453 triples/s, errors=193157)
  rows=120,201  triples=16,072,554  (4 ent/s, 453 triples/s, errors=193159)
  rows=120,226  triples=16,075,759  (4 ent/s, 453 triples/s, errors=193168)
  rows=120,267  triples=16,078,972  (4 ent/s, 453 triples/s, errors=193177)
  rows=120,297  triples=16,082,595  (4 ent/s, 453 triples/s, errors=193187)
  rows=120,329  triples=16,085,764  (4 ent/s, 453 triples/s, errors=193191)
  rows=120,361  triples=16,088,875  (4 ent/s, 453 triples/s, errors=193210)
  rows=120,393  triples=16,092,071  (4 ent/s, 453 triples/s, errors=193217)
  rows=120,421  triples=16,095,038  (4 ent/s, 453 triples/s, errors=193235)
  rows=120,453  triples=16,098,301  (4 ent/s, 453 triples/s, errors=193245)
  rows=120,483  triples=16,101,467  (4 ent/s, 453 triples/s, errors=193251)
  rows=120,517  triples=16,104,489  (4 ent/s, 453 triples/s, errors=193261)
  rows=120,552  triples=16,107,556  (4 ent/s, 453 triples/s, errors=193265)
  rows=120,579  triples=16,110,650  (4 ent/s, 453 triples/s, errors=193270)
  rows=120,601  triples=16,113,380  (4 ent/s, 453 triples/s, errors=193284)
  rows=120,631  triples=16,116,517  (4 ent/s, 453 triples/s, errors=193302)
  rows=120,664  triples=16,119,948  (4 ent/s, 453 triples/s, errors=193316)
  rows=120,691  triples=16,123,106  (4 ent/s, 453 triples/s, errors=193347)
  rows=120,717  triples=16,126,591  (4 ent/s, 453 triples/s, errors=193358)
  rows=120,757  triples=16,129,671  (4 ent/s, 453 triples/s, errors=193368)
  rows=120,767  triples=16,130,790  (4 ent/s, 453 triples/s, errors=193374)
  rows=120,798  triples=16,133,931  (4 ent/s, 453 triples/s, errors=193385)
  rows=120,824  triples=16,136,250  (4 ent/s, 453 triples/s, errors=193386)
  rows=120,860  triples=16,139,637  (4 ent/s, 453 triples/s, errors=193394)
  rows=120,896  triples=16,142,854  (4 ent/s, 453 triples/s, errors=193399)
  rows=120,923  triples=16,146,029  (4 ent/s, 453 triples/s, errors=193494)
  rows=120,952  triples=16,149,256  (4 ent/s, 453 triples/s, errors=193498)
  rows=120,983  triples=16,152,639  (4 ent/s, 453 triples/s, errors=193507)
  rows=121,001  triples=16,155,118  (4 ent/s, 453 triples/s, errors=193532)
  rows=121,032  triples=16,158,291  (4 ent/s, 453 triples/s, errors=193535)
  rows=121,065  triples=16,161,341  (4 ent/s, 453 triples/s, errors=193539)
  rows=121,091  triples=16,164,747  (4 ent/s, 453 triples/s, errors=193557)
  rows=121,121  triples=16,168,171  (4 ent/s, 453 triples/s, errors=193593)
  rows=121,153  triples=16,171,441  (4 ent/s, 453 triples/s, errors=193608)
  rows=121,183  triples=16,174,773  (4 ent/s, 453 triples/s, errors=193648)
  rows=121,207  triples=16,177,487  (4 ent/s, 453 triples/s, errors=193664)
  rows=121,240  triples=16,180,721  (4 ent/s, 453 triples/s, errors=193675)
  rows=121,262  triples=16,183,856  (4 ent/s, 453 triples/s, errors=193699)
  rows=121,297  triples=16,187,322  (4 ent/s, 453 triples/s, errors=193705)
  rows=121,321  triples=16,190,681  (4 ent/s, 453 triples/s, errors=193711)
  rows=121,349  triples=16,193,722  (4 ent/s, 453 triples/s, errors=193721)
  rows=121,374  triples=16,196,946  (4 ent/s, 453 triples/s, errors=193730)
  rows=121,401  triples=16,199,460  (4 ent/s, 453 triples/s, errors=193744)
  rows=121,433  triples=16,202,536  (4 ent/s, 453 triples/s, errors=193752)
  rows=121,462  triples=16,205,700  (4 ent/s, 453 triples/s, errors=193756)
  rows=121,488  triples=16,208,780  (4 ent/s, 453 triples/s, errors=193781)
  rows=121,517  triples=16,212,004  (4 ent/s, 453 triples/s, errors=193805)
  rows=121,545  triples=16,215,361  (4 ent/s, 453 triples/s, errors=193809)
  rows=121,575  triples=16,218,535  (4 ent/s, 453 triples/s, errors=193835)
  rows=121,600  triples=16,221,652  (4 ent/s, 453 triples/s, errors=193845)
  rows=121,629  triples=16,224,831  (4 ent/s, 453 triples/s, errors=193857)
  rows=121,659  triples=16,227,920  (4 ent/s, 453 triples/s, errors=193865)
  rows=121,691  triples=16,231,578  (4 ent/s, 453 triples/s, errors=193873)
  rows=121,725  triples=16,234,828  (4 ent/s, 453 triples/s, errors=193878)
  rows=121,756  triples=16,238,143  (4 ent/s, 453 triples/s, errors=193940)
  rows=121,785  triples=16,241,391  (4 ent/s, 453 triples/s, errors=193951)
  rows=121,801  triples=16,243,521  (4 ent/s, 453 triples/s, errors=193955)
  rows=121,807  triples=16,243,521  (4 ent/s, 452 triples/s, errors=193955)
  rows=121,828  triples=16,246,814  (4 ent/s, 452 triples/s, errors=193958)
  rows=121,853  triples=16,249,843  (4 ent/s, 452 triples/s, errors=193975)
  rows=121,883  triples=16,252,915  (4 ent/s, 452 triples/s, errors=193999)
  rows=121,919  triples=16,256,027  (4 ent/s, 452 triples/s, errors=194000)
  rows=121,945  triples=16,259,348  (4 ent/s, 452 triples/s, errors=194016)
  rows=121,973  triples=16,262,530  (4 ent/s, 452 triples/s, errors=194020)
  rows=122,001  triples=16,264,761  (4 ent/s, 452 triples/s, errors=194038)
  rows=122,030  triples=16,267,938  (4 ent/s, 452 triples/s, errors=194105)
  rows=122,064  triples=16,271,292  (4 ent/s, 452 triples/s, errors=194115)
  rows=122,090  triples=16,274,463  (4 ent/s, 452 triples/s, errors=194126)
  rows=122,126  triples=16,278,269  (4 ent/s, 452 triples/s, errors=194136)
  rows=122,151  triples=16,281,468  (4 ent/s, 452 triples/s, errors=194195)
  rows=122,179  triples=16,285,071  (4 ent/s, 452 triples/s, errors=194271)
  rows=122,209  triples=16,288,100  (4 ent/s, 452 triples/s, errors=194289)
  rows=122,234  triples=16,291,242  (4 ent/s, 452 triples/s, errors=194309)
  rows=122,258  triples=16,294,343  (4 ent/s, 452 triples/s, errors=194330)
  rows=122,283  triples=16,297,407  (4 ent/s, 452 triples/s, errors=194347)
  rows=122,306  triples=16,300,655  (4 ent/s, 452 triples/s, errors=194433)
  rows=122,325  triples=16,303,725  (4 ent/s, 452 triples/s, errors=194633)
  rows=122,352  triples=16,306,769  (4 ent/s, 452 triples/s, errors=194639)
  rows=122,380  triples=16,310,589  (4 ent/s, 452 triples/s, errors=194648)
  rows=122,411  triples=16,313,493  (4 ent/s, 452 triples/s, errors=194687)
  rows=122,424  triples=16,316,504  (4 ent/s, 452 triples/s, errors=194868)
  rows=122,457  triples=16,319,604  (4 ent/s, 452 triples/s, errors=194873)
  rows=122,489  triples=16,322,669  (4 ent/s, 452 triples/s, errors=194885)
  rows=122,521  triples=16,325,935  (4 ent/s, 452 triples/s, errors=194919)
  rows=122,550  triples=16,328,988  (4 ent/s, 452 triples/s, errors=194947)
  rows=122,583  triples=16,332,246  (4 ent/s, 452 triples/s, errors=194947)
  rows=122,613  triples=16,335,188  (4 ent/s, 452 triples/s, errors=194953)
  rows=122,649  triples=16,338,702  (4 ent/s, 452 triples/s, errors=194963)
  rows=122,684  triples=16,341,696  (4 ent/s, 452 triples/s, errors=195071)
  rows=122,716  triples=16,344,785  (4 ent/s, 452 triples/s, errors=195096)
  rows=122,751  triples=16,348,361  (4 ent/s, 452 triples/s, errors=195132)
  rows=122,781  triples=16,351,402  (4 ent/s, 452 triples/s, errors=195165)
  rows=122,809  triples=16,354,482  (4 ent/s, 452 triples/s, errors=195176)
  rows=122,834  triples=16,357,852  (4 ent/s, 452 triples/s, errors=195329)
  rows=122,866  triples=16,361,022  (4 ent/s, 452 triples/s, errors=195370)
  rows=122,888  triples=16,364,259  (4 ent/s, 452 triples/s, errors=195405)
  rows=122,916  triples=16,367,422  (4 ent/s, 452 triples/s, errors=195471)
  rows=122,950  triples=16,370,515  (4 ent/s, 452 triples/s, errors=195507)
  rows=122,976  triples=16,373,514  (4 ent/s, 452 triples/s, errors=195518)
  rows=123,000  triples=16,376,657  (4 ent/s, 452 triples/s, errors=195600)
  rows=123,026  triples=16,379,696  (4 ent/s, 452 triples/s, errors=195703)
  rows=123,056  triples=16,383,174  (4 ent/s, 452 triples/s, errors=195711)
  rows=123,084  triples=16,386,294  (4 ent/s, 452 triples/s, errors=195783)
  rows=123,107  triples=16,389,425  (4 ent/s, 452 triples/s, errors=195920)
  rows=123,129  triples=16,391,669  (4 ent/s, 452 triples/s, errors=195929)
  rows=123,159  triples=16,394,865  (4 ent/s, 452 triples/s, errors=196022)
  rows=123,179  triples=16,398,406  (4 ent/s, 452 triples/s, errors=196031)
  rows=123,211  triples=16,401,434  (4 ent/s, 452 triples/s, errors=196034)
  rows=123,243  triples=16,404,885  (4 ent/s, 452 triples/s, errors=196072)
  rows=123,267  triples=16,408,567  (4 ent/s, 452 triples/s, errors=196218)
  rows=123,300  triples=16,411,676  (4 ent/s, 452 triples/s, errors=196259)
  rows=123,330  triples=16,415,130  (4 ent/s, 452 triples/s, errors=196280)
  rows=123,355  triples=16,418,421  (4 ent/s, 452 triples/s, errors=196284)
  rows=123,376  triples=16,421,624  (4 ent/s, 452 triples/s, errors=196413)
  rows=123,401  triples=16,424,220  (4 ent/s, 452 triples/s, errors=196589)
  rows=123,422  triples=16,427,276  (4 ent/s, 452 triples/s, errors=196708)
  rows=123,447  triples=16,430,650  (4 ent/s, 452 triples/s, errors=196816)
  rows=123,476  triples=16,433,963  (4 ent/s, 452 triples/s, errors=196865)
  rows=123,507  triples=16,436,946  (4 ent/s, 452 triples/s, errors=197001)
  rows=123,542  triples=16,440,667  (4 ent/s, 452 triples/s, errors=197006)
  rows=123,574  triples=16,443,957  (4 ent/s, 452 triples/s, errors=197052)
  rows=123,601  triples=16,446,939  (4 ent/s, 452 triples/s, errors=197078)
  rows=123,623  triples=16,450,074  (4 ent/s, 452 triples/s, errors=197105)
  rows=123,625  triples=16,450,074  (4 ent/s, 452 triples/s, errors=197105)
  rows=123,657  triples=16,453,600  (4 ent/s, 452 triples/s, errors=197172)
  rows=123,685  triples=16,456,921  (4 ent/s, 452 triples/s, errors=197176)
  rows=123,715  triples=16,460,343  (4 ent/s, 452 triples/s, errors=197201)
  rows=123,744  triples=16,463,495  (4 ent/s, 452 triples/s, errors=197251)
  rows=123,764  triples=16,466,862  (4 ent/s, 452 triples/s, errors=197395)
  rows=123,793  triples=16,469,960  (4 ent/s, 452 triples/s, errors=197407)
  rows=123,811  triples=16,472,654  (4 ent/s, 452 triples/s, errors=197426)
  rows=123,835  triples=16,475,610  (4 ent/s, 452 triples/s, errors=197699)
  rows=123,863  triples=16,478,612  (4 ent/s, 452 triples/s, errors=197785)
  rows=123,886  triples=16,481,824  (4 ent/s, 452 triples/s, errors=197938)
  rows=123,912  triples=16,485,094  (4 ent/s, 452 triples/s, errors=198085)
  rows=123,938  triples=16,488,135  (4 ent/s, 452 triples/s, errors=198185)
  rows=123,965  triples=16,491,361  (4 ent/s, 452 triples/s, errors=198293)
  rows=123,995  triples=16,494,681  (4 ent/s, 452 triples/s, errors=198304)
  rows=124,017  triples=16,497,581  (4 ent/s, 452 triples/s, errors=198330)
  rows=124,046  triples=16,501,097  (4 ent/s, 452 triples/s, errors=198340)
  rows=124,071  triples=16,504,449  (4 ent/s, 452 triples/s, errors=198506)
  rows=124,104  triples=16,507,681  (4 ent/s, 452 triples/s, errors=198677)
  rows=124,131  triples=16,510,816  (4 ent/s, 452 triples/s, errors=198899)
  rows=124,155  triples=16,513,844  (4 ent/s, 452 triples/s, errors=199171)
  rows=124,183  triples=16,517,068  (4 ent/s, 452 triples/s, errors=199219)
  rows=124,213  triples=16,519,994  (4 ent/s, 452 triples/s, errors=199224)
  rows=124,246  triples=16,523,381  (4 ent/s, 452 triples/s, errors=199329)
  rows=124,271  triples=16,526,613  (4 ent/s, 452 triples/s, errors=199440)
  rows=124,299  triples=16,529,886  (4 ent/s, 452 triples/s, errors=199460)
  rows=124,329  triples=16,533,183  (4 ent/s, 452 triples/s, errors=199484)
  rows=124,348  triples=16,536,808  (4 ent/s, 452 triples/s, errors=199601)
  rows=124,366  triples=16,540,017  (4 ent/s, 452 triples/s, errors=199839)
  rows=124,384  triples=16,543,281  (4 ent/s, 452 triples/s, errors=199922)
  rows=124,401  triples=16,545,930  (4 ent/s, 452 triples/s, errors=199972)
  rows=124,425  triples=16,549,446  (4 ent/s, 452 triples/s, errors=199987)
  rows=124,456  triples=16,552,780  (4 ent/s, 452 triples/s, errors=200070)
  rows=124,481  triples=16,555,792  (4 ent/s, 452 triples/s, errors=200192)
  rows=124,504  triples=16,559,324  (4 ent/s, 452 triples/s, errors=200284)
  rows=124,537  triples=16,562,472  (4 ent/s, 452 triples/s, errors=200286)
  rows=124,562  triples=16,566,209  (4 ent/s, 452 triples/s, errors=200348)
  rows=124,587  triples=16,569,604  (4 ent/s, 452 triples/s, errors=200361)
  rows=124,615  triples=16,573,002  (4 ent/s, 452 triples/s, errors=200379)
  rows=124,648  triples=16,576,365  (4 ent/s, 452 triples/s, errors=200385)
  rows=124,665  triples=16,579,300  (4 ent/s, 452 triples/s, errors=200648)
  rows=124,697  triples=16,583,420  (4 ent/s, 452 triples/s, errors=200702)
  rows=124,714  triples=16,586,748  (4 ent/s, 452 triples/s, errors=200776)
  rows=124,733  triples=16,590,149  (4 ent/s, 452 triples/s, errors=200885)
  rows=124,763  triples=16,593,521  (4 ent/s, 452 triples/s, errors=201050)
  rows=124,786  triples=16,596,990  (4 ent/s, 452 triples/s, errors=201315)
  rows=124,807  triples=16,599,434  (4 ent/s, 452 triples/s, errors=201330)
  rows=124,839  triples=16,602,565  (4 ent/s, 452 triples/s, errors=201399)
  rows=124,865  triples=16,605,723  (4 ent/s, 452 triples/s, errors=201511)
  rows=124,895  triples=16,609,097  (4 ent/s, 452 triples/s, errors=201579)
  rows=124,923  triples=16,612,282  (4 ent/s, 452 triples/s, errors=201794)
  rows=124,950  triples=16,614,719  (4 ent/s, 452 triples/s, errors=201817)
  rows=124,971  triples=16,618,049  (4 ent/s, 452 triples/s, errors=201877)
  rows=124,995  triples=16,621,279  (4 ent/s, 452 triples/s, errors=202153)
  rows=125,013  triples=16,624,268  (4 ent/s, 452 triples/s, errors=202325)
  rows=125,042  triples=16,627,454  (4 ent/s, 452 triples/s, errors=202394)
  rows=125,065  triples=16,630,871  (4 ent/s, 452 triples/s, errors=202410)
  rows=125,089  triples=16,634,120  (4 ent/s, 452 triples/s, errors=202463)
  rows=125,108  triples=16,637,414  (4 ent/s, 452 triples/s, errors=202611)
  rows=125,139  triples=16,640,616  (4 ent/s, 452 triples/s, errors=202794)
  rows=125,171  triples=16,644,009  (4 ent/s, 452 triples/s, errors=202795)
  rows=125,201  triples=16,646,956  (4 ent/s, 452 triples/s, errors=202920)
  rows=125,224  triples=16,650,246  (4 ent/s, 452 triples/s, errors=203046)
  rows=125,252  triples=16,653,311  (4 ent/s, 452 triples/s, errors=203119)
  rows=125,270  triples=16,656,691  (4 ent/s, 452 triples/s, errors=203247)
  rows=125,296  triples=16,659,799  (4 ent/s, 452 triples/s, errors=203536)
  rows=125,321  triples=16,662,942  (4 ent/s, 452 triples/s, errors=203741)
  rows=125,347  triples=16,666,138  (4 ent/s, 452 triples/s, errors=203751)
  rows=125,372  triples=16,669,199  (4 ent/s, 452 triples/s, errors=203799)
  rows=125,400  triples=16,672,090  (4 ent/s, 452 triples/s, errors=203941)
  rows=125,420  triples=16,675,399  (4 ent/s, 452 triples/s, errors=204238)
  rows=125,443  triples=16,677,464  (4 ent/s, 452 triples/s, errors=204258)
  rows=125,459  triples=16,680,573  (4 ent/s, 452 triples/s, errors=204298)
  rows=125,481  triples=16,683,875  (4 ent/s, 452 triples/s, errors=204497)
  rows=125,514  triples=16,687,060  (4 ent/s, 452 triples/s, errors=204723)
  rows=125,536  triples=16,690,360  (4 ent/s, 452 triples/s, errors=204922)
  rows=125,562  triples=16,693,612  (4 ent/s, 452 triples/s, errors=204953)
  rows=125,583  triples=16,696,828  (4 ent/s, 452 triples/s, errors=205046)
  rows=125,607  triples=16,700,005  (4 ent/s, 452 triples/s, errors=205213)
  rows=125,630  triples=16,703,280  (4 ent/s, 452 triples/s, errors=205486)
  rows=125,652  triples=16,706,560  (4 ent/s, 452 triples/s, errors=205547)
  rows=125,675  triples=16,709,721  (4 ent/s, 452 triples/s, errors=205681)
  rows=125,701  triples=16,713,011  (4 ent/s, 452 triples/s, errors=205748)
  rows=125,727  triples=16,716,112  (4 ent/s, 452 triples/s, errors=205795)
  rows=125,755  triples=16,719,255  (4 ent/s, 452 triples/s, errors=205948)
  rows=125,779  triples=16,722,562  (4 ent/s, 452 triples/s, errors=206122)
  rows=125,801  triples=16,725,226  (4 ent/s, 452 triples/s, errors=206149)
  rows=125,825  triples=16,728,937  (4 ent/s, 452 triples/s, errors=206168)
  rows=125,854  triples=16,731,997  (4 ent/s, 452 triples/s, errors=206305)
  rows=125,874  triples=16,734,903  (4 ent/s, 452 triples/s, errors=206479)
  rows=125,896  triples=16,737,948  (4 ent/s, 452 triples/s, errors=206777)
  rows=125,928  triples=16,741,154  (4 ent/s, 452 triples/s, errors=206856)
  rows=125,954  triples=16,744,259  (4 ent/s, 452 triples/s, errors=207035)
  rows=125,983  triples=16,747,248  (4 ent/s, 452 triples/s, errors=207180)
  rows=126,001  triples=16,749,904  (4 ent/s, 452 triples/s, errors=207485)
  rows=126,026  triples=16,753,038  (4 ent/s, 452 triples/s, errors=207806)
  rows=126,062  triples=16,756,172  (4 ent/s, 452 triples/s, errors=207823)
  rows=126,087  triples=16,759,407  (4 ent/s, 452 triples/s, errors=207861)
  rows=126,110  triples=16,762,463  (4 ent/s, 452 triples/s, errors=207898)
  rows=126,132  triples=16,765,766  (4 ent/s, 452 triples/s, errors=208019)
  rows=126,159  triples=16,768,816  (4 ent/s, 452 triples/s, errors=208150)
  rows=126,179  triples=16,772,151  (4 ent/s, 452 triples/s, errors=208225)
  rows=126,206  triples=16,775,116  (4 ent/s, 452 triples/s, errors=208284)
  rows=126,235  triples=16,778,451  (4 ent/s, 452 triples/s, errors=208285)
  rows=126,262  triples=16,781,853  (4 ent/s, 452 triples/s, errors=208298)
  rows=126,287  triples=16,785,164  (4 ent/s, 452 triples/s, errors=208314)
  rows=126,315  triples=16,788,234  (4 ent/s, 452 triples/s, errors=208401)
  rows=126,337  triples=16,791,369  (4 ent/s, 452 triples/s, errors=208566)
  rows=126,366  triples=16,794,523  (4 ent/s, 452 triples/s, errors=208573)
  rows=126,396  triples=16,797,737  (4 ent/s, 452 triples/s, errors=208644)
  rows=126,423  triples=16,800,458  (4 ent/s, 452 triples/s, errors=208647)
  rows=126,440  triples=16,802,619  (4 ent/s, 452 triples/s, errors=208648)
  rows=126,458  triples=16,804,627  (4 ent/s, 451 triples/s, errors=208797)
  rows=126,473  triples=16,806,805  (4 ent/s, 451 triples/s, errors=208807)
  rows=126,496  triples=16,809,177  (4 ent/s, 451 triples/s, errors=208812)
  rows=126,514  triples=16,811,309  (4 ent/s, 451 triples/s, errors=208814)
  rows=126,535  triples=16,813,570  (4 ent/s, 451 triples/s, errors=208816)
  rows=126,552  triples=16,815,829  (4 ent/s, 451 triples/s, errors=208817)
  rows=126,573  triples=16,818,250  (4 ent/s, 451 triples/s, errors=208835)
  rows=126,590  triples=16,820,356  (4 ent/s, 451 triples/s, errors=208923)
  rows=126,601  triples=16,822,303  (4 ent/s, 451 triples/s, errors=208972)
  rows=126,630  triples=16,825,501  (4 ent/s, 451 triples/s, errors=209014)
  rows=126,657  triples=16,828,738  (4 ent/s, 451 triples/s, errors=209090)
  rows=126,685  triples=16,831,944  (4 ent/s, 451 triples/s, errors=209160)
  rows=126,713  triples=16,835,188  (4 ent/s, 451 triples/s, errors=209270)
  rows=126,742  triples=16,838,399  (4 ent/s, 451 triples/s, errors=209316)
  rows=126,770  triples=16,841,606  (4 ent/s, 451 triples/s, errors=209364)
  rows=126,801  triples=16,844,625  (4 ent/s, 451 triples/s, errors=209369)
  rows=126,828  triples=16,848,130  (4 ent/s, 451 triples/s, errors=209386)
  rows=126,855  triples=16,851,442  (4 ent/s, 451 triples/s, errors=209398)
  rows=126,882  triples=16,854,711  (4 ent/s, 451 triples/s, errors=209501)
  rows=126,914  triples=16,858,134  (4 ent/s, 451 triples/s, errors=209577)
  rows=126,939  triples=16,861,268  (4 ent/s, 451 triples/s, errors=209592)
  rows=126,970  triples=16,864,300  (4 ent/s, 451 triples/s, errors=209602)
  rows=127,001  triples=16,866,488  (4 ent/s, 451 triples/s, errors=209633)
  rows=127,027  triples=16,869,812  (4 ent/s, 451 triples/s, errors=209640)
  rows=127,053  triples=16,873,192  (4 ent/s, 451 triples/s, errors=209657)
  rows=127,084  triples=16,876,270  (4 ent/s, 451 triples/s, errors=209664)
  rows=127,120  triples=16,879,389  (4 ent/s, 451 triples/s, errors=209673)
  rows=127,149  triples=16,882,985  (4 ent/s, 451 triples/s, errors=209690)
  rows=127,181  triples=16,886,278  (4 ent/s, 451 triples/s, errors=209693)
  rows=127,213  triples=16,889,273  (4 ent/s, 451 triples/s, errors=209715)
  rows=127,249  triples=16,892,871  (4 ent/s, 451 triples/s, errors=209726)
  rows=127,261  triples=16,893,929  (4 ent/s, 451 triples/s, errors=209728)
  rows=127,285  triples=16,897,111  (4 ent/s, 451 triples/s, errors=209753)
  rows=127,312  triples=16,900,285  (4 ent/s, 451 triples/s, errors=209770)
  rows=127,348  triples=16,903,716  (4 ent/s, 451 triples/s, errors=209798)
  rows=127,370  triples=16,906,871  (4 ent/s, 451 triples/s, errors=209812)
  rows=127,400  triples=16,910,153  (4 ent/s, 451 triples/s, errors=209823)
  rows=127,434  triples=16,913,335  (4 ent/s, 451 triples/s, errors=209841)
  rows=127,466  triples=16,916,668  (4 ent/s, 451 triples/s, errors=209849)
  rows=127,488  triples=16,919,906  (4 ent/s, 451 triples/s, errors=209867)
  rows=127,519  triples=16,923,151  (4 ent/s, 451 triples/s, errors=209886)
  rows=127,551  triples=16,926,430  (4 ent/s, 451 triples/s, errors=209899)
  rows=127,583  triples=16,929,781  (4 ent/s, 451 triples/s, errors=209915)
  rows=127,605  triples=16,932,902  (4 ent/s, 451 triples/s, errors=209948)
  rows=127,640  triples=16,936,173  (4 ent/s, 451 triples/s, errors=209985)
  rows=127,674  triples=16,939,464  (4 ent/s, 451 triples/s, errors=210015)
  rows=127,708  triples=16,942,731  (4 ent/s, 451 triples/s, errors=210032)
  rows=127,738  triples=16,945,822  (4 ent/s, 451 triples/s, errors=210059)
  rows=127,768  triples=16,948,841  (4 ent/s, 451 triples/s, errors=210092)
  rows=127,801  triples=16,951,651  (4 ent/s, 451 triples/s, errors=210103)
  rows=127,836  triples=16,954,906  (4 ent/s, 451 triples/s, errors=210112)
  rows=127,866  triples=16,958,139  (4 ent/s, 451 triples/s, errors=210129)
  rows=127,889  triples=16,961,402  (4 ent/s, 451 triples/s, errors=210143)
  rows=127,918  triples=16,965,025  (4 ent/s, 451 triples/s, errors=210379)
  rows=127,957  triples=16,968,190  (4 ent/s, 451 triples/s, errors=210520)
  rows=127,988  triples=16,971,376  (4 ent/s, 451 triples/s, errors=210535)
  rows=128,010  triples=16,973,603  (4 ent/s, 451 triples/s, errors=210540)
  rows=128,051  triples=16,976,834  (4 ent/s, 451 triples/s, errors=210578)
  rows=128,082  triples=16,979,978  (4 ent/s, 451 triples/s, errors=210602)
  rows=128,101  triples=16,983,164  (4 ent/s, 451 triples/s, errors=210615)
  rows=128,138  triples=16,986,358  (4 ent/s, 451 triples/s, errors=210628)
  rows=128,174  triples=16,989,394  (4 ent/s, 451 triples/s, errors=210632)
  rows=128,209  triples=16,992,647  (4 ent/s, 451 triples/s, errors=210643)
  rows=128,238  triples=16,995,861  (4 ent/s, 451 triples/s, errors=210650)
  rows=128,268  triples=16,998,923  (4 ent/s, 451 triples/s, errors=210679)
  rows=128,305  triples=17,002,038  (4 ent/s, 451 triples/s, errors=210687)
  rows=128,346  triples=17,005,276  (4 ent/s, 451 triples/s, errors=210700)
  rows=128,383  triples=17,008,449  (4 ent/s, 451 triples/s, errors=210716)
  rows=128,411  triples=17,011,132  (4 ent/s, 451 triples/s, errors=210720)
  rows=128,444  triples=17,014,420  (4 ent/s, 451 triples/s, errors=210730)
  rows=128,480  triples=17,017,542  (4 ent/s, 451 triples/s, errors=210807)
  rows=128,511  triples=17,020,926  (4 ent/s, 451 triples/s, errors=210827)
  rows=128,542  triples=17,023,991  (4 ent/s, 451 triples/s, errors=210842)
  rows=128,583  triples=17,027,186  (4 ent/s, 451 triples/s, errors=210855)
  rows=128,612  triples=17,030,004  (4 ent/s, 451 triples/s, errors=211027)
  rows=128,653  triples=17,033,123  (4 ent/s, 451 triples/s, errors=211079)
  rows=128,691  triples=17,036,385  (4 ent/s, 451 triples/s, errors=211097)
  rows=128,720  triples=17,039,642  (4 ent/s, 451 triples/s, errors=211146)
  rows=128,750  triples=17,043,079  (4 ent/s, 451 triples/s, errors=211169)
  rows=128,781  triples=17,046,416  (4 ent/s, 451 triples/s, errors=211209)
  rows=128,814  triples=17,049,728  (4 ent/s, 451 triples/s, errors=211213)
  rows=128,841  triples=17,052,952  (4 ent/s, 451 triples/s, errors=211226)
  rows=128,874  triples=17,056,048  (4 ent/s, 451 triples/s, errors=211233)
  rows=128,905  triples=17,059,375  (4 ent/s, 451 triples/s, errors=211247)
  rows=128,942  triples=17,062,550  (4 ent/s, 451 triples/s, errors=211250)
  rows=128,974  triples=17,066,687  (4 ent/s, 451 triples/s, errors=211365)
  rows=129,001  triples=17,069,153  (4 ent/s, 451 triples/s, errors=211382)
  rows=129,045  triples=17,072,228  (4 ent/s, 451 triples/s, errors=211387)
  rows=129,079  triples=17,074,317  (4 ent/s, 451 triples/s, errors=211401)
  rows=129,097  triples=17,077,430  (4 ent/s, 451 triples/s, errors=211417)
  rows=129,125  triples=17,080,522  (4 ent/s, 451 triples/s, errors=211436)
  rows=129,159  triples=17,083,822  (4 ent/s, 451 triples/s, errors=211446)
  rows=129,195  triples=17,087,260  (4 ent/s, 451 triples/s, errors=211462)
  rows=129,222  triples=17,090,005  (4 ent/s, 451 triples/s, errors=211476)
  rows=129,250  triples=17,093,188  (4 ent/s, 451 triples/s, errors=211490)
  rows=129,284  triples=17,096,319  (4 ent/s, 451 triples/s, errors=211506)
  rows=129,321  triples=17,099,501  (4 ent/s, 451 triples/s, errors=211513)
  rows=129,367  triples=17,102,890  (4 ent/s, 451 triples/s, errors=211544)
  rows=129,400  triples=17,106,074  (4 ent/s, 451 triples/s, errors=211554)
  rows=129,429  triples=17,109,485  (4 ent/s, 451 triples/s, errors=211583)
  rows=129,466  triples=17,112,680  (4 ent/s, 451 triples/s, errors=211588)
  rows=129,501  triples=17,115,826  (4 ent/s, 451 triples/s, errors=211602)
  rows=129,540  triples=17,119,055  (4 ent/s, 451 triples/s, errors=211608)
  rows=129,575  triples=17,122,209  (4 ent/s, 451 triples/s, errors=211615)
  rows=129,612  triples=17,125,020  (4 ent/s, 451 triples/s, errors=211637)
  rows=129,640  triples=17,128,287  (4 ent/s, 451 triples/s, errors=211659)
  rows=129,665  triples=17,131,730  (4 ent/s, 451 triples/s, errors=211681)
  rows=129,695  triples=17,134,866  (4 ent/s, 451 triples/s, errors=211683)
  rows=129,733  triples=17,138,114  (4 ent/s, 451 triples/s, errors=211691)
  rows=129,765  triples=17,141,426  (4 ent/s, 451 triples/s, errors=211700)
  rows=129,799  triples=17,144,547  (4 ent/s, 451 triples/s, errors=211707)
  rows=129,821  triples=17,146,746  (4 ent/s, 451 triples/s, errors=211732)
  rows=129,854  triples=17,149,864  (4 ent/s, 451 triples/s, errors=211737)
  rows=129,885  triples=17,153,116  (4 ent/s, 451 triples/s, errors=211781)
  rows=129,920  triples=17,156,228  (4 ent/s, 451 triples/s, errors=211797)
  rows=129,954  triples=17,159,518  (4 ent/s, 451 triples/s, errors=211823)
  rows=129,986  triples=17,162,905  (4 ent/s, 451 triples/s, errors=211833)
  rows=130,014  triples=17,164,962  (4 ent/s, 451 triples/s, errors=211837)
  rows=130,035  triples=17,167,154  (4 ent/s, 451 triples/s, errors=211866)
  rows=130,065  triples=17,170,442  (4 ent/s, 451 triples/s, errors=211926)
  rows=130,113  triples=17,173,819  (4 ent/s, 451 triples/s, errors=211930)
  rows=130,152  triples=17,176,972  (4 ent/s, 451 triples/s, errors=211942)
  rows=130,182  triples=17,180,354  (4 ent/s, 451 triples/s, errors=211952)
  rows=130,201  triples=17,182,934  (4 ent/s, 451 triples/s, errors=211959)
  rows=130,232  triples=17,186,322  (4 ent/s, 451 triples/s, errors=211972)
  rows=130,252  triples=17,188,501  (4 ent/s, 451 triples/s, errors=211997)
  rows=130,270  triples=17,190,605  (4 ent/s, 451 triples/s, errors=212026)
  rows=130,290  triples=17,192,707  (4 ent/s, 451 triples/s, errors=212037)
  rows=130,312  triples=17,194,904  (4 ent/s, 451 triples/s, errors=212040)
  rows=130,332  triples=17,197,054  (4 ent/s, 451 triples/s, errors=212053)
  rows=130,354  triples=17,199,404  (4 ent/s, 451 triples/s, errors=212072)
  rows=130,373  triples=17,201,600  (4 ent/s, 451 triples/s, errors=212161)
  rows=130,392  triples=17,203,864  (4 ent/s, 451 triples/s, errors=212181)
  rows=130,417  triples=17,205,837  (4 ent/s, 451 triples/s, errors=212182)
  rows=130,438  triples=17,207,914  (4 ent/s, 451 triples/s, errors=212183)
  rows=130,470  triples=17,210,129  (4 ent/s, 451 triples/s, errors=212184)
  rows=130,480  triples=17,212,365  (4 ent/s, 451 triples/s, errors=212214)
  rows=130,499  triples=17,214,484  (4 ent/s, 451 triples/s, errors=212250)
  rows=130,527  triples=17,216,578  (4 ent/s, 451 triples/s, errors=212266)
  rows=130,541  triples=17,218,638  (4 ent/s, 451 triples/s, errors=212286)
  rows=130,565  triples=17,220,660  (4 ent/s, 451 triples/s, errors=212292)
  rows=130,585  triples=17,222,763  (4 ent/s, 451 triples/s, errors=212298)
  rows=130,601  triples=17,224,417  (4 ent/s, 451 triples/s, errors=212306)
  rows=130,626  triples=17,226,506  (4 ent/s, 451 triples/s, errors=212331)
  rows=130,663  triples=17,229,605  (4 ent/s, 451 triples/s, errors=212335)
  rows=130,698  triples=17,233,138  (4 ent/s, 451 triples/s, errors=212352)
  rows=130,743  triples=17,236,429  (4 ent/s, 451 triples/s, errors=212363)
  rows=130,778  triples=17,239,666  (4 ent/s, 451 triples/s, errors=212373)
  rows=130,808  triples=17,242,442  (4 ent/s, 451 triples/s, errors=212423)
  rows=130,837  triples=17,245,506  (4 ent/s, 451 triples/s, errors=212438)
  rows=130,865  triples=17,248,621  (4 ent/s, 451 triples/s, errors=212442)
  rows=130,895  triples=17,251,891  (4 ent/s, 451 triples/s, errors=212455)
  rows=130,897  triples=17,251,891  (4 ent/s, 450 triples/s, errors=212455)
  rows=130,941  triples=17,255,133  (4 ent/s, 450 triples/s, errors=212470)
  rows=130,974  triples=17,258,555  (4 ent/s, 450 triples/s, errors=212475)
  rows=131,001  triples=17,261,055  (4 ent/s, 450 triples/s, errors=212481)
  rows=131,033  triples=17,264,436  (4 ent/s, 450 triples/s, errors=212490)
  rows=131,063  triples=17,267,584  (4 ent/s, 450 triples/s, errors=212501)
  rows=131,101  triples=17,270,877  (4 ent/s, 450 triples/s, errors=212524)
  rows=131,134  triples=17,274,199  (4 ent/s, 450 triples/s, errors=212557)
  rows=131,170  triples=17,277,382  (4 ent/s, 450 triples/s, errors=212560)
  rows=131,197  triples=17,280,646  (4 ent/s, 450 triples/s, errors=212580)
  rows=131,220  triples=17,282,801  (4 ent/s, 450 triples/s, errors=212582)
  rows=131,249  triples=17,285,895  (4 ent/s, 450 triples/s, errors=212620)
  rows=131,281  triples=17,288,909  (4 ent/s, 450 triples/s, errors=212649)
  rows=131,321  triples=17,292,275  (4 ent/s, 450 triples/s, errors=212663)
  rows=131,354  triples=17,295,448  (4 ent/s, 450 triples/s, errors=212686)
  rows=131,387  triples=17,298,781  (4 ent/s, 450 triples/s, errors=212830)
  rows=131,407  triples=17,301,021  (4 ent/s, 450 triples/s, errors=212837)
  rows=131,435  triples=17,304,693  (4 ent/s, 450 triples/s, errors=212887)
  rows=131,469  triples=17,308,060  (4 ent/s, 450 triples/s, errors=212889)
  rows=131,508  triples=17,311,144  (4 ent/s, 450 triples/s, errors=212933)
  rows=131,547  triples=17,314,535  (4 ent/s, 450 triples/s, errors=212956)
  rows=131,583  triples=17,317,804  (4 ent/s, 450 triples/s, errors=212965)
  rows=131,609  triples=17,320,070  (4 ent/s, 450 triples/s, errors=212986)
  rows=131,639  triples=17,323,254  (4 ent/s, 450 triples/s, errors=212996)
  rows=131,674  triples=17,326,410  (4 ent/s, 450 triples/s, errors=212999)
  rows=131,708  triples=17,329,612  (4 ent/s, 450 triples/s, errors=213011)
  rows=131,735  triples=17,332,852  (4 ent/s, 450 triples/s, errors=213014)
  rows=131,764  triples=17,336,378  (4 ent/s, 450 triples/s, errors=213037)
  rows=131,797  triples=17,339,653  (4 ent/s, 450 triples/s, errors=213071)
  rows=131,823  triples=17,342,266  (4 ent/s, 450 triples/s, errors=213088)
  rows=131,859  triples=17,345,872  (4 ent/s, 450 triples/s, errors=213099)
  rows=131,884  triples=17,349,186  (4 ent/s, 450 triples/s, errors=213110)
  rows=131,917  triples=17,352,420  (4 ent/s, 450 triples/s, errors=213131)
  rows=131,951  triples=17,355,559  (4 ent/s, 450 triples/s, errors=213136)
  rows=131,982  triples=17,358,801  (4 ent/s, 450 triples/s, errors=213140)
  rows=132,007  triples=17,361,800  (4 ent/s, 450 triples/s, errors=213166)
  rows=132,039  triples=17,364,899  (4 ent/s, 450 triples/s, errors=213192)
  rows=132,071  triples=17,368,032  (4 ent/s, 450 triples/s, errors=213207)
  rows=132,110  triples=17,371,259  (4 ent/s, 450 triples/s, errors=213217)
  rows=132,142  triples=17,374,434  (4 ent/s, 450 triples/s, errors=213237)
  rows=132,179  triples=17,377,704  (4 ent/s, 450 triples/s, errors=213260)
  rows=132,209  triples=17,380,714  (4 ent/s, 450 triples/s, errors=213273)
  rows=132,241  triples=17,383,881  (4 ent/s, 450 triples/s, errors=213276)
  rows=132,274  triples=17,387,005  (4 ent/s, 450 triples/s, errors=213287)
  rows=132,310  triples=17,390,002  (4 ent/s, 450 triples/s, errors=213304)
  rows=132,344  triples=17,393,353  (4 ent/s, 450 triples/s, errors=213312)
  rows=132,376  triples=17,396,620  (4 ent/s, 450 triples/s, errors=213329)
  rows=132,401  triples=17,399,065  (4 ent/s, 450 triples/s, errors=213346)
  rows=132,431  triples=17,402,276  (4 ent/s, 450 triples/s, errors=213375)
  rows=132,463  triples=17,405,675  (4 ent/s, 450 triples/s, errors=213537)
  rows=132,497  triples=17,409,019  (4 ent/s, 450 triples/s, errors=213567)
  rows=132,530  triples=17,412,449  (4 ent/s, 450 triples/s, errors=213572)
  rows=132,560  triples=17,415,825  (4 ent/s, 450 triples/s, errors=213575)
  rows=132,586  triples=17,419,140  (4 ent/s, 450 triples/s, errors=213602)
  rows=132,617  triples=17,421,924  (4 ent/s, 450 triples/s, errors=213650)
  rows=132,649  triples=17,425,160  (4 ent/s, 450 triples/s, errors=213662)
  rows=132,684  triples=17,428,279  (4 ent/s, 450 triples/s, errors=213669)
  rows=132,715  triples=17,430,511  (4 ent/s, 450 triples/s, errors=213670)
  rows=132,742  triples=17,433,668  (4 ent/s, 450 triples/s, errors=213688)
  rows=132,774  triples=17,437,201  (4 ent/s, 450 triples/s, errors=213705)
  rows=132,799  triples=17,440,492  (4 ent/s, 450 triples/s, errors=213713)
  rows=132,813  triples=17,442,847  (4 ent/s, 450 triples/s, errors=213720)
  rows=132,839  triples=17,446,047  (4 ent/s, 450 triples/s, errors=213735)
  rows=132,866  triples=17,449,237  (4 ent/s, 450 triples/s, errors=213764)
  rows=132,892  triples=17,452,423  (4 ent/s, 450 triples/s, errors=213780)
  rows=132,922  triples=17,455,495  (4 ent/s, 450 triples/s, errors=213788)
  rows=132,950  triples=17,458,571  (4 ent/s, 450 triples/s, errors=213796)
  rows=132,982  triples=17,461,605  (4 ent/s, 450 triples/s, errors=213798)
  rows=133,015  triples=17,464,898  (4 ent/s, 450 triples/s, errors=213822)
  rows=133,049  triples=17,468,162  (4 ent/s, 450 triples/s, errors=213839)
  rows=133,069  triples=17,471,477  (4 ent/s, 450 triples/s, errors=213857)
  rows=133,100  triples=17,475,035  (4 ent/s, 450 triples/s, errors=213882)
  rows=133,134  triples=17,478,429  (4 ent/s, 450 triples/s, errors=213892)
  rows=133,174  triples=17,481,689  (4 ent/s, 450 triples/s, errors=213900)
  rows=133,201  triples=17,484,735  (4 ent/s, 450 triples/s, errors=213908)
  rows=133,234  triples=17,487,909  (4 ent/s, 450 triples/s, errors=213937)
  rows=133,268  triples=17,491,154  (4 ent/s, 450 triples/s, errors=213945)
  rows=133,296  triples=17,494,483  (4 ent/s, 450 triples/s, errors=213957)
  rows=133,332  triples=17,497,677  (4 ent/s, 450 triples/s, errors=213987)
  rows=133,367  triples=17,501,055  (4 ent/s, 450 triples/s, errors=213999)
  rows=133,401  triples=17,503,910  (4 ent/s, 450 triples/s, errors=214007)
  rows=133,435  triples=17,507,135  (4 ent/s, 450 triples/s, errors=214027)
  rows=133,467  triples=17,510,329  (4 ent/s, 450 triples/s, errors=214040)
  rows=133,500  triples=17,513,521  (4 ent/s, 450 triples/s, errors=214047)
  rows=133,522  triples=17,516,875  (4 ent/s, 450 triples/s, errors=214065)
  rows=133,550  triples=17,519,989  (4 ent/s, 450 triples/s, errors=214100)
  rows=133,589  triples=17,523,420  (4 ent/s, 450 triples/s, errors=214118)
  rows=133,607  triples=17,525,974  (4 ent/s, 450 triples/s, errors=214134)
  rows=133,643  triples=17,529,151  (4 ent/s, 450 triples/s, errors=214136)
  rows=133,673  triples=17,532,392  (4 ent/s, 450 triples/s, errors=214139)
  rows=133,696  triples=17,535,672  (4 ent/s, 450 triples/s, errors=214166)
  rows=133,726  triples=17,538,870  (4 ent/s, 450 triples/s, errors=214192)
  rows=133,755  triples=17,542,034  (4 ent/s, 450 triples/s, errors=214211)
  rows=133,778  triples=17,545,297  (4 ent/s, 450 triples/s, errors=214229)
  rows=133,809  triples=17,548,374  (4 ent/s, 450 triples/s, errors=214255)
  rows=133,844  triples=17,551,775  (4 ent/s, 450 triples/s, errors=214258)
  rows=133,873  triples=17,554,873  (4 ent/s, 450 triples/s, errors=214270)
  rows=133,906  triples=17,558,062  (4 ent/s, 450 triples/s, errors=214320)
  rows=133,932  triples=17,561,544  (4 ent/s, 450 triples/s, errors=214337)
  rows=133,961  triples=17,564,962  (4 ent/s, 450 triples/s, errors=214363)
  rows=133,989  triples=17,568,292  (4 ent/s, 450 triples/s, errors=214379)
  rows=134,016  triples=17,571,177  (4 ent/s, 450 triples/s, errors=214384)
  rows=134,041  triples=17,574,380  (4 ent/s, 450 triples/s, errors=214406)
  rows=134,067  triples=17,577,584  (4 ent/s, 450 triples/s, errors=214410)
  rows=134,104  triples=17,580,827  (4 ent/s, 450 triples/s, errors=214498)
  rows=134,136  triples=17,583,948  (4 ent/s, 450 triples/s, errors=214504)
  rows=134,168  triples=17,587,217  (4 ent/s, 450 triples/s, errors=214523)
  rows=134,201  triples=17,590,275  (4 ent/s, 450 triples/s, errors=214528)
  rows=134,240  triples=17,593,606  (4 ent/s, 450 triples/s, errors=214541)
  rows=134,280  triples=17,596,914  (4 ent/s, 450 triples/s, errors=214546)
  rows=134,321  triples=17,600,034  (4 ent/s, 450 triples/s, errors=214551)
  rows=134,356  triples=17,603,442  (4 ent/s, 450 triples/s, errors=214558)
  rows=134,391  triples=17,606,799  (4 ent/s, 450 triples/s, errors=214561)
  rows=134,412  triples=17,608,988  (4 ent/s, 450 triples/s, errors=214566)
  rows=134,448  triples=17,612,147  (4 ent/s, 450 triples/s, errors=214572)
  rows=134,480  triples=17,615,736  (4 ent/s, 450 triples/s, errors=214601)
  rows=134,515  triples=17,618,972  (4 ent/s, 450 triples/s, errors=214601)
  rows=134,533  triples=17,620,148  (4 ent/s, 450 triples/s, errors=214604)
  rows=134,555  triples=17,623,224  (4 ent/s, 450 triples/s, errors=214627)
  rows=134,586  triples=17,626,365  (4 ent/s, 450 triples/s, errors=214656)
  rows=134,612  triples=17,628,690  (4 ent/s, 450 triples/s, errors=214659)
  rows=134,650  triples=17,631,838  (4 ent/s, 450 triples/s, errors=214667)
  rows=134,676  triples=17,634,926  (4 ent/s, 450 triples/s, errors=214673)
  rows=134,709  triples=17,638,140  (4 ent/s, 450 triples/s, errors=214718)
  rows=134,750  triples=17,641,313  (4 ent/s, 450 triples/s, errors=214733)
  rows=134,778  triples=17,644,601  (4 ent/s, 450 triples/s, errors=214736)
  rows=134,811  triples=17,648,000  (4 ent/s, 450 triples/s, errors=214752)
  rows=134,838  triples=17,651,522  (4 ent/s, 450 triples/s, errors=214768)
  rows=134,873  triples=17,654,895  (4 ent/s, 450 triples/s, errors=214799)
  rows=134,904  triples=17,658,180  (4 ent/s, 450 triples/s, errors=214810)
  rows=134,936  triples=17,661,643  (4 ent/s, 450 triples/s, errors=214812)
  rows=134,973  triples=17,664,763  (4 ent/s, 450 triples/s, errors=214820)
  rows=135,001  triples=17,667,745  (4 ent/s, 450 triples/s, errors=214900)
  rows=135,037  triples=17,670,872  (4 ent/s, 450 triples/s, errors=214905)
  rows=135,075  triples=17,674,145  (4 ent/s, 450 triples/s, errors=214938)
  rows=135,106  triples=17,677,561  (4 ent/s, 450 triples/s, errors=214950)
  rows=135,139  triples=17,680,808  (4 ent/s, 450 triples/s, errors=214974)
  rows=135,168  triples=17,684,301  (4 ent/s, 450 triples/s, errors=214978)
  rows=135,198  triples=17,687,461  (4 ent/s, 450 triples/s, errors=214984)
  rows=135,219  triples=17,689,758  (4 ent/s, 450 triples/s, errors=214992)
  rows=135,253  triples=17,693,076  (4 ent/s, 450 triples/s, errors=215000)
  rows=135,286  triples=17,696,266  (4 ent/s, 450 triples/s, errors=215001)
  rows=135,316  triples=17,699,350  (4 ent/s, 450 triples/s, errors=215012)
  rows=135,340  triples=17,702,689  (4 ent/s, 450 triples/s, errors=215179)
  rows=135,367  triples=17,705,770  (4 ent/s, 450 triples/s, errors=215194)
  rows=135,401  triples=17,708,784  (4 ent/s, 450 triples/s, errors=215201)
  rows=135,433  triples=17,712,133  (4 ent/s, 450 triples/s, errors=215214)
  rows=135,458  triples=17,715,348  (4 ent/s, 450 triples/s, errors=215224)
  rows=135,488  triples=17,718,524  (4 ent/s, 450 triples/s, errors=215225)
  rows=135,522  triples=17,721,841  (4 ent/s, 450 triples/s, errors=215240)
  rows=135,545  triples=17,725,050  (4 ent/s, 450 triples/s, errors=215257)
  rows=135,570  triples=17,728,111  (4 ent/s, 450 triples/s, errors=215271)
  rows=135,601  triples=17,731,378  (4 ent/s, 450 triples/s, errors=215316)
  rows=135,643  triples=17,734,664  (4 ent/s, 450 triples/s, errors=215323)
  rows=135,665  triples=17,738,078  (4 ent/s, 450 triples/s, errors=215363)
  rows=135,695  triples=17,741,217  (4 ent/s, 450 triples/s, errors=215369)
  rows=135,729  triples=17,744,552  (4 ent/s, 450 triples/s, errors=215373)
  rows=135,757  triples=17,747,721  (4 ent/s, 450 triples/s, errors=215390)
  rows=135,781  triples=17,750,936  (4 ent/s, 450 triples/s, errors=215392)
  rows=135,807  triples=17,754,048  (4 ent/s, 450 triples/s, errors=215505)
  rows=135,842  triples=17,757,211  (4 ent/s, 450 triples/s, errors=215518)
  rows=135,871  triples=17,760,237  (4 ent/s, 450 triples/s, errors=215544)
  rows=135,908  triples=17,763,744  (4 ent/s, 450 triples/s, errors=215576)
  rows=135,945  triples=17,766,977  (4 ent/s, 450 triples/s, errors=215591)
  rows=135,975  triples=17,770,362  (4 ent/s, 450 triples/s, errors=215606)
  rows=136,001  triples=17,772,539  (4 ent/s, 450 triples/s, errors=215628)
  rows=136,034  triples=17,775,701  (4 ent/s, 450 triples/s, errors=215635)
  rows=136,060  triples=17,778,904  (4 ent/s, 450 triples/s, errors=215639)
  rows=136,096  triples=17,781,994  (4 ent/s, 450 triples/s, errors=215645)
  rows=136,121  triples=17,785,415  (4 ent/s, 450 triples/s, errors=215650)
  rows=136,155  triples=17,788,636  (4 ent/s, 450 triples/s, errors=215676)
  rows=136,184  triples=17,792,189  (4 ent/s, 450 triples/s, errors=215700)
  rows=136,211  triples=17,794,761  (4 ent/s, 450 triples/s, errors=215709)
  rows=136,250  triples=17,798,058  (4 ent/s, 450 triples/s, errors=215715)
  rows=136,273  triples=17,801,440  (4 ent/s, 450 triples/s, errors=215732)
  rows=136,307  triples=17,804,512  (4 ent/s, 450 triples/s, errors=215753)
  rows=136,337  triples=17,807,548  (4 ent/s, 450 triples/s, errors=215756)
  rows=136,351  triples=17,808,576  (4 ent/s, 450 triples/s, errors=215757)
  rows=136,388  triples=17,811,831  (4 ent/s, 450 triples/s, errors=215769)
  rows=136,410  triples=17,814,638  (4 ent/s, 450 triples/s, errors=215929)
  rows=136,447  triples=17,818,283  (4 ent/s, 450 triples/s, errors=216106)
  rows=136,478  triples=17,821,441  (4 ent/s, 450 triples/s, errors=216133)
  rows=136,512  triples=17,824,595  (4 ent/s, 450 triples/s, errors=216151)
  rows=136,549  triples=17,827,872  (4 ent/s, 450 triples/s, errors=216160)
  rows=136,580  triples=17,831,174  (4 ent/s, 450 triples/s, errors=216166)
  rows=136,614  triples=17,833,930  (4 ent/s, 450 triples/s, errors=216169)
  rows=136,639  triples=17,837,254  (4 ent/s, 450 triples/s, errors=216210)
  rows=136,673  triples=17,840,376  (4 ent/s, 450 triples/s, errors=216215)
  rows=136,710  triples=17,843,796  (4 ent/s, 450 triples/s, errors=216236)
  rows=136,745  triples=17,846,847  (4 ent/s, 450 triples/s, errors=216249)
  rows=136,776  triples=17,850,033  (4 ent/s, 450 triples/s, errors=216257)
  rows=136,801  triples=17,852,784  (4 ent/s, 450 triples/s, errors=216266)
  rows=136,828  triples=17,855,934  (4 ent/s, 450 triples/s, errors=216268)
  rows=136,861  triples=17,859,372  (4 ent/s, 450 triples/s, errors=216274)
  rows=136,887  triples=17,862,692  (4 ent/s, 450 triples/s, errors=216308)
  rows=136,915  triples=17,866,052  (4 ent/s, 450 triples/s, errors=216315)
  rows=136,941  triples=17,869,487  (4 ent/s, 450 triples/s, errors=216341)
  rows=136,969  triples=17,872,921  (4 ent/s, 450 triples/s, errors=216351)
  rows=136,991  triples=17,876,420  (4 ent/s, 450 triples/s, errors=216385)
  rows=137,023  triples=17,879,798  (4 ent/s, 450 triples/s, errors=216390)
  rows=137,055  triples=17,882,975  (4 ent/s, 450 triples/s, errors=216395)
  rows=137,088  triples=17,886,352  (4 ent/s, 450 triples/s, errors=216400)
  rows=137,120  triples=17,889,526  (4 ent/s, 450 triples/s, errors=216404)
  rows=137,145  triples=17,892,839  (4 ent/s, 450 triples/s, errors=216411)
  rows=137,176  triples=17,895,877  (4 ent/s, 450 triples/s, errors=216432)
  rows=137,201  triples=17,898,605  (4 ent/s, 450 triples/s, errors=216441)
  rows=137,235  triples=17,901,908  (4 ent/s, 450 triples/s, errors=216452)
  rows=137,277  triples=17,905,134  (4 ent/s, 450 triples/s, errors=216459)
  rows=137,309  triples=17,908,230  (4 ent/s, 450 triples/s, errors=216484)
  rows=137,333  triples=17,911,667  (4 ent/s, 450 triples/s, errors=216595)
  rows=137,368  triples=17,914,775  (4 ent/s, 450 triples/s, errors=216606)
  rows=137,401  triples=17,917,567  (4 ent/s, 450 triples/s, errors=216606)
  rows=137,437  triples=17,920,691  (4 ent/s, 450 triples/s, errors=216630)
  rows=137,474  triples=17,924,019  (4 ent/s, 450 triples/s, errors=216647)
  rows=137,503  triples=17,927,196  (4 ent/s, 450 triples/s, errors=216666)
  rows=137,539  triples=17,930,280  (4 ent/s, 450 triples/s, errors=216694)
  rows=137,588  triples=17,933,764  (4 ent/s, 450 triples/s, errors=216701)
  rows=137,615  triples=17,935,921  (4 ent/s, 450 triples/s, errors=216705)
  rows=137,644  triples=17,939,318  (4 ent/s, 450 triples/s, errors=216814)
  rows=137,680  triples=17,942,533  (4 ent/s, 450 triples/s, errors=216816)
  rows=137,718  triples=17,945,923  (4 ent/s, 450 triples/s, errors=216833)
  rows=137,751  triples=17,949,160  (4 ent/s, 450 triples/s, errors=216841)
  rows=137,785  triples=17,952,335  (4 ent/s, 450 triples/s, errors=216882)
  rows=137,812  triples=17,954,995  (4 ent/s, 450 triples/s, errors=216883)
  rows=137,847  triples=17,958,188  (4 ent/s, 450 triples/s, errors=217027)
  rows=137,877  triples=17,961,444  (4 ent/s, 450 triples/s, errors=217032)
  rows=137,909  triples=17,964,583  (4 ent/s, 450 triples/s, errors=217047)
  rows=137,945  triples=17,968,019  (4 ent/s, 450 triples/s, errors=217047)
  rows=137,970  triples=17,971,354  (4 ent/s, 450 triples/s, errors=217055)
  rows=137,993  triples=17,974,636  (4 ent/s, 450 triples/s, errors=217076)
  rows=138,021  triples=17,977,395  (4 ent/s, 450 triples/s, errors=217087)
  rows=138,055  triples=17,980,594  (4 ent/s, 450 triples/s, errors=217092)
  rows=138,081  triples=17,983,835  (4 ent/s, 450 triples/s, errors=217155)
  rows=138,123  triples=17,986,990  (4 ent/s, 450 triples/s, errors=217162)
  rows=138,155  triples=17,990,108  (4 ent/s, 450 triples/s, errors=217211)
  rows=138,169  triples=17,991,112  (4 ent/s, 450 triples/s, errors=217225)
  rows=138,201  triples=17,994,066  (4 ent/s, 450 triples/s, errors=217231)
  rows=138,231  triples=17,997,322  (4 ent/s, 450 triples/s, errors=217251)
  rows=138,266  triples=18,000,588  (4 ent/s, 450 triples/s, errors=217252)
  rows=138,296  triples=18,003,764  (4 ent/s, 450 triples/s, errors=217256)
  rows=138,325  triples=18,006,985  (4 ent/s, 450 triples/s, errors=217300)
  rows=138,361  triples=18,010,449  (4 ent/s, 450 triples/s, errors=217305)
  rows=138,390  triples=18,013,538  (4 ent/s, 450 triples/s, errors=217349)
  rows=138,423  triples=18,016,491  (4 ent/s, 450 triples/s, errors=217355)
  rows=138,450  triples=18,019,670  (4 ent/s, 450 triples/s, errors=217359)
  rows=138,478  triples=18,022,839  (4 ent/s, 450 triples/s, errors=217378)
  rows=138,509  triples=18,026,055  (4 ent/s, 450 triples/s, errors=217386)
  rows=138,542  triples=18,029,410  (4 ent/s, 450 triples/s, errors=217394)
  rows=138,581  triples=18,032,501  (4 ent/s, 450 triples/s, errors=217411)
  rows=138,611  triples=18,034,622  (4 ent/s, 450 triples/s, errors=217412)
  rows=138,659  triples=18,037,974  (4 ent/s, 450 triples/s, errors=217417)
  rows=138,684  triples=18,041,002  (4 ent/s, 450 triples/s, errors=217437)
  rows=138,719  triples=18,044,282  (4 ent/s, 450 triples/s, errors=217439)
  rows=138,768  triples=18,047,362  (4 ent/s, 450 triples/s, errors=217450)
  rows=138,801  triples=18,050,448  (4 ent/s, 450 triples/s, errors=217456)
  rows=138,841  triples=18,053,687  (4 ent/s, 450 triples/s, errors=217458)
  rows=138,879  triples=18,056,921  (4 ent/s, 450 triples/s, errors=217473)
  rows=138,916  triples=18,060,060  (4 ent/s, 450 triples/s, errors=217489)
  rows=138,961  triples=18,063,295  (4 ent/s, 450 triples/s, errors=217498)
  rows=138,986  triples=18,066,377  (4 ent/s, 450 triples/s, errors=217517)
  rows=139,011  triples=18,069,418  (4 ent/s, 450 triples/s, errors=217523)
  rows=139,047  triples=18,072,642  (4 ent/s, 450 triples/s, errors=217534)
  rows=139,075  triples=18,075,827  (4 ent/s, 450 triples/s, errors=217554)
  rows=139,111  triples=18,079,210  (4 ent/s, 450 triples/s, errors=217554)
  rows=139,144  triples=18,082,747  (4 ent/s, 450 triples/s, errors=217560)
  rows=139,179  triples=18,085,901  (4 ent/s, 450 triples/s, errors=217564)
  rows=139,211  triples=18,088,622  (4 ent/s, 450 triples/s, errors=217585)
  rows=139,252  triples=18,091,955  (4 ent/s, 450 triples/s, errors=217614)
  rows=139,279  triples=18,095,134  (4 ent/s, 450 triples/s, errors=217625)
  rows=139,322  triples=18,098,429  (4 ent/s, 450 triples/s, errors=217639)
  rows=139,356  triples=18,101,576  (4 ent/s, 450 triples/s, errors=217647)
  rows=139,394  triples=18,104,686  (4 ent/s, 450 triples/s, errors=217678)
  rows=139,420  triples=18,107,340  (4 ent/s, 450 triples/s, errors=217733)
  rows=139,455  triples=18,110,414  (4 ent/s, 450 triples/s, errors=217743)
  rows=139,482  triples=18,113,586  (4 ent/s, 450 triples/s, errors=217745)
  rows=139,517  triples=18,116,697  (4 ent/s, 450 triples/s, errors=217758)
  rows=139,546  triples=18,120,052  (4 ent/s, 450 triples/s, errors=217776)
  rows=139,593  triples=18,123,224  (4 ent/s, 450 triples/s, errors=217788)
  rows=139,625  triples=18,125,924  (4 ent/s, 450 triples/s, errors=217790)
  rows=139,654  triples=18,129,006  (4 ent/s, 450 triples/s, errors=217796)
  rows=139,686  triples=18,132,224  (4 ent/s, 450 triples/s, errors=217800)
  rows=139,738  triples=18,135,275  (4 ent/s, 450 triples/s, errors=217810)
  rows=139,766  triples=18,138,436  (4 ent/s, 450 triples/s, errors=217818)
  rows=139,793  triples=18,141,518  (4 ent/s, 450 triples/s, errors=217831)
  rows=139,824  triples=18,144,126  (4 ent/s, 450 triples/s, errors=217832)
  rows=139,858  triples=18,147,274  (4 ent/s, 450 triples/s, errors=217843)
  rows=139,890  triples=18,150,504  (4 ent/s, 450 triples/s, errors=217873)
  rows=139,929  triples=18,153,613  (4 ent/s, 450 triples/s, errors=217877)
  rows=139,967  triples=18,156,667  (4 ent/s, 450 triples/s, errors=217889)
  rows=139,987  triples=18,157,713  (4 ent/s, 450 triples/s, errors=217890)
  rows=140,014  triples=18,160,479  (4 ent/s, 450 triples/s, errors=217897)
  rows=140,045  triples=18,163,644  (4 ent/s, 450 triples/s, errors=217922)
  rows=140,082  triples=18,166,853  (4 ent/s, 450 triples/s, errors=217930)
  rows=140,119  triples=18,170,168  (4 ent/s, 450 triples/s, errors=217934)
  rows=140,162  triples=18,173,285  (4 ent/s, 450 triples/s, errors=217941)
  rows=140,199  triples=18,176,587  (4 ent/s, 450 triples/s, errors=217949)
  rows=140,224  triples=18,178,797  (4 ent/s, 450 triples/s, errors=217949)
  rows=140,262  triples=18,181,946  (4 ent/s, 450 triples/s, errors=217966)
  rows=140,300  triples=18,185,114  (4 ent/s, 450 triples/s, errors=217976)
  rows=140,342  triples=18,188,297  (4 ent/s, 450 triples/s, errors=217979)
  rows=140,371  triples=18,191,718  (4 ent/s, 450 triples/s, errors=217990)
  rows=140,401  triples=18,194,143  (4 ent/s, 450 triples/s, errors=218034)
  rows=140,436  triples=18,197,169  (4 ent/s, 450 triples/s, errors=218086)
  rows=140,476  triples=18,200,559  (4 ent/s, 450 triples/s, errors=218101)
  rows=140,506  triples=18,203,765  (4 ent/s, 450 triples/s, errors=218128)
  rows=140,542  triples=18,206,920  (4 ent/s, 450 triples/s, errors=218132)
  rows=140,584  triples=18,209,968  (4 ent/s, 450 triples/s, errors=218151)
  rows=140,612  triples=18,212,959  (4 ent/s, 450 triples/s, errors=218161)
  rows=140,652  triples=18,216,196  (4 ent/s, 450 triples/s, errors=218177)
  rows=140,676  triples=18,219,540  (4 ent/s, 450 triples/s, errors=218192)
  rows=140,716  triples=18,222,677  (4 ent/s, 450 triples/s, errors=218192)
  rows=140,763  triples=18,225,794  (4 ent/s, 450 triples/s, errors=218196)
  rows=140,801  triples=18,228,212  (4 ent/s, 450 triples/s, errors=218197)
  rows=140,842  triples=18,231,371  (4 ent/s, 450 triples/s, errors=218198)
  rows=140,882  triples=18,234,525  (4 ent/s, 450 triples/s, errors=218204)
  rows=140,919  triples=18,237,587  (4 ent/s, 450 triples/s, errors=218204)
  rows=140,944  triples=18,240,696  (4 ent/s, 450 triples/s, errors=218214)
  rows=140,979  triples=18,243,955  (4 ent/s, 450 triples/s, errors=218233)
  rows=141,013  triples=18,246,036  (4 ent/s, 450 triples/s, errors=218234)
  rows=141,046  triples=18,249,170  (4 ent/s, 450 triples/s, errors=218284)
  rows=141,081  triples=18,252,413  (4 ent/s, 450 triples/s, errors=218286)
  rows=141,113  triples=18,255,479  (4 ent/s, 450 triples/s, errors=218296)
  rows=141,151  triples=18,258,787  (4 ent/s, 450 triples/s, errors=218301)
  rows=141,193  triples=18,261,953  (4 ent/s, 450 triples/s, errors=218319)
  rows=141,230  triples=18,264,764  (4 ent/s, 450 triples/s, errors=218321)
  rows=141,274  triples=18,268,304  (4 ent/s, 450 triples/s, errors=218327)
  rows=141,304  triples=18,271,633  (4 ent/s, 450 triples/s, errors=218333)
  rows=141,339  triples=18,274,865  (4 ent/s, 450 triples/s, errors=218342)
  rows=141,371  triples=18,278,394  (4 ent/s, 450 triples/s, errors=218351)
  rows=141,401  triples=18,281,008  (4 ent/s, 450 triples/s, errors=218391)
  rows=141,442  triples=18,284,022  (4 ent/s, 450 triples/s, errors=218410)
  rows=141,476  triples=18,287,156  (4 ent/s, 450 triples/s, errors=218419)
  rows=141,514  triples=18,290,368  (4 ent/s, 450 triples/s, errors=218425)
  rows=141,553  triples=18,293,547  (4 ent/s, 450 triples/s, errors=218439)
  rows=141,592  triples=18,296,959  (4 ent/s, 450 triples/s, errors=218457)
  rows=141,621  triples=18,299,726  (4 ent/s, 450 triples/s, errors=218512)
  rows=141,656  triples=18,302,987  (4 ent/s, 450 triples/s, errors=218523)
  rows=141,704  triples=18,306,209  (4 ent/s, 450 triples/s, errors=218531)
  rows=141,740  triples=18,309,493  (4 ent/s, 450 triples/s, errors=218600)
  rows=141,777  triples=18,312,957  (4 ent/s, 450 triples/s, errors=218607)
  rows=141,801  triples=18,315,517  (4 ent/s, 450 triples/s, errors=218613)
  rows=141,805  triples=18,315,517  (4 ent/s, 450 triples/s, errors=218613)
  rows=141,838  triples=18,318,634  (4 ent/s, 450 triples/s, errors=218625)
  rows=141,882  triples=18,321,664  (4 ent/s, 450 triples/s, errors=218661)
  rows=141,921  triples=18,325,080  (4 ent/s, 450 triples/s, errors=218661)
  rows=141,961  triples=18,328,355  (4 ent/s, 450 triples/s, errors=218675)
  rows=141,992  triples=18,331,638  (4 ent/s, 450 triples/s, errors=218688)
  rows=142,028  triples=18,334,862  (4 ent/s, 450 triples/s, errors=218692)
  rows=142,064  triples=18,338,055  (4 ent/s, 450 triples/s, errors=218706)
  rows=142,101  triples=18,341,124  (4 ent/s, 450 triples/s, errors=218724)
  rows=142,142  triples=18,344,181  (4 ent/s, 450 triples/s, errors=218731)
  rows=142,182  triples=18,347,342  (4 ent/s, 450 triples/s, errors=218744)
  rows=142,209  triples=18,350,068  (4 ent/s, 450 triples/s, errors=218756)
  rows=142,244  triples=18,353,200  (4 ent/s, 450 triples/s, errors=218777)
  rows=142,287  triples=18,356,338  (4 ent/s, 450 triples/s, errors=218798)
  rows=142,323  triples=18,359,414  (4 ent/s, 450 triples/s, errors=218805)
  rows=142,360  triples=18,362,601  (4 ent/s, 450 triples/s, errors=218821)
  rows=142,391  triples=18,365,732  (4 ent/s, 450 triples/s, errors=218838)
  rows=142,424  triples=18,368,284  (4 ent/s, 450 triples/s, errors=218852)
  rows=142,452  triples=18,371,409  (4 ent/s, 450 triples/s, errors=218864)
  rows=142,483  triples=18,374,586  (4 ent/s, 450 triples/s, errors=218886)
  rows=142,524  triples=18,377,755  (4 ent/s, 450 triples/s, errors=218914)
  rows=142,563  triples=18,380,823  (4 ent/s, 450 triples/s, errors=218919)
  rows=142,599  triples=18,383,995  (4 ent/s, 450 triples/s, errors=218932)
  rows=142,620  triples=18,386,160  (4 ent/s, 450 triples/s, errors=218932)
  rows=142,654  triples=18,389,302  (4 ent/s, 450 triples/s, errors=218962)
  rows=142,696  triples=18,392,561  (4 ent/s, 450 triples/s, errors=218979)
  rows=142,725  triples=18,395,742  (4 ent/s, 450 triples/s, errors=219021)
  rows=142,764  triples=18,398,891  (4 ent/s, 450 triples/s, errors=219033)
  rows=142,801  triples=18,402,410  (4 ent/s, 450 triples/s, errors=219038)
  rows=142,841  triples=18,405,562  (4 ent/s, 450 triples/s, errors=219065)
  rows=142,876  triples=18,408,710  (4 ent/s, 450 triples/s, errors=219078)
  rows=142,912  triples=18,411,888  (4 ent/s, 450 triples/s, errors=219092)
  rows=142,955  triples=18,415,163  (4 ent/s, 450 triples/s, errors=219095)
  rows=142,988  triples=18,418,570  (4 ent/s, 450 triples/s, errors=219112)
  rows=143,009  triples=18,421,022  (4 ent/s, 450 triples/s, errors=219121)
  rows=143,046  triples=18,424,199  (4 ent/s, 450 triples/s, errors=219161)
  rows=143,082  triples=18,427,374  (4 ent/s, 450 triples/s, errors=219185)
  rows=143,122  triples=18,430,869  (4 ent/s, 450 triples/s, errors=219188)
  rows=143,155  triples=18,434,204  (4 ent/s, 450 triples/s, errors=219205)
  rows=143,188  triples=18,437,651  (4 ent/s, 450 triples/s, errors=219346)
  rows=143,221  triples=18,440,439  (4 ent/s, 450 triples/s, errors=219355)
  rows=143,262  triples=18,443,770  (4 ent/s, 450 triples/s, errors=219371)
  rows=143,300  triples=18,446,972  (4 ent/s, 450 triples/s, errors=219371)
  rows=143,342  triples=18,450,228  (4 ent/s, 450 triples/s, errors=219380)
  rows=143,372  triples=18,453,317  (4 ent/s, 450 triples/s, errors=219390)
  rows=143,401  triples=18,455,809  (4 ent/s, 450 triples/s, errors=219449)
  rows=143,440  triples=18,458,954  (4 ent/s, 450 triples/s, errors=219450)
  rows=143,476  triples=18,462,195  (4 ent/s, 450 triples/s, errors=219455)
  rows=143,508  triples=18,465,332  (4 ent/s, 450 triples/s, errors=219459)
  rows=143,545  triples=18,468,436  (4 ent/s, 450 triples/s, errors=219470)
  rows=143,581  triples=18,471,646  (4 ent/s, 450 triples/s, errors=219472)
  rows=143,613  triples=18,474,602  (4 ent/s, 450 triples/s, errors=219487)
  rows=143,623  triples=18,474,602  (4 ent/s, 450 triples/s, errors=219487)
  rows=143,644  triples=18,477,941  (4 ent/s, 450 triples/s, errors=219494)
  rows=143,681  triples=18,481,236  (4 ent/s, 450 triples/s, errors=219514)
  rows=143,710  triples=18,484,244  (4 ent/s, 450 triples/s, errors=219545)
  rows=143,738  triples=18,487,282  (4 ent/s, 450 triples/s, errors=219568)
  rows=143,776  triples=18,490,448  (4 ent/s, 450 triples/s, errors=219591)
  rows=143,801  triples=18,492,946  (4 ent/s, 450 triples/s, errors=219614)
  rows=143,844  triples=18,496,211  (4 ent/s, 450 triples/s, errors=219631)
  rows=143,870  triples=18,499,311  (4 ent/s, 450 triples/s, errors=219653)
  rows=143,901  triples=18,502,350  (4 ent/s, 450 triples/s, errors=219668)
  rows=143,938  triples=18,505,751  (4 ent/s, 450 triples/s, errors=219719)
  rows=143,975  triples=18,508,882  (4 ent/s, 450 triples/s, errors=219740)
  rows=144,017  triples=18,511,854  (4 ent/s, 450 triples/s, errors=219746)
  rows=144,052  triples=18,515,214  (4 ent/s, 450 triples/s, errors=219766)
  rows=144,088  triples=18,518,325  (4 ent/s, 450 triples/s, errors=219799)
  rows=144,115  triples=18,521,736  (4 ent/s, 450 triples/s, errors=219809)
  rows=144,150  triples=18,525,062  (4 ent/s, 450 triples/s, errors=219908)
  rows=144,186  triples=18,528,607  (4 ent/s, 450 triples/s, errors=219938)
  rows=144,228  triples=18,531,821  (4 ent/s, 450 triples/s, errors=219957)
  rows=144,263  triples=18,535,186  (4 ent/s, 450 triples/s, errors=219966)
  rows=144,301  triples=18,538,424  (4 ent/s, 450 triples/s, errors=219967)
  rows=144,344  triples=18,541,480  (4 ent/s, 450 triples/s, errors=219968)
  rows=144,380  triples=18,544,577  (4 ent/s, 450 triples/s, errors=219978)
  rows=144,401  triples=18,547,479  (4 ent/s, 450 triples/s, errors=219985)
  rows=144,431  triples=18,550,822  (4 ent/s, 450 triples/s, errors=220004)
  rows=144,468  triples=18,553,951  (4 ent/s, 450 triples/s, errors=220027)
  rows=144,496  triples=18,557,014  (4 ent/s, 450 triples/s, errors=220192)
  rows=144,529  triples=18,560,114  (4 ent/s, 450 triples/s, errors=220203)
  rows=144,565  triples=18,563,464  (4 ent/s, 450 triples/s, errors=220235)
  rows=144,601  triples=18,565,569  (4 ent/s, 450 triples/s, errors=220241)
  rows=144,635  triples=18,568,842  (4 ent/s, 450 triples/s, errors=220251)
  rows=144,667  triples=18,572,242  (4 ent/s, 450 triples/s, errors=220262)
  rows=144,704  triples=18,575,578  (4 ent/s, 450 triples/s, errors=220273)
  rows=144,732  triples=18,579,120  (4 ent/s, 450 triples/s, errors=220286)
  rows=144,774  triples=18,582,514  (4 ent/s, 450 triples/s, errors=220302)
  rows=144,809  triples=18,585,244  (4 ent/s, 450 triples/s, errors=220327)
  rows=144,848  triples=18,588,398  (4 ent/s, 450 triples/s, errors=220328)
  rows=144,886  triples=18,592,075  (4 ent/s, 450 triples/s, errors=220339)
  rows=144,926  triples=18,595,386  (4 ent/s, 450 triples/s, errors=220362)
  rows=144,961  triples=18,598,641  (4 ent/s, 450 triples/s, errors=220383)
  rows=144,997  triples=18,601,934  (4 ent/s, 450 triples/s, errors=220390)
  rows=145,030  triples=18,604,328  (4 ent/s, 450 triples/s, errors=220396)
  rows=145,066  triples=18,607,349  (4 ent/s, 450 triples/s, errors=220521)
  rows=145,098  triples=18,610,749  (4 ent/s, 450 triples/s, errors=220529)
  rows=145,137  triples=18,614,024  (4 ent/s, 450 triples/s, errors=220537)
  rows=145,171  triples=18,617,075  (4 ent/s, 450 triples/s, errors=220541)
  rows=145,215  triples=18,620,193  (4 ent/s, 450 triples/s, errors=220548)
  rows=145,249  triples=18,623,391  (4 ent/s, 450 triples/s, errors=220559)
  rows=145,278  triples=18,626,480  (4 ent/s, 450 triples/s, errors=220579)
  rows=145,317  triples=18,629,992  (4 ent/s, 450 triples/s, errors=220607)
  rows=145,343  triples=18,633,350  (4 ent/s, 450 triples/s, errors=220629)
  rows=145,390  triples=18,636,486  (4 ent/s, 450 triples/s, errors=220637)
  rows=145,414  triples=18,639,163  (4 ent/s, 450 triples/s, errors=220654)
  rows=145,441  triples=18,641,299  (4 ent/s, 450 triples/s, errors=220663)
  rows=145,471  triples=18,644,576  (4 ent/s, 450 triples/s, errors=220666)
  rows=145,503  triples=18,647,821  (4 ent/s, 450 triples/s, errors=220691)
  rows=145,533  triples=18,650,859  (4 ent/s, 450 triples/s, errors=220845)
  rows=145,572  triples=18,654,096  (4 ent/s, 450 triples/s, errors=220862)
  rows=145,601  triples=18,656,222  (4 ent/s, 450 triples/s, errors=220871)
  rows=145,633  triples=18,659,232  (4 ent/s, 450 triples/s, errors=220887)
  rows=145,658  triples=18,662,636  (4 ent/s, 450 triples/s, errors=220915)
  rows=145,696  triples=18,665,846  (4 ent/s, 450 triples/s, errors=220926)
  rows=145,731  triples=18,669,185  (4 ent/s, 450 triples/s, errors=220937)
  rows=145,762  triples=18,672,312  (4 ent/s, 450 triples/s, errors=220995)
  rows=145,801  triples=18,675,485  (4 ent/s, 450 triples/s, errors=221017)
  rows=145,839  triples=18,678,546  (4 ent/s, 450 triples/s, errors=221017)
  rows=145,865  triples=18,681,818  (4 ent/s, 450 triples/s, errors=221030)
  rows=145,905  triples=18,685,156  (4 ent/s, 450 triples/s, errors=221043)
  rows=145,937  triples=18,688,634  (4 ent/s, 450 triples/s, errors=221052)
  rows=145,977  triples=18,691,757  (4 ent/s, 450 triples/s, errors=221061)
  rows=146,007  triples=18,694,715  (4 ent/s, 450 triples/s, errors=221067)
  rows=146,052  triples=18,697,841  (4 ent/s, 450 triples/s, errors=221074)
  rows=146,089  triples=18,701,320  (4 ent/s, 450 triples/s, errors=221088)
  rows=146,137  triples=18,704,552  (4 ent/s, 450 triples/s, errors=221092)
  rows=146,170  triples=18,707,933  (4 ent/s, 450 triples/s, errors=221105)
  rows=146,201  triples=18,710,363  (4 ent/s, 450 triples/s, errors=221139)
  rows=146,239  triples=18,713,599  (4 ent/s, 450 triples/s, errors=221146)
  rows=146,276  triples=18,716,845  (4 ent/s, 450 triples/s, errors=221207)
  rows=146,301  triples=18,719,926  (4 ent/s, 450 triples/s, errors=221227)
  rows=146,330  triples=18,723,312  (4 ent/s, 450 triples/s, errors=221248)
  rows=146,364  triples=18,726,414  (4 ent/s, 450 triples/s, errors=221274)
  rows=146,401  triples=18,729,284  (4 ent/s, 450 triples/s, errors=221290)
  rows=146,426  triples=18,732,872  (4 ent/s, 450 triples/s, errors=221314)
  rows=146,460  triples=18,736,244  (4 ent/s, 450 triples/s, errors=221343)
  rows=146,498  triples=18,739,488  (4 ent/s, 450 triples/s, errors=221350)
  rows=146,532  triples=18,742,829  (4 ent/s, 450 triples/s, errors=221357)
  rows=146,567  triples=18,746,267  (4 ent/s, 450 triples/s, errors=221377)
  rows=146,601  triples=18,748,931  (4 ent/s, 450 triples/s, errors=221386)
  rows=146,631  triples=18,752,284  (4 ent/s, 450 triples/s, errors=221416)
  rows=146,661  triples=18,755,546  (4 ent/s, 450 triples/s, errors=221425)
  rows=146,690  triples=18,758,787  (4 ent/s, 450 triples/s, errors=221447)
  rows=146,722  triples=18,761,930  (4 ent/s, 450 triples/s, errors=221449)
  rows=146,748  triples=18,765,524  (4 ent/s, 450 triples/s, errors=221477)
  rows=146,781  triples=18,768,870  (4 ent/s, 450 triples/s, errors=221486)
  rows=146,814  triples=18,771,910  (4 ent/s, 450 triples/s, errors=221492)
  rows=146,850  triples=18,775,256  (4 ent/s, 450 triples/s, errors=221503)
  rows=146,890  triples=18,778,472  (4 ent/s, 450 triples/s, errors=221518)
  rows=146,932  triples=18,781,955  (4 ent/s, 450 triples/s, errors=221539)
  rows=146,969  triples=18,785,178  (4 ent/s, 450 triples/s, errors=221556)
  rows=146,999  triples=18,788,436  (4 ent/s, 450 triples/s, errors=221578)
  rows=147,030  triples=18,790,691  (4 ent/s, 450 triples/s, errors=221609)
  rows=147,059  triples=18,793,916  (4 ent/s, 450 triples/s, errors=221627)
  rows=147,089  triples=18,797,559  (4 ent/s, 450 triples/s, errors=221651)
  rows=147,123  triples=18,801,061  (4 ent/s, 450 triples/s, errors=221660)
  rows=147,158  triples=18,804,473  (4 ent/s, 450 triples/s, errors=221679)
  rows=147,193  triples=18,807,717  (4 ent/s, 450 triples/s, errors=221720)
  rows=147,227  triples=18,810,704  (4 ent/s, 450 triples/s, errors=221740)
  rows=147,259  triples=18,813,288  (4 ent/s, 450 triples/s, errors=221758)
  rows=147,282  triples=18,816,296  (4 ent/s, 450 triples/s, errors=221767)
  rows=147,309  triples=18,819,315  (4 ent/s, 450 triples/s, errors=221953)
  rows=147,330  triples=18,822,530  (4 ent/s, 450 triples/s, errors=221971)
  rows=147,364  triples=18,825,695  (4 ent/s, 450 triples/s, errors=221987)
  rows=147,392  triples=18,828,817  (4 ent/s, 450 triples/s, errors=222003)
  rows=147,425  triples=18,832,154  (4 ent/s, 450 triples/s, errors=222018)
  rows=147,446  triples=18,835,535  (4 ent/s, 450 triples/s, errors=222027)
  rows=147,486  triples=18,838,861  (4 ent/s, 450 triples/s, errors=222033)
  rows=147,512  triples=18,842,040  (4 ent/s, 450 triples/s, errors=222064)
  rows=147,537  triples=18,845,178  (4 ent/s, 450 triples/s, errors=222076)
  rows=147,564  triples=18,848,595  (4 ent/s, 450 triples/s, errors=222092)
  rows=147,599  triples=18,851,739  (4 ent/s, 450 triples/s, errors=222096)
  rows=147,630  triples=18,853,867  (4 ent/s, 450 triples/s, errors=222098)
  rows=147,664  triples=18,857,430  (4 ent/s, 450 triples/s, errors=222124)
  rows=147,697  triples=18,860,618  (4 ent/s, 450 triples/s, errors=222134)
  rows=147,731  triples=18,863,806  (4 ent/s, 450 triples/s, errors=222143)
  rows=147,762  triples=18,867,564  (4 ent/s, 450 triples/s, errors=222164)
  rows=147,801  triples=18,870,884  (4 ent/s, 450 triples/s, errors=222171)
  rows=147,837  triples=18,874,041  (4 ent/s, 450 triples/s, errors=222191)
  rows=147,863  triples=18,877,307  (4 ent/s, 450 triples/s, errors=222231)
  rows=147,895  triples=18,880,509  (4 ent/s, 450 triples/s, errors=222244)
  rows=147,933  triples=18,883,623  (4 ent/s, 450 triples/s, errors=222255)
  rows=147,960  triples=18,886,744  (4 ent/s, 450 triples/s, errors=222262)
  rows=148,001  triples=18,889,974  (4 ent/s, 450 triples/s, errors=222301)
  rows=148,028  triples=18,893,557  (4 ent/s, 450 triples/s, errors=222404)
  rows=148,054  triples=18,896,815  (4 ent/s, 450 triples/s, errors=222461)
  rows=148,081  triples=18,900,135  (4 ent/s, 450 triples/s, errors=222478)
  rows=148,119  triples=18,903,361  (4 ent/s, 450 triples/s, errors=222496)
  rows=148,146  triples=18,906,664  (4 ent/s, 450 triples/s, errors=222532)
  rows=148,177  triples=18,909,863  (4 ent/s, 450 triples/s, errors=222541)
  rows=148,213  triples=18,912,859  (4 ent/s, 450 triples/s, errors=222556)
  rows=148,261  triples=18,915,999  (4 ent/s, 450 triples/s, errors=222565)
  rows=148,295  triples=18,919,062  (4 ent/s, 450 triples/s, errors=222580)
  rows=148,324  triples=18,922,054  (4 ent/s, 450 triples/s, errors=222640)
  rows=148,361  triples=18,925,211  (4 ent/s, 450 triples/s, errors=222657)
  rows=148,390  triples=18,928,415  (4 ent/s, 450 triples/s, errors=222666)
  rows=148,425  triples=18,931,463  (4 ent/s, 450 triples/s, errors=222670)
  rows=148,459  triples=18,934,915  (4 ent/s, 450 triples/s, errors=222682)
  rows=148,494  triples=18,937,948  (4 ent/s, 450 triples/s, errors=222682)
  rows=148,524  triples=18,940,978  (4 ent/s, 450 triples/s, errors=222686)
  rows=148,551  triples=18,944,311  (4 ent/s, 450 triples/s, errors=222692)
  rows=148,580  triples=18,947,442  (4 ent/s, 450 triples/s, errors=222713)
  rows=148,609  triples=18,950,043  (4 ent/s, 450 triples/s, errors=222721)
  rows=148,639  triples=18,953,169  (4 ent/s, 450 triples/s, errors=222725)
  rows=148,682  triples=18,956,425  (4 ent/s, 450 triples/s, errors=222740)
  rows=148,729  triples=18,959,587  (4 ent/s, 450 triples/s, errors=222756)
  rows=148,771  triples=18,962,699  (4 ent/s, 450 triples/s, errors=222778)
  rows=148,801  triples=18,965,485  (4 ent/s, 450 triples/s, errors=222781)
  rows=148,835  triples=18,968,600  (4 ent/s, 450 triples/s, errors=222797)
  rows=148,866  triples=18,971,848  (4 ent/s, 450 triples/s, errors=222821)
  rows=148,901  triples=18,974,967  (4 ent/s, 450 triples/s, errors=222828)
  rows=148,938  triples=18,978,080  (4 ent/s, 450 triples/s, errors=222835)
  rows=148,972  triples=18,981,244  (4 ent/s, 450 triples/s, errors=222857)
  rows=149,001  triples=18,983,958  (4 ent/s, 450 triples/s, errors=222866)
  rows=149,043  triples=18,987,269  (4 ent/s, 450 triples/s, errors=222878)
  rows=149,077  triples=18,989,497  (4 ent/s, 450 triples/s, errors=222879)
  rows=149,112  triples=18,992,564  (4 ent/s, 450 triples/s, errors=222881)
  rows=149,145  triples=18,995,862  (4 ent/s, 450 triples/s, errors=222914)
  rows=149,174  triples=18,999,030  (4 ent/s, 450 triples/s, errors=222921)
  rows=149,201  triples=19,001,990  (4 ent/s, 450 triples/s, errors=222926)
  rows=149,235  triples=19,005,043  (4 ent/s, 450 triples/s, errors=222935)
  rows=149,277  triples=19,008,404  (4 ent/s, 450 triples/s, errors=222950)
  rows=149,313  triples=19,011,614  (4 ent/s, 450 triples/s, errors=222987)
  rows=149,343  triples=19,014,780  (4 ent/s, 450 triples/s, errors=223000)
  rows=149,375  triples=19,018,106  (4 ent/s, 450 triples/s, errors=223006)
  rows=149,401  triples=19,020,384  (4 ent/s, 450 triples/s, errors=223011)
  rows=149,445  triples=19,023,639  (4 ent/s, 450 triples/s, errors=223038)
  rows=149,472  triples=19,026,766  (4 ent/s, 450 triples/s, errors=223051)
  rows=149,520  triples=19,030,116  (4 ent/s, 450 triples/s, errors=223065)
  rows=149,562  triples=19,033,274  (4 ent/s, 450 triples/s, errors=223072)
  rows=149,601  triples=19,035,986  (4 ent/s, 450 triples/s, errors=223077)
  rows=149,636  triples=19,039,347  (4 ent/s, 450 triples/s, errors=223091)
  rows=149,682  triples=19,042,460  (4 ent/s, 450 triples/s, errors=223096)
  rows=149,717  triples=19,045,580  (4 ent/s, 450 triples/s, errors=223102)
  rows=149,758  triples=19,048,738  (4 ent/s, 450 triples/s, errors=223112)
  rows=149,792  triples=19,051,918  (4 ent/s, 450 triples/s, errors=223123)
  rows=149,822  triples=19,055,019  (4 ent/s, 450 triples/s, errors=223146)
  rows=149,861  triples=19,058,213  (4 ent/s, 450 triples/s, errors=223156)
  rows=149,898  triples=19,061,442  (4 ent/s, 450 triples/s, errors=223165)
  rows=149,927  triples=19,064,548  (4 ent/s, 450 triples/s, errors=223174)
  rows=149,960  triples=19,067,750  (4 ent/s, 450 triples/s, errors=223197)
  rows=149,995  triples=19,070,943  (4 ent/s, 450 triples/s, errors=223212)
  rows=150,022  triples=19,073,855  (4 ent/s, 450 triples/s, errors=223225)
  rows=150,062  triples=19,077,377  (4 ent/s, 450 triples/s, errors=223239)
  rows=150,101  triples=19,080,640  (4 ent/s, 450 triples/s, errors=223256)
  rows=150,131  triples=19,083,771  (4 ent/s, 450 triples/s, errors=223264)
  rows=150,181  triples=19,086,910  (4 ent/s, 450 triples/s, errors=223272)
  rows=150,209  triples=19,089,302  (4 ent/s, 450 triples/s, errors=223290)
  rows=150,240  triples=19,092,797  (4 ent/s, 450 triples/s, errors=223302)
  rows=150,270  triples=19,096,158  (4 ent/s, 450 triples/s, errors=223311)
  rows=150,299  triples=19,099,429  (4 ent/s, 450 triples/s, errors=223314)
  rows=150,336  triples=19,102,583  (4 ent/s, 450 triples/s, errors=223334)
  rows=150,378  triples=19,105,760  (4 ent/s, 450 triples/s, errors=223345)
  rows=150,414  triples=19,108,327  (4 ent/s, 450 triples/s, errors=223353)
  rows=150,445  triples=19,111,413  (4 ent/s, 450 triples/s, errors=223365)
  rows=150,486  triples=19,114,753  (4 ent/s, 450 triples/s, errors=223381)
  rows=150,537  triples=19,117,899  (4 ent/s, 450 triples/s, errors=223393)
  rows=150,574  triples=19,121,004  (4 ent/s, 450 triples/s, errors=223398)
  rows=150,601  triples=19,123,332  (4 ent/s, 450 triples/s, errors=223403)
  rows=150,634  triples=19,126,547  (4 ent/s, 450 triples/s, errors=223428)
  rows=150,673  triples=19,129,639  (4 ent/s, 450 triples/s, errors=223444)
  rows=150,703  triples=19,132,683  (4 ent/s, 450 triples/s, errors=223463)
  rows=150,733  triples=19,135,965  (4 ent/s, 450 triples/s, errors=223621)
  rows=150,763  triples=19,139,089  (4 ent/s, 450 triples/s, errors=223635)
  rows=150,787  triples=19,142,232  (4 ent/s, 450 triples/s, errors=223740)
  rows=150,825  triples=19,145,183  (4 ent/s, 450 triples/s, errors=223744)
  rows=150,856  triples=19,148,364  (4 ent/s, 450 triples/s, errors=223751)
  rows=150,895  triples=19,151,600  (4 ent/s, 449 triples/s, errors=223770)
  rows=150,929  triples=19,154,744  (4 ent/s, 449 triples/s, errors=223779)
  rows=150,966  triples=19,158,352  (4 ent/s, 449 triples/s, errors=223787)
  rows=151,001  triples=19,161,490  (4 ent/s, 449 triples/s, errors=223795)
  rows=151,034  triples=19,164,623  (4 ent/s, 449 triples/s, errors=223810)
  rows=151,080  triples=19,167,800  (4 ent/s, 449 triples/s, errors=223812)
  rows=151,110  triples=19,171,095  (4 ent/s, 449 triples/s, errors=223829)
  rows=151,149  triples=19,174,321  (4 ent/s, 449 triples/s, errors=223833)
  rows=151,189  triples=19,177,416  (4 ent/s, 449 triples/s, errors=223836)
  rows=151,220  triples=19,180,611  (4 ent/s, 449 triples/s, errors=223847)
  rows=151,259  triples=19,183,785  (4 ent/s, 449 triples/s, errors=223864)
  rows=151,303  triples=19,186,926  (4 ent/s, 449 triples/s, errors=223879)
  rows=151,336  triples=19,190,434  (4 ent/s, 449 triples/s, errors=223894)
  rows=151,381  triples=19,193,644  (4 ent/s, 449 triples/s, errors=223904)
  rows=151,410  triples=19,196,170  (4 ent/s, 449 triples/s, errors=223908)
  rows=151,450  triples=19,199,240  (4 ent/s, 449 triples/s, errors=223914)
  rows=151,492  triples=19,202,468  (4 ent/s, 449 triples/s, errors=223930)
  rows=151,528  triples=19,205,856  (4 ent/s, 449 triples/s, errors=223936)
  rows=151,560  triples=19,209,140  (4 ent/s, 449 triples/s, errors=223948)
  rows=151,595  triples=19,212,436  (4 ent/s, 449 triples/s, errors=223970)
  rows=151,621  triples=19,215,042  (4 ent/s, 449 triples/s, errors=223986)
  rows=151,652  triples=19,218,144  (4 ent/s, 449 triples/s, errors=223998)
  rows=151,681  triples=19,221,407  (4 ent/s, 449 triples/s, errors=224018)
  rows=151,725  triples=19,224,699  (4 ent/s, 449 triples/s, errors=224024)
  rows=151,756  triples=19,227,753  (4 ent/s, 449 triples/s, errors=224040)
  rows=151,788  triples=19,231,058  (4 ent/s, 449 triples/s, errors=224052)
  rows=151,807  triples=19,233,213  (4 ent/s, 449 triples/s, errors=224088)
  rows=151,843  triples=19,236,329  (4 ent/s, 449 triples/s, errors=224097)
  rows=151,887  triples=19,239,516  (4 ent/s, 449 triples/s, errors=224111)
  rows=151,919  triples=19,242,982  (4 ent/s, 449 triples/s, errors=224143)
  rows=151,951  triples=19,246,060  (4 ent/s, 449 triples/s, errors=224169)
  rows=151,986  triples=19,249,475  (4 ent/s, 449 triples/s, errors=224206)
  rows=152,011  triples=19,251,975  (4 ent/s, 449 triples/s, errors=224214)
  rows=152,045  triples=19,255,066  (4 ent/s, 449 triples/s, errors=224221)
  rows=152,095  triples=19,258,394  (4 ent/s, 449 triples/s, errors=224223)
  rows=152,132  triples=19,261,853  (4 ent/s, 449 triples/s, errors=224241)
  rows=152,169  triples=19,264,992  (4 ent/s, 449 triples/s, errors=224274)
  rows=152,197  triples=19,268,069  (4 ent/s, 449 triples/s, errors=224284)
  rows=152,230  triples=19,270,488  (4 ent/s, 449 triples/s, errors=224297)
  rows=152,269  triples=19,273,698  (4 ent/s, 449 triples/s, errors=224320)
  rows=152,303  triples=19,277,004  (4 ent/s, 449 triples/s, errors=224336)
  rows=152,344  triples=19,280,319  (4 ent/s, 449 triples/s, errors=224343)
  rows=152,376  triples=19,283,477  (4 ent/s, 449 triples/s, errors=224360)
  rows=152,401  triples=19,285,905  (4 ent/s, 449 triples/s, errors=224367)
  rows=152,440  triples=19,289,004  (4 ent/s, 449 triples/s, errors=224376)
  rows=152,483  triples=19,292,294  (4 ent/s, 449 triples/s, errors=224386)
  rows=152,524  triples=19,295,707  (4 ent/s, 449 triples/s, errors=224390)
  rows=152,554  triples=19,298,898  (4 ent/s, 449 triples/s, errors=224420)
  rows=152,587  triples=19,302,094  (4 ent/s, 449 triples/s, errors=224447)
  rows=152,619  triples=19,305,335  (4 ent/s, 450 triples/s, errors=224456)
  rows=152,655  triples=19,308,525  (4 ent/s, 450 triples/s, errors=224465)
  rows=152,692  triples=19,312,336  (4 ent/s, 450 triples/s, errors=224623)
  rows=152,713  triples=19,313,392  (4 ent/s, 449 triples/s, errors=224633)
  rows=152,742  triples=19,316,835  (4 ent/s, 449 triples/s, errors=224648)
  rows=152,775  triples=19,320,351  (4 ent/s, 449 triples/s, errors=224671)
  rows=152,801  triples=19,322,708  (4 ent/s, 449 triples/s, errors=224683)
  rows=152,829  triples=19,325,931  (4 ent/s, 449 triples/s, errors=224701)
  rows=152,866  triples=19,328,994  (4 ent/s, 449 triples/s, errors=224746)
  rows=152,902  triples=19,332,283  (4 ent/s, 449 triples/s, errors=224760)
  rows=152,938  triples=19,335,607  (4 ent/s, 449 triples/s, errors=224763)
  rows=152,970  triples=19,338,893  (4 ent/s, 449 triples/s, errors=224774)
  rows=153,001  triples=19,341,929  (4 ent/s, 449 triples/s, errors=224785)
  rows=153,034  triples=19,345,242  (4 ent/s, 449 triples/s, errors=224798)
  rows=153,065  triples=19,348,103  (4 ent/s, 449 triples/s, errors=224963)
  rows=153,092  triples=19,351,334  (4 ent/s, 449 triples/s, errors=225001)
  rows=153,118  triples=19,355,206  (4 ent/s, 449 triples/s, errors=225034)
  rows=153,156  triples=19,358,439  (4 ent/s, 449 triples/s, errors=225043)
  rows=153,189  triples=19,361,751  (4 ent/s, 449 triples/s, errors=225045)
  rows=153,225  triples=19,364,702  (4 ent/s, 449 triples/s, errors=225057)
  rows=153,258  triples=19,367,933  (4 ent/s, 449 triples/s, errors=225063)
  rows=153,296  triples=19,371,460  (4 ent/s, 449 triples/s, errors=225082)
  rows=153,328  triples=19,374,557  (4 ent/s, 449 triples/s, errors=225121)
  rows=153,365  triples=19,377,803  (4 ent/s, 449 triples/s, errors=225153)
  rows=153,401  triples=19,380,318  (4 ent/s, 449 triples/s, errors=225172)
  rows=153,434  triples=19,383,468  (4 ent/s, 449 triples/s, errors=225181)
  rows=153,476  triples=19,386,750  (4 ent/s, 449 triples/s, errors=225190)
  rows=153,507  triples=19,389,896  (4 ent/s, 449 triples/s, errors=225200)
  rows=153,536  triples=19,393,209  (4 ent/s, 449 triples/s, errors=225238)
  rows=153,570  triples=19,396,332  (4 ent/s, 449 triples/s, errors=225262)
  rows=153,601  triples=19,398,832  (4 ent/s, 449 triples/s, errors=225269)
  rows=153,632  triples=19,402,040  (4 ent/s, 449 triples/s, errors=225299)
  rows=153,667  triples=19,405,317  (4 ent/s, 449 triples/s, errors=225316)
  rows=153,699  triples=19,408,463  (4 ent/s, 449 triples/s, errors=225324)
  rows=153,744  triples=19,411,650  (4 ent/s, 449 triples/s, errors=225326)
  rows=153,774  triples=19,415,004  (4 ent/s, 449 triples/s, errors=225345)
  rows=153,801  triples=19,417,630  (4 ent/s, 449 triples/s, errors=225389)
  rows=153,841  triples=19,420,887  (4 ent/s, 449 triples/s, errors=225415)
  rows=153,877  triples=19,424,295  (4 ent/s, 449 triples/s, errors=225464)
  rows=153,913  triples=19,427,674  (4 ent/s, 449 triples/s, errors=225481)
  rows=153,956  triples=19,430,814  (4 ent/s, 449 triples/s, errors=225492)
  rows=153,987  triples=19,433,908  (4 ent/s, 449 triples/s, errors=225544)
  rows=154,011  triples=19,436,448  (4 ent/s, 449 triples/s, errors=225602)
  rows=154,049  triples=19,439,535  (4 ent/s, 449 triples/s, errors=225614)
  rows=154,086  triples=19,442,616  (4 ent/s, 449 triples/s, errors=225622)
  rows=154,120  triples=19,445,832  (4 ent/s, 449 triples/s, errors=225629)
  rows=154,155  triples=19,449,381  (4 ent/s, 449 triples/s, errors=225661)
  rows=154,189  triples=19,452,522  (4 ent/s, 449 triples/s, errors=225702)
  rows=154,223  triples=19,455,819  (4 ent/s, 449 triples/s, errors=225751)
  rows=154,249  triples=19,458,984  (4 ent/s, 449 triples/s, errors=225776)
  rows=154,282  triples=19,462,055  (4 ent/s, 449 triples/s, errors=225794)
  rows=154,318  triples=19,465,280  (4 ent/s, 449 triples/s, errors=225850)
  rows=154,350  triples=19,468,379  (4 ent/s, 449 triples/s, errors=225859)
  rows=154,392  triples=19,471,623  (4 ent/s, 449 triples/s, errors=225873)
  rows=154,419  triples=19,474,768  (4 ent/s, 449 triples/s, errors=225889)
  rows=154,450  triples=19,477,880  (4 ent/s, 449 triples/s, errors=225892)
  rows=154,481  triples=19,481,194  (4 ent/s, 449 triples/s, errors=225918)
  rows=154,523  triples=19,484,602  (4 ent/s, 449 triples/s, errors=225931)
  rows=154,531  triples=19,484,602  (4 ent/s, 449 triples/s, errors=225931)
  rows=154,557  triples=19,487,873  (4 ent/s, 449 triples/s, errors=225939)
  rows=154,598  triples=19,491,239  (4 ent/s, 449 triples/s, errors=225951)
  rows=154,621  triples=19,493,361  (4 ent/s, 449 triples/s, errors=225954)
  rows=154,659  triples=19,496,583  (4 ent/s, 449 triples/s, errors=225960)
  rows=154,704  triples=19,499,760  (4 ent/s, 449 triples/s, errors=225973)
  rows=154,735  triples=19,503,116  (4 ent/s, 449 triples/s, errors=226039)
  rows=154,767  triples=19,506,441  (4 ent/s, 449 triples/s, errors=226063)
  rows=154,801  triples=19,509,423  (4 ent/s, 449 triples/s, errors=226067)
  rows=154,832  triples=19,512,576  (4 ent/s, 449 triples/s, errors=226073)
  rows=154,862  triples=19,515,807  (4 ent/s, 449 triples/s, errors=226082)
  rows=154,899  triples=19,519,038  (4 ent/s, 449 triples/s, errors=226090)
  rows=154,929  triples=19,522,194  (4 ent/s, 449 triples/s, errors=226140)
  rows=154,964  triples=19,525,376  (4 ent/s, 449 triples/s, errors=226165)
  rows=154,992  triples=19,528,699  (4 ent/s, 449 triples/s, errors=226274)
  rows=155,019  triples=19,531,622  (4 ent/s, 449 triples/s, errors=226283)
  rows=155,044  triples=19,534,985  (4 ent/s, 449 triples/s, errors=226315)
  rows=155,082  triples=19,538,565  (4 ent/s, 449 triples/s, errors=226330)
  rows=155,114  triples=19,541,742  (4 ent/s, 449 triples/s, errors=226367)
  rows=155,148  triples=19,544,832  (4 ent/s, 449 triples/s, errors=226412)
  rows=155,185  triples=19,548,340  (4 ent/s, 449 triples/s, errors=226426)
  rows=155,207  triples=19,550,692  (4 ent/s, 449 triples/s, errors=226430)
  rows=155,243  triples=19,553,827  (4 ent/s, 449 triples/s, errors=226446)
  rows=155,277  triples=19,557,054  (4 ent/s, 449 triples/s, errors=226463)
  rows=155,307  triples=19,560,365  (4 ent/s, 449 triples/s, errors=226471)
  rows=155,336  triples=19,563,428  (4 ent/s, 449 triples/s, errors=226479)
  rows=155,374  triples=19,566,807  (4 ent/s, 449 triples/s, errors=226493)
  rows=155,401  triples=19,569,209  (4 ent/s, 449 triples/s, errors=226515)
  rows=155,427  triples=19,572,464  (4 ent/s, 449 triples/s, errors=226522)
  rows=155,460  triples=19,575,710  (4 ent/s, 449 triples/s, errors=226536)
  rows=155,495  triples=19,578,931  (4 ent/s, 449 triples/s, errors=226558)
  rows=155,522  triples=19,582,104  (4 ent/s, 449 triples/s, errors=226593)
  rows=155,554  triples=19,585,146  (4 ent/s, 449 triples/s, errors=226606)
  rows=155,591  triples=19,588,485  (4 ent/s, 449 triples/s, errors=226631)
  rows=155,626  triples=19,591,278  (4 ent/s, 449 triples/s, errors=226651)
  rows=155,654  triples=19,594,322  (4 ent/s, 449 triples/s, errors=226694)
  rows=155,686  triples=19,597,428  (4 ent/s, 449 triples/s, errors=226722)
  rows=155,711  triples=19,601,031  (4 ent/s, 449 triples/s, errors=226752)
  rows=155,743  triples=19,604,435  (4 ent/s, 449 triples/s, errors=226788)
  rows=155,779  triples=19,607,684  (4 ent/s, 449 triples/s, errors=226806)
  rows=155,801  triples=19,610,148  (4 ent/s, 449 triples/s, errors=226843)
  rows=155,835  triples=19,613,303  (4 ent/s, 449 triples/s, errors=226864)
  rows=155,867  triples=19,616,577  (4 ent/s, 449 triples/s, errors=226871)
  rows=155,902  triples=19,619,784  (4 ent/s, 449 triples/s, errors=226881)
  rows=155,942  triples=19,623,126  (4 ent/s, 449 triples/s, errors=226902)
  rows=155,976  triples=19,626,568  (4 ent/s, 449 triples/s, errors=226950)
  rows=156,001  triples=19,629,189  (4 ent/s, 449 triples/s, errors=226966)
  rows=156,031  triples=19,632,520  (4 ent/s, 449 triples/s, errors=226999)
  rows=156,067  triples=19,635,884  (4 ent/s, 449 triples/s, errors=227010)
  rows=156,095  triples=19,638,992  (4 ent/s, 449 triples/s, errors=227034)
  rows=156,122  triples=19,642,119  (4 ent/s, 449 triples/s, errors=227066)
  rows=156,162  triples=19,645,465  (4 ent/s, 449 triples/s, errors=227077)
  rows=156,192  triples=19,648,515  (4 ent/s, 449 triples/s, errors=227100)
  rows=156,229  triples=19,651,688  (4 ent/s, 449 triples/s, errors=227114)
  rows=156,260  triples=19,655,002  (4 ent/s, 449 triples/s, errors=227134)
  rows=156,296  triples=19,658,141  (4 ent/s, 449 triples/s, errors=227152)
  rows=156,325  triples=19,661,264  (4 ent/s, 449 triples/s, errors=227393)
  rows=156,349  triples=19,663,311  (4 ent/s, 449 triples/s, errors=227408)
  rows=156,377  triples=19,666,668  (4 ent/s, 449 triples/s, errors=227449)
  rows=156,401  triples=19,669,096  (4 ent/s, 449 triples/s, errors=227455)
  rows=156,434  triples=19,672,274  (4 ent/s, 449 triples/s, errors=227475)
  rows=156,466  triples=19,675,653  (4 ent/s, 449 triples/s, errors=227485)
  rows=156,500  triples=19,679,397  (4 ent/s, 449 triples/s, errors=227491)
  rows=156,531  triples=19,682,561  (4 ent/s, 449 triples/s, errors=227497)
  rows=156,559  triples=19,685,851  (4 ent/s, 449 triples/s, errors=227512)
  rows=156,586  triples=19,689,074  (4 ent/s, 449 triples/s, errors=227527)
  rows=156,610  triples=19,691,167  (4 ent/s, 449 triples/s, errors=227549)
  rows=156,641  triples=19,694,215  (4 ent/s, 449 triples/s, errors=227557)
  rows=156,674  triples=19,697,451  (4 ent/s, 449 triples/s, errors=227564)
  rows=156,708  triples=19,700,658  (4 ent/s, 449 triples/s, errors=227576)
  rows=156,740  triples=19,703,960  (4 ent/s, 449 triples/s, errors=227593)
  rows=156,768  triples=19,707,118  (4 ent/s, 449 triples/s, errors=227632)
  rows=156,796  triples=19,710,235  (4 ent/s, 449 triples/s, errors=227666)
  rows=156,825  triples=19,712,690  (4 ent/s, 449 triples/s, errors=227676)
  rows=156,854  triples=19,715,867  (4 ent/s, 449 triples/s, errors=227702)
  rows=156,877  triples=19,718,915  (4 ent/s, 449 triples/s, errors=227758)
  rows=156,915  triples=19,722,106  (4 ent/s, 449 triples/s, errors=227764)
  rows=156,946  triples=19,725,298  (4 ent/s, 449 triples/s, errors=227786)
  rows=156,977  triples=19,728,620  (4 ent/s, 449 triples/s, errors=227808)
  rows=157,001  triples=19,731,189  (4 ent/s, 449 triples/s, errors=227841)
  rows=157,030  triples=19,734,517  (4 ent/s, 449 triples/s, errors=227858)
  rows=157,059  triples=19,737,813  (4 ent/s, 449 triples/s, errors=227866)
  rows=157,093  triples=19,740,951  (4 ent/s, 449 triples/s, errors=227892)
  rows=157,124  triples=19,744,280  (4 ent/s, 449 triples/s, errors=227936)
  rows=157,152  triples=19,747,469  (4 ent/s, 449 triples/s, errors=227970)
  rows=157,193  triples=19,750,788  (4 ent/s, 449 triples/s, errors=227984)
  rows=157,225  triples=19,753,779  (4 ent/s, 449 triples/s, errors=228004)
  rows=157,253  triples=19,757,227  (4 ent/s, 449 triples/s, errors=228027)
  rows=157,288  triples=19,760,418  (4 ent/s, 449 triples/s, errors=228047)
  rows=157,316  triples=19,763,529  (4 ent/s, 449 triples/s, errors=228059)
  rows=157,351  triples=19,766,791  (4 ent/s, 449 triples/s, errors=228067)
  rows=157,388  triples=19,769,876  (4 ent/s, 449 triples/s, errors=228072)
  rows=157,407  triples=19,772,650  (4 ent/s, 449 triples/s, errors=228088)
  rows=157,446  triples=19,775,930  (4 ent/s, 449 triples/s, errors=228101)
  rows=157,476  triples=19,779,189  (4 ent/s, 449 triples/s, errors=228134)
  rows=157,505  triples=19,782,299  (4 ent/s, 449 triples/s, errors=228137)
  rows=157,531  triples=19,785,426  (4 ent/s, 449 triples/s, errors=228145)
  rows=157,564  triples=19,788,636  (4 ent/s, 449 triples/s, errors=228165)
  rows=157,595  triples=19,791,759  (4 ent/s, 449 triples/s, errors=228176)
  rows=157,621  triples=19,794,113  (4 ent/s, 449 triples/s, errors=228189)
  rows=157,649  triples=19,797,369  (4 ent/s, 449 triples/s, errors=228212)
  rows=157,680  triples=19,800,468  (4 ent/s, 449 triples/s, errors=228234)
  rows=157,715  triples=19,803,729  (4 ent/s, 449 triples/s, errors=228256)
  rows=157,745  triples=19,807,088  (4 ent/s, 449 triples/s, errors=228261)
  rows=157,773  triples=19,810,206  (4 ent/s, 449 triples/s, errors=228284)
  rows=157,801  triples=19,812,706  (4 ent/s, 449 triples/s, errors=228303)
  rows=157,830  triples=19,815,830  (4 ent/s, 449 triples/s, errors=228354)
  rows=157,863  triples=19,818,891  (4 ent/s, 449 triples/s, errors=228372)
  rows=157,892  triples=19,822,056  (4 ent/s, 449 triples/s, errors=228394)
  rows=157,925  triples=19,825,210  (4 ent/s, 449 triples/s, errors=228422)
  rows=157,958  triples=19,828,548  (4 ent/s, 449 triples/s, errors=228442)
  rows=157,990  triples=19,831,747  (4 ent/s, 449 triples/s, errors=228461)
  rows=158,023  triples=19,834,861  (4 ent/s, 449 triples/s, errors=228470)
  rows=158,064  triples=19,837,900  (4 ent/s, 449 triples/s, errors=228480)
  rows=158,093  triples=19,840,940  (4 ent/s, 449 triples/s, errors=228491)
  rows=158,124  triples=19,844,089  (4 ent/s, 449 triples/s, errors=228499)
  rows=158,156  triples=19,847,156  (4 ent/s, 449 triples/s, errors=228534)
  rows=158,167  triples=19,848,236  (4 ent/s, 449 triples/s, errors=228657)
  rows=158,196  triples=19,851,371  (4 ent/s, 449 triples/s, errors=228658)
  rows=158,216  triples=19,853,823  (4 ent/s, 449 triples/s, errors=228699)
  rows=158,250  triples=19,856,916  (4 ent/s, 449 triples/s, errors=228707)
  rows=158,274  triples=19,860,031  (4 ent/s, 449 triples/s, errors=228716)
  rows=158,306  triples=19,863,066  (4 ent/s, 449 triples/s, errors=228906)
  rows=158,343  triples=19,866,228  (4 ent/s, 449 triples/s, errors=228918)
  rows=158,376  triples=19,869,543  (4 ent/s, 449 triples/s, errors=228932)
  rows=158,401  triples=19,872,319  (4 ent/s, 449 triples/s, errors=228943)
  rows=158,429  triples=19,875,683  (4 ent/s, 449 triples/s, errors=228972)
  rows=158,455  triples=19,878,813  (4 ent/s, 449 triples/s, errors=228972)
  rows=158,486  triples=19,881,931  (4 ent/s, 449 triples/s, errors=228982)
  rows=158,523  triples=19,885,310  (4 ent/s, 449 triples/s, errors=229014)
  rows=158,556  triples=19,888,375  (4 ent/s, 449 triples/s, errors=229035)
  rows=158,588  triples=19,891,756  (4 ent/s, 449 triples/s, errors=229062)
  rows=158,610  triples=19,894,193  (4 ent/s, 449 triples/s, errors=229173)
  rows=158,645  triples=19,897,429  (4 ent/s, 449 triples/s, errors=229182)
  rows=158,681  triples=19,900,559  (4 ent/s, 449 triples/s, errors=229212)
  rows=158,718  triples=19,903,649  (4 ent/s, 449 triples/s, errors=229242)
  rows=158,750  triples=19,906,901  (4 ent/s, 449 triples/s, errors=229289)
  rows=158,793  triples=19,910,106  (4 ent/s, 449 triples/s, errors=229307)
  rows=158,816  triples=19,912,575  (4 ent/s, 449 triples/s, errors=229441)
  rows=158,848  triples=19,915,783  (4 ent/s, 449 triples/s, errors=229465)
  rows=158,878  triples=19,919,042  (4 ent/s, 449 triples/s, errors=229483)
  rows=158,913  triples=19,922,478  (4 ent/s, 449 triples/s, errors=229497)
  rows=158,948  triples=19,925,715  (4 ent/s, 449 triples/s, errors=229530)
  rows=158,983  triples=19,929,075  (4 ent/s, 449 triples/s, errors=229543)
  rows=159,008  triples=19,931,953  (4 ent/s, 449 triples/s, errors=229564)
  rows=159,039  triples=19,935,238  (4 ent/s, 449 triples/s, errors=229609)
  rows=159,074  triples=19,938,564  (4 ent/s, 449 triples/s, errors=229758)
  rows=159,093  triples=19,942,101  (4 ent/s, 449 triples/s, errors=229789)
  rows=159,124  triples=19,945,318  (4 ent/s, 449 triples/s, errors=229809)
  rows=159,153  triples=19,948,890  (4 ent/s, 449 triples/s, errors=229837)
  rows=159,184  triples=19,952,126  (4 ent/s, 449 triples/s, errors=229865)
  rows=159,214  triples=19,955,340  (4 ent/s, 449 triples/s, errors=229890)
  rows=159,241  triples=19,958,609  (4 ent/s, 449 triples/s, errors=229912)
  rows=159,270  triples=19,961,705  (4 ent/s, 449 triples/s, errors=229933)
  rows=159,315  triples=19,965,122  (4 ent/s, 449 triples/s, errors=229952)
  rows=159,351  triples=19,968,368  (4 ent/s, 449 triples/s, errors=229979)
  rows=159,375  triples=19,971,648  (4 ent/s, 449 triples/s, errors=230096)
  rows=159,401  triples=19,974,133  (4 ent/s, 449 triples/s, errors=230102)
  rows=159,435  triples=19,977,610  (4 ent/s, 449 triples/s, errors=230147)
  rows=159,473  triples=19,980,677  (4 ent/s, 449 triples/s, errors=230155)
  rows=159,510  triples=19,983,799  (4 ent/s, 449 triples/s, errors=230169)
  rows=159,544  triples=19,986,941  (4 ent/s, 449 triples/s, errors=230199)
  rows=159,572  triples=19,990,250  (4 ent/s, 449 triples/s, errors=230431)
  rows=159,601  triples=19,993,029  (4 ent/s, 449 triples/s, errors=230472)
  rows=159,638  triples=19,996,399  (4 ent/s, 449 triples/s, errors=230482)
  rows=159,673  triples=19,999,624  (4 ent/s, 449 triples/s, errors=230488)
  rows=159,710  triples=20,002,708  (4 ent/s, 449 triples/s, errors=230508)
  rows=159,741  triples=20,005,848  (4 ent/s, 449 triples/s, errors=230541)
  rows=159,770  triples=20,009,021  (4 ent/s, 449 triples/s, errors=230557)
  rows=159,800  triples=20,012,145  (4 ent/s, 449 triples/s, errors=230573)
  rows=159,830  triples=20,015,374  (4 ent/s, 449 triples/s, errors=230584)
  rows=159,865  triples=20,018,590  (4 ent/s, 449 triples/s, errors=230597)
  rows=159,903  triples=20,021,688  (4 ent/s, 449 triples/s, errors=230600)
  rows=159,934  triples=20,024,842  (4 ent/s, 449 triples/s, errors=230616)
  rows=159,963  triples=20,027,900  (4 ent/s, 449 triples/s, errors=230670)
  rows=159,985  triples=20,028,945  (4 ent/s, 449 triples/s, errors=230677)
  rows=160,001  triples=20,031,661  (4 ent/s, 449 triples/s, errors=230715)
  rows=160,039  triples=20,035,326  (4 ent/s, 449 triples/s, errors=230924)
  rows=160,073  triples=20,038,467  (4 ent/s, 449 triples/s, errors=230950)
  rows=160,106  triples=20,041,563  (4 ent/s, 449 triples/s, errors=230954)
  rows=160,139  triples=20,044,653  (4 ent/s, 449 triples/s, errors=230959)
  rows=160,174  triples=20,047,768  (4 ent/s, 449 triples/s, errors=230981)
  rows=160,201  triples=20,050,263  (4 ent/s, 449 triples/s, errors=231003)
  rows=160,229  triples=20,053,298  (4 ent/s, 449 triples/s, errors=231130)
  rows=160,265  triples=20,056,463  (4 ent/s, 449 triples/s, errors=231151)
  rows=160,300  triples=20,059,633  (4 ent/s, 449 triples/s, errors=231164)
  rows=160,328  triples=20,062,856  (4 ent/s, 449 triples/s, errors=231177)
  rows=160,362  triples=20,065,995  (4 ent/s, 449 triples/s, errors=231203)
  rows=160,398  triples=20,069,274  (4 ent/s, 449 triples/s, errors=231245)
  rows=160,429  triples=20,071,467  (4 ent/s, 449 triples/s, errors=231265)
  rows=160,469  triples=20,074,870  (4 ent/s, 449 triples/s, errors=231282)
  rows=160,508  triples=20,078,027  (4 ent/s, 449 triples/s, errors=231293)
  rows=160,536  triples=20,081,293  (4 ent/s, 449 triples/s, errors=231302)
  rows=160,570  triples=20,084,654  (4 ent/s, 449 triples/s, errors=231320)
  rows=160,598  triples=20,087,763  (4 ent/s, 449 triples/s, errors=231332)
  rows=160,629  triples=20,089,861  (4 ent/s, 449 triples/s, errors=231352)
  rows=160,666  triples=20,093,043  (4 ent/s, 449 triples/s, errors=231364)
  rows=160,700  triples=20,096,239  (4 ent/s, 449 triples/s, errors=231372)
  rows=160,732  triples=20,099,367  (4 ent/s, 449 triples/s, errors=231388)
  rows=160,762  triples=20,102,649  (4 ent/s, 449 triples/s, errors=231426)
  rows=160,787  triples=20,105,759  (4 ent/s, 449 triples/s, errors=231435)
  rows=160,820  triples=20,108,338  (4 ent/s, 449 triples/s, errors=231464)
  rows=160,861  triples=20,111,501  (4 ent/s, 449 triples/s, errors=231466)
  rows=160,894  triples=20,114,785  (4 ent/s, 449 triples/s, errors=231475)
  rows=160,924  triples=20,117,984  (4 ent/s, 449 triples/s, errors=231483)
  rows=160,948  triples=20,121,119  (4 ent/s, 449 triples/s, errors=231506)
  rows=160,981  triples=20,124,428  (4 ent/s, 449 triples/s, errors=231576)
  rows=161,014  triples=20,126,719  (4 ent/s, 449 triples/s, errors=231590)
  rows=161,050  triples=20,129,796  (4 ent/s, 449 triples/s, errors=231596)
  rows=161,094  triples=20,132,923  (4 ent/s, 449 triples/s, errors=231640)
  rows=161,123  triples=20,135,997  (4 ent/s, 449 triples/s, errors=231659)
  rows=161,165  triples=20,139,101  (4 ent/s, 449 triples/s, errors=231671)
  rows=161,201  triples=20,141,761  (4 ent/s, 449 triples/s, errors=231689)
  rows=161,232  triples=20,144,922  (4 ent/s, 449 triples/s, errors=231708)
  rows=161,261  triples=20,147,304  (4 ent/s, 449 triples/s, errors=231723)
  rows=161,284  triples=20,149,366  (4 ent/s, 449 triples/s, errors=231730)
  rows=161,302  triples=20,151,428  (4 ent/s, 449 triples/s, errors=231750)
  rows=161,329  triples=20,153,822  (4 ent/s, 449 triples/s, errors=231752)
  rows=161,359  triples=20,155,909  (4 ent/s, 449 triples/s, errors=231753)
  rows=161,395  triples=20,158,994  (4 ent/s, 449 triples/s, errors=231758)
  rows=161,429  triples=20,161,927  (4 ent/s, 449 triples/s, errors=231773)
  rows=161,458  triples=20,163,949  (4 ent/s, 449 triples/s, errors=231803)
  rows=161,499  triples=20,167,268  (4 ent/s, 449 triples/s, errors=231817)
  rows=161,532  triples=20,170,335  (4 ent/s, 449 triples/s, errors=231841)
  rows=161,580  triples=20,173,917  (4 ent/s, 449 triples/s, errors=231960)
  rows=161,608  triples=20,176,533  (4 ent/s, 449 triples/s, errors=231980)
  rows=161,643  triples=20,179,681  (4 ent/s, 449 triples/s, errors=232009)
  rows=161,681  triples=20,183,252  (4 ent/s, 449 triples/s, errors=232045)
  rows=161,718  triples=20,186,491  (4 ent/s, 449 triples/s, errors=232063)
  rows=161,766  triples=20,189,538  (4 ent/s, 449 triples/s, errors=232065)
  rows=161,801  triples=20,192,009  (4 ent/s, 449 triples/s, errors=232082)
  rows=161,803  triples=20,192,009  (4 ent/s, 449 triples/s, errors=232082)
  rows=161,839  triples=20,195,222  (4 ent/s, 449 triples/s, errors=232085)
  rows=161,862  triples=20,198,431  (4 ent/s, 449 triples/s, errors=232110)
  rows=161,901  triples=20,201,636  (4 ent/s, 449 triples/s, errors=232120)
  rows=161,937  triples=20,205,082  (4 ent/s, 449 triples/s, errors=232133)
  rows=161,964  triples=20,208,278  (4 ent/s, 449 triples/s, errors=232161)
  rows=161,995  triples=20,211,503  (4 ent/s, 449 triples/s, errors=232207)
  rows=162,011  triples=20,213,369  (4 ent/s, 449 triples/s, errors=232847)
  rows=162,046  triples=20,216,763  (4 ent/s, 449 triples/s, errors=232863)
  rows=162,078  triples=20,220,262  (4 ent/s, 449 triples/s, errors=232886)
  rows=162,110  triples=20,223,420  (4 ent/s, 449 triples/s, errors=232889)
  rows=162,139  triples=20,226,618  (4 ent/s, 449 triples/s, errors=232925)
  rows=162,182  triples=20,229,743  (4 ent/s, 449 triples/s, errors=232931)
  rows=162,223  triples=20,232,666  (4 ent/s, 449 triples/s, errors=232949)
  rows=162,263  triples=20,235,924  (4 ent/s, 449 triples/s, errors=232968)
  rows=162,299  triples=20,239,202  (4 ent/s, 449 triples/s, errors=232983)
  rows=162,334  triples=20,242,254  (4 ent/s, 449 triples/s, errors=233010)
  rows=162,371  triples=20,245,462  (4 ent/s, 449 triples/s, errors=233011)
  rows=162,414  triples=20,248,327  (4 ent/s, 449 triples/s, errors=233030)
  rows=162,453  triples=20,251,547  (4 ent/s, 449 triples/s, errors=233032)
  rows=162,489  triples=20,254,715  (4 ent/s, 449 triples/s, errors=233061)
  rows=162,525  triples=20,257,896  (4 ent/s, 449 triples/s, errors=233090)
  rows=162,561  triples=20,261,023  (4 ent/s, 449 triples/s, errors=233098)
  rows=162,591  triples=20,264,136  (4 ent/s, 449 triples/s, errors=233116)
  rows=162,621  triples=20,266,865  (4 ent/s, 449 triples/s, errors=233118)
  rows=162,650  triples=20,270,181  (4 ent/s, 449 triples/s, errors=233137)
  rows=162,679  triples=20,273,346  (4 ent/s, 449 triples/s, errors=233141)
  rows=162,723  triples=20,276,750  (4 ent/s, 449 triples/s, errors=233147)
  rows=162,762  triples=20,280,230  (4 ent/s, 449 triples/s, errors=233165)
  rows=162,801  triples=20,282,856  (4 ent/s, 449 triples/s, errors=233170)
  rows=162,847  triples=20,285,977  (4 ent/s, 449 triples/s, errors=233187)
  rows=162,881  triples=20,289,285  (4 ent/s, 449 triples/s, errors=233198)
  rows=162,915  triples=20,292,488  (4 ent/s, 449 triples/s, errors=233211)
  rows=162,948  triples=20,295,613  (4 ent/s, 449 triples/s, errors=233226)
  rows=162,973  triples=20,298,940  (4 ent/s, 449 triples/s, errors=233235)
  rows=163,010  triples=20,301,635  (4 ent/s, 449 triples/s, errors=233262)
  rows=163,038  triples=20,304,738  (4 ent/s, 449 triples/s, errors=233311)
  rows=163,067  triples=20,308,006  (4 ent/s, 449 triples/s, errors=233349)
  rows=163,111  triples=20,311,414  (4 ent/s, 449 triples/s, errors=233353)
  rows=163,146  triples=20,314,695  (4 ent/s, 449 triples/s, errors=233374)
  rows=163,180  triples=20,317,806  (4 ent/s, 449 triples/s, errors=233398)
  rows=163,208  triples=20,320,181  (4 ent/s, 449 triples/s, errors=233421)
  rows=163,242  triples=20,323,339  (4 ent/s, 449 triples/s, errors=233440)
  rows=163,280  triples=20,326,411  (4 ent/s, 449 triples/s, errors=233444)
  rows=163,327  triples=20,329,532  (4 ent/s, 449 triples/s, errors=233452)
  rows=163,370  triples=20,332,954  (4 ent/s, 449 triples/s, errors=233488)
  rows=163,401  triples=20,335,327  (4 ent/s, 449 triples/s, errors=233494)
  rows=163,438  triples=20,338,601  (4 ent/s, 449 triples/s, errors=233521)
  rows=163,479  triples=20,341,712  (4 ent/s, 449 triples/s, errors=233526)
  rows=163,516  triples=20,344,860  (4 ent/s, 449 triples/s, errors=233538)
  rows=163,551  triples=20,348,054  (4 ent/s, 449 triples/s, errors=233558)
  rows=163,591  triples=20,351,238  (4 ent/s, 449 triples/s, errors=233573)
  rows=163,621  triples=20,352,930  (4 ent/s, 448 triples/s, errors=233575)
  rows=163,656  triples=20,356,334  (4 ent/s, 448 triples/s, errors=233597)
  rows=163,685  triples=20,359,603  (4 ent/s, 448 triples/s, errors=233621)
  rows=163,718  triples=20,362,810  (4 ent/s, 448 triples/s, errors=233625)
  rows=163,758  triples=20,365,914  (4 ent/s, 448 triples/s, errors=233628)
  rows=163,798  triples=20,369,170  (4 ent/s, 448 triples/s, errors=233636)
  rows=163,822  triples=20,371,753  (4 ent/s, 448 triples/s, errors=233649)
  rows=163,856  triples=20,374,915  (4 ent/s, 448 triples/s, errors=233653)
  rows=163,894  triples=20,378,069  (4 ent/s, 448 triples/s, errors=233677)
  rows=163,930  triples=20,381,498  (4 ent/s, 448 triples/s, errors=233907)
  rows=163,967  triples=20,384,542  (4 ent/s, 448 triples/s, errors=233922)
  rows=164,001  triples=20,387,581  (4 ent/s, 448 triples/s, errors=233930)
  rows=164,039  triples=20,390,784  (4 ent/s, 448 triples/s, errors=233954)
  rows=164,074  triples=20,394,009  (4 ent/s, 448 triples/s, errors=233972)
  rows=164,115  triples=20,397,115  (4 ent/s, 448 triples/s, errors=234015)
  rows=164,149  triples=20,400,291  (4 ent/s, 448 triples/s, errors=234034)
  rows=164,194  triples=20,403,476  (4 ent/s, 448 triples/s, errors=234037)
  rows=164,221  triples=20,405,881  (4 ent/s, 448 triples/s, errors=234042)
  rows=164,259  triples=20,409,210  (4 ent/s, 448 triples/s, errors=234066)
  rows=164,292  triples=20,412,519  (4 ent/s, 448 triples/s, errors=234099)
  rows=164,329  triples=20,415,650  (4 ent/s, 448 triples/s, errors=234115)
  rows=164,361  triples=20,418,902  (4 ent/s, 448 triples/s, errors=234136)
  rows=164,391  triples=20,421,978  (4 ent/s, 448 triples/s, errors=234185)
  rows=164,425  triples=20,425,045  (4 ent/s, 448 triples/s, errors=234197)
  rows=164,461  triples=20,428,213  (4 ent/s, 448 triples/s, errors=234206)
  rows=164,505  triples=20,431,327  (4 ent/s, 448 triples/s, errors=234223)
  rows=164,545  triples=20,434,707  (4 ent/s, 448 triples/s, errors=234229)
  rows=164,582  triples=20,437,942  (4 ent/s, 448 triples/s, errors=234247)
  rows=164,614  triples=20,440,148  (4 ent/s, 448 triples/s, errors=234248)
  rows=164,654  triples=20,443,350  (4 ent/s, 448 triples/s, errors=234264)
  rows=164,687  triples=20,446,453  (4 ent/s, 448 triples/s, errors=234301)
  rows=164,735  triples=20,449,692  (4 ent/s, 448 triples/s, errors=234316)
  rows=164,778  triples=20,452,722  (4 ent/s, 448 triples/s, errors=234328)
  rows=164,807  triples=20,455,928  (4 ent/s, 448 triples/s, errors=234335)
  rows=164,847  triples=20,459,132  (4 ent/s, 448 triples/s, errors=234349)
  rows=164,886  triples=20,462,243  (4 ent/s, 448 triples/s, errors=234354)
  rows=164,923  triples=20,465,375  (4 ent/s, 448 triples/s, errors=234363)
  rows=164,968  triples=20,468,607  (4 ent/s, 448 triples/s, errors=234370)
  rows=165,001  triples=20,471,212  (4 ent/s, 448 triples/s, errors=234377)
  rows=165,035  triples=20,474,420  (4 ent/s, 448 triples/s, errors=234386)
  rows=165,080  triples=20,477,505  (4 ent/s, 448 triples/s, errors=234409)
  rows=165,116  triples=20,480,598  (4 ent/s, 448 triples/s, errors=234414)
  rows=165,145  triples=20,483,893  (4 ent/s, 448 triples/s, errors=234429)
  rows=165,188  triples=20,487,585  (4 ent/s, 448 triples/s, errors=234444)
  rows=165,212  triples=20,489,965  (4 ent/s, 448 triples/s, errors=234449)
  rows=165,247  triples=20,493,109  (4 ent/s, 448 triples/s, errors=234460)
  rows=165,287  triples=20,496,330  (4 ent/s, 448 triples/s, errors=234466)
  rows=165,323  triples=20,499,549  (4 ent/s, 448 triples/s, errors=234477)
  rows=165,347  triples=20,502,651  (4 ent/s, 448 triples/s, errors=234491)
  rows=165,386  triples=20,505,768  (4 ent/s, 448 triples/s, errors=234540)
  rows=165,412  triples=20,507,919  (4 ent/s, 448 triples/s, errors=234548)
  rows=165,439  triples=20,510,061  (4 ent/s, 448 triples/s, errors=234559)
  rows=165,468  triples=20,513,127  (4 ent/s, 448 triples/s, errors=234569)
  rows=165,508  triples=20,516,252  (4 ent/s, 448 triples/s, errors=234580)
  rows=165,547  triples=20,519,384  (4 ent/s, 448 triples/s, errors=234581)
  rows=165,585  triples=20,522,556  (4 ent/s, 448 triples/s, errors=234610)
  rows=165,616  triples=20,524,999  (4 ent/s, 448 triples/s, errors=234627)
  rows=165,642  triples=20,528,175  (4 ent/s, 448 triples/s, errors=234662)
  rows=165,680  triples=20,531,250  (4 ent/s, 448 triples/s, errors=234685)
  rows=165,719  triples=20,534,486  (4 ent/s, 448 triples/s, errors=234726)
  rows=165,755  triples=20,537,546  (4 ent/s, 448 triples/s, errors=234735)
  rows=165,791  triples=20,540,713  (4 ent/s, 448 triples/s, errors=234743)
  rows=165,814  triples=20,542,823  (4 ent/s, 448 triples/s, errors=234746)
  rows=165,845  triples=20,545,963  (4 ent/s, 448 triples/s, errors=234756)
  rows=165,879  triples=20,549,054  (4 ent/s, 448 triples/s, errors=234777)
  rows=165,922  triples=20,552,218  (4 ent/s, 448 triples/s, errors=234783)
  rows=165,956  triples=20,555,464  (4 ent/s, 448 triples/s, errors=234802)
  rows=165,992  triples=20,558,917  (4 ent/s, 448 triples/s, errors=234817)
  rows=166,022  triples=20,561,654  (4 ent/s, 448 triples/s, errors=234830)
  rows=166,055  triples=20,564,830  (4 ent/s, 448 triples/s, errors=234845)
  rows=166,087  triples=20,567,912  (4 ent/s, 448 triples/s, errors=234847)
  rows=166,122  triples=20,571,160  (4 ent/s, 448 triples/s, errors=234858)
  rows=166,149  triples=20,574,238  (4 ent/s, 448 triples/s, errors=234871)
  rows=166,194  triples=20,577,449  (4 ent/s, 448 triples/s, errors=234878)
  rows=166,224  triples=20,580,174  (4 ent/s, 448 triples/s, errors=234883)
  rows=166,260  triples=20,583,335  (4 ent/s, 448 triples/s, errors=234948)
  rows=166,292  triples=20,586,619  (4 ent/s, 448 triples/s, errors=234956)
  rows=166,312  triples=20,589,668  (4 ent/s, 448 triples/s, errors=234981)
  rows=166,352  triples=20,592,795  (4 ent/s, 448 triples/s, errors=234985)
  rows=166,381  triples=20,596,075  (4 ent/s, 448 triples/s, errors=235022)
  rows=166,409  triples=20,598,737  (4 ent/s, 448 triples/s, errors=235032)
  rows=166,448  triples=20,601,846  (4 ent/s, 448 triples/s, errors=235059)
  rows=166,480  triples=20,604,915  (4 ent/s, 448 triples/s, errors=235105)
  rows=166,515  triples=20,608,250  (4 ent/s, 448 triples/s, errors=235135)
  rows=166,552  triples=20,611,366  (4 ent/s, 448 triples/s, errors=235135)
  rows=166,591  triples=20,614,553  (4 ent/s, 448 triples/s, errors=235180)
  rows=166,622  triples=20,617,336  (4 ent/s, 448 triples/s, errors=235209)
  rows=166,653  triples=20,620,524  (4 ent/s, 448 triples/s, errors=235218)
  rows=166,683  triples=20,623,742  (4 ent/s, 448 triples/s, errors=235225)
  rows=166,713  triples=20,626,712  (4 ent/s, 448 triples/s, errors=235424)
  rows=166,751  triples=20,629,979  (4 ent/s, 448 triples/s, errors=235428)
  rows=166,785  triples=20,633,268  (4 ent/s, 448 triples/s, errors=235448)
  rows=166,810  triples=20,635,751  (4 ent/s, 448 triples/s, errors=235452)
  rows=166,842  triples=20,639,047  (4 ent/s, 448 triples/s, errors=235469)
  rows=166,881  triples=20,642,473  (4 ent/s, 448 triples/s, errors=235492)
  rows=166,925  triples=20,645,751  (4 ent/s, 448 triples/s, errors=235499)
  rows=166,963  triples=20,648,897  (4 ent/s, 448 triples/s, errors=235505)
  rows=167,001  triples=20,651,705  (4 ent/s, 448 triples/s, errors=235526)
  rows=167,045  triples=20,655,022  (4 ent/s, 448 triples/s, errors=235542)
  rows=167,084  triples=20,658,223  (4 ent/s, 448 triples/s, errors=235546)
  rows=167,124  triples=20,661,487  (4 ent/s, 448 triples/s, errors=235556)
  rows=167,163  triples=20,664,587  (4 ent/s, 448 triples/s, errors=235568)
  rows=167,198  triples=20,667,911  (4 ent/s, 448 triples/s, errors=235585)
  rows=167,226  triples=20,670,378  (4 ent/s, 448 triples/s, errors=235611)
  rows=167,257  triples=20,672,630  (4 ent/s, 448 triples/s, errors=235630)
  rows=167,282  triples=20,675,876  (4 ent/s, 448 triples/s, errors=235637)
  rows=167,314  triples=20,679,108  (4 ent/s, 448 triples/s, errors=235681)
  rows=167,354  triples=20,682,202  (4 ent/s, 448 triples/s, errors=235705)
  rows=167,396  triples=20,685,292  (4 ent/s, 448 triples/s, errors=235719)
  rows=167,426  triples=20,687,718  (4 ent/s, 448 triples/s, errors=235733)
  rows=167,467  triples=20,691,091  (4 ent/s, 448 triples/s, errors=235740)
  rows=167,507  triples=20,694,137  (4 ent/s, 448 triples/s, errors=235748)
  rows=167,540  triples=20,697,283  (4 ent/s, 448 triples/s, errors=235777)
  rows=167,579  triples=20,700,517  (4 ent/s, 448 triples/s, errors=235793)
  rows=167,601  triples=20,703,408  (4 ent/s, 448 triples/s, errors=235867)
  rows=167,644  triples=20,706,757  (4 ent/s, 448 triples/s, errors=235872)
  rows=167,682  triples=20,710,100  (4 ent/s, 448 triples/s, errors=235883)
  rows=167,710  triples=20,713,129  (4 ent/s, 448 triples/s, errors=235899)
  rows=167,746  triples=20,716,243  (4 ent/s, 448 triples/s, errors=235929)
  rows=167,777  triples=20,719,371  (4 ent/s, 448 triples/s, errors=235985)
  rows=167,809  triples=20,722,217  (4 ent/s, 448 triples/s, errors=235991)
  rows=167,848  triples=20,725,421  (4 ent/s, 448 triples/s, errors=236000)
  rows=167,890  triples=20,728,900  (4 ent/s, 448 triples/s, errors=236012)
  rows=167,923  triples=20,731,945  (4 ent/s, 448 triples/s, errors=236041)
  rows=167,958  triples=20,735,135  (4 ent/s, 448 triples/s, errors=236048)
  rows=167,993  triples=20,738,290  (4 ent/s, 448 triples/s, errors=236077)
  rows=168,025  triples=20,741,090  (4 ent/s, 448 triples/s, errors=236085)
  rows=168,063  triples=20,744,411  (4 ent/s, 448 triples/s, errors=236101)
  rows=168,096  triples=20,747,658  (4 ent/s, 448 triples/s, errors=236108)
  rows=168,129  triples=20,750,915  (4 ent/s, 448 triples/s, errors=236114)
  rows=168,167  triples=20,754,398  (4 ent/s, 448 triples/s, errors=236140)
  rows=168,201  triples=20,757,121  (4 ent/s, 448 triples/s, errors=236175)
  rows=168,243  triples=20,760,192  (4 ent/s, 448 triples/s, errors=236180)
  rows=168,278  triples=20,763,357  (4 ent/s, 448 triples/s, errors=236183)
  rows=168,312  triples=20,766,462  (4 ent/s, 448 triples/s, errors=236201)
  rows=168,347  triples=20,769,744  (4 ent/s, 448 triples/s, errors=236226)
  rows=168,375  triples=20,773,055  (4 ent/s, 448 triples/s, errors=236227)
  rows=168,401  triples=20,775,443  (4 ent/s, 448 triples/s, errors=236229)
  rows=168,444  triples=20,778,879  (4 ent/s, 448 triples/s, errors=236235)
  rows=168,485  triples=20,782,102  (4 ent/s, 448 triples/s, errors=236239)
  rows=168,520  triples=20,785,290  (4 ent/s, 448 triples/s, errors=236252)
  rows=168,547  triples=20,788,300  (4 ent/s, 448 triples/s, errors=236266)
  rows=168,588  triples=20,791,733  (4 ent/s, 448 triples/s, errors=236273)
  rows=168,622  triples=20,794,657  (4 ent/s, 448 triples/s, errors=236277)
  rows=168,655  triples=20,797,944  (4 ent/s, 448 triples/s, errors=236302)
  rows=168,690  triples=20,801,110  (4 ent/s, 448 triples/s, errors=236369)
  rows=168,729  triples=20,804,246  (4 ent/s, 448 triples/s, errors=236383)
  rows=168,767  triples=20,807,523  (4 ent/s, 448 triples/s, errors=236475)
  rows=168,801  triples=20,810,655  (4 ent/s, 448 triples/s, errors=236475)
  rows=168,837  triples=20,813,831  (4 ent/s, 448 triples/s, errors=236479)
  rows=168,874  triples=20,817,101  (4 ent/s, 448 triples/s, errors=236488)
  rows=168,918  triples=20,820,387  (4 ent/s, 448 triples/s, errors=236495)
  rows=168,959  triples=20,823,526  (4 ent/s, 448 triples/s, errors=236508)
  rows=168,996  triples=20,826,694  (4 ent/s, 448 triples/s, errors=236517)
  rows=169,036  triples=20,828,938  (4 ent/s, 448 triples/s, errors=236518)
  rows=169,075  triples=20,830,986  (4 ent/s, 448 triples/s, errors=236527)
  rows=169,099  triples=20,835,409  (4 ent/s, 448 triples/s, errors=236701)
  rows=169,136  triples=20,838,516  (4 ent/s, 448 triples/s, errors=236724)
  rows=169,170  triples=20,841,743  (4 ent/s, 448 triples/s, errors=236734)
  rows=169,200  triples=20,844,981  (4 ent/s, 448 triples/s, errors=236753)
  rows=169,234  triples=20,848,491  (4 ent/s, 448 triples/s, errors=236758)
  rows=169,268  triples=20,851,691  (4 ent/s, 448 triples/s, errors=236762)
  rows=169,303  triples=20,855,053  (4 ent/s, 448 triples/s, errors=236781)
  rows=169,335  triples=20,858,578  (4 ent/s, 448 triples/s, errors=236792)
  rows=169,367  triples=20,862,168  (4 ent/s, 448 triples/s, errors=236822)
  rows=169,401  triples=20,864,633  (4 ent/s, 448 triples/s, errors=236828)
  rows=169,431  triples=20,867,865  (4 ent/s, 448 triples/s, errors=236853)
  rows=169,459  triples=20,871,081  (4 ent/s, 448 triples/s, errors=236867)
  rows=169,484  triples=20,874,517  (4 ent/s, 448 triples/s, errors=236875)
  rows=169,517  triples=20,877,670  (4 ent/s, 448 triples/s, errors=236878)
  rows=169,549  triples=20,880,917  (4 ent/s, 448 triples/s, errors=236891)
  rows=169,583  triples=20,884,079  (4 ent/s, 448 triples/s, errors=236891)
  rows=169,605  triples=20,886,830  (4 ent/s, 448 triples/s, errors=237017)
  rows=169,642  triples=20,890,293  (4 ent/s, 448 triples/s, errors=237021)
  rows=169,673  triples=20,893,566  (4 ent/s, 448 triples/s, errors=237029)
  rows=169,702  triples=20,896,716  (4 ent/s, 448 triples/s, errors=237032)
  rows=169,736  triples=20,900,081  (4 ent/s, 448 triples/s, errors=237039)
  rows=169,761  triples=20,903,297  (4 ent/s, 448 triples/s, errors=237053)
  rows=169,800  triples=20,906,376  (4 ent/s, 448 triples/s, errors=237065)
  rows=169,844  triples=20,909,774  (4 ent/s, 448 triples/s, errors=237085)
  rows=169,872  triples=20,913,023  (4 ent/s, 448 triples/s, errors=237085)
  rows=169,906  triples=20,916,163  (4 ent/s, 448 triples/s, errors=237119)
  rows=169,931  triples=20,919,354  (4 ent/s, 448 triples/s, errors=237314)
  rows=169,962  triples=20,922,656  (4 ent/s, 448 triples/s, errors=237323)
  rows=170,001  triples=20,925,338  (4 ent/s, 448 triples/s, errors=237341)
  rows=170,048  triples=20,928,375  (4 ent/s, 448 triples/s, errors=237347)
  rows=170,089  triples=20,931,550  (4 ent/s, 448 triples/s, errors=237359)
  rows=170,124  triples=20,934,744  (4 ent/s, 448 triples/s, errors=237390)
  rows=170,150  triples=20,938,068  (4 ent/s, 448 triples/s, errors=237417)
  rows=170,187  triples=20,941,367  (4 ent/s, 448 triples/s, errors=237437)
  rows=170,218  triples=20,943,499  (4 ent/s, 448 triples/s, errors=237438)
  rows=170,248  triples=20,947,096  (4 ent/s, 448 triples/s, errors=237457)
  rows=170,279  triples=20,950,342  (4 ent/s, 448 triples/s, errors=237494)
  rows=170,309  triples=20,953,647  (4 ent/s, 448 triples/s, errors=237513)
  rows=170,340  triples=20,956,704  (4 ent/s, 448 triples/s, errors=237529)
  rows=170,376  triples=20,960,020  (4 ent/s, 448 triples/s, errors=237536)
  rows=170,401  triples=20,962,138  (4 ent/s, 448 triples/s, errors=237536)
  rows=170,433  triples=20,965,719  (4 ent/s, 448 triples/s, errors=237542)
  rows=170,467  triples=20,968,846  (4 ent/s, 448 triples/s, errors=237605)
  rows=170,495  triples=20,972,125  (4 ent/s, 448 triples/s, errors=237605)
  rows=170,522  triples=20,975,517  (4 ent/s, 448 triples/s, errors=237609)
  rows=170,555  triples=20,978,806  (4 ent/s, 448 triples/s, errors=237610)
  rows=170,587  triples=20,982,221  (4 ent/s, 448 triples/s, errors=237619)
  rows=170,612  triples=20,984,766  (4 ent/s, 448 triples/s, errors=237636)
  rows=170,639  triples=20,988,071  (4 ent/s, 448 triples/s, errors=237653)
  rows=170,671  triples=20,991,369  (4 ent/s, 448 triples/s, errors=237656)
  rows=170,713  triples=20,994,687  (4 ent/s, 448 triples/s, errors=237677)
  rows=170,744  triples=20,997,801  (4 ent/s, 448 triples/s, errors=237684)
  rows=170,771  triples=21,001,011  (4 ent/s, 448 triples/s, errors=237688)
  rows=170,801  triples=21,003,944  (4 ent/s, 448 triples/s, errors=237709)
  rows=170,835  triples=21,007,048  (4 ent/s, 448 triples/s, errors=237716)
  rows=170,879  triples=21,010,173  (4 ent/s, 448 triples/s, errors=237719)
  rows=170,893  triples=21,011,189  (4 ent/s, 448 triples/s, errors=237719)
  rows=170,916  triples=21,014,617  (4 ent/s, 448 triples/s, errors=237724)
  rows=170,951  triples=21,017,740  (4 ent/s, 448 triples/s, errors=237724)
  rows=170,995  triples=21,021,349  (4 ent/s, 448 triples/s, errors=237726)
  rows=171,029  triples=21,023,883  (4 ent/s, 448 triples/s, errors=237798)
  rows=171,057  triples=21,027,266  (4 ent/s, 448 triples/s, errors=237819)
  rows=171,081  triples=21,030,381  (4 ent/s, 448 triples/s, errors=237852)
  rows=171,116  triples=21,033,576  (4 ent/s, 448 triples/s, errors=237854)
  rows=171,150  triples=21,036,788  (4 ent/s, 448 triples/s, errors=237858)
  rows=171,193  triples=21,039,936  (4 ent/s, 448 triples/s, errors=237870)
  rows=171,221  triples=21,042,493  (4 ent/s, 448 triples/s, errors=237870)
  rows=171,268  triples=21,045,794  (4 ent/s, 448 triples/s, errors=237877)
  rows=171,305  triples=21,049,106  (4 ent/s, 448 triples/s, errors=237882)
  rows=171,343  triples=21,052,388  (4 ent/s, 448 triples/s, errors=237882)
  rows=171,374  triples=21,055,715  (4 ent/s, 448 triples/s, errors=237886)
  rows=171,401  triples=21,058,526  (4 ent/s, 448 triples/s, errors=237894)
  rows=171,431  triples=21,061,914  (4 ent/s, 448 triples/s, errors=237902)
  rows=171,471  triples=21,064,966  (4 ent/s, 448 triples/s, errors=237923)
  rows=171,506  triples=21,068,530  (4 ent/s, 448 triples/s, errors=237923)
  rows=171,551  triples=21,071,588  (4 ent/s, 448 triples/s, errors=237929)
  rows=171,601  triples=21,074,706  (4 ent/s, 448 triples/s, errors=237934)
  rows=171,643  triples=21,077,875  (4 ent/s, 448 triples/s, errors=237936)
  rows=171,687  triples=21,081,336  (4 ent/s, 448 triples/s, errors=237949)
  rows=171,730  triples=21,084,467  (4 ent/s, 448 triples/s, errors=237954)
  rows=171,773  triples=21,087,757  (4 ent/s, 448 triples/s, errors=237967)
  rows=171,816  triples=21,090,942  (4 ent/s, 448 triples/s, errors=237971)
  rows=171,858  triples=21,094,343  (4 ent/s, 448 triples/s, errors=237980)
  rows=171,893  triples=21,097,641  (4 ent/s, 448 triples/s, errors=237984)
  rows=171,928  triples=21,100,804  (4 ent/s, 448 triples/s, errors=237988)
  rows=171,968  triples=21,103,995  (4 ent/s, 448 triples/s, errors=238006)
  rows=172,001  triples=21,106,782  (4 ent/s, 448 triples/s, errors=238010)
  rows=172,037  triples=21,109,862  (4 ent/s, 448 triples/s, errors=238024)
  rows=172,077  triples=21,113,071  (4 ent/s, 448 triples/s, errors=238044)
  rows=172,117  triples=21,116,193  (4 ent/s, 448 triples/s, errors=238048)
  rows=172,150  triples=21,119,726  (4 ent/s, 448 triples/s, errors=238078)
  rows=172,172  triples=21,123,010  (4 ent/s, 448 triples/s, errors=238098)
  rows=172,201  triples=21,125,299  (4 ent/s, 448 triples/s, errors=238099)
  rows=172,235  triples=21,128,885  (4 ent/s, 448 triples/s, errors=238106)
  rows=172,271  triples=21,132,101  (4 ent/s, 448 triples/s, errors=238116)
  rows=172,303  triples=21,135,226  (4 ent/s, 448 triples/s, errors=238141)
  rows=172,341  triples=21,138,508  (4 ent/s, 448 triples/s, errors=238142)
  rows=172,379  triples=21,141,847  (4 ent/s, 448 triples/s, errors=238142)
  rows=172,401  triples=21,144,391  (4 ent/s, 448 triples/s, errors=238145)
  rows=172,431  triples=21,147,860  (4 ent/s, 448 triples/s, errors=238150)
  rows=172,466  triples=21,151,174  (4 ent/s, 448 triples/s, errors=238152)
  rows=172,503  triples=21,154,335  (4 ent/s, 448 triples/s, errors=238155)
  rows=172,541  triples=21,157,489  (4 ent/s, 448 triples/s, errors=238368)
  rows=172,587  triples=21,160,829  (4 ent/s, 448 triples/s, errors=238399)
  rows=172,610  triples=21,163,358  (4 ent/s, 448 triples/s, errors=238415)
  rows=172,647  triples=21,166,718  (4 ent/s, 448 triples/s, errors=238416)
  rows=172,692  triples=21,170,148  (4 ent/s, 448 triples/s, errors=238423)
  rows=172,711  triples=21,171,215  (4 ent/s, 448 triples/s, errors=238425)
  rows=172,738  triples=21,174,473  (4 ent/s, 448 triples/s, errors=238429)
  rows=172,772  triples=21,177,731  (4 ent/s, 448 triples/s, errors=238430)
  rows=172,810  triples=21,181,426  (4 ent/s, 448 triples/s, errors=238435)
  rows=172,848  triples=21,184,802  (4 ent/s, 448 triples/s, errors=238467)
  rows=172,877  triples=21,187,907  (4 ent/s, 448 triples/s, errors=238479)
  rows=172,915  triples=21,190,998  (4 ent/s, 448 triples/s, errors=238479)
  rows=172,952  triples=21,194,401  (4 ent/s, 448 triples/s, errors=238484)
  rows=172,987  triples=21,197,566  (4 ent/s, 448 triples/s, errors=238493)
  rows=173,013  triples=21,199,929  (4 ent/s, 448 triples/s, errors=238495)
  rows=173,048  triples=21,203,203  (4 ent/s, 448 triples/s, errors=238498)
  rows=173,081  triples=21,206,346  (4 ent/s, 448 triples/s, errors=238515)
  rows=173,113  triples=21,209,267  (4 ent/s, 448 triples/s, errors=238703)
  rows=173,167  triples=21,212,609  (4 ent/s, 448 triples/s, errors=238743)
  rows=173,201  triples=21,214,981  (4 ent/s, 448 triples/s, errors=238745)
  rows=173,235  triples=21,217,984  (4 ent/s, 448 triples/s, errors=238751)
  rows=173,276  triples=21,221,150  (4 ent/s, 448 triples/s, errors=238759)
  rows=173,319  triples=21,224,336  (4 ent/s, 448 triples/s, errors=238763)
  rows=173,355  triples=21,227,445  (4 ent/s, 448 triples/s, errors=238772)
  rows=173,399  triples=21,230,624  (4 ent/s, 448 triples/s, errors=238820)
  rows=173,435  triples=21,232,880  (4 ent/s, 448 triples/s, errors=238828)
  rows=173,478  triples=21,236,079  (4 ent/s, 448 triples/s, errors=238871)
  rows=173,520  triples=21,239,267  (4 ent/s, 448 triples/s, errors=238890)
  rows=173,561  triples=21,242,393  (4 ent/s, 448 triples/s, errors=238900)
  rows=173,594  triples=21,245,523  (4 ent/s, 448 triples/s, errors=238910)
  rows=173,630  triples=21,248,372  (4 ent/s, 448 triples/s, errors=238919)
  rows=173,668  triples=21,251,726  (4 ent/s, 448 triples/s, errors=238921)
  rows=173,702  triples=21,255,174  (4 ent/s, 448 triples/s, errors=238930)
  rows=173,751  triples=21,258,377  (4 ent/s, 448 triples/s, errors=238942)
  rows=173,794  triples=21,261,411  (4 ent/s, 448 triples/s, errors=238951)
  rows=173,826  triples=21,263,885  (4 ent/s, 448 triples/s, errors=238962)
  rows=173,860  triples=21,266,932  (4 ent/s, 448 triples/s, errors=238980)
  rows=173,892  triples=21,270,042  (4 ent/s, 448 triples/s, errors=238989)
  rows=173,926  triples=21,273,430  (4 ent/s, 448 triples/s, errors=238989)
  rows=173,959  triples=21,276,483  (4 ent/s, 448 triples/s, errors=239002)
  rows=173,990  triples=21,279,626  (4 ent/s, 448 triples/s, errors=239013)
  rows=174,020  triples=21,282,701  (4 ent/s, 448 triples/s, errors=239026)
  rows=174,064  triples=21,285,908  (4 ent/s, 448 triples/s, errors=239036)
  rows=174,100  triples=21,289,110  (4 ent/s, 448 triples/s, errors=239044)
  rows=174,135  triples=21,292,332  (4 ent/s, 448 triples/s, errors=239049)
  rows=174,173  triples=21,295,470  (4 ent/s, 448 triples/s, errors=239054)
  rows=174,201  triples=21,298,212  (4 ent/s, 448 triples/s, errors=239056)
  rows=174,238  triples=21,301,319  (4 ent/s, 448 triples/s, errors=239061)
  rows=174,270  triples=21,304,424  (4 ent/s, 448 triples/s, errors=239070)
  rows=174,304  triples=21,307,585  (4 ent/s, 448 triples/s, errors=239079)
  rows=174,337  triples=21,311,197  (4 ent/s, 448 triples/s, errors=239080)
  rows=174,370  triples=21,314,358  (4 ent/s, 448 triples/s, errors=239100)
  rows=174,401  triples=21,316,401  (4 ent/s, 448 triples/s, errors=239108)
  rows=174,441  triples=21,319,509  (4 ent/s, 448 triples/s, errors=239108)
  rows=174,481  triples=21,322,743  (4 ent/s, 448 triples/s, errors=239115)
  rows=174,524  triples=21,325,831  (4 ent/s, 448 triples/s, errors=239148)
  rows=174,529  triples=21,325,831  (4 ent/s, 448 triples/s, errors=239148)
  rows=174,562  triples=21,329,120  (4 ent/s, 448 triples/s, errors=239159)
  rows=174,601  triples=21,331,485  (4 ent/s, 448 triples/s, errors=239168)
  rows=174,639  triples=21,334,744  (4 ent/s, 448 triples/s, errors=239174)
  rows=174,676  triples=21,338,932  (4 ent/s, 448 triples/s, errors=239228)
  rows=174,716  triples=21,342,144  (4 ent/s, 448 triples/s, errors=239243)
  rows=174,747  triples=21,345,571  (4 ent/s, 448 triples/s, errors=239270)
  rows=174,790  triples=21,348,672  (4 ent/s, 448 triples/s, errors=239284)
  rows=174,828  triples=21,351,860  (4 ent/s, 448 triples/s, errors=239305)
  rows=174,864  triples=21,355,237  (4 ent/s, 448 triples/s, errors=239309)
  rows=174,884  triples=21,358,531  (4 ent/s, 448 triples/s, errors=239453)
  rows=174,908  triples=21,361,714  (4 ent/s, 448 triples/s, errors=239453)
  rows=174,946  triples=21,364,932  (4 ent/s, 448 triples/s, errors=239456)
  rows=174,993  triples=21,368,133  (4 ent/s, 448 triples/s, errors=239466)
  rows=175,019  triples=21,371,044  (4 ent/s, 448 triples/s, errors=239477)
  rows=175,055  triples=21,374,181  (4 ent/s, 448 triples/s, errors=239496)
  rows=175,094  triples=21,377,278  (4 ent/s, 448 triples/s, errors=239499)
  rows=175,136  triples=21,380,529  (4 ent/s, 448 triples/s, errors=239517)
  rows=175,182  triples=21,383,994  (4 ent/s, 448 triples/s, errors=239522)
  rows=175,210  triples=21,386,812  (4 ent/s, 448 triples/s, errors=239525)
  rows=175,257  triples=21,390,007  (4 ent/s, 448 triples/s, errors=239531)
  rows=175,297  triples=21,393,245  (4 ent/s, 448 triples/s, errors=239532)
  rows=175,341  triples=21,396,552  (4 ent/s, 448 triples/s, errors=239589)
  rows=175,376  triples=21,399,731  (4 ent/s, 448 triples/s, errors=239593)
  rows=175,413  triples=21,402,875  (4 ent/s, 448 triples/s, errors=239603)
  rows=175,455  triples=21,406,200  (4 ent/s, 448 triples/s, errors=239614)
  rows=175,494  triples=21,409,379  (4 ent/s, 448 triples/s, errors=239636)
  rows=175,535  triples=21,412,499  (4 ent/s, 448 triples/s, errors=239640)
  rows=175,578  triples=21,415,534  (4 ent/s, 448 triples/s, errors=239645)
  rows=175,601  triples=21,417,898  (4 ent/s, 448 triples/s, errors=239766)
  rows=175,636  triples=21,421,211  (4 ent/s, 448 triples/s, errors=239783)
  rows=175,672  triples=21,424,373  (4 ent/s, 448 triples/s, errors=239803)
  rows=175,712  triples=21,427,814  (4 ent/s, 448 triples/s, errors=239805)
  rows=175,751  triples=21,431,370  (4 ent/s, 448 triples/s, errors=239824)
  rows=175,786  triples=21,434,724  (4 ent/s, 448 triples/s, errors=239831)
  rows=175,829  triples=21,437,933  (4 ent/s, 448 triples/s, errors=239833)
  rows=175,873  triples=21,441,038  (4 ent/s, 448 triples/s, errors=239840)
  rows=175,914  triples=21,444,223  (4 ent/s, 448 triples/s, errors=239844)
  rows=175,954  triples=21,447,596  (4 ent/s, 447 triples/s, errors=239855)
  [ERROR] insert: HTTPConnectionPool(host='localhost', port=3030): Read timed out. (read timeout=120)
  rows=175,977  triples=21,448,621  (4 ent/s, 445 triples/s, errors=239855)
  [ERROR] insert: HTTPConnectionPool(host='localhost', port=3030): Read timed out. (read timeout=120)
  rows=175,990  triples=21,448,621  (4 ent/s, 444 triples/s, errors=239855)
  [ERROR] insert: HTTPConnectionPool(host='localhost', port=3030): Read timed out. (read timeout=120)
  rows=176,001  triples=21,448,621  (4 ent/s, 443 triples/s, errors=239855)
  [ERROR] insert: HTTPConnectionPool(host='localhost', port=3030): Read timed out. (read timeout=120)
  rows=176,017  triples=21,448,621  (4 ent/s, 442 triples/s, errors=239855)
  [ERROR] insert: HTTPConnectionPool(host='localhost', port=3030): Read timed out. (read timeout=120)
  rows=176,028  triples=21,448,621  (4 ent/s, 440 triples/s, errors=239855)
  [ERROR] insert: HTTPConnectionPool(host='localhost', port=3030): Read timed out. (read timeout=120)
  rows=176,041  triples=21,448,621  (4 ent/s, 439 triples/s, errors=239855)
  [ERROR] insert: HTTPConnectionPool(host='localhost', port=3030): Read timed out. (read timeout=120)
  rows=176,053  triples=21,448,621  (4 ent/s, 438 triples/s, errors=239855)
  [ERROR] insert: HTTPConnectionPool(host='localhost', port=3030): Read timed out. (read timeout=120)
  rows=176,067  triples=21,448,621  (4 ent/s, 437 triples/s, errors=239855)
  [ERROR] insert: HTTPConnectionPool(host='localhost', port=3030): Read timed out. (read timeout=120)
  rows=176,081  triples=21,448,621  (4 ent/s, 436 triples/s, errors=239855)
  [ERROR] insert: HTTPConnectionPool(host='localhost', port=3030): Read timed out. (read timeout=120)
  rows=176,097  triples=21,448,621  (4 ent/s, 434 triples/s, errors=239855)
  [ERROR] insert: HTTPConnectionPool(host='localhost', port=3030): Read timed out. (read timeout=120)
  rows=176,112  triples=21,448,621  (4 ent/s, 433 triples/s, errors=239855)
  [ERROR] insert: HTTPConnectionPool(host='localhost', port=3030): Read timed out. (read timeout=120)
  rows=176,130  triples=21,448,621  (4 ent/s, 432 triples/s, errors=239855)
  [ERROR] insert: HTTPConnectionPool(host='localhost', port=3030): Read timed out. (read timeout=120)
  rows=176,142  triples=21,448,621  (4 ent/s, 431 triples/s, errors=239855)
  [ERROR] insert: HTTPConnectionPool(host='localhost', port=3030): Read timed out. (read timeout=120)
  rows=176,158  triples=21,448,621  (4 ent/s, 430 triples/s, errors=239855)
  [ERROR] insert: HTTPConnectionPool(host='localhost', port=3030): Read timed out. (read timeout=120)
  rows=176,167  triples=21,448,621  (4 ent/s, 429 triples/s, errors=239855)
  [ERROR] insert: HTTPConnectionPool(host='localhost', port=3030): Read timed out. (read timeout=120)
  rows=176,181  triples=21,448,621  (4 ent/s, 427 triples/s, errors=239855)
  [ERROR] insert: HTTPConnectionPool(host='localhost', port=3030): Read timed out. (read timeout=120)
  rows=176,196  triples=21,448,621  (4 ent/s, 426 triples/s, errors=239855)
  [ERROR] insert: HTTPConnectionPool(host='localhost', port=3030): Read timed out. (read timeout=120)
  rows=176,201  triples=21,448,621  (4 ent/s, 425 triples/s, errors=239855)
  [ERROR] insert: HTTPConnectionPool(host='localhost', port=3030): Read timed out. (read timeout=120)
  rows=176,214  triples=21,448,621  (4 ent/s, 424 triples/s, errors=239855)
  [ERROR] insert: HTTPConnectionPool(host='localhost', port=3030): Read timed out. (read timeout=120)
  rows=176,225  triples=21,448,621  (4 ent/s, 423 triples/s, errors=239855)
  [ERROR] insert: HTTPConnectionPool(host='localhost', port=3030): Read timed out. (read timeout=120)
  rows=176,239  triples=21,448,621  (4 ent/s, 422 triples/s, errors=239855)
  [ERROR] insert: HTTPConnectionPool(host='localhost', port=3030): Read timed out. (read timeout=120)
  rows=176,249  triples=21,448,621  (4 ent/s, 421 triples/s, errors=239855)
  rows=176,260  triples=21,449,795  (4 ent/s, 420 triples/s, errors=239857)
  rows=176,291  triples=21,451,948  (4 ent/s, 420 triples/s, errors=239860)
  rows=176,312  triples=21,453,980  (4 ent/s, 420 triples/s, errors=239861)
  rows=176,341  triples=21,456,120  (4 ent/s, 420 triples/s, errors=239865)
  rows=176,347  triples=21,456,120  (4 ent/s, 420 triples/s, errors=239865)
  rows=176,372  triples=21,458,383  (4 ent/s, 420 triples/s, errors=239865)
  rows=176,395  triples=21,460,510  (4 ent/s, 420 triples/s, errors=239874)
  rows=176,419  triples=21,461,768  (4 ent/s, 420 triples/s, errors=239878)
  rows=176,450  triples=21,463,904  (4 ent/s, 420 triples/s, errors=239878)
  rows=176,486  triples=21,465,952  (4 ent/s, 420 triples/s, errors=239878)
  rows=176,510  triples=21,468,023  (4 ent/s, 420 triples/s, errors=239885)
  rows=176,528  triples=21,470,047  (4 ent/s, 420 triples/s, errors=239897)
  rows=176,550  triples=21,472,239  (4 ent/s, 420 triples/s, errors=239901)
  rows=176,576  triples=21,474,310  (4 ent/s, 420 triples/s, errors=239910)
  rows=176,600  triples=21,476,537  (4 ent/s, 420 triples/s, errors=239918)
  rows=176,625  triples=21,478,517  (4 ent/s, 420 triples/s, errors=239957)
  rows=176,646  triples=21,480,665  (4 ent/s, 420 triples/s, errors=239964)
  rows=176,672  triples=21,482,733  (4 ent/s, 420 triples/s, errors=239979)
  rows=176,700  triples=21,484,903  (4 ent/s, 420 triples/s, errors=239984)
  rows=176,726  triples=21,486,971  (4 ent/s, 420 triples/s, errors=239987)
  rows=176,755  triples=21,489,079  (4 ent/s, 420 triples/s, errors=239987)
  rows=176,785  triples=21,491,209  (4 ent/s, 420 triples/s, errors=240004)
  rows=176,816  triples=21,493,209  (4 ent/s, 420 triples/s, errors=240008)
  rows=176,842  triples=21,495,581  (4 ent/s, 420 triples/s, errors=240014)
  rows=176,866  triples=21,497,643  (4 ent/s, 420 triples/s, errors=240018)
  rows=176,899  triples=21,499,842  (4 ent/s, 420 triples/s, errors=240025)
  rows=176,925  triples=21,502,014  (4 ent/s, 420 triples/s, errors=240028)
  rows=176,953  triples=21,504,046  (4 ent/s, 420 triples/s, errors=240057)
  rows=176,967  triples=21,506,134  (4 ent/s, 420 triples/s, errors=240066)
  rows=177,001  triples=21,509,011  (4 ent/s, 420 triples/s, errors=240076)
  rows=177,025  triples=21,511,349  (4 ent/s, 420 triples/s, errors=240088)
  rows=177,076  triples=21,514,460  (4 ent/s, 420 triples/s, errors=240088)
  rows=177,110  triples=21,517,683  (4 ent/s, 420 triples/s, errors=240094)
  rows=177,132  triples=21,520,188  (4 ent/s, 420 triples/s, errors=240097)
  rows=177,166  triples=21,523,289  (4 ent/s, 420 triples/s, errors=240098)
  rows=177,201  triples=21,525,688  (4 ent/s, 420 triples/s, errors=240106)
  rows=177,238  triples=21,528,815  (4 ent/s, 420 triples/s, errors=240108)
  rows=177,278  triples=21,532,035  (4 ent/s, 420 triples/s, errors=240122)
  rows=177,318  triples=21,535,256  (4 ent/s, 420 triples/s, errors=240126)
  rows=177,355  triples=21,538,406  (4 ent/s, 420 triples/s, errors=240132)
  rows=177,383  triples=21,540,511  (4 ent/s, 420 triples/s, errors=240147)
  rows=177,414  triples=21,542,958  (4 ent/s, 420 triples/s, errors=240176)
  rows=177,428  triples=21,545,136  (4 ent/s, 420 triples/s, errors=240313)
  rows=177,466  triples=21,548,235  (4 ent/s, 420 triples/s, errors=240321)
  rows=177,507  triples=21,551,283  (4 ent/s, 420 triples/s, errors=240331)
  rows=177,545  triples=21,554,695  (4 ent/s, 420 triples/s, errors=240357)
  rows=177,589  triples=21,557,922  (4 ent/s, 420 triples/s, errors=240366)
  rows=177,627  triples=21,560,756  (4 ent/s, 420 triples/s, errors=240369)
  rows=177,660  triples=21,563,764  (4 ent/s, 420 triples/s, errors=240414)
  rows=177,709  triples=21,566,868  (4 ent/s, 420 triples/s, errors=240423)
  rows=177,749  triples=21,570,039  (4 ent/s, 420 triples/s, errors=240427)
  rows=177,793  triples=21,573,195  (4 ent/s, 420 triples/s, errors=240429)
  rows=177,833  triples=21,575,742  (4 ent/s, 420 triples/s, errors=240433)
  rows=177,868  triples=21,579,078  (4 ent/s, 420 triples/s, errors=240447)
  rows=177,905  triples=21,582,248  (4 ent/s, 420 triples/s, errors=240474)
  rows=177,944  triples=21,585,376  (4 ent/s, 420 triples/s, errors=240522)
  rows=177,987  triples=21,588,642  (4 ent/s, 420 triples/s, errors=240526)
  rows=178,015  triples=21,590,879  (4 ent/s, 420 triples/s, errors=240532)
  rows=178,061  triples=21,594,046  (4 ent/s, 420 triples/s, errors=240543)
  rows=178,098  triples=21,597,353  (4 ent/s, 420 triples/s, errors=240566)
  rows=178,133  triples=21,600,478  (4 ent/s, 420 triples/s, errors=240572)
  rows=178,165  triples=21,602,589  (4 ent/s, 419 triples/s, errors=240618)
  rows=178,191  triples=21,605,808  (4 ent/s, 419 triples/s, errors=240624)
  rows=178,225  triples=21,608,520  (4 ent/s, 419 triples/s, errors=240630)
  rows=178,261  triples=21,611,716  (4 ent/s, 419 triples/s, errors=240656)
  rows=178,301  triples=21,615,049  (4 ent/s, 419 triples/s, errors=240688)
  rows=178,336  triples=21,618,242  (4 ent/s, 419 triples/s, errors=240690)
  rows=178,377  triples=21,621,325  (4 ent/s, 419 triples/s, errors=240697)
  rows=178,410  triples=21,623,562  (4 ent/s, 419 triples/s, errors=240698)
  rows=178,453  triples=21,626,629  (4 ent/s, 419 triples/s, errors=240703)
  rows=178,484  triples=21,628,665  (4 ent/s, 419 triples/s, errors=240708)
  rows=178,513  triples=21,631,133  (4 ent/s, 419 triples/s, errors=240721)
  rows=178,564  triples=21,634,273  (4 ent/s, 419 triples/s, errors=240750)
  rows=178,601  triples=21,636,963  (4 ent/s, 419 triples/s, errors=240759)
  rows=178,644  triples=21,640,178  (4 ent/s, 419 triples/s, errors=240759)
  rows=178,686  triples=21,643,298  (4 ent/s, 419 triples/s, errors=240763)
  rows=178,737  triples=21,647,017  (4 ent/s, 419 triples/s, errors=240906)
  rows=178,783  triples=21,650,096  (4 ent/s, 419 triples/s, errors=240915)
  rows=178,816  triples=21,652,360  (4 ent/s, 419 triples/s, errors=240918)
  rows=178,853  triples=21,655,466  (4 ent/s, 419 triples/s, errors=240924)
  rows=178,889  triples=21,657,804  (4 ent/s, 419 triples/s, errors=240941)
  rows=178,917  triples=21,660,968  (4 ent/s, 419 triples/s, errors=240942)
  rows=178,957  triples=21,664,098  (4 ent/s, 419 triples/s, errors=240943)
  rows=178,993  triples=21,667,419  (4 ent/s, 419 triples/s, errors=240950)
  rows=179,024  triples=21,669,967  (4 ent/s, 419 triples/s, errors=240962)
  rows=179,067  triples=21,673,047  (4 ent/s, 419 triples/s, errors=240975)
  rows=179,108  triples=21,676,221  (4 ent/s, 419 triples/s, errors=240986)
  rows=179,160  triples=21,679,397  (4 ent/s, 419 triples/s, errors=240989)
  rows=179,201  triples=21,682,457  (4 ent/s, 419 triples/s, errors=241020)
  rows=179,243  triples=21,685,585  (4 ent/s, 419 triples/s, errors=241023)
  rows=179,281  triples=21,687,671  (4 ent/s, 419 triples/s, errors=241028)
  rows=179,321  triples=21,690,832  (4 ent/s, 419 triples/s, errors=241066)
  rows=179,354  triples=21,693,995  (4 ent/s, 419 triples/s, errors=241084)
  rows=179,393  triples=21,697,177  (4 ent/s, 419 triples/s, errors=241093)
  rows=179,431  triples=21,699,651  (4 ent/s, 419 triples/s, errors=241114)
  rows=179,456  triples=21,701,741  (4 ent/s, 419 triples/s, errors=241148)
  rows=179,491  triples=21,705,045  (4 ent/s, 419 triples/s, errors=241183)
  rows=179,530  triples=21,708,201  (4 ent/s, 419 triples/s, errors=241192)
  rows=179,573  triples=21,711,448  (4 ent/s, 419 triples/s, errors=241194)
  rows=179,613  triples=21,714,325  (4 ent/s, 419 triples/s, errors=241204)
  rows=179,649  triples=21,717,396  (4 ent/s, 419 triples/s, errors=241221)
  rows=179,684  triples=21,720,527  (4 ent/s, 419 triples/s, errors=241228)
  rows=179,730  triples=21,723,618  (4 ent/s, 419 triples/s, errors=241243)
  rows=179,771  triples=21,726,815  (4 ent/s, 419 triples/s, errors=241245)
  rows=179,801  triples=21,729,124  (4 ent/s, 419 triples/s, errors=241246)
  rows=179,834  triples=21,732,235  (4 ent/s, 419 triples/s, errors=241278)
  rows=179,879  triples=21,735,433  (4 ent/s, 419 triples/s, errors=241282)
  rows=179,921  triples=21,738,632  (4 ent/s, 419 triples/s, errors=241285)
  rows=179,959  triples=21,741,658  (4 ent/s, 419 triples/s, errors=241303)
  rows=179,983  triples=21,742,691  (4 ent/s, 419 triples/s, errors=241303)
  rows=180,001  triples=21,744,991  (4 ent/s, 419 triples/s, errors=241310)
  rows=180,043  triples=21,748,286  (4 ent/s, 419 triples/s, errors=241313)
  rows=180,073  triples=21,750,431  (4 ent/s, 419 triples/s, errors=241318)
  rows=180,099  triples=21,753,746  (4 ent/s, 419 triples/s, errors=241332)
  rows=180,146  triples=21,756,817  (4 ent/s, 419 triples/s, errors=241352)
  rows=180,181  triples=21,760,118  (4 ent/s, 419 triples/s, errors=241356)
  rows=180,215  triples=21,762,606  (4 ent/s, 419 triples/s, errors=241359)
  rows=180,261  triples=21,765,711  (4 ent/s, 419 triples/s, errors=241361)
  rows=180,304  triples=21,768,807  (4 ent/s, 419 triples/s, errors=241453)
  rows=180,347  triples=21,771,968  (4 ent/s, 419 triples/s, errors=241457)
  rows=180,387  triples=21,775,012  (4 ent/s, 419 triples/s, errors=241473)
  rows=180,424  triples=21,778,327  (4 ent/s, 419 triples/s, errors=241486)
  rows=180,454  triples=21,781,570  (4 ent/s, 419 triples/s, errors=241494)
  rows=180,488  triples=21,784,631  (4 ent/s, 419 triples/s, errors=241514)
  rows=180,520  triples=21,787,924  (4 ent/s, 419 triples/s, errors=241565)
  rows=180,564  triples=21,791,041  (4 ent/s, 419 triples/s, errors=241568)
  rows=180,599  triples=21,794,197  (4 ent/s, 419 triples/s, errors=241590)
  rows=180,620  triples=21,796,515  (4 ent/s, 419 triples/s, errors=241593)
  rows=180,659  triples=21,799,719  (4 ent/s, 419 triples/s, errors=241622)
  rows=180,697  triples=21,802,869  (4 ent/s, 419 triples/s, errors=241631)
  rows=180,733  triples=21,806,168  (4 ent/s, 419 triples/s, errors=241768)
  rows=180,775  triples=21,809,246  (4 ent/s, 419 triples/s, errors=241770)
  rows=180,811  triples=21,811,941  (4 ent/s, 419 triples/s, errors=241773)
  rows=180,845  triples=21,815,145  (4 ent/s, 419 triples/s, errors=241778)
  rows=180,885  triples=21,818,312  (4 ent/s, 419 triples/s, errors=241808)
  rows=180,924  triples=21,821,686  (4 ent/s, 419 triples/s, errors=241816)
  rows=180,957  triples=21,824,870  (4 ent/s, 419 triples/s, errors=241842)
  rows=180,990  triples=21,828,016  (4 ent/s, 419 triples/s, errors=241848)
  rows=181,013  triples=21,830,719  (4 ent/s, 419 triples/s, errors=242302)
  rows=181,055  triples=21,834,007  (4 ent/s, 419 triples/s, errors=242308)
  rows=181,098  triples=21,837,122  (4 ent/s, 419 triples/s, errors=242312)
  rows=181,131  triples=21,840,309  (4 ent/s, 419 triples/s, errors=242342)
  rows=181,168  triples=21,843,368  (4 ent/s, 419 triples/s, errors=242348)
  rows=181,201  triples=21,845,958  (4 ent/s, 419 triples/s, errors=242351)
  rows=181,241  triples=21,849,215  (4 ent/s, 419 triples/s, errors=242362)
  rows=181,282  triples=21,852,422  (4 ent/s, 419 triples/s, errors=242392)
  rows=181,323  triples=21,855,522  (4 ent/s, 419 triples/s, errors=242396)
  rows=181,365  triples=21,858,740  (4 ent/s, 419 triples/s, errors=242400)
  rows=181,401  triples=21,861,772  (4 ent/s, 419 triples/s, errors=242417)
  rows=181,441  triples=21,864,897  (4 ent/s, 419 triples/s, errors=242419)
  rows=181,479  triples=21,868,091  (4 ent/s, 419 triples/s, errors=242432)
  rows=181,519  triples=21,871,745  (4 ent/s, 419 triples/s, errors=242570)
  rows=181,554  triples=21,874,864  (4 ent/s, 419 triples/s, errors=242576)
  rows=181,591  triples=21,878,074  (4 ent/s, 419 triples/s, errors=242582)
  rows=181,627  triples=21,881,010  (4 ent/s, 419 triples/s, errors=242593)
  rows=181,665  triples=21,884,275  (4 ent/s, 419 triples/s, errors=242620)
  rows=181,693  triples=21,887,766  (4 ent/s, 419 triples/s, errors=242633)
  rows=181,719  triples=21,890,899  (4 ent/s, 419 triples/s, errors=242654)
  rows=181,749  triples=21,894,364  (4 ent/s, 419 triples/s, errors=242684)
  rows=181,788  triples=21,897,654  (4 ent/s, 419 triples/s, errors=242698)
  rows=181,801  triples=21,898,700  (4 ent/s, 419 triples/s, errors=242709)
  rows=181,831  triples=21,902,036  (4 ent/s, 419 triples/s, errors=242719)
  rows=181,868  triples=21,905,547  (4 ent/s, 419 triples/s, errors=242730)
  rows=181,915  triples=21,908,729  (4 ent/s, 419 triples/s, errors=242741)
  rows=181,955  triples=21,911,841  (4 ent/s, 419 triples/s, errors=242743)
  rows=181,993  triples=21,914,902  (4 ent/s, 419 triples/s, errors=242769)
  rows=182,019  triples=21,917,827  (4 ent/s, 419 triples/s, errors=242782)
  rows=182,054  triples=21,920,928  (4 ent/s, 419 triples/s, errors=242790)
  rows=182,095  triples=21,924,215  (4 ent/s, 419 triples/s, errors=242793)
  rows=182,136  triples=21,927,619  (4 ent/s, 419 triples/s, errors=242797)
  rows=182,167  triples=21,930,834  (4 ent/s, 419 triples/s, errors=242801)
  rows=182,201  triples=21,933,784  (4 ent/s, 419 triples/s, errors=242806)
  rows=182,230  triples=21,936,908  (4 ent/s, 419 triples/s, errors=242833)
  rows=182,264  triples=21,940,382  (4 ent/s, 419 triples/s, errors=242839)
  rows=182,304  triples=21,943,583  (4 ent/s, 419 triples/s, errors=242855)
  rows=182,346  triples=21,946,820  (4 ent/s, 419 triples/s, errors=242860)
  rows=182,385  triples=21,949,965  (4 ent/s, 419 triples/s, errors=242869)
  rows=182,407  triples=21,952,279  (4 ent/s, 419 triples/s, errors=242875)
  rows=182,437  triples=21,955,539  (4 ent/s, 419 triples/s, errors=242881)
  rows=182,471  triples=21,958,846  (4 ent/s, 419 triples/s, errors=242888)
  rows=182,509  triples=21,962,047  (4 ent/s, 419 triples/s, errors=242909)
  rows=182,554  triples=21,965,212  (4 ent/s, 419 triples/s, errors=242910)
  rows=182,586  triples=21,968,624  (4 ent/s, 419 triples/s, errors=242916)
  rows=182,612  triples=21,970,783  (4 ent/s, 419 triples/s, errors=242917)
  rows=182,654  triples=21,974,220  (4 ent/s, 419 triples/s, errors=242925)
  rows=182,691  triples=21,977,360  (4 ent/s, 419 triples/s, errors=242966)
  rows=182,728  triples=21,980,389  (4 ent/s, 419 triples/s, errors=242980)
  rows=182,760  triples=21,983,719  (4 ent/s, 419 triples/s, errors=242984)
  rows=182,801  triples=21,986,415  (4 ent/s, 419 triples/s, errors=243000)
  rows=182,834  triples=21,989,602  (4 ent/s, 419 triples/s, errors=243033)
  rows=182,878  triples=21,993,097  (4 ent/s, 419 triples/s, errors=243040)
  rows=182,912  triples=21,996,640  (4 ent/s, 419 triples/s, errors=243067)
  rows=182,948  triples=21,999,691  (4 ent/s, 419 triples/s, errors=243071)
  rows=182,981  triples=22,002,836  (4 ent/s, 419 triples/s, errors=243116)
  rows=183,012  triples=22,005,252  (4 ent/s, 419 triples/s, errors=243133)
  rows=183,046  triples=22,008,569  (4 ent/s, 419 triples/s, errors=243141)
  rows=183,086  triples=22,011,685  (4 ent/s, 419 triples/s, errors=243142)
  rows=183,111  triples=22,014,771  (4 ent/s, 419 triples/s, errors=243524)
  rows=183,149  triples=22,018,014  (4 ent/s, 419 triples/s, errors=243525)
  rows=183,179  triples=22,021,319  (4 ent/s, 419 triples/s, errors=243546)
  rows=183,213  triples=22,024,397  (4 ent/s, 419 triples/s, errors=243547)
  rows=183,248  triples=22,027,652  (4 ent/s, 419 triples/s, errors=243554)
  rows=183,287  triples=22,031,308  (4 ent/s, 419 triples/s, errors=243568)
  rows=183,327  triples=22,034,613  (4 ent/s, 419 triples/s, errors=243581)
  rows=183,363  triples=22,037,651  (4 ent/s, 419 triples/s, errors=243588)
  rows=183,398  triples=22,040,901  (4 ent/s, 419 triples/s, errors=243603)
  rows=183,424  triples=22,043,285  (4 ent/s, 419 triples/s, errors=243606)
  rows=183,461  triples=22,046,502  (4 ent/s, 419 triples/s, errors=243611)
  rows=183,494  triples=22,049,603  (4 ent/s, 419 triples/s, errors=243645)
  rows=183,530  triples=22,052,947  (4 ent/s, 419 triples/s, errors=243656)
  rows=183,574  triples=22,056,145  (4 ent/s, 419 triples/s, errors=243656)
  rows=183,616  triples=22,058,938  (4 ent/s, 419 triples/s, errors=243665)
  rows=183,619  triples=22,058,938  (4 ent/s, 419 triples/s, errors=243665)
  rows=183,649  triples=22,062,201  (4 ent/s, 419 triples/s, errors=243677)
  rows=183,686  triples=22,065,468  (4 ent/s, 419 triples/s, errors=243688)
  rows=183,726  triples=22,068,774  (4 ent/s, 419 triples/s, errors=243713)
  rows=183,767  triples=22,072,212  (4 ent/s, 419 triples/s, errors=243897)
  rows=183,801  triples=22,075,004  (4 ent/s, 419 triples/s, errors=243898)
  rows=183,835  triples=22,078,153  (4 ent/s, 419 triples/s, errors=243913)
  rows=183,878  triples=22,081,395  (4 ent/s, 419 triples/s, errors=243916)
  rows=183,908  triples=22,084,766  (4 ent/s, 419 triples/s, errors=243941)
  rows=183,954  triples=22,087,834  (4 ent/s, 419 triples/s, errors=243968)
  rows=183,992  triples=22,090,924  (4 ent/s, 419 triples/s, errors=243993)
  rows=184,029  triples=22,093,510  (4 ent/s, 419 triples/s, errors=244001)
  rows=184,060  triples=22,096,622  (4 ent/s, 419 triples/s, errors=244010)
  rows=184,096  triples=22,099,723  (4 ent/s, 419 triples/s, errors=244011)
  rows=184,132  triples=22,103,128  (4 ent/s, 419 triples/s, errors=244020)
  rows=184,164  triples=22,106,143  (4 ent/s, 419 triples/s, errors=244021)
  rows=184,201  triples=22,108,867  (4 ent/s, 419 triples/s, errors=244030)
  rows=184,228  triples=22,111,979  (4 ent/s, 419 triples/s, errors=244042)
  rows=184,271  triples=22,115,113  (4 ent/s, 419 triples/s, errors=244049)
  rows=184,309  triples=22,118,252  (4 ent/s, 419 triples/s, errors=244066)
  rows=184,352  triples=22,121,343  (4 ent/s, 419 triples/s, errors=244068)
  rows=184,390  triples=22,124,500  (4 ent/s, 419 triples/s, errors=244080)
  rows=184,424  triples=22,127,544  (4 ent/s, 419 triples/s, errors=244086)
  rows=184,456  triples=22,130,650  (4 ent/s, 419 triples/s, errors=244099)
  rows=184,490  triples=22,133,892  (4 ent/s, 419 triples/s, errors=244105)
  rows=184,528  triples=22,137,004  (4 ent/s, 419 triples/s, errors=244110)
  rows=184,553  triples=22,140,030  (4 ent/s, 419 triples/s, errors=244214)
  rows=184,587  triples=22,143,586  (4 ent/s, 419 triples/s, errors=244234)
  rows=184,622  triples=22,146,828  (4 ent/s, 419 triples/s, errors=244244)
  rows=184,656  triples=22,150,109  (4 ent/s, 419 triples/s, errors=244259)
  rows=184,681  triples=22,153,232  (4 ent/s, 419 triples/s, errors=244294)
  rows=184,711  triples=22,156,358  (4 ent/s, 419 triples/s, errors=244303)
  rows=184,747  triples=22,159,399  (4 ent/s, 419 triples/s, errors=244351)
  rows=184,782  triples=22,162,428  (4 ent/s, 419 triples/s, errors=244363)
  rows=184,812  triples=22,164,990  (4 ent/s, 419 triples/s, errors=244373)
  rows=184,850  triples=22,168,307  (4 ent/s, 419 triples/s, errors=244400)
  rows=184,884  triples=22,171,777  (4 ent/s, 419 triples/s, errors=244410)
  rows=184,918  triples=22,175,025  (4 ent/s, 419 triples/s, errors=244447)
  rows=184,954  triples=22,178,359  (4 ent/s, 419 triples/s, errors=244453)
  rows=184,982  triples=22,181,848  (4 ent/s, 419 triples/s, errors=244463)
  rows=185,010  triples=22,184,334  (4 ent/s, 419 triples/s, errors=244493)
  rows=185,043  triples=22,187,519  (4 ent/s, 419 triples/s, errors=244522)
  rows=185,077  triples=22,190,680  (4 ent/s, 419 triples/s, errors=244533)
  rows=185,119  triples=22,193,979  (4 ent/s, 419 triples/s, errors=244589)
  rows=185,161  triples=22,197,122  (4 ent/s, 420 triples/s, errors=244657)
  rows=185,196  triples=22,200,239  (4 ent/s, 420 triples/s, errors=244659)
  rows=185,222  triples=22,202,853  (4 ent/s, 420 triples/s, errors=244679)
  rows=185,251  triples=22,206,316  (4 ent/s, 420 triples/s, errors=244731)
  rows=185,282  triples=22,209,525  (4 ent/s, 420 triples/s, errors=244734)
  rows=185,318  triples=22,212,735  (4 ent/s, 420 triples/s, errors=244746)
  rows=185,343  triples=22,215,794  (4 ent/s, 420 triples/s, errors=244913)
  rows=185,378  triples=22,219,066  (4 ent/s, 420 triples/s, errors=244920)
  rows=185,413  triples=22,222,457  (4 ent/s, 420 triples/s, errors=244932)
  rows=185,437  triples=22,223,471  (4 ent/s, 419 triples/s, errors=244941)
  rows=185,448  triples=22,225,621  (4 ent/s, 419 triples/s, errors=244948)
  rows=185,477  triples=22,227,810  (4 ent/s, 419 triples/s, errors=244954)
  rows=185,501  triples=22,229,828  (4 ent/s, 419 triples/s, errors=244955)
  rows=185,523  triples=22,232,360  (4 ent/s, 419 triples/s, errors=244964)
  rows=185,560  triples=22,235,414  (4 ent/s, 419 triples/s, errors=244970)
  rows=185,587  triples=22,237,551  (4 ent/s, 419 triples/s, errors=244972)
  rows=185,601  triples=22,238,832  (4 ent/s, 419 triples/s, errors=244980)
  rows=185,632  triples=22,242,082  (4 ent/s, 419 triples/s, errors=244990)
  rows=185,662  triples=22,245,350  (4 ent/s, 419 triples/s, errors=245003)
  rows=185,704  triples=22,248,610  (4 ent/s, 419 triples/s, errors=245011)
  rows=185,727  triples=22,250,671  (4 ent/s, 419 triples/s, errors=245015)
  rows=185,748  triples=22,252,743  (4 ent/s, 419 triples/s, errors=245017)
  rows=185,774  triples=22,254,791  (4 ent/s, 419 triples/s, errors=245019)
  rows=185,801  triples=22,256,705  (4 ent/s, 419 triples/s, errors=245024)
  rows=185,823  triples=22,258,820  (4 ent/s, 419 triples/s, errors=245026)
  rows=185,868  triples=22,262,187  (4 ent/s, 419 triples/s, errors=245034)
  rows=185,902  triples=22,265,299  (4 ent/s, 419 triples/s, errors=245105)
  rows=185,938  triples=22,269,008  (4 ent/s, 419 triples/s, errors=245126)
  rows=185,972  triples=22,272,508  (4 ent/s, 419 triples/s, errors=245162)
  rows=185,999  triples=22,275,648  (4 ent/s, 419 triples/s, errors=245185)
  rows=186,023  triples=22,277,739  (4 ent/s, 419 triples/s, errors=245190)
  rows=186,064  triples=22,280,813  (4 ent/s, 419 triples/s, errors=245196)
  rows=186,102  triples=22,284,025  (4 ent/s, 419 triples/s, errors=245201)
  rows=186,126  triples=22,287,146  (4 ent/s, 419 triples/s, errors=245211)
  rows=186,159  triples=22,290,404  (4 ent/s, 419 triples/s, errors=245226)
  rows=186,186  triples=22,293,749  (4 ent/s, 419 triples/s, errors=245359)
  rows=186,216  triples=22,296,877  (4 ent/s, 419 triples/s, errors=245376)
  rows=186,224  triples=22,300,330  (4 ent/s, 419 triples/s, errors=247349)
  rows=186,258  triples=22,303,408  (4 ent/s, 419 triples/s, errors=247353)
  rows=186,296  triples=22,306,680  (4 ent/s, 419 triples/s, errors=247359)
  rows=186,332  triples=22,310,121  (4 ent/s, 419 triples/s, errors=247372)
  rows=186,362  triples=22,313,291  (4 ent/s, 419 triples/s, errors=247381)
  rows=186,400  triples=22,316,464  (4 ent/s, 419 triples/s, errors=247394)
  rows=186,438  triples=22,319,961  (4 ent/s, 419 triples/s, errors=247432)
  rows=186,474  triples=22,323,127  (4 ent/s, 419 triples/s, errors=247437)
  rows=186,512  triples=22,326,275  (4 ent/s, 419 triples/s, errors=247472)
  rows=186,547  triples=22,329,353  (4 ent/s, 419 triples/s, errors=247486)
  rows=186,579  triples=22,332,898  (4 ent/s, 419 triples/s, errors=247489)
  rows=186,610  triples=22,335,415  (4 ent/s, 419 triples/s, errors=247506)
  rows=186,648  triples=22,338,825  (4 ent/s, 419 triples/s, errors=247506)
  rows=186,678  triples=22,342,042  (4 ent/s, 419 triples/s, errors=247527)
  rows=186,724  triples=22,345,276  (4 ent/s, 420 triples/s, errors=247532)
  rows=186,753  triples=22,348,408  (4 ent/s, 420 triples/s, errors=247545)
  rows=186,775  triples=22,351,509  (4 ent/s, 420 triples/s, errors=247569)
  rows=186,801  triples=22,354,382  (4 ent/s, 420 triples/s, errors=247569)
  rows=186,832  triples=22,357,403  (4 ent/s, 420 triples/s, errors=247636)
  rows=186,869  triples=22,360,529  (4 ent/s, 420 triples/s, errors=247650)
  rows=186,893  triples=22,363,688  (4 ent/s, 420 triples/s, errors=247727)
  rows=186,923  triples=22,367,387  (4 ent/s, 420 triples/s, errors=247741)
  rows=186,949  triples=22,370,731  (4 ent/s, 420 triples/s, errors=247776)
  rows=186,985  triples=22,374,227  (4 ent/s, 420 triples/s, errors=247788)
  rows=187,008  triples=22,376,805  (4 ent/s, 420 triples/s, errors=247814)
  rows=187,042  triples=22,380,042  (4 ent/s, 420 triples/s, errors=247828)
  rows=187,078  triples=22,383,130  (4 ent/s, 420 triples/s, errors=247837)
  rows=187,104  triples=22,386,284  (4 ent/s, 420 triples/s, errors=247868)
  rows=187,141  triples=22,389,467  (4 ent/s, 420 triples/s, errors=247876)
  rows=187,176  triples=22,392,647  (4 ent/s, 420 triples/s, errors=247892)
  rows=187,214  triples=22,395,956  (4 ent/s, 420 triples/s, errors=247910)
  rows=187,251  triples=22,399,102  (4 ent/s, 420 triples/s, errors=247918)
  rows=187,255  triples=22,399,102  (4 ent/s, 419 triples/s, errors=247918)
  rows=187,282  triples=22,402,247  (4 ent/s, 419 triples/s, errors=247933)
  rows=187,310  triples=22,405,363  (4 ent/s, 419 triples/s, errors=247955)
  rows=187,347  triples=22,408,470  (4 ent/s, 419 triples/s, errors=247965)
  rows=187,378  triples=22,411,579  (4 ent/s, 419 triples/s, errors=248006)
  rows=187,401  triples=22,413,615  (4 ent/s, 419 triples/s, errors=248019)
  rows=187,435  triples=22,416,844  (4 ent/s, 419 triples/s, errors=248020)
  rows=187,470  triples=22,420,005  (4 ent/s, 419 triples/s, errors=248029)
  rows=187,500  triples=22,423,443  (4 ent/s, 419 triples/s, errors=248445)
  rows=187,528  triples=22,426,750  (4 ent/s, 419 triples/s, errors=248478)
  rows=187,558  triples=22,429,901  (4 ent/s, 419 triples/s, errors=248496)
  rows=187,591  triples=22,433,084  (4 ent/s, 419 triples/s, errors=248502)
  rows=187,620  triples=22,436,347  (4 ent/s, 419 triples/s, errors=248520)
  rows=187,652  triples=22,439,605  (4 ent/s, 419 triples/s, errors=248534)
  rows=187,696  triples=22,443,263  (4 ent/s, 419 triples/s, errors=248550)
  rows=187,730  triples=22,446,588  (4 ent/s, 419 triples/s, errors=248568)
  rows=187,759  triples=22,449,424  (4 ent/s, 419 triples/s, errors=248917)
  rows=187,797  triples=22,452,760  (4 ent/s, 419 triples/s, errors=248940)
  rows=187,819  triples=22,455,299  (4 ent/s, 419 triples/s, errors=248946)
  rows=187,850  triples=22,458,444  (4 ent/s, 419 triples/s, errors=248954)
  rows=187,877  triples=22,461,765  (4 ent/s, 420 triples/s, errors=248982)
  rows=187,905  triples=22,464,884  (4 ent/s, 420 triples/s, errors=249009)
  rows=187,939  triples=22,467,973  (4 ent/s, 420 triples/s, errors=249019)
  rows=187,970  triples=22,471,383  (4 ent/s, 420 triples/s, errors=249026)
  rows=188,001  triples=22,474,293  (4 ent/s, 420 triples/s, errors=249034)
  rows=188,028  triples=22,477,347  (4 ent/s, 420 triples/s, errors=249051)
  rows=188,058  triples=22,480,573  (4 ent/s, 420 triples/s, errors=249056)
  rows=188,099  triples=22,483,968  (4 ent/s, 420 triples/s, errors=249072)
  rows=188,137  triples=22,487,153  (4 ent/s, 420 triples/s, errors=249128)
  rows=188,173  triples=22,490,286  (4 ent/s, 420 triples/s, errors=249130)
  rows=188,201  triples=22,492,843  (4 ent/s, 420 triples/s, errors=249140)
  rows=188,233  triples=22,495,855  (4 ent/s, 420 triples/s, errors=249171)
  rows=188,268  triples=22,498,950  (4 ent/s, 420 triples/s, errors=249188)
  rows=188,304  triples=22,502,310  (4 ent/s, 420 triples/s, errors=249205)
  rows=188,338  triples=22,505,825  (4 ent/s, 420 triples/s, errors=249208)
  rows=188,376  triples=22,509,056  (4 ent/s, 420 triples/s, errors=249216)
  rows=188,401  triples=22,511,409  (4 ent/s, 420 triples/s, errors=249264)
  rows=188,442  triples=22,514,734  (4 ent/s, 420 triples/s, errors=249320)
  rows=188,476  triples=22,517,987  (4 ent/s, 420 triples/s, errors=249328)
  rows=188,508  triples=22,521,044  (4 ent/s, 420 triples/s, errors=249343)
  rows=188,537  triples=22,524,130  (4 ent/s, 420 triples/s, errors=249364)
  rows=188,573  triples=22,527,389  (4 ent/s, 420 triples/s, errors=249381)
  rows=188,601  triples=22,529,888  (4 ent/s, 420 triples/s, errors=249409)
  rows=188,644  triples=22,533,099  (4 ent/s, 420 triples/s, errors=249416)
  rows=188,679  triples=22,536,392  (4 ent/s, 420 triples/s, errors=249436)
  rows=188,710  triples=22,539,659  (4 ent/s, 420 triples/s, errors=249441)
  rows=188,746  triples=22,542,801  (4 ent/s, 420 triples/s, errors=249461)
  rows=188,781  triples=22,545,857  (4 ent/s, 420 triples/s, errors=249478)
  rows=188,816  triples=22,547,930  (4 ent/s, 420 triples/s, errors=249494)
  rows=188,842  triples=22,551,070  (4 ent/s, 420 triples/s, errors=249519)
  rows=188,871  triples=22,554,306  (4 ent/s, 420 triples/s, errors=249532)
  rows=188,905  triples=22,558,103  (4 ent/s, 420 triples/s, errors=249537)
  rows=188,942  triples=22,561,211  (4 ent/s, 420 triples/s, errors=249563)
  rows=188,982  triples=22,564,403  (4 ent/s, 420 triples/s, errors=249564)
  rows=189,015  triples=22,567,054  (4 ent/s, 420 triples/s, errors=249567)
  rows=189,048  triples=22,570,122  (4 ent/s, 420 triples/s, errors=249592)
  rows=189,073  triples=22,572,310  (4 ent/s, 419 triples/s, errors=249636)
  rows=189,096  triples=22,575,748  (4 ent/s, 419 triples/s, errors=249668)
  rows=189,130  triples=22,579,022  (4 ent/s, 419 triples/s, errors=249681)
  rows=189,168  triples=22,582,238  (4 ent/s, 419 triples/s, errors=249701)
  rows=189,201  triples=22,584,819  (4 ent/s, 419 triples/s, errors=249734)
  rows=189,229  triples=22,588,247  (4 ent/s, 419 triples/s, errors=249757)
  rows=189,263  triples=22,591,389  (4 ent/s, 419 triples/s, errors=249763)
  rows=189,288  triples=22,594,545  (4 ent/s, 419 triples/s, errors=249785)
  rows=189,317  triples=22,597,855  (4 ent/s, 419 triples/s, errors=249798)
  rows=189,355  triples=22,600,954  (4 ent/s, 420 triples/s, errors=249820)
  rows=189,395  triples=22,604,235  (4 ent/s, 420 triples/s, errors=249848)
  rows=189,428  triples=22,606,785  (4 ent/s, 420 triples/s, errors=249863)
  rows=189,459  triples=22,609,892  (4 ent/s, 420 triples/s, errors=249885)
  rows=189,497  triples=22,613,036  (4 ent/s, 420 triples/s, errors=249910)
  rows=189,540  triples=22,616,133  (4 ent/s, 420 triples/s, errors=249919)
  rows=189,574  triples=22,619,326  (4 ent/s, 420 triples/s, errors=249926)
  rows=189,601  triples=22,622,018  (4 ent/s, 420 triples/s, errors=249944)
  rows=189,638  triples=22,625,252  (4 ent/s, 420 triples/s, errors=249971)
  rows=189,663  triples=22,628,346  (4 ent/s, 420 triples/s, errors=249994)
  rows=189,697  triples=22,631,482  (4 ent/s, 420 triples/s, errors=250012)
  rows=189,739  triples=22,634,718  (4 ent/s, 420 triples/s, errors=250079)
  rows=189,783  triples=22,637,904  (4 ent/s, 420 triples/s, errors=250096)
  rows=189,813  triples=22,640,149  (4 ent/s, 420 triples/s, errors=250097)
  rows=189,849  triples=22,643,378  (4 ent/s, 420 triples/s, errors=250159)
  rows=189,893  triples=22,646,775  (4 ent/s, 420 triples/s, errors=250196)
  rows=189,931  triples=22,650,004  (4 ent/s, 420 triples/s, errors=250206)
  rows=189,970  triples=22,653,269  (4 ent/s, 420 triples/s, errors=250235)
  rows=190,001  triples=22,656,093  (4 ent/s, 420 triples/s, errors=250238)
  rows=190,036  triples=22,659,167  (4 ent/s, 420 triples/s, errors=250245)
  rows=190,067  triples=22,662,218  (4 ent/s, 420 triples/s, errors=250273)
  rows=190,108  triples=22,665,438  (4 ent/s, 420 triples/s, errors=250276)
  rows=190,153  triples=22,668,659  (4 ent/s, 420 triples/s, errors=250284)
  rows=190,186  triples=22,672,128  (4 ent/s, 420 triples/s, errors=250302)
  rows=190,222  triples=22,675,133  (4 ent/s, 420 triples/s, errors=250313)
  rows=190,257  triples=22,678,222  (4 ent/s, 420 triples/s, errors=250316)
  rows=190,286  triples=22,681,343  (4 ent/s, 420 triples/s, errors=250325)
  rows=190,322  triples=22,684,672  (4 ent/s, 420 triples/s, errors=250346)
  rows=190,356  triples=22,688,021  (4 ent/s, 420 triples/s, errors=250371)
  rows=190,390  triples=22,691,212  (4 ent/s, 420 triples/s, errors=250373)
  rows=190,426  triples=22,694,219  (4 ent/s, 420 triples/s, errors=250461)
  rows=190,454  triples=22,697,505  (4 ent/s, 420 triples/s, errors=250481)
  rows=190,498  triples=22,700,633  (4 ent/s, 420 triples/s, errors=250518)
  rows=190,524  triples=22,703,922  (4 ent/s, 420 triples/s, errors=250549)
  rows=190,553  triples=22,707,141  (4 ent/s, 420 triples/s, errors=250574)
  rows=190,589  triples=22,710,203  (4 ent/s, 420 triples/s, errors=250600)
  rows=190,621  triples=22,713,543  (4 ent/s, 420 triples/s, errors=250728)
  rows=190,655  triples=22,716,637  (4 ent/s, 420 triples/s, errors=250735)
  rows=190,689  triples=22,720,090  (4 ent/s, 420 triples/s, errors=250743)
  rows=190,727  triples=22,723,282  (4 ent/s, 420 triples/s, errors=250770)
  rows=190,758  triples=22,726,456  (4 ent/s, 420 triples/s, errors=251161)
  rows=190,793  triples=22,729,631  (4 ent/s, 420 triples/s, errors=251184)
  rows=190,820  triples=22,731,769  (4 ent/s, 420 triples/s, errors=251191)
  rows=190,855  triples=22,735,036  (4 ent/s, 420 triples/s, errors=251211)
  rows=190,889  triples=22,738,196  (4 ent/s, 420 triples/s, errors=251232)
  rows=190,891  triples=22,738,196  (4 ent/s, 420 triples/s, errors=251232)
  rows=190,922  triples=22,741,583  (4 ent/s, 420 triples/s, errors=251248)
  rows=190,971  triples=22,744,871  (4 ent/s, 420 triples/s, errors=251268)
  rows=191,001  triples=22,747,131  (4 ent/s, 420 triples/s, errors=251270)
  rows=191,040  triples=22,750,199  (4 ent/s, 420 triples/s, errors=251286)
  rows=191,079  triples=22,753,215  (4 ent/s, 420 triples/s, errors=251333)
  rows=191,117  triples=22,756,697  (4 ent/s, 420 triples/s, errors=251955)
  rows=191,151  triples=22,759,761  (4 ent/s, 420 triples/s, errors=251958)
  rows=191,182  triples=22,763,228  (4 ent/s, 420 triples/s, errors=251966)
  rows=191,208  triples=22,765,953  (4 ent/s, 420 triples/s, errors=251979)
  rows=191,240  triples=22,768,978  (4 ent/s, 420 triples/s, errors=252098)
  rows=191,277  triples=22,772,135  (4 ent/s, 420 triples/s, errors=252109)
  rows=191,324  triples=22,775,338  (4 ent/s, 420 triples/s, errors=252120)
  rows=191,361  triples=22,778,505  (4 ent/s, 420 triples/s, errors=252124)
  rows=191,412  triples=22,781,592  (4 ent/s, 420 triples/s, errors=252133)
  rows=191,452  triples=22,784,917  (4 ent/s, 420 triples/s, errors=252155)
  rows=191,485  triples=22,788,050  (4 ent/s, 420 triples/s, errors=252197)
  rows=191,517  triples=22,791,304  (4 ent/s, 420 triples/s, errors=252218)
  rows=191,549  triples=22,794,547  (4 ent/s, 420 triples/s, errors=252233)
  rows=191,585  triples=22,797,723  (4 ent/s, 420 triples/s, errors=252249)
  rows=191,614  triples=22,800,246  (4 ent/s, 420 triples/s, errors=252302)
  rows=191,645  triples=22,803,461  (4 ent/s, 420 triples/s, errors=252364)
  rows=191,682  triples=22,806,816  (4 ent/s, 420 triples/s, errors=252389)
  rows=191,717  triples=22,809,930  (4 ent/s, 420 triples/s, errors=252393)
  rows=191,752  triples=22,812,936  (4 ent/s, 420 triples/s, errors=252443)
  rows=191,790  triples=22,816,077  (4 ent/s, 420 triples/s, errors=252463)
  rows=191,812  triples=22,818,272  (4 ent/s, 420 triples/s, errors=252473)
  rows=191,855  triples=22,821,414  (4 ent/s, 420 triples/s, errors=252483)
  rows=191,898  triples=22,824,494  (4 ent/s, 420 triples/s, errors=252502)
  rows=191,938  triples=22,827,584  (4 ent/s, 420 triples/s, errors=252544)
  rows=191,978  triples=22,830,769  (4 ent/s, 420 triples/s, errors=252552)
  rows=192,001  triples=22,833,217  (4 ent/s, 420 triples/s, errors=252573)
  rows=192,036  triples=22,836,320  (4 ent/s, 420 triples/s, errors=252749)
  rows=192,071  triples=22,839,392  (4 ent/s, 420 triples/s, errors=252761)
  rows=192,112  triples=22,842,533  (4 ent/s, 420 triples/s, errors=252770)
  rows=192,151  triples=22,845,782  (4 ent/s, 420 triples/s, errors=252934)
  rows=192,181  triples=22,849,156  (4 ent/s, 420 triples/s, errors=252948)
  rows=192,212  triples=22,852,362  (4 ent/s, 420 triples/s, errors=252967)
  rows=192,246  triples=22,855,747  (4 ent/s, 420 triples/s, errors=252974)
  rows=192,283  triples=22,858,892  (4 ent/s, 420 triples/s, errors=252977)
  rows=192,333  triples=22,862,001  (4 ent/s, 420 triples/s, errors=253008)
  rows=192,364  triples=22,865,218  (4 ent/s, 420 triples/s, errors=253014)
  rows=192,401  triples=22,868,033  (4 ent/s, 420 triples/s, errors=253029)
  rows=192,435  triples=22,871,328  (4 ent/s, 420 triples/s, errors=253047)
  rows=192,467  triples=22,874,522  (4 ent/s, 420 triples/s, errors=253050)
  rows=192,501  triples=22,877,669  (4 ent/s, 420 triples/s, errors=253053)
  rows=192,531  triples=22,880,807  (4 ent/s, 420 triples/s, errors=253099)
  rows=192,563  triples=22,884,018  (4 ent/s, 420 triples/s, errors=253148)
  rows=192,601  triples=22,886,834  (4 ent/s, 420 triples/s, errors=253152)
  rows=192,638  triples=22,890,062  (4 ent/s, 420 triples/s, errors=253158)
  rows=192,680  triples=22,893,166  (4 ent/s, 420 triples/s, errors=253161)
  rows=192,709  triples=22,895,329  (4 ent/s, 420 triples/s, errors=253166)
  rows=192,747  triples=22,898,553  (4 ent/s, 420 triples/s, errors=253179)
  rows=192,780  triples=22,901,594  (4 ent/s, 420 triples/s, errors=253234)
  rows=192,801  triples=22,903,882  (4 ent/s, 420 triples/s, errors=253294)
  rows=192,830  triples=22,906,952  (4 ent/s, 420 triples/s, errors=253312)
  rows=192,861  triples=22,909,128  (4 ent/s, 420 triples/s, errors=253326)
  rows=192,894  triples=22,912,202  (4 ent/s, 420 triples/s, errors=253337)
  rows=192,925  triples=22,915,480  (4 ent/s, 420 triples/s, errors=253339)
  rows=192,967  triples=22,918,642  (4 ent/s, 420 triples/s, errors=253362)
  rows=193,001  triples=22,921,516  (4 ent/s, 420 triples/s, errors=253381)
  rows=193,036  triples=22,924,822  (4 ent/s, 420 triples/s, errors=253407)
  rows=193,073  triples=22,928,028  (4 ent/s, 420 triples/s, errors=253409)
  rows=193,111  triples=22,931,319  (4 ent/s, 420 triples/s, errors=253483)
  rows=193,150  triples=22,934,527  (4 ent/s, 420 triples/s, errors=253488)
  rows=193,192  triples=22,937,603  (4 ent/s, 420 triples/s, errors=253492)
  rows=193,215  triples=22,940,228  (4 ent/s, 420 triples/s, errors=253514)
  rows=193,256  triples=22,943,394  (4 ent/s, 420 triples/s, errors=253543)
  rows=193,292  triples=22,946,520  (4 ent/s, 420 triples/s, errors=253552)
  rows=193,322  triples=22,949,699  (4 ent/s, 420 triples/s, errors=253616)
  rows=193,356  triples=22,952,804  (4 ent/s, 420 triples/s, errors=253638)
  rows=193,396  triples=22,956,033  (4 ent/s, 420 triples/s, errors=253642)
  rows=193,424  triples=22,958,493  (4 ent/s, 420 triples/s, errors=253665)
  rows=193,467  triples=22,961,668  (4 ent/s, 420 triples/s, errors=253672)
  rows=193,500  triples=22,964,912  (4 ent/s, 420 triples/s, errors=253685)
  rows=193,532  triples=22,968,129  (4 ent/s, 420 triples/s, errors=253733)
  rows=193,568  triples=22,971,377  (4 ent/s, 420 triples/s, errors=253737)
  rows=193,601  triples=22,974,243  (4 ent/s, 420 triples/s, errors=253744)
  rows=193,634  triples=22,977,440  (4 ent/s, 420 triples/s, errors=253762)
  rows=193,668  triples=22,980,596  (4 ent/s, 420 triples/s, errors=253783)
  rows=193,707  triples=22,983,737  (4 ent/s, 420 triples/s, errors=253842)
  rows=193,749  triples=22,986,921  (4 ent/s, 420 triples/s, errors=253899)
  rows=193,781  triples=22,990,006  (4 ent/s, 420 triples/s, errors=253910)
  rows=193,812  triples=22,992,941  (4 ent/s, 420 triples/s, errors=253931)
  rows=193,847  triples=22,996,162  (4 ent/s, 420 triples/s, errors=253944)
  rows=193,890  triples=22,999,333  (4 ent/s, 420 triples/s, errors=254005)
  rows=193,922  triples=23,002,539  (4 ent/s, 420 triples/s, errors=254034)
  rows=193,962  triples=23,005,831  (4 ent/s, 420 triples/s, errors=254040)
  rows=193,999  triples=23,008,961  (4 ent/s, 420 triples/s, errors=254052)
  rows=194,022  triples=23,011,211  (4 ent/s, 420 triples/s, errors=254085)
  rows=194,050  triples=23,014,238  (4 ent/s, 420 triples/s, errors=254090)
  rows=194,079  triples=23,017,317  (4 ent/s, 420 triples/s, errors=254111)
  rows=194,105  triples=23,020,704  (4 ent/s, 420 triples/s, errors=254131)
  rows=194,131  triples=23,022,903  (4 ent/s, 420 triples/s, errors=254192)
  rows=194,166  triples=23,025,971  (4 ent/s, 420 triples/s, errors=254239)
  rows=194,201  triples=23,028,722  (4 ent/s, 420 triples/s, errors=254259)
  rows=194,231  triples=23,031,752  (4 ent/s, 420 triples/s, errors=254278)
  rows=194,273  triples=23,034,859  (4 ent/s, 420 triples/s, errors=254288)
  rows=194,307  triples=23,038,290  (4 ent/s, 420 triples/s, errors=254295)
  rows=194,344  triples=23,041,692  (4 ent/s, 420 triples/s, errors=254368)
  rows=194,375  triples=23,044,905  (4 ent/s, 420 triples/s, errors=254383)
  rows=194,401  triples=23,047,419  (4 ent/s, 420 triples/s, errors=254398)
  rows=194,437  triples=23,050,607  (4 ent/s, 420 triples/s, errors=254409)
  rows=194,477  triples=23,053,723  (4 ent/s, 420 triples/s, errors=254429)
  rows=194,512  triples=23,056,891  (4 ent/s, 420 triples/s, errors=254440)
  rows=194,527  triples=23,056,891  (4 ent/s, 419 triples/s, errors=254440)
  rows=194,562  triples=23,060,116  (4 ent/s, 419 triples/s, errors=254451)
  rows=194,601  triples=23,063,034  (4 ent/s, 419 triples/s, errors=254455)
  rows=194,629  triples=23,066,231  (4 ent/s, 419 triples/s, errors=254474)
  rows=194,668  triples=23,069,410  (4 ent/s, 419 triples/s, errors=254482)
  rows=194,706  triples=23,072,492  (4 ent/s, 419 triples/s, errors=254521)
  rows=194,743  triples=23,075,611  (4 ent/s, 419 triples/s, errors=254554)
  rows=194,785  triples=23,078,872  (4 ent/s, 419 triples/s, errors=254572)
  rows=194,807  triples=23,081,135  (4 ent/s, 419 triples/s, errors=254586)
  rows=194,847  triples=23,084,641  (4 ent/s, 419 triples/s, errors=254594)
  rows=194,884  triples=23,087,744  (4 ent/s, 419 triples/s, errors=254614)
  rows=194,915  triples=23,090,863  (4 ent/s, 419 triples/s, errors=254657)
  rows=194,956  triples=23,094,124  (4 ent/s, 419 triples/s, errors=254662)
  rows=194,999  triples=23,097,269  (4 ent/s, 420 triples/s, errors=254685)
  rows=195,030  triples=23,099,516  (4 ent/s, 419 triples/s, errors=254710)
  rows=195,069  triples=23,102,745  (4 ent/s, 419 triples/s, errors=254719)
  rows=195,102  triples=23,105,814  (4 ent/s, 419 triples/s, errors=254760)
  rows=195,143  triples=23,108,905  (4 ent/s, 419 triples/s, errors=254767)
  rows=195,175  triples=23,112,095  (4 ent/s, 420 triples/s, errors=254782)
  rows=195,201  triples=23,114,024  (4 ent/s, 419 triples/s, errors=254792)
  rows=195,238  triples=23,117,326  (4 ent/s, 419 triples/s, errors=254810)
  rows=195,276  triples=23,120,429  (4 ent/s, 419 triples/s, errors=254828)
  rows=195,311  triples=23,123,673  (4 ent/s, 420 triples/s, errors=254836)
  rows=195,345  triples=23,126,828  (4 ent/s, 420 triples/s, errors=254838)
  rows=195,385  triples=23,129,959  (4 ent/s, 420 triples/s, errors=254847)
  rows=195,420  triples=23,133,000  (4 ent/s, 420 triples/s, errors=254879)
  rows=195,450  triples=23,136,350  (4 ent/s, 420 triples/s, errors=254885)
  rows=195,475  triples=23,139,523  (4 ent/s, 420 triples/s, errors=254984)
  rows=195,515  triples=23,142,708  (4 ent/s, 420 triples/s, errors=254999)
  rows=195,555  triples=23,145,871  (4 ent/s, 420 triples/s, errors=255076)
  rows=195,593  triples=23,149,125  (4 ent/s, 420 triples/s, errors=255113)
  rows=195,621  triples=23,151,981  (4 ent/s, 420 triples/s, errors=255124)
  rows=195,650  triples=23,155,030  (4 ent/s, 420 triples/s, errors=255154)
  rows=195,681  triples=23,158,136  (4 ent/s, 420 triples/s, errors=255172)
  rows=195,726  triples=23,161,263  (4 ent/s, 420 triples/s, errors=255185)
  rows=195,770  triples=23,164,495  (4 ent/s, 420 triples/s, errors=255189)
  rows=195,801  triples=23,166,539  (4 ent/s, 420 triples/s, errors=255211)
  rows=195,832  triples=23,169,752  (4 ent/s, 420 triples/s, errors=255213)
  rows=195,868  triples=23,172,880  (4 ent/s, 420 triples/s, errors=255236)
  rows=195,895  triples=23,176,080  (4 ent/s, 420 triples/s, errors=255250)
  rows=195,936  triples=23,179,188  (4 ent/s, 420 triples/s, errors=255259)
  rows=195,978  triples=23,182,438  (4 ent/s, 420 triples/s, errors=255270)
  rows=196,011  triples=23,185,508  (4 ent/s, 420 triples/s, errors=255274)
  rows=196,045  triples=23,188,607  (4 ent/s, 420 triples/s, errors=255275)
  rows=196,078  triples=23,191,717  (4 ent/s, 420 triples/s, errors=255327)
  rows=196,108  triples=23,194,818  (4 ent/s, 420 triples/s, errors=255338)
  rows=196,143  triples=23,197,953  (4 ent/s, 420 triples/s, errors=255352)
  rows=196,175  triples=23,201,086  (4 ent/s, 420 triples/s, errors=255490)
  rows=196,210  triples=23,204,333  (4 ent/s, 420 triples/s, errors=255537)
  rows=196,245  triples=23,207,588  (4 ent/s, 420 triples/s, errors=255732)
  rows=196,272  triples=23,211,113  (4 ent/s, 420 triples/s, errors=255790)
  rows=196,308  triples=23,214,254  (4 ent/s, 420 triples/s, errors=255805)
  rows=196,345  triples=23,216,330  (4 ent/s, 419 triples/s, errors=255809)
  rows=196,384  triples=23,219,571  (4 ent/s, 419 triples/s, errors=255809)
  rows=196,410  triples=23,221,957  (4 ent/s, 419 triples/s, errors=255829)
  rows=196,442  triples=23,225,134  (4 ent/s, 419 triples/s, errors=255836)
  rows=196,473  triples=23,228,549  (4 ent/s, 419 triples/s, errors=255876)
  rows=196,512  triples=23,231,809  (4 ent/s, 419 triples/s, errors=255900)
  rows=196,540  triples=23,234,922  (4 ent/s, 419 triples/s, errors=255911)
  rows=196,571  triples=23,237,945  (4 ent/s, 419 triples/s, errors=255940)
  rows=196,601  triples=23,240,502  (4 ent/s, 419 triples/s, errors=255950)
  rows=196,633  triples=23,243,664  (4 ent/s, 419 triples/s, errors=255983)
  rows=196,668  triples=23,246,914  (4 ent/s, 419 triples/s, errors=256018)
  rows=196,706  triples=23,250,119  (4 ent/s, 419 triples/s, errors=256046)
  rows=196,742  triples=23,253,235  (4 ent/s, 419 triples/s, errors=256049)
  rows=196,774  triples=23,256,388  (4 ent/s, 419 triples/s, errors=256090)
  rows=196,801  triples=23,258,710  (4 ent/s, 419 triples/s, errors=256094)
  rows=196,836  triples=23,261,870  (4 ent/s, 419 triples/s, errors=256101)
  rows=196,868  triples=23,265,208  (4 ent/s, 419 triples/s, errors=256112)
  rows=196,902  triples=23,268,250  (4 ent/s, 419 triples/s, errors=256129)
  rows=196,945  triples=23,271,516  (4 ent/s, 419 triples/s, errors=256140)
  rows=196,979  triples=23,274,768  (4 ent/s, 419 triples/s, errors=256173)
  rows=197,012  triples=23,277,798  (4 ent/s, 419 triples/s, errors=256173)
  rows=197,054  triples=23,280,978  (4 ent/s, 419 triples/s, errors=256185)
  rows=197,083  triples=23,284,100  (4 ent/s, 419 triples/s, errors=256283)
  rows=197,123  triples=23,287,185  (4 ent/s, 419 triples/s, errors=256290)
  rows=197,165  triples=23,290,300  (4 ent/s, 419 triples/s, errors=256293)
  rows=197,201  triples=23,292,873  (4 ent/s, 419 triples/s, errors=256306)
  rows=197,240  triples=23,295,824  (4 ent/s, 419 triples/s, errors=256478)
  rows=197,274  triples=23,299,041  (4 ent/s, 419 triples/s, errors=256528)
  rows=197,307  triples=23,302,135  (4 ent/s, 419 triples/s, errors=256547)
  rows=197,342  triples=23,305,230  (4 ent/s, 420 triples/s, errors=256569)
  rows=197,394  triples=23,308,386  (4 ent/s, 420 triples/s, errors=256583)
  rows=197,421  triples=23,310,794  (4 ent/s, 419 triples/s, errors=256583)
  rows=197,472  triples=23,313,835  (4 ent/s, 419 triples/s, errors=256609)
  rows=197,511  triples=23,317,107  (4 ent/s, 420 triples/s, errors=256617)
  rows=197,548  triples=23,320,248  (4 ent/s, 420 triples/s, errors=256647)
  rows=197,581  triples=23,323,334  (4 ent/s, 420 triples/s, errors=256649)
  rows=197,606  triples=23,325,938  (4 ent/s, 420 triples/s, errors=256655)
  rows=197,636  triples=23,328,978  (4 ent/s, 420 triples/s, errors=256702)
  rows=197,672  triples=23,332,266  (4 ent/s, 420 triples/s, errors=256742)
  rows=197,709  triples=23,335,667  (4 ent/s, 420 triples/s, errors=256793)
  rows=197,748  triples=23,338,928  (4 ent/s, 420 triples/s, errors=256801)
  rows=197,783  triples=23,341,999  (4 ent/s, 420 triples/s, errors=256810)
  rows=197,812  triples=23,344,209  (4 ent/s, 420 triples/s, errors=256838)
  rows=197,846  triples=23,347,340  (4 ent/s, 420 triples/s, errors=256951)
  rows=197,886  triples=23,350,474  (4 ent/s, 420 triples/s, errors=256988)
  rows=197,919  triples=23,354,016  (4 ent/s, 420 triples/s, errors=257001)
  rows=197,959  triples=23,357,092  (4 ent/s, 420 triples/s, errors=257012)
  rows=197,997  triples=23,360,363  (4 ent/s, 420 triples/s, errors=257020)
  rows=198,024  triples=23,362,878  (4 ent/s, 420 triples/s, errors=257020)
  rows=198,060  triples=23,365,983  (4 ent/s, 420 triples/s, errors=257075)
  rows=198,102  triples=23,369,292  (4 ent/s, 420 triples/s, errors=257210)
  rows=198,140  triples=23,372,640  (4 ent/s, 420 triples/s, errors=257221)
  rows=198,163  triples=23,373,653  (4 ent/s, 419 triples/s, errors=257221)
  rows=198,201  triples=23,376,648  (4 ent/s, 419 triples/s, errors=257249)
  rows=198,245  triples=23,379,915  (4 ent/s, 419 triples/s, errors=257261)
  rows=198,283  triples=23,383,263  (4 ent/s, 419 triples/s, errors=257266)
  rows=198,321  triples=23,386,339  (4 ent/s, 419 triples/s, errors=257281)
  rows=198,352  triples=23,389,605  (4 ent/s, 419 triples/s, errors=257287)
  rows=198,386  triples=23,392,717  (4 ent/s, 419 triples/s, errors=257304)
  rows=198,422  triples=23,395,486  (4 ent/s, 419 triples/s, errors=257304)
  rows=198,470  triples=23,398,945  (4 ent/s, 419 triples/s, errors=257310)
  rows=198,506  triples=23,402,081  (4 ent/s, 419 triples/s, errors=257333)
  rows=198,548  triples=23,405,151  (4 ent/s, 419 triples/s, errors=257333)
  rows=198,582  triples=23,408,343  (4 ent/s, 419 triples/s, errors=257348)
  rows=198,618  triples=23,410,653  (4 ent/s, 419 triples/s, errors=257353)
  rows=198,662  triples=23,413,689  (4 ent/s, 419 triples/s, errors=257369)
  rows=198,694  triples=23,416,912  (4 ent/s, 419 triples/s, errors=257376)
  rows=198,733  triples=23,420,167  (4 ent/s, 419 triples/s, errors=257391)
  rows=198,772  triples=23,423,444  (4 ent/s, 419 triples/s, errors=257392)
  rows=198,801  triples=23,425,679  (4 ent/s, 419 triples/s, errors=257405)
  rows=198,832  triples=23,428,930  (4 ent/s, 419 triples/s, errors=257412)
  rows=198,877  triples=23,432,087  (4 ent/s, 419 triples/s, errors=257412)
  rows=198,921  triples=23,435,176  (4 ent/s, 419 triples/s, errors=257414)
  rows=198,951  triples=23,438,445  (4 ent/s, 419 triples/s, errors=257437)
  rows=198,998  triples=23,441,716  (4 ent/s, 419 triples/s, errors=257440)
  rows=199,024  triples=23,443,965  (4 ent/s, 419 triples/s, errors=257464)
  rows=199,056  triples=23,447,186  (4 ent/s, 419 triples/s, errors=257466)
  rows=199,092  triples=23,450,280  (4 ent/s, 419 triples/s, errors=257470)
  rows=199,133  triples=23,453,284  (4 ent/s, 419 triples/s, errors=257490)
  rows=199,175  triples=23,456,595  (4 ent/s, 419 triples/s, errors=257495)
  rows=199,201  triples=23,459,260  (4 ent/s, 419 triples/s, errors=257504)
  rows=199,235  triples=23,462,323  (4 ent/s, 419 triples/s, errors=257517)
  rows=199,279  triples=23,465,532  (4 ent/s, 419 triples/s, errors=257525)
  rows=199,308  triples=23,468,654  (4 ent/s, 419 triples/s, errors=257528)
  rows=199,352  triples=23,471,787  (4 ent/s, 420 triples/s, errors=257546)
  rows=199,391  triples=23,474,978  (4 ent/s, 420 triples/s, errors=257546)
  rows=199,428  triples=23,477,544  (4 ent/s, 419 triples/s, errors=257552)
  rows=199,453  triples=23,480,702  (4 ent/s, 420 triples/s, errors=257591)
  rows=199,488  triples=23,483,805  (4 ent/s, 420 triples/s, errors=257604)
  rows=199,520  triples=23,486,878  (4 ent/s, 420 triples/s, errors=257611)
  rows=199,558  triples=23,489,979  (4 ent/s, 420 triples/s, errors=257623)
  rows=199,594  triples=23,493,052  (4 ent/s, 420 triples/s, errors=257648)
  rows=199,623  triples=23,495,506  (4 ent/s, 420 triples/s, errors=257648)
  rows=199,662  triples=23,498,634  (4 ent/s, 420 triples/s, errors=257672)
  rows=199,707  triples=23,501,918  (4 ent/s, 420 triples/s, errors=257687)
  rows=199,746  triples=23,505,022  (4 ent/s, 420 triples/s, errors=257693)
  rows=199,786  triples=23,508,057  (4 ent/s, 420 triples/s, errors=257705)
  rows=199,823  triples=23,511,077  (4 ent/s, 420 triples/s, errors=257713)
  rows=199,858  triples=23,514,129  (4 ent/s, 420 triples/s, errors=257796)
  rows=199,892  triples=23,517,284  (4 ent/s, 420 triples/s, errors=257848)
  rows=199,933  triples=23,520,475  (4 ent/s, 420 triples/s, errors=257873)
  rows=199,966  triples=23,523,901  (4 ent/s, 420 triples/s, errors=257946)
  rows=199,981  triples=23,524,937  (4 ent/s, 419 triples/s, errors=257951)
  rows=200,001  triples=23,527,169  (4 ent/s, 419 triples/s, errors=257971)
  rows=200,039  triples=23,530,506  (4 ent/s, 419 triples/s, errors=257983)
  rows=200,074  triples=23,533,702  (4 ent/s, 419 triples/s, errors=257994)
  rows=200,112  triples=23,536,848  (4 ent/s, 419 triples/s, errors=258003)
  rows=200,146  triples=23,540,165  (4 ent/s, 419 triples/s, errors=258029)
  rows=200,186  triples=23,543,314  (4 ent/s, 419 triples/s, errors=258048)
  rows=200,209  triples=23,545,671  (4 ent/s, 419 triples/s, errors=258061)
  rows=200,238  triples=23,549,180  (4 ent/s, 419 triples/s, errors=258076)
  rows=200,274  triples=23,552,431  (4 ent/s, 419 triples/s, errors=258085)
  rows=200,307  triples=23,555,679  (4 ent/s, 419 triples/s, errors=258092)
  rows=200,346  triples=23,558,723  (4 ent/s, 419 triples/s, errors=258111)
  rows=200,380  triples=23,561,809  (4 ent/s, 419 triples/s, errors=258121)
  rows=200,414  triples=23,564,277  (4 ent/s, 419 triples/s, errors=258123)
  rows=200,452  triples=23,567,572  (4 ent/s, 419 triples/s, errors=258133)
  rows=200,492  triples=23,570,651  (4 ent/s, 419 triples/s, errors=258149)
  rows=200,536  triples=23,573,843  (4 ent/s, 419 triples/s, errors=258163)
  rows=200,572  triples=23,577,071  (4 ent/s, 419 triples/s, errors=258170)
  rows=200,601  triples=23,579,826  (4 ent/s, 419 triples/s, errors=258194)
  rows=200,638  triples=23,582,988  (4 ent/s, 419 triples/s, errors=258202)
  rows=200,683  triples=23,586,045  (4 ent/s, 419 triples/s, errors=258212)
  rows=200,729  triples=23,589,252  (4 ent/s, 419 triples/s, errors=258232)
  rows=200,768  triples=23,592,453  (4 ent/s, 419 triples/s, errors=258239)
  rows=200,801  triples=23,594,800  (4 ent/s, 419 triples/s, errors=258245)
  rows=200,841  triples=23,598,030  (4 ent/s, 419 triples/s, errors=258257)
  rows=200,873  triples=23,601,157  (4 ent/s, 419 triples/s, errors=258260)
  rows=200,907  triples=23,604,250  (4 ent/s, 419 triples/s, errors=258276)
  rows=200,938  triples=23,607,431  (4 ent/s, 419 triples/s, errors=258298)
  rows=200,977  triples=23,610,485  (4 ent/s, 419 triples/s, errors=258305)
  rows=201,012  triples=23,613,381  (4 ent/s, 419 triples/s, errors=258316)
  rows=201,062  triples=23,616,483  (4 ent/s, 419 triples/s, errors=258319)
  rows=201,101  triples=23,619,642  (4 ent/s, 419 triples/s, errors=258326)
  rows=201,141  triples=23,622,849  (4 ent/s, 419 triples/s, errors=258335)
  rows=201,191  triples=23,626,069  (4 ent/s, 419 triples/s, errors=258335)
  rows=201,220  triples=23,628,875  (4 ent/s, 419 triples/s, errors=258349)
  rows=201,256  triples=23,632,129  (4 ent/s, 419 triples/s, errors=258360)
  rows=201,301  triples=23,635,408  (4 ent/s, 419 triples/s, errors=258365)
  rows=201,346  triples=23,638,792  (4 ent/s, 420 triples/s, errors=258394)
  rows=201,389  triples=23,641,945  (4 ent/s, 420 triples/s, errors=258408)
  rows=201,418  triples=23,644,887  (4 ent/s, 420 triples/s, errors=258411)
  rows=201,453  triples=23,648,012  (4 ent/s, 420 triples/s, errors=258442)
  rows=201,489  triples=23,651,146  (4 ent/s, 420 triples/s, errors=258452)
  rows=201,535  triples=23,654,267  (4 ent/s, 420 triples/s, errors=258457)
  rows=201,584  triples=23,657,353  (4 ent/s, 420 triples/s, errors=258478)
  rows=201,615  triples=23,659,859  (4 ent/s, 420 triples/s, errors=258488)
  rows=201,652  triples=23,663,034  (4 ent/s, 420 triples/s, errors=258525)
  rows=201,688  triples=23,666,163  (4 ent/s, 420 triples/s, errors=258528)
  rows=201,727  triples=23,669,415  (4 ent/s, 420 triples/s, errors=258628)
  rows=201,760  triples=23,672,459  (4 ent/s, 420 triples/s, errors=258668)
  rows=201,799  triples=23,675,844  (4 ent/s, 419 triples/s, errors=258707)
  rows=201,833  triples=23,677,915  (4 ent/s, 419 triples/s, errors=258707)
  rows=201,872  triples=23,681,002  (4 ent/s, 419 triples/s, errors=258723)
  rows=201,909  triples=23,684,259  (4 ent/s, 419 triples/s, errors=258747)
  rows=201,943  triples=23,687,875  (4 ent/s, 419 triples/s, errors=258752)
  rows=201,970  triples=23,690,899  (4 ent/s, 419 triples/s, errors=258783)
  rows=202,001  triples=23,693,840  (4 ent/s, 419 triples/s, errors=258796)
  rows=202,038  triples=23,697,241  (4 ent/s, 419 triples/s, errors=258812)
  rows=202,067  triples=23,700,379  (4 ent/s, 419 triples/s, errors=258820)
  rows=202,098  triples=23,703,432  (4 ent/s, 419 triples/s, errors=258852)
  rows=202,136  triples=23,706,586  (4 ent/s, 419 triples/s, errors=258872)
  rows=202,178  triples=23,709,900  (4 ent/s, 419 triples/s, errors=258955)
  rows=202,213  triples=23,712,873  (4 ent/s, 419 triples/s, errors=258974)
  rows=202,249  triples=23,716,110  (4 ent/s, 419 triples/s, errors=258992)
  rows=202,283  triples=23,719,217  (4 ent/s, 419 triples/s, errors=259003)
  rows=202,321  triples=23,722,318  (4 ent/s, 419 triples/s, errors=259008)
  rows=202,363  triples=23,725,457  (4 ent/s, 419 triples/s, errors=259032)
  rows=202,401  triples=23,727,821  (4 ent/s, 419 triples/s, errors=259068)
  rows=202,430  triples=23,730,920  (4 ent/s, 419 triples/s, errors=259072)
  rows=202,470  triples=23,733,992  (4 ent/s, 419 triples/s, errors=259075)
  rows=202,505  triples=23,737,142  (4 ent/s, 419 triples/s, errors=259092)
  rows=202,546  triples=23,740,183  (4 ent/s, 419 triples/s, errors=259092)
  rows=202,583  triples=23,743,339  (4 ent/s, 419 triples/s, errors=259097)
  rows=202,612  triples=23,745,843  (4 ent/s, 419 triples/s, errors=259108)
  rows=202,653  triples=23,748,946  (4 ent/s, 419 triples/s, errors=259111)
  rows=202,689  triples=23,752,031  (4 ent/s, 419 triples/s, errors=259139)
  rows=202,729  triples=23,755,188  (4 ent/s, 419 triples/s, errors=259156)
  rows=202,774  triples=23,758,350  (4 ent/s, 419 triples/s, errors=259184)
  rows=202,815  triples=23,761,307  (4 ent/s, 419 triples/s, errors=259191)
  rows=202,843  triples=23,764,464  (4 ent/s, 419 triples/s, errors=259206)
  rows=202,881  triples=23,767,498  (4 ent/s, 419 triples/s, errors=259227)
  rows=202,915  triples=23,770,580  (4 ent/s, 419 triples/s, errors=259243)
  rows=202,952  triples=23,773,869  (4 ent/s, 419 triples/s, errors=259259)
  rows=202,982  triples=23,777,287  (4 ent/s, 419 triples/s, errors=259274)
  rows=203,013  triples=23,780,028  (4 ent/s, 419 triples/s, errors=259296)
  rows=203,050  triples=23,783,490  (4 ent/s, 419 triples/s, errors=259309)
  rows=203,083  triples=23,786,695  (4 ent/s, 419 triples/s, errors=259311)
  rows=203,116  triples=23,790,032  (4 ent/s, 420 triples/s, errors=259315)
  rows=203,156  triples=23,793,304  (4 ent/s, 420 triples/s, errors=259323)
  rows=203,194  triples=23,796,427  (4 ent/s, 420 triples/s, errors=259329)
  rows=203,225  triples=23,799,244  (4 ent/s, 420 triples/s, errors=259332)
  rows=203,262  triples=23,802,428  (4 ent/s, 420 triples/s, errors=259348)
  rows=203,297  triples=23,805,745  (4 ent/s, 420 triples/s, errors=259360)
  rows=203,335  triples=23,809,002  (4 ent/s, 420 triples/s, errors=259382)
  rows=203,381  triples=23,812,350  (4 ent/s, 420 triples/s, errors=259390)
  rows=203,413  triples=23,814,839  (4 ent/s, 420 triples/s, errors=259396)
  rows=203,452  triples=23,818,040  (4 ent/s, 420 triples/s, errors=259409)
  rows=203,499  triples=23,821,198  (4 ent/s, 420 triples/s, errors=259429)
  rows=203,538  triples=23,824,505  (4 ent/s, 420 triples/s, errors=259434)
  rows=203,572  triples=23,827,796  (4 ent/s, 420 triples/s, errors=259441)
  rows=203,601  triples=23,830,022  (4 ent/s, 420 triples/s, errors=259443)
  rows=203,617  triples=23,831,190  (4 ent/s, 419 triples/s, errors=259449)
  rows=203,651  triples=23,834,437  (4 ent/s, 419 triples/s, errors=259471)
  rows=203,687  triples=23,837,574  (4 ent/s, 419 triples/s, errors=259486)
  rows=203,723  triples=23,840,652  (4 ent/s, 419 triples/s, errors=259528)
  rows=203,754  triples=23,844,174  (4 ent/s, 419 triples/s, errors=259563)
  rows=203,787  triples=23,847,317  (4 ent/s, 419 triples/s, errors=259570)
  rows=203,827  triples=23,850,393  (4 ent/s, 419 triples/s, errors=259578)
  rows=203,856  triples=23,853,499  (4 ent/s, 419 triples/s, errors=259591)
  rows=203,894  triples=23,856,717  (4 ent/s, 419 triples/s, errors=259595)
  rows=203,933  triples=23,859,955  (4 ent/s, 419 triples/s, errors=259642)
  rows=203,969  triples=23,863,137  (4 ent/s, 419 triples/s, errors=259654)
  rows=204,001  triples=23,866,091  (4 ent/s, 419 triples/s, errors=259682)
  rows=204,046  triples=23,869,404  (4 ent/s, 419 triples/s, errors=259688)
  rows=204,086  triples=23,872,439  (4 ent/s, 419 triples/s, errors=259695)
  rows=204,119  triples=23,875,527  (4 ent/s, 419 triples/s, errors=259713)
  rows=204,158  triples=23,878,850  (4 ent/s, 419 triples/s, errors=259716)
  rows=204,192  triples=23,882,146  (4 ent/s, 419 triples/s, errors=259734)
  rows=204,221  triples=23,885,025  (4 ent/s, 419 triples/s, errors=259746)
  rows=204,266  triples=23,888,152  (4 ent/s, 419 triples/s, errors=259765)
  rows=204,299  triples=23,891,367  (4 ent/s, 419 triples/s, errors=259778)
  rows=204,333  triples=23,894,856  (4 ent/s, 419 triples/s, errors=259792)
  rows=204,370  triples=23,897,928  (4 ent/s, 419 triples/s, errors=259799)
  rows=204,401  triples=23,900,405  (4 ent/s, 419 triples/s, errors=259811)
  rows=204,434  triples=23,903,484  (4 ent/s, 419 triples/s, errors=259829)
  rows=204,467  triples=23,906,760  (4 ent/s, 419 triples/s, errors=259851)
  rows=204,501  triples=23,910,072  (4 ent/s, 419 triples/s, errors=259904)
  rows=204,534  triples=23,913,193  (4 ent/s, 420 triples/s, errors=259938)
  rows=204,568  triples=23,916,811  (4 ent/s, 420 triples/s, errors=259960)
  rows=204,601  triples=23,919,176  (4 ent/s, 420 triples/s, errors=259971)
  rows=204,633  triples=23,922,569  (4 ent/s, 420 triples/s, errors=259987)
  rows=204,673  triples=23,925,630  (4 ent/s, 420 triples/s, errors=260000)
  rows=204,709  triples=23,928,884  (4 ent/s, 420 triples/s, errors=260012)
  rows=204,745  triples=23,932,153  (4 ent/s, 420 triples/s, errors=260025)
  rows=204,779  triples=23,935,306  (4 ent/s, 420 triples/s, errors=260044)
  rows=204,810  triples=23,937,969  (4 ent/s, 420 triples/s, errors=260086)
  rows=204,850  triples=23,941,309  (4 ent/s, 420 triples/s, errors=260097)
  rows=204,897  triples=23,944,548  (4 ent/s, 420 triples/s, errors=260113)
  rows=204,930  triples=23,947,795  (4 ent/s, 420 triples/s, errors=260125)
  rows=204,966  triples=23,950,979  (4 ent/s, 420 triples/s, errors=260138)
  rows=205,001  triples=23,953,904  (4 ent/s, 420 triples/s, errors=260157)
  rows=205,051  triples=23,957,150  (4 ent/s, 420 triples/s, errors=260169)
  rows=205,093  triples=23,960,279  (4 ent/s, 420 triples/s, errors=260174)
  rows=205,134  triples=23,963,583  (4 ent/s, 420 triples/s, errors=260189)
  rows=205,180  triples=23,967,040  (4 ent/s, 420 triples/s, errors=260211)
  rows=205,214  triples=23,969,372  (4 ent/s, 420 triples/s, errors=260211)
  rows=205,257  triples=23,972,742  (4 ent/s, 420 triples/s, errors=260232)
  rows=205,292  triples=23,975,967  (4 ent/s, 420 triples/s, errors=260260)
  rows=205,330  triples=23,979,027  (4 ent/s, 420 triples/s, errors=260278)
  rows=205,366  triples=23,982,188  (4 ent/s, 420 triples/s, errors=260279)
  rows=205,401  triples=23,984,950  (4 ent/s, 420 triples/s, errors=260280)
  rows=205,435  triples=23,987,044  (4 ent/s, 419 triples/s, errors=260290)
  rows=205,468  triples=23,990,182  (4 ent/s, 419 triples/s, errors=260308)
  rows=205,504  triples=23,993,283  (4 ent/s, 419 triples/s, errors=260326)
  rows=205,553  triples=23,996,480  (4 ent/s, 419 triples/s, errors=260336)
  rows=205,601  triples=23,999,461  (4 ent/s, 419 triples/s, errors=260345)
  rows=205,639  triples=24,002,730  (4 ent/s, 419 triples/s, errors=260359)
  rows=205,682  triples=24,005,967  (4 ent/s, 419 triples/s, errors=260361)
  rows=205,727  triples=24,009,116  (4 ent/s, 419 triples/s, errors=260372)
  rows=205,774  triples=24,012,355  (4 ent/s, 419 triples/s, errors=260374)
  rows=205,801  triples=24,014,936  (4 ent/s, 419 triples/s, errors=260420)
  rows=205,848  triples=24,018,275  (4 ent/s, 419 triples/s, errors=260430)
  rows=205,888  triples=24,021,507  (4 ent/s, 419 triples/s, errors=260449)
  rows=205,928  triples=24,024,582  (4 ent/s, 419 triples/s, errors=260462)
  rows=205,965  triples=24,027,665  (4 ent/s, 419 triples/s, errors=260472)
  rows=206,001  triples=24,030,706  (4 ent/s, 419 triples/s, errors=260475)
  rows=206,036  triples=24,034,126  (4 ent/s, 419 triples/s, errors=260487)
  rows=206,089  triples=24,037,262  (4 ent/s, 419 triples/s, errors=260502)
  rows=206,135  triples=24,040,467  (4 ent/s, 419 triples/s, errors=260521)
  rows=206,174  triples=24,043,572  (4 ent/s, 420 triples/s, errors=260527)
  rows=206,201  triples=24,045,992  (4 ent/s, 419 triples/s, errors=260530)
  rows=206,237  triples=24,049,314  (4 ent/s, 420 triples/s, errors=260539)
  rows=206,271  triples=24,052,328  (4 ent/s, 420 triples/s, errors=260587)
  rows=206,314  triples=24,055,355  (4 ent/s, 420 triples/s, errors=260605)
  rows=206,355  triples=24,058,535  (4 ent/s, 420 triples/s, errors=260645)
  rows=206,394  triples=24,061,565  (4 ent/s, 420 triples/s, errors=260801)
  rows=206,430  triples=24,064,160  (4 ent/s, 420 triples/s, errors=260813)
  rows=206,466  triples=24,067,494  (4 ent/s, 420 triples/s, errors=260831)
  rows=206,505  triples=24,070,795  (4 ent/s, 420 triples/s, errors=260867)
  rows=206,544  triples=24,073,880  (4 ent/s, 420 triples/s, errors=260882)
  rows=206,579  triples=24,077,027  (4 ent/s, 420 triples/s, errors=260888)
  rows=206,615  triples=24,079,584  (4 ent/s, 420 triples/s, errors=260900)
  rows=206,650  triples=24,082,849  (4 ent/s, 420 triples/s, errors=260901)
  rows=206,682  triples=24,085,951  (4 ent/s, 420 triples/s, errors=260952)
  rows=206,718  triples=24,089,124  (4 ent/s, 420 triples/s, errors=260975)
  rows=206,755  triples=24,092,219  (4 ent/s, 420 triples/s, errors=260993)
  rows=206,790  triples=24,095,334  (4 ent/s, 420 triples/s, errors=261028)
  rows=206,817  triples=24,098,205  (4 ent/s, 420 triples/s, errors=261034)
  rows=206,851  triples=24,101,373  (4 ent/s, 420 triples/s, errors=261061)
  rows=206,886  triples=24,104,623  (4 ent/s, 420 triples/s, errors=261079)
  rows=206,923  triples=24,107,689  (4 ent/s, 420 triples/s, errors=261084)
  rows=206,963  triples=24,110,857  (4 ent/s, 420 triples/s, errors=261092)
  rows=207,000  triples=24,113,940  (4 ent/s, 420 triples/s, errors=261115)
  rows=207,037  triples=24,117,157  (4 ent/s, 420 triples/s, errors=261145)
  rows=207,084  triples=24,120,284  (4 ent/s, 420 triples/s, errors=261158)
  rows=207,124  triples=24,123,431  (4 ent/s, 420 triples/s, errors=261162)
  rows=207,159  triples=24,126,506  (4 ent/s, 420 triples/s, errors=261209)
  rows=207,197  triples=24,129,696  (4 ent/s, 420 triples/s, errors=261211)
  rows=207,225  triples=24,132,035  (4 ent/s, 420 triples/s, errors=261212)
  rows=207,253  triples=24,134,052  (4 ent/s, 419 triples/s, errors=261224)
  rows=207,285  triples=24,137,297  (4 ent/s, 419 triples/s, errors=261231)
  rows=207,319  triples=24,140,515  (4 ent/s, 419 triples/s, errors=261241)
  rows=207,357  triples=24,143,756  (4 ent/s, 419 triples/s, errors=261248)
  rows=207,382  triples=24,146,788  (4 ent/s, 419 triples/s, errors=261280)
  rows=207,407  triples=24,149,734  (4 ent/s, 419 triples/s, errors=261283)
  rows=207,451  triples=24,152,814  (4 ent/s, 419 triples/s, errors=261300)
  rows=207,496  triples=24,155,974  (4 ent/s, 419 triples/s, errors=261304)
  rows=207,535  triples=24,159,156  (4 ent/s, 419 triples/s, errors=261309)
  rows=207,566  triples=24,162,358  (4 ent/s, 419 triples/s, errors=261339)
  rows=207,601  triples=24,164,934  (4 ent/s, 419 triples/s, errors=261369)
  rows=207,636  triples=24,168,194  (4 ent/s, 419 triples/s, errors=261404)
  rows=207,671  triples=24,171,404  (4 ent/s, 419 triples/s, errors=261417)
  rows=207,712  triples=24,174,662  (4 ent/s, 419 triples/s, errors=261421)
  rows=207,753  triples=24,177,778  (4 ent/s, 419 triples/s, errors=261427)
  rows=207,784  triples=24,180,891  (4 ent/s, 419 triples/s, errors=261430)
  rows=207,812  triples=24,183,160  (4 ent/s, 419 triples/s, errors=261527)
  rows=207,852  triples=24,186,310  (4 ent/s, 419 triples/s, errors=261555)
  rows=207,892  triples=24,189,462  (4 ent/s, 419 triples/s, errors=261584)
  rows=207,932  triples=24,192,784  (4 ent/s, 419 triples/s, errors=261591)
  rows=207,969  triples=24,195,988  (4 ent/s, 419 triples/s, errors=261608)
  rows=208,001  triples=24,198,421  (4 ent/s, 419 triples/s, errors=261621)
  rows=208,042  triples=24,201,568  (4 ent/s, 419 triples/s, errors=261646)
  rows=208,079  triples=24,204,735  (4 ent/s, 419 triples/s, errors=261650)
  rows=208,112  triples=24,207,947  (4 ent/s, 420 triples/s, errors=261655)
  rows=208,157  triples=24,211,042  (4 ent/s, 420 triples/s, errors=261662)
  rows=208,193  triples=24,214,292  (4 ent/s, 420 triples/s, errors=261685)
  rows=208,227  triples=24,216,971  (4 ent/s, 420 triples/s, errors=261698)
  rows=208,269  triples=24,220,047  (4 ent/s, 420 triples/s, errors=261705)
  rows=208,304  triples=24,223,290  (4 ent/s, 420 triples/s, errors=261747)
  rows=208,352  triples=24,226,362  (4 ent/s, 420 triples/s, errors=261753)
  rows=208,395  triples=24,229,526  (4 ent/s, 420 triples/s, errors=261760)
  rows=208,427  triples=24,232,093  (4 ent/s, 420 triples/s, errors=261787)
  rows=208,467  triples=24,235,296  (4 ent/s, 420 triples/s, errors=261795)
  rows=208,507  triples=24,238,745  (4 ent/s, 420 triples/s, errors=261805)
  rows=208,547  triples=24,242,010  (4 ent/s, 420 triples/s, errors=261813)
  rows=208,588  triples=24,245,142  (4 ent/s, 420 triples/s, errors=261820)
  rows=208,636  triples=24,248,265  (4 ent/s, 420 triples/s, errors=261826)
  rows=208,674  triples=24,251,432  (4 ent/s, 420 triples/s, errors=261851)
  rows=208,716  triples=24,254,524  (4 ent/s, 420 triples/s, errors=261871)
  rows=208,759  triples=24,257,702  (4 ent/s, 420 triples/s, errors=261883)
  rows=208,797  triples=24,260,719  (4 ent/s, 420 triples/s, errors=261892)
  rows=208,824  triples=24,263,152  (4 ent/s, 420 triples/s, errors=261904)
  rows=208,861  triples=24,266,376  (4 ent/s, 420 triples/s, errors=261915)
  rows=208,901  triples=24,269,545  (4 ent/s, 420 triples/s, errors=261933)
  rows=208,944  triples=24,272,584  (4 ent/s, 420 triples/s, errors=261941)
  rows=208,983  triples=24,275,687  (4 ent/s, 420 triples/s, errors=261949)
  rows=209,010  triples=24,278,059  (4 ent/s, 420 triples/s, errors=261957)
  rows=209,036  triples=24,281,254  (4 ent/s, 420 triples/s, errors=261970)
  rows=209,071  triples=24,284,517  (4 ent/s, 419 triples/s, errors=262022)
  rows=209,098  triples=24,287,654  (4 ent/s, 419 triples/s, errors=262039)
  rows=209,139  triples=24,290,864  (4 ent/s, 419 triples/s, errors=262049)
  rows=209,176  triples=24,293,961  (4 ent/s, 419 triples/s, errors=262057)
  rows=209,201  triples=24,296,313  (4 ent/s, 419 triples/s, errors=262060)
  rows=209,241  triples=24,299,679  (4 ent/s, 419 triples/s, errors=262079)
  rows=209,281  triples=24,302,796  (4 ent/s, 419 triples/s, errors=262089)
  rows=209,321  triples=24,305,841  (4 ent/s, 419 triples/s, errors=262103)
  rows=209,362  triples=24,309,003  (4 ent/s, 419 triples/s, errors=262112)
  rows=209,398  triples=24,312,031  (4 ent/s, 419 triples/s, errors=262140)
  rows=209,425  triples=24,314,172  (4 ent/s, 419 triples/s, errors=262150)
  rows=209,462  triples=24,317,338  (4 ent/s, 419 triples/s, errors=262160)
  rows=209,497  triples=24,320,422  (4 ent/s, 419 triples/s, errors=262190)
  rows=209,543  triples=24,323,560  (4 ent/s, 419 triples/s, errors=262196)
  rows=209,589  triples=24,326,720  (4 ent/s, 419 triples/s, errors=262225)
  rows=209,626  triples=24,329,637  (4 ent/s, 419 triples/s, errors=262232)
  rows=209,668  triples=24,332,843  (4 ent/s, 419 triples/s, errors=262251)
  rows=209,715  triples=24,335,968  (4 ent/s, 419 triples/s, errors=262259)
  rows=209,750  triples=24,339,029  (4 ent/s, 419 triples/s, errors=262274)
  rows=209,789  triples=24,342,224  (4 ent/s, 419 triples/s, errors=262281)
  rows=209,824  triples=24,345,322  (4 ent/s, 419 triples/s, errors=262289)
  rows=209,863  triples=24,348,416  (4 ent/s, 420 triples/s, errors=262312)
  rows=209,899  triples=24,351,526  (4 ent/s, 420 triples/s, errors=262315)
  rows=209,933  triples=24,354,639  (4 ent/s, 420 triples/s, errors=262320)
  rows=209,975  triples=24,357,684  (4 ent/s, 420 triples/s, errors=262329)
  rows=210,001  triples=24,359,832  (4 ent/s, 419 triples/s, errors=262335)
  rows=210,037  triples=24,362,884  (4 ent/s, 420 triples/s, errors=262413)
  rows=210,075  triples=24,366,076  (4 ent/s, 420 triples/s, errors=262435)
  rows=210,109  triples=24,369,246  (4 ent/s, 420 triples/s, errors=262482)
  rows=210,147  triples=24,372,395  (4 ent/s, 420 triples/s, errors=262496)
  rows=210,194  triples=24,375,498  (4 ent/s, 420 triples/s, errors=262509)
  rows=210,230  triples=24,378,142  (4 ent/s, 420 triples/s, errors=262512)
  rows=210,271  triples=24,381,203  (4 ent/s, 420 triples/s, errors=262518)
  rows=210,315  triples=24,384,641  (4 ent/s, 420 triples/s, errors=262559)
  rows=210,354  triples=24,387,867  (4 ent/s, 420 triples/s, errors=262574)
  rows=210,390  triples=24,390,901  (4 ent/s, 420 triples/s, errors=262588)
  rows=210,430  triples=24,393,527  (4 ent/s, 420 triples/s, errors=262630)
  rows=210,473  triples=24,396,570  (4 ent/s, 420 triples/s, errors=262643)
  rows=210,504  triples=24,399,719  (4 ent/s, 420 triples/s, errors=262669)
  rows=210,537  triples=24,402,809  (4 ent/s, 420 triples/s, errors=262676)
  rows=210,585  triples=24,406,122  (4 ent/s, 420 triples/s, errors=262687)
  rows=210,628  triples=24,408,832  (4 ent/s, 420 triples/s, errors=262704)
  rows=210,670  triples=24,411,864  (4 ent/s, 420 triples/s, errors=262714)
  rows=210,708  triples=24,415,195  (4 ent/s, 420 triples/s, errors=262728)
  rows=210,743  triples=24,418,260  (4 ent/s, 420 triples/s, errors=262739)
  rows=210,787  triples=24,421,456  (4 ent/s, 420 triples/s, errors=262749)
  rows=210,823  triples=24,424,548  (4 ent/s, 420 triples/s, errors=262762)
  rows=210,866  triples=24,427,615  (4 ent/s, 420 triples/s, errors=262775)
  rows=210,889  triples=24,428,666  (4 ent/s, 419 triples/s, errors=262778)
  rows=210,918  triples=24,431,758  (4 ent/s, 419 triples/s, errors=262782)
  rows=210,955  triples=24,434,929  (4 ent/s, 419 triples/s, errors=262819)
  rows=210,995  triples=24,438,031  (4 ent/s, 419 triples/s, errors=262826)
  rows=211,021  triples=24,440,512  (4 ent/s, 419 triples/s, errors=262834)
  rows=211,060  triples=24,443,906  (4 ent/s, 419 triples/s, errors=262878)
  rows=211,093  triples=24,447,053  (4 ent/s, 419 triples/s, errors=262940)
  rows=211,131  triples=24,450,216  (4 ent/s, 419 triples/s, errors=262952)
  rows=211,173  triples=24,453,426  (4 ent/s, 419 triples/s, errors=262961)
  rows=211,214  triples=24,456,524  (4 ent/s, 419 triples/s, errors=262964)
  rows=211,257  triples=24,459,737  (4 ent/s, 419 triples/s, errors=262978)
  rows=211,299  triples=24,462,761  (4 ent/s, 419 triples/s, errors=262985)
  rows=211,337  triples=24,465,912  (4 ent/s, 419 triples/s, errors=262994)
  rows=211,377  triples=24,468,943  (4 ent/s, 419 triples/s, errors=263069)
  rows=211,415  triples=24,471,723  (4 ent/s, 419 triples/s, errors=263078)
  rows=211,461  triples=24,474,819  (4 ent/s, 419 triples/s, errors=263085)
  rows=211,498  triples=24,478,130  (4 ent/s, 419 triples/s, errors=263099)
  rows=211,538  triples=24,481,318  (4 ent/s, 419 triples/s, errors=263105)
  rows=211,580  triples=24,484,393  (4 ent/s, 419 triples/s, errors=263127)
  rows=211,614  triples=24,487,166  (4 ent/s, 419 triples/s, errors=263133)
  rows=211,654  triples=24,490,343  (4 ent/s, 419 triples/s, errors=263148)
  rows=211,693  triples=24,493,527  (4 ent/s, 419 triples/s, errors=263153)
  rows=211,731  triples=24,496,728  (4 ent/s, 419 triples/s, errors=263165)
  rows=211,778  triples=24,499,871  (4 ent/s, 420 triples/s, errors=263186)
  rows=211,815  triples=24,502,617  (4 ent/s, 420 triples/s, errors=263188)
  rows=211,853  triples=24,505,870  (4 ent/s, 420 triples/s, errors=263235)
  rows=211,888  triples=24,509,343  (4 ent/s, 420 triples/s, errors=263274)
  rows=211,927  triples=24,512,500  (4 ent/s, 420 triples/s, errors=263283)
  rows=211,961  triples=24,515,600  (4 ent/s, 420 triples/s, errors=263289)
  rows=211,991  triples=24,518,702  (4 ent/s, 420 triples/s, errors=263322)
  rows=212,027  triples=24,521,464  (4 ent/s, 420 triples/s, errors=263325)
  rows=212,071  triples=24,524,620  (4 ent/s, 420 triples/s, errors=263332)
  rows=212,105  triples=24,527,741  (4 ent/s, 420 triples/s, errors=263341)
  rows=212,139  triples=24,530,960  (4 ent/s, 420 triples/s, errors=263347)
  rows=212,188  triples=24,533,990  (4 ent/s, 420 triples/s, errors=263356)
  rows=212,225  triples=24,537,100  (4 ent/s, 420 triples/s, errors=263373)
  rows=212,259  triples=24,540,181  (4 ent/s, 420 triples/s, errors=263398)
  rows=212,298  triples=24,543,317  (4 ent/s, 420 triples/s, errors=263412)
  rows=212,340  triples=24,546,526  (4 ent/s, 420 triples/s, errors=263416)
  rows=212,386  triples=24,549,638  (4 ent/s, 420 triples/s, errors=263420)
  rows=212,428  triples=24,552,598  (4 ent/s, 420 triples/s, errors=263427)
  rows=212,465  triples=24,555,730  (4 ent/s, 420 triples/s, errors=263438)
  rows=212,506  triples=24,558,878  (4 ent/s, 420 triples/s, errors=263448)
  rows=212,549  triples=24,562,099  (4 ent/s, 420 triples/s, errors=263457)
  rows=212,588  triples=24,565,291  (4 ent/s, 420 triples/s, errors=263463)
  rows=212,620  triples=24,568,192  (4 ent/s, 420 triples/s, errors=263465)
  rows=212,665  triples=24,571,399  (4 ent/s, 420 triples/s, errors=263471)
  rows=212,702  triples=24,574,465  (4 ent/s, 420 triples/s, errors=263477)
  rows=212,707  triples=24,574,465  (4 ent/s, 419 triples/s, errors=263477)
  rows=212,738  triples=24,577,585  (4 ent/s, 419 triples/s, errors=263517)
  rows=212,779  triples=24,580,676  (4 ent/s, 419 triples/s, errors=263528)
  rows=212,820  triples=24,583,638  (4 ent/s, 419 triples/s, errors=263555)
  rows=212,860  triples=24,586,764  (4 ent/s, 420 triples/s, errors=263560)
  rows=212,897  triples=24,589,840  (4 ent/s, 420 triples/s, errors=263583)
  rows=212,940  triples=24,592,906  (4 ent/s, 420 triples/s, errors=263588)
  rows=212,980  triples=24,595,998  (4 ent/s, 420 triples/s, errors=263598)
  rows=213,013  triples=24,599,022  (4 ent/s, 420 triples/s, errors=263602)
  rows=213,062  triples=24,602,178  (4 ent/s, 420 triples/s, errors=263608)
  rows=213,103  triples=24,605,301  (4 ent/s, 420 triples/s, errors=263617)
  rows=213,140  triples=24,608,525  (4 ent/s, 420 triples/s, errors=263630)
  rows=213,187  triples=24,611,693  (4 ent/s, 420 triples/s, errors=263639)
  rows=213,233  triples=24,614,888  (4 ent/s, 420 triples/s, errors=263656)
  rows=213,277  triples=24,618,005  (4 ent/s, 420 triples/s, errors=263662)
  rows=213,320  triples=24,621,081  (4 ent/s, 420 triples/s, errors=263665)
  rows=213,359  triples=24,624,162  (4 ent/s, 420 triples/s, errors=263679)
  rows=213,401  triples=24,626,890  (4 ent/s, 420 triples/s, errors=263691)
  rows=213,444  triples=24,630,055  (4 ent/s, 420 triples/s, errors=263697)
  rows=213,488  triples=24,633,402  (4 ent/s, 420 triples/s, errors=263702)
  rows=213,525  triples=24,636,969  (4 ent/s, 420 triples/s, errors=263724)
  rows=213,566  triples=24,640,101  (4 ent/s, 420 triples/s, errors=263733)
  rows=213,601  triples=24,642,803  (4 ent/s, 420 triples/s, errors=263736)
  rows=213,640  triples=24,645,855  (4 ent/s, 420 triples/s, errors=263775)
  rows=213,677  triples=24,648,922  (4 ent/s, 420 triples/s, errors=263786)
  rows=213,720  triples=24,651,963  (4 ent/s, 420 triples/s, errors=263842)
  rows=213,761  triples=24,655,153  (4 ent/s, 420 triples/s, errors=263860)
  rows=213,801  triples=24,658,003  (4 ent/s, 420 triples/s, errors=263868)
  rows=213,845  triples=24,661,130  (4 ent/s, 420 triples/s, errors=263878)
  rows=213,886  triples=24,664,154  (4 ent/s, 420 triples/s, errors=263884)
  rows=213,924  triples=24,667,320  (4 ent/s, 420 triples/s, errors=263907)
  rows=213,965  triples=24,670,445  (4 ent/s, 420 triples/s, errors=263915)
  rows=214,001  triples=24,673,336  (4 ent/s, 420 triples/s, errors=263924)
  rows=214,041  triples=24,676,499  (4 ent/s, 420 triples/s, errors=263934)
  rows=214,082  triples=24,679,589  (4 ent/s, 420 triples/s, errors=263953)
  rows=214,121  triples=24,682,701  (4 ent/s, 420 triples/s, errors=263959)
  rows=214,154  triples=24,685,875  (4 ent/s, 420 triples/s, errors=263970)
  rows=214,186  triples=24,688,915  (4 ent/s, 420 triples/s, errors=264021)
  rows=214,231  triples=24,691,917  (4 ent/s, 420 triples/s, errors=264041)
  rows=214,278  triples=24,695,128  (4 ent/s, 420 triples/s, errors=264053)
  rows=214,313  triples=24,698,254  (4 ent/s, 420 triples/s, errors=264083)
  rows=214,354  triples=24,701,289  (4 ent/s, 420 triples/s, errors=264126)
  rows=214,388  triples=24,704,326  (4 ent/s, 420 triples/s, errors=264128)
  rows=214,412  triples=24,706,508  (4 ent/s, 420 triples/s, errors=264135)
  rows=214,452  triples=24,709,615  (4 ent/s, 420 triples/s, errors=264148)
  rows=214,488  triples=24,712,808  (4 ent/s, 420 triples/s, errors=264157)
  rows=214,524  triples=24,715,884  (4 ent/s, 420 triples/s, errors=264169)
  rows=214,525  triples=24,715,884  (4 ent/s, 420 triples/s, errors=264169)
  rows=214,565  triples=24,719,247  (4 ent/s, 420 triples/s, errors=264175)
  rows=214,601  triples=24,722,121  (4 ent/s, 420 triples/s, errors=264180)
  rows=214,642  triples=24,725,103  (4 ent/s, 420 triples/s, errors=264255)
  rows=214,687  triples=24,728,265  (4 ent/s, 420 triples/s, errors=264267)
  rows=214,725  triples=24,731,800  (4 ent/s, 420 triples/s, errors=264420)
  rows=214,764  triples=24,734,903  (4 ent/s, 420 triples/s, errors=264429)
  rows=214,800  triples=24,738,486  (4 ent/s, 420 triples/s, errors=264445)
  rows=214,829  triples=24,741,915  (4 ent/s, 420 triples/s, errors=264659)
  rows=214,873  triples=24,745,107  (4 ent/s, 420 triples/s, errors=264672)
  rows=214,912  triples=24,748,268  (4 ent/s, 420 triples/s, errors=264682)
  rows=214,953  triples=24,751,397  (4 ent/s, 420 triples/s, errors=264690)
  rows=214,993  triples=24,754,518  (4 ent/s, 420 triples/s, errors=264699)
  rows=215,023  triples=24,757,063  (4 ent/s, 420 triples/s, errors=264706)
  rows=215,058  triples=24,760,203  (4 ent/s, 420 triples/s, errors=264727)
  rows=215,094  triples=24,763,542  (4 ent/s, 420 triples/s, errors=264736)
  rows=215,133  triples=24,766,685  (4 ent/s, 420 triples/s, errors=264742)
  rows=215,180  triples=24,769,836  (4 ent/s, 420 triples/s, errors=264754)
  rows=215,215  triples=24,772,701  (4 ent/s, 420 triples/s, errors=264765)
  rows=215,255  triples=24,775,772  (4 ent/s, 420 triples/s, errors=264780)
  rows=215,298  triples=24,778,971  (4 ent/s, 420 triples/s, errors=264785)
  rows=215,340  triples=24,782,037  (4 ent/s, 420 triples/s, errors=264789)
  rows=215,380  triples=24,785,155  (4 ent/s, 420 triples/s, errors=264797)
  rows=215,413  triples=24,787,725  (4 ent/s, 420 triples/s, errors=264806)
  rows=215,451  triples=24,790,767  (4 ent/s, 420 triples/s, errors=264814)
  rows=215,494  triples=24,793,825  (4 ent/s, 420 triples/s, errors=264826)
  rows=215,536  triples=24,796,943  (4 ent/s, 420 triples/s, errors=264844)
  rows=215,578  triples=24,800,016  (4 ent/s, 420 triples/s, errors=264857)
  rows=215,615  triples=24,802,869  (4 ent/s, 420 triples/s, errors=264868)
  rows=215,654  triples=24,806,298  (4 ent/s, 420 triples/s, errors=264882)
  rows=215,694  triples=24,809,458  (4 ent/s, 420 triples/s, errors=264887)
  rows=215,732  triples=24,812,563  (4 ent/s, 420 triples/s, errors=264898)
  rows=215,766  triples=24,815,648  (4 ent/s, 420 triples/s, errors=264915)
  rows=215,801  triples=24,818,403  (4 ent/s, 420 triples/s, errors=264930)
  rows=215,839  triples=24,821,463  (4 ent/s, 420 triples/s, errors=264941)
  rows=215,884  triples=24,824,622  (4 ent/s, 420 triples/s, errors=264947)
  rows=215,921  triples=24,827,774  (4 ent/s, 420 triples/s, errors=264956)
  rows=215,961  triples=24,831,022  (4 ent/s, 420 triples/s, errors=264967)
  rows=215,998  triples=24,834,076  (4 ent/s, 420 triples/s, errors=264976)
  rows=216,027  triples=24,836,322  (4 ent/s, 420 triples/s, errors=264983)
  rows=216,067  triples=24,839,597  (4 ent/s, 420 triples/s, errors=264993)
  rows=216,110  triples=24,842,766  (4 ent/s, 420 triples/s, errors=265000)
  rows=216,150  triples=24,846,049  (4 ent/s, 420 triples/s, errors=265008)
  rows=216,184  triples=24,849,103  (4 ent/s, 420 triples/s, errors=265027)
  rows=216,216  triples=24,851,380  (4 ent/s, 420 triples/s, errors=265038)
  rows=216,267  triples=24,854,860  (4 ent/s, 420 triples/s, errors=265054)
  rows=216,306  triples=24,857,965  (4 ent/s, 420 triples/s, errors=265062)
  rows=216,343  triples=24,860,225  (4 ent/s, 420 triples/s, errors=265064)
  rows=216,372  triples=24,863,555  (4 ent/s, 420 triples/s, errors=265083)
  rows=216,415  triples=24,866,452  (4 ent/s, 420 triples/s, errors=265089)
  rows=216,458  triples=24,869,710  (4 ent/s, 420 triples/s, errors=265111)
  rows=216,496  triples=24,872,877  (4 ent/s, 420 triples/s, errors=265124)
  rows=216,535  triples=24,875,875  (4 ent/s, 420 triples/s, errors=265145)
  rows=216,569  triples=24,878,831  (4 ent/s, 420 triples/s, errors=265829)
  rows=216,601  triples=24,881,592  (4 ent/s, 420 triples/s, errors=265854)
  rows=216,637  triples=24,884,770  (4 ent/s, 420 triples/s, errors=265932)
  rows=216,676  triples=24,888,100  (4 ent/s, 420 triples/s, errors=265942)
  rows=216,708  triples=24,891,270  (4 ent/s, 420 triples/s, errors=265950)
  rows=216,751  triples=24,894,426  (4 ent/s, 420 triples/s, errors=265971)
  rows=216,795  triples=24,897,559  (4 ent/s, 420 triples/s, errors=265986)
  rows=216,824  triples=24,900,299  (4 ent/s, 420 triples/s, errors=266005)
  rows=216,861  triples=24,903,427  (4 ent/s, 420 triples/s, errors=266026)
  rows=216,903  triples=24,906,514  (4 ent/s, 420 triples/s, errors=266042)
  rows=216,939  triples=24,909,561  (4 ent/s, 420 triples/s, errors=266058)
  rows=216,981  triples=24,912,704  (4 ent/s, 420 triples/s, errors=266084)
  rows=217,014  triples=24,915,435  (4 ent/s, 420 triples/s, errors=266094)
  rows=217,049  triples=24,918,644  (4 ent/s, 420 triples/s, errors=266103)
  rows=217,093  triples=24,921,769  (4 ent/s, 420 triples/s, errors=266113)
  rows=217,132  triples=24,924,861  (4 ent/s, 420 triples/s, errors=266120)
  rows=217,163  triples=24,927,981  (4 ent/s, 420 triples/s, errors=266136)
  rows=217,201  triples=24,930,724  (4 ent/s, 420 triples/s, errors=266141)
  rows=217,242  triples=24,933,823  (4 ent/s, 420 triples/s, errors=266155)
  rows=217,285  triples=24,937,000  (4 ent/s, 420 triples/s, errors=266161)
  rows=217,327  triples=24,940,102  (4 ent/s, 420 triples/s, errors=266175)
  rows=217,365  triples=24,943,167  (4 ent/s, 420 triples/s, errors=266218)
  rows=217,401  triples=24,946,198  (4 ent/s, 420 triples/s, errors=266227)
  rows=217,440  triples=24,949,434  (4 ent/s, 420 triples/s, errors=266260)
  rows=217,479  triples=24,952,567  (4 ent/s, 420 triples/s, errors=266270)
  rows=217,523  triples=24,955,715  (4 ent/s, 420 triples/s, errors=266277)
  rows=217,560  triples=24,958,943  (4 ent/s, 420 triples/s, errors=266289)
  rows=217,600  triples=24,962,035  (4 ent/s, 420 triples/s, errors=266823)
  rows=217,648  triples=24,965,206  (4 ent/s, 420 triples/s, errors=266827)
  rows=217,687  triples=24,968,283  (4 ent/s, 420 triples/s, errors=266923)
  rows=217,719  triples=24,971,435  (4 ent/s, 420 triples/s, errors=266955)
  rows=217,759  triples=24,974,649  (4 ent/s, 420 triples/s, errors=266963)
  rows=217,794  triples=24,977,891  (4 ent/s, 420 triples/s, errors=266974)
  rows=217,828  triples=24,980,439  (4 ent/s, 420 triples/s, errors=266984)
  rows=217,869  triples=24,983,567  (4 ent/s, 420 triples/s, errors=266995)
  rows=217,907  triples=24,986,669  (4 ent/s, 420 triples/s, errors=267004)
  rows=217,952  triples=24,989,821  (4 ent/s, 420 triples/s, errors=267011)
  rows=217,992  triples=24,992,846  (4 ent/s, 420 triples/s, errors=267040)
  rows=218,028  triples=24,995,493  (4 ent/s, 420 triples/s, errors=267050)
  rows=218,066  triples=24,998,644  (4 ent/s, 420 triples/s, errors=267060)
  rows=218,104  triples=25,001,836  (4 ent/s, 420 triples/s, errors=267070)
  rows=218,146  triples=25,004,935  (4 ent/s, 420 triples/s, errors=267075)
  rows=218,161  triples=25,005,998  (4 ent/s, 420 triples/s, errors=267078)
  rows=218,196  triples=25,009,100  (4 ent/s, 420 triples/s, errors=267088)
  rows=218,230  triples=25,011,620  (4 ent/s, 420 triples/s, errors=267097)
  rows=218,270  triples=25,014,719  (4 ent/s, 420 triples/s, errors=267106)
  rows=218,308  triples=25,017,789  (4 ent/s, 420 triples/s, errors=267115)
  rows=218,349  triples=25,020,978  (4 ent/s, 420 triples/s, errors=267125)
  rows=218,395  triples=25,024,171  (4 ent/s, 420 triples/s, errors=267134)
  rows=218,427  triples=25,026,834  (4 ent/s, 420 triples/s, errors=267140)
  rows=218,467  triples=25,030,505  (4 ent/s, 420 triples/s, errors=267150)
  rows=218,505  triples=25,033,779  (4 ent/s, 420 triples/s, errors=267160)
  rows=218,546  triples=25,036,844  (4 ent/s, 420 triples/s, errors=267165)
  rows=218,586  triples=25,039,921  (4 ent/s, 420 triples/s, errors=267216)
  rows=218,611  triples=25,042,335  (4 ent/s, 420 triples/s, errors=267223)
  rows=218,646  triples=25,045,398  (4 ent/s, 420 triples/s, errors=267258)
  rows=218,681  triples=25,048,634  (4 ent/s, 420 triples/s, errors=267271)
  rows=218,719  triples=25,051,687  (4 ent/s, 420 triples/s, errors=267304)
  rows=218,763  triples=25,054,849  (4 ent/s, 420 triples/s, errors=267324)
  rows=218,798  triples=25,058,016  (4 ent/s, 420 triples/s, errors=267351)
  rows=218,825  triples=25,060,208  (4 ent/s, 420 triples/s, errors=267360)
  rows=218,870  triples=25,063,255  (4 ent/s, 420 triples/s, errors=267391)
  rows=218,908  triples=25,066,412  (4 ent/s, 420 triples/s, errors=267403)
  rows=218,948  triples=25,069,479  (4 ent/s, 420 triples/s, errors=267421)
  rows=218,980  triples=25,072,601  (4 ent/s, 420 triples/s, errors=267434)
  rows=219,014  triples=25,075,437  (4 ent/s, 420 triples/s, errors=267449)
  rows=219,056  triples=25,078,746  (4 ent/s, 420 triples/s, errors=267454)
  rows=219,091  triples=25,081,793  (4 ent/s, 420 triples/s, errors=267477)
  rows=219,127  triples=25,084,829  (4 ent/s, 420 triples/s, errors=267490)
  rows=219,168  triples=25,087,977  (4 ent/s, 420 triples/s, errors=267504)
  rows=219,201  triples=25,090,765  (4 ent/s, 420 triples/s, errors=267513)
  rows=219,240  triples=25,093,875  (4 ent/s, 420 triples/s, errors=267521)
  rows=219,274  triples=25,097,040  (4 ent/s, 420 triples/s, errors=267536)
  rows=219,321  triples=25,100,091  (4 ent/s, 420 triples/s, errors=267538)
  rows=219,359  triples=25,103,174  (4 ent/s, 420 triples/s, errors=267559)
  rows=219,393  triples=25,106,431  (4 ent/s, 420 triples/s, errors=267568)
  rows=219,422  triples=25,109,083  (4 ent/s, 420 triples/s, errors=267577)
  rows=219,466  triples=25,112,145  (4 ent/s, 420 triples/s, errors=267588)
  rows=219,504  triples=25,115,378  (4 ent/s, 420 triples/s, errors=267612)
  rows=219,549  triples=25,118,491  (4 ent/s, 420 triples/s, errors=267633)
  rows=219,594  triples=25,121,911  (4 ent/s, 420 triples/s, errors=267650)
  rows=219,621  triples=25,124,393  (4 ent/s, 420 triples/s, errors=267665)
  rows=219,661  triples=25,127,491  (4 ent/s, 420 triples/s, errors=267681)
  rows=219,705  triples=25,130,585  (4 ent/s, 420 triples/s, errors=267689)
  rows=219,740  triples=25,133,752  (4 ent/s, 420 triples/s, errors=267708)
  rows=219,774  triples=25,136,873  (4 ent/s, 420 triples/s, errors=267720)
  rows=219,814  triples=25,139,903  (4 ent/s, 420 triples/s, errors=267733)
  rows=219,848  triples=25,143,221  (4 ent/s, 420 triples/s, errors=267757)
  rows=219,885  triples=25,146,412  (4 ent/s, 420 triples/s, errors=267777)
  rows=219,926  triples=25,149,543  (4 ent/s, 420 triples/s, errors=267796)
  rows=219,967  triples=25,152,688  (4 ent/s, 420 triples/s, errors=267814)
  rows=219,979  triples=25,152,688  (4 ent/s, 420 triples/s, errors=267814)
  rows=220,001  triples=25,155,592  (4 ent/s, 420 triples/s, errors=267851)
  rows=220,040  triples=25,158,721  (4 ent/s, 420 triples/s, errors=267865)
  rows=220,075  triples=25,161,835  (4 ent/s, 420 triples/s, errors=267885)
  rows=220,111  triples=25,164,953  (4 ent/s, 420 triples/s, errors=267895)
  rows=220,138  triples=25,168,061  (4 ent/s, 420 triples/s, errors=267937)
  rows=220,172  triples=25,171,230  (4 ent/s, 420 triples/s, errors=267969)
  rows=220,212  triples=25,174,226  (4 ent/s, 420 triples/s, errors=267976)
  rows=220,241  triples=25,177,580  (4 ent/s, 420 triples/s, errors=268036)
  rows=220,274  triples=25,181,423  (4 ent/s, 420 triples/s, errors=268051)
  rows=220,312  triples=25,184,551  (4 ent/s, 420 triples/s, errors=268065)
  rows=220,347  triples=25,187,741  (4 ent/s, 420 triples/s, errors=268100)
  rows=220,381  triples=25,191,085  (4 ent/s, 420 triples/s, errors=268118)
  rows=220,415  triples=25,193,653  (4 ent/s, 420 triples/s, errors=268122)
  rows=220,454  triples=25,196,998  (4 ent/s, 420 triples/s, errors=268131)
  rows=220,490  triples=25,200,075  (4 ent/s, 420 triples/s, errors=268146)
  rows=220,533  triples=25,203,237  (4 ent/s, 420 triples/s, errors=268174)
  rows=220,564  triples=25,205,995  (4 ent/s, 420 triples/s, errors=268522)
  rows=220,601  triples=25,208,514  (4 ent/s, 420 triples/s, errors=268534)
  rows=220,640  triples=25,211,625  (4 ent/s, 420 triples/s, errors=268543)
  rows=220,676  triples=25,214,688  (4 ent/s, 420 triples/s, errors=268569)
  rows=220,720  triples=25,217,795  (4 ent/s, 420 triples/s, errors=268582)
  rows=220,755  triples=25,221,051  (4 ent/s, 420 triples/s, errors=268602)
  rows=220,794  triples=25,224,195  (4 ent/s, 420 triples/s, errors=268609)
  rows=220,826  triples=25,226,759  (4 ent/s, 420 triples/s, errors=268617)
  rows=220,858  triples=25,230,101  (4 ent/s, 420 triples/s, errors=268649)
  rows=220,898  triples=25,233,290  (4 ent/s, 420 triples/s, errors=268672)
  rows=220,932  triples=25,236,385  (4 ent/s, 420 triples/s, errors=268718)
  rows=220,962  triples=25,239,571  (4 ent/s, 420 triples/s, errors=268746)
  rows=220,997  triples=25,242,631  (4 ent/s, 420 triples/s, errors=268762)
  rows=221,026  triples=25,245,061  (4 ent/s, 420 triples/s, errors=268769)
  rows=221,062  triples=25,248,121  (4 ent/s, 420 triples/s, errors=268854)
  rows=221,100  triples=25,251,242  (4 ent/s, 420 triples/s, errors=268869)
  rows=221,138  triples=25,254,377  (4 ent/s, 420 triples/s, errors=268880)
  rows=221,179  triples=25,257,525  (4 ent/s, 420 triples/s, errors=268893)
  rows=221,209  triples=25,260,230  (4 ent/s, 420 triples/s, errors=268902)
  rows=221,242  triples=25,263,368  (4 ent/s, 420 triples/s, errors=268919)
  rows=221,274  triples=25,265,401  (4 ent/s, 420 triples/s, errors=268932)
  rows=221,296  triples=25,267,415  (4 ent/s, 420 triples/s, errors=268938)
  rows=221,321  triples=25,269,558  (4 ent/s, 420 triples/s, errors=268947)
  rows=221,365  triples=25,272,589  (4 ent/s, 420 triples/s, errors=268965)
  rows=221,394  triples=25,274,708  (4 ent/s, 420 triples/s, errors=268969)
  rows=221,429  triples=25,277,292  (4 ent/s, 420 triples/s, errors=268982)
  rows=221,471  triples=25,280,637  (4 ent/s, 420 triples/s, errors=268992)
  rows=221,504  triples=25,282,936  (4 ent/s, 420 triples/s, errors=268997)
  rows=221,531  triples=25,285,013  (4 ent/s, 420 triples/s, errors=269003)
  rows=221,562  triples=25,287,109  (4 ent/s, 420 triples/s, errors=269011)
  rows=221,598  triples=25,290,188  (4 ent/s, 420 triples/s, errors=269016)
  rows=221,620  triples=25,292,543  (4 ent/s, 420 triples/s, errors=269024)
  rows=221,661  triples=25,295,713  (4 ent/s, 420 triples/s, errors=269035)
  rows=221,702  triples=25,298,826  (4 ent/s, 420 triples/s, errors=269054)
  rows=221,742  triples=25,302,171  (4 ent/s, 420 triples/s, errors=269064)
  rows=221,776  triples=25,305,379  (4 ent/s, 420 triples/s, errors=269108)
  rows=221,797  triples=25,306,377  (4 ent/s, 419 triples/s, errors=269110)
  rows=221,830  triples=25,309,165  (4 ent/s, 419 triples/s, errors=269117)
  rows=221,872  triples=25,312,303  (4 ent/s, 419 triples/s, errors=269133)
  rows=221,910  triples=25,315,588  (4 ent/s, 419 triples/s, errors=269140)
  rows=221,950  triples=25,318,762  (4 ent/s, 419 triples/s, errors=269149)
  rows=221,987  triples=25,321,951  (4 ent/s, 419 triples/s, errors=269166)
  rows=222,024  triples=25,325,058  (4 ent/s, 419 triples/s, errors=269180)
  rows=222,073  triples=25,328,120  (4 ent/s, 419 triples/s, errors=269187)
  rows=222,115  triples=25,331,302  (4 ent/s, 420 triples/s, errors=269230)
  rows=222,158  triples=25,334,388  (4 ent/s, 420 triples/s, errors=269254)
  rows=222,199  triples=25,337,432  (4 ent/s, 420 triples/s, errors=269289)
  rows=222,228  triples=25,340,018  (4 ent/s, 420 triples/s, errors=269311)
  rows=222,265  triples=25,343,076  (4 ent/s, 420 triples/s, errors=269321)
  rows=222,305  triples=25,346,498  (4 ent/s, 420 triples/s, errors=269331)
  rows=222,346  triples=25,349,772  (4 ent/s, 420 triples/s, errors=269356)
  rows=222,386  triples=25,352,886  (4 ent/s, 420 triples/s, errors=269377)
  rows=222,415  triples=25,355,475  (4 ent/s, 420 triples/s, errors=269404)
  rows=222,456  triples=25,358,777  (4 ent/s, 420 triples/s, errors=269417)
  rows=222,496  triples=25,361,868  (4 ent/s, 420 triples/s, errors=269434)
  rows=222,533  triples=25,365,028  (4 ent/s, 420 triples/s, errors=269440)
  rows=222,570  triples=25,368,099  (4 ent/s, 420 triples/s, errors=269474)
  rows=222,601  triples=25,370,188  (4 ent/s, 420 triples/s, errors=269477)
  rows=222,639  triples=25,373,364  (4 ent/s, 420 triples/s, errors=269484)
  rows=222,673  triples=25,376,490  (4 ent/s, 420 triples/s, errors=269498)
  rows=222,711  triples=25,379,709  (4 ent/s, 420 triples/s, errors=269525)
  rows=222,747  triples=25,382,837  (4 ent/s, 420 triples/s, errors=269531)
  rows=222,781  triples=25,386,010  (4 ent/s, 420 triples/s, errors=269541)
  rows=222,812  triples=25,388,436  (4 ent/s, 420 triples/s, errors=269549)
  rows=222,851  triples=25,391,818  (4 ent/s, 420 triples/s, errors=269561)
  rows=222,896  triples=25,395,249  (4 ent/s, 420 triples/s, errors=269578)
  rows=222,934  triples=25,398,491  (4 ent/s, 420 triples/s, errors=269590)
  rows=222,967  triples=25,401,593  (4 ent/s, 420 triples/s, errors=269605)
  rows=223,001  triples=25,403,851  (4 ent/s, 420 triples/s, errors=269614)
  rows=223,032  triples=25,406,940  (4 ent/s, 420 triples/s, errors=269643)
  rows=223,075  triples=25,410,244  (4 ent/s, 420 triples/s, errors=269665)
  rows=223,109  triples=25,413,386  (4 ent/s, 420 triples/s, errors=269689)
  rows=223,156  triples=25,416,526  (4 ent/s, 420 triples/s, errors=269697)
  rows=223,199  triples=25,419,667  (4 ent/s, 420 triples/s, errors=269710)
  rows=223,227  triples=25,421,955  (4 ent/s, 420 triples/s, errors=269716)
  rows=223,269  triples=25,425,100  (4 ent/s, 420 triples/s, errors=269725)
  rows=223,308  triples=25,428,408  (4 ent/s, 420 triples/s, errors=269733)
  rows=223,355  triples=25,431,850  (4 ent/s, 420 triples/s, errors=269750)
  rows=223,390  triples=25,435,030  (4 ent/s, 420 triples/s, errors=269776)
  rows=223,428  triples=25,438,240  (4 ent/s, 420 triples/s, errors=269785)
  rows=223,468  triples=25,441,667  (4 ent/s, 420 triples/s, errors=269805)
  rows=223,506  triples=25,444,826  (4 ent/s, 420 triples/s, errors=269834)
  rows=223,544  triples=25,447,889  (4 ent/s, 420 triples/s, errors=269845)
  rows=223,576  triples=25,451,164  (4 ent/s, 420 triples/s, errors=269860)
  rows=223,609  triples=25,453,796  (4 ent/s, 420 triples/s, errors=269890)
  rows=223,615  triples=25,453,796  (4 ent/s, 419 triples/s, errors=269890)
  rows=223,645  triples=25,456,844  (4 ent/s, 419 triples/s, errors=269907)
  rows=223,684  triples=25,459,972  (4 ent/s, 419 triples/s, errors=269917)
  rows=223,725  triples=25,463,044  (4 ent/s, 419 triples/s, errors=269928)
  rows=223,758  triples=25,466,185  (4 ent/s, 419 triples/s, errors=269935)
  rows=223,792  triples=25,469,442  (4 ent/s, 419 triples/s, errors=269945)
  rows=223,829  triples=25,472,206  (4 ent/s, 419 triples/s, errors=269952)
  rows=223,864  triples=25,475,461  (4 ent/s, 419 triples/s, errors=269967)
  rows=223,897  triples=25,478,555  (4 ent/s, 419 triples/s, errors=269978)
  rows=223,934  triples=25,481,769  (4 ent/s, 419 triples/s, errors=269993)
  rows=223,970  triples=25,484,977  (4 ent/s, 419 triples/s, errors=269999)
  rows=224,001  triples=25,487,099  (4 ent/s, 419 triples/s, errors=270008)
  rows=224,041  triples=25,490,177  (4 ent/s, 419 triples/s, errors=270023)
  rows=224,070  triples=25,493,263  (4 ent/s, 419 triples/s, errors=270073)
  rows=224,110  triples=25,496,333  (4 ent/s, 419 triples/s, errors=270081)
  rows=224,146  triples=25,499,528  (4 ent/s, 419 triples/s, errors=270096)
  rows=224,180  triples=25,502,634  (4 ent/s, 419 triples/s, errors=270103)
  rows=224,212  triples=25,504,982  (4 ent/s, 419 triples/s, errors=270114)
  rows=224,247  triples=25,508,163  (4 ent/s, 419 triples/s, errors=270147)
  rows=224,284  triples=25,511,352  (4 ent/s, 419 triples/s, errors=270161)
  rows=224,322  triples=25,514,534  (4 ent/s, 419 triples/s, errors=270175)
  rows=224,361  triples=25,517,692  (4 ent/s, 419 triples/s, errors=270188)
  rows=224,392  triples=25,520,828  (4 ent/s, 419 triples/s, errors=270197)
  rows=224,425  triples=25,523,838  (4 ent/s, 419 triples/s, errors=270204)
  rows=224,464  triples=25,526,982  (4 ent/s, 420 triples/s, errors=270209)
  rows=224,505  triples=25,530,193  (4 ent/s, 420 triples/s, errors=270217)
  rows=224,543  triples=25,533,313  (4 ent/s, 420 triples/s, errors=270246)
  rows=224,586  triples=25,536,365  (4 ent/s, 420 triples/s, errors=270254)
  rows=224,618  triples=25,538,807  (4 ent/s, 420 triples/s, errors=270267)
  rows=224,655  triples=25,541,905  (4 ent/s, 420 triples/s, errors=270276)
  rows=224,691  triples=25,545,039  (4 ent/s, 420 triples/s, errors=270286)
  rows=224,737  triples=25,548,166  (4 ent/s, 420 triples/s, errors=270319)
  rows=224,777  triples=25,551,230  (4 ent/s, 420 triples/s, errors=270331)
  rows=224,811  triples=25,554,078  (4 ent/s, 420 triples/s, errors=270349)
  rows=224,847  triples=25,557,280  (4 ent/s, 420 triples/s, errors=270354)
  rows=224,891  triples=25,560,353  (4 ent/s, 420 triples/s, errors=270364)
  rows=224,934  triples=25,563,491  (4 ent/s, 420 triples/s, errors=270372)
  rows=224,969  triples=25,566,642  (4 ent/s, 420 triples/s, errors=270387)
  rows=225,001  triples=25,568,940  (4 ent/s, 420 triples/s, errors=270392)
  rows=225,041  triples=25,572,082  (4 ent/s, 420 triples/s, errors=270400)
  rows=225,079  triples=25,575,267  (4 ent/s, 420 triples/s, errors=270403)
  rows=225,115  triples=25,578,330  (4 ent/s, 420 triples/s, errors=270421)
  rows=225,148  triples=25,581,697  (4 ent/s, 420 triples/s, errors=270852)
  rows=225,187  triples=25,584,913  (4 ent/s, 420 triples/s, errors=270855)
  rows=225,209  triples=25,587,413  (4 ent/s, 420 triples/s, errors=270974)
  rows=225,244  triples=25,590,529  (4 ent/s, 420 triples/s, errors=270981)
  rows=225,282  triples=25,593,680  (4 ent/s, 420 triples/s, errors=271010)
  rows=225,316  triples=25,596,912  (4 ent/s, 420 triples/s, errors=271018)
  rows=225,350  triples=25,600,020  (4 ent/s, 420 triples/s, errors=271026)
  rows=225,396  triples=25,603,171  (4 ent/s, 420 triples/s, errors=271033)
  rows=225,425  triples=25,605,606  (4 ent/s, 420 triples/s, errors=271038)
  rows=225,433  triples=25,605,606  (4 ent/s, 419 triples/s, errors=271038)
  rows=225,465  triples=25,608,923  (4 ent/s, 419 triples/s, errors=271051)
  rows=225,499  triples=25,612,230  (4 ent/s, 419 triples/s, errors=271061)
  rows=225,535  triples=25,615,410  (4 ent/s, 419 triples/s, errors=271079)
  rows=225,576  triples=25,618,798  (4 ent/s, 419 triples/s, errors=271103)
  rows=225,610  triples=25,621,799  (4 ent/s, 419 triples/s, errors=271125)
  rows=225,644  triples=25,625,006  (4 ent/s, 419 triples/s, errors=271142)
  rows=225,674  triples=25,628,075  (4 ent/s, 419 triples/s, errors=271147)
  rows=225,707  triples=25,631,241  (4 ent/s, 419 triples/s, errors=271157)
  rows=225,739  triples=25,634,436  (4 ent/s, 419 triples/s, errors=271169)
  rows=225,778  triples=25,637,564  (4 ent/s, 419 triples/s, errors=271185)
  rows=225,810  triples=25,640,038  (4 ent/s, 419 triples/s, errors=271206)
  rows=225,835  triples=25,643,059  (4 ent/s, 419 triples/s, errors=271224)
  rows=225,866  triples=25,646,090  (4 ent/s, 419 triples/s, errors=271296)
  rows=225,904  triples=25,649,192  (4 ent/s, 419 triples/s, errors=271304)
  rows=225,939  triples=25,652,253  (4 ent/s, 419 triples/s, errors=271335)
  rows=225,981  triples=25,655,384  (4 ent/s, 419 triples/s, errors=271340)
  rows=226,009  triples=25,657,801  (4 ent/s, 419 triples/s, errors=271342)
  rows=226,045  triples=25,660,898  (4 ent/s, 419 triples/s, errors=271408)
  rows=226,077  triples=25,664,175  (4 ent/s, 419 triples/s, errors=271420)
  rows=226,113  triples=25,667,318  (4 ent/s, 419 triples/s, errors=271493)
  rows=226,152  triples=25,670,512  (4 ent/s, 419 triples/s, errors=271500)
  rows=226,186  triples=25,673,524  (4 ent/s, 419 triples/s, errors=271661)
  rows=226,234  triples=25,676,466  (4 ent/s, 419 triples/s, errors=271672)
  rows=226,271  triples=25,679,571  (4 ent/s, 419 triples/s, errors=271685)
  rows=226,308  triples=25,682,696  (4 ent/s, 419 triples/s, errors=271707)
  rows=226,353  triples=25,685,798  (4 ent/s, 419 triples/s, errors=271715)
  rows=226,397  triples=25,688,864  (4 ent/s, 419 triples/s, errors=271731)
  rows=226,428  triples=25,691,178  (4 ent/s, 419 triples/s, errors=271737)
  rows=226,466  triples=25,694,412  (4 ent/s, 419 triples/s, errors=271762)
  rows=226,501  triples=25,697,522  (4 ent/s, 419 triples/s, errors=271779)
  rows=226,534  triples=25,700,777  (4 ent/s, 420 triples/s, errors=271946)
  rows=226,575  triples=25,703,890  (4 ent/s, 420 triples/s, errors=271958)
  rows=226,611  triples=25,706,985  (4 ent/s, 420 triples/s, errors=271965)
  rows=226,655  triples=25,710,275  (4 ent/s, 420 triples/s, errors=271979)
  rows=226,702  triples=25,713,509  (4 ent/s, 420 triples/s, errors=271982)
  rows=226,743  triples=25,716,923  (4 ent/s, 420 triples/s, errors=272001)
  rows=226,781  triples=25,720,125  (4 ent/s, 420 triples/s, errors=272010)
  rows=226,814  triples=25,722,465  (4 ent/s, 420 triples/s, errors=272019)
  rows=226,862  triples=25,725,635  (4 ent/s, 420 triples/s, errors=272027)
  rows=226,904  triples=25,728,763  (4 ent/s, 420 triples/s, errors=272037)
  rows=226,946  triples=25,732,198  (4 ent/s, 420 triples/s, errors=272049)
  rows=226,985  triples=25,735,406  (4 ent/s, 420 triples/s, errors=272059)
  rows=227,017  triples=25,737,727  (4 ent/s, 420 triples/s, errors=272063)
  rows=227,065  triples=25,741,024  (4 ent/s, 420 triples/s, errors=272073)
  rows=227,102  triples=25,744,072  (4 ent/s, 420 triples/s, errors=272081)
  rows=227,142  triples=25,747,273  (4 ent/s, 420 triples/s, errors=272085)
  rows=227,191  triples=25,750,435  (4 ent/s, 420 triples/s, errors=272094)
  rows=227,220  triples=25,753,518  (4 ent/s, 420 triples/s, errors=272119)
  rows=227,251  triples=25,755,652  (4 ent/s, 419 triples/s, errors=272139)
  rows=227,292  triples=25,758,739  (4 ent/s, 419 triples/s, errors=272151)
  rows=227,338  triples=25,761,975  (4 ent/s, 419 triples/s, errors=272169)
  rows=227,382  triples=25,765,069  (4 ent/s, 419 triples/s, errors=272182)
  rows=227,415  triples=25,767,499  (4 ent/s, 419 triples/s, errors=272187)
  rows=227,452  triples=25,770,586  (4 ent/s, 419 triples/s, errors=272193)
  rows=227,493  triples=25,773,771  (4 ent/s, 419 triples/s, errors=272199)
  rows=227,531  triples=25,776,853  (4 ent/s, 419 triples/s, errors=272211)
  rows=227,570  triples=25,780,148  (4 ent/s, 419 triples/s, errors=272222)
  rows=227,601  triples=25,782,658  (4 ent/s, 419 triples/s, errors=272228)
  rows=227,648  triples=25,785,861  (4 ent/s, 419 triples/s, errors=272251)
  rows=227,682  triples=25,788,992  (4 ent/s, 419 triples/s, errors=272276)
  rows=227,734  triples=25,792,131  (4 ent/s, 419 triples/s, errors=272280)
  rows=227,776  triples=25,795,272  (4 ent/s, 419 triples/s, errors=272288)
  rows=227,811  triples=25,797,792  (4 ent/s, 419 triples/s, errors=272323)
  rows=227,854  triples=25,800,957  (4 ent/s, 419 triples/s, errors=272327)
  rows=227,897  triples=25,804,247  (4 ent/s, 419 triples/s, errors=272330)
  rows=227,929  triples=25,807,661  (4 ent/s, 419 triples/s, errors=272347)
  rows=227,959  triples=25,810,620  (4 ent/s, 419 triples/s, errors=272432)
  rows=228,001  triples=25,813,286  (4 ent/s, 419 triples/s, errors=272436)
  rows=228,038  triples=25,816,422  (4 ent/s, 419 triples/s, errors=272443)
  rows=228,073  triples=25,819,609  (4 ent/s, 419 triples/s, errors=272458)
  rows=228,109  triples=25,822,944  (4 ent/s, 420 triples/s, errors=272479)
  rows=228,153  triples=25,826,210  (4 ent/s, 420 triples/s, errors=272488)
  rows=228,194  triples=25,829,455  (4 ent/s, 420 triples/s, errors=272498)
  rows=228,230  triples=25,832,331  (4 ent/s, 420 triples/s, errors=272500)
  rows=228,276  triples=25,836,034  (4 ent/s, 420 triples/s, errors=272534)
  rows=228,315  triples=25,839,195  (4 ent/s, 420 triples/s, errors=272549)
  rows=228,352  triples=25,842,283  (4 ent/s, 420 triples/s, errors=272553)
  rows=228,390  triples=25,845,535  (4 ent/s, 420 triples/s, errors=272564)
  rows=228,423  triples=25,848,462  (4 ent/s, 420 triples/s, errors=272573)
  rows=228,468  triples=25,851,573  (4 ent/s, 420 triples/s, errors=272578)
  rows=228,506  triples=25,854,638  (4 ent/s, 420 triples/s, errors=272594)
  rows=228,565  triples=25,857,822  (4 ent/s, 420 triples/s, errors=272599)
  rows=228,601  triples=25,860,422  (4 ent/s, 420 triples/s, errors=272620)
  rows=228,643  triples=25,863,574  (4 ent/s, 420 triples/s, errors=272625)
  rows=228,677  triples=25,866,763  (4 ent/s, 420 triples/s, errors=272637)
  rows=228,716  triples=25,869,804  (4 ent/s, 420 triples/s, errors=272683)
  rows=228,756  triples=25,873,020  (4 ent/s, 420 triples/s, errors=272702)
  rows=228,801  triples=25,875,911  (4 ent/s, 420 triples/s, errors=272705)
  rows=228,840  triples=25,879,037  (4 ent/s, 420 triples/s, errors=272717)
  rows=228,880  triples=25,882,255  (4 ent/s, 420 triples/s, errors=272725)
  rows=228,919  triples=25,885,348  (4 ent/s, 420 triples/s, errors=272745)
  rows=228,968  triples=25,888,586  (4 ent/s, 420 triples/s, errors=272752)
  rows=229,001  triples=25,891,231  (4 ent/s, 420 triples/s, errors=272780)
  rows=229,038  triples=25,894,283  (4 ent/s, 420 triples/s, errors=272788)
  rows=229,069  triples=25,896,290  (4 ent/s, 419 triples/s, errors=272793)
  rows=229,096  triples=25,899,458  (4 ent/s, 419 triples/s, errors=272800)
  rows=229,135  triples=25,902,465  (4 ent/s, 419 triples/s, errors=272809)
  rows=229,174  triples=25,905,730  (4 ent/s, 419 triples/s, errors=272819)
  rows=229,201  triples=25,908,021  (4 ent/s, 419 triples/s, errors=272846)
  rows=229,243  triples=25,911,325  (4 ent/s, 419 triples/s, errors=272863)
  rows=229,280  triples=25,914,467  (4 ent/s, 419 triples/s, errors=272866)
  rows=229,328  triples=25,917,620  (4 ent/s, 419 triples/s, errors=272885)
  rows=229,365  triples=25,920,722  (4 ent/s, 419 triples/s, errors=272896)
  rows=229,401  triples=25,923,473  (4 ent/s, 419 triples/s, errors=273267)
  rows=229,441  triples=25,926,599  (4 ent/s, 419 triples/s, errors=273283)
  rows=229,487  triples=25,929,695  (4 ent/s, 419 triples/s, errors=273291)
  rows=229,532  triples=25,932,864  (4 ent/s, 419 triples/s, errors=273301)
  rows=229,572  triples=25,936,014  (4 ent/s, 419 triples/s, errors=273310)
  rows=229,616  triples=25,939,030  (4 ent/s, 419 triples/s, errors=273323)
  rows=229,650  triples=25,942,162  (4 ent/s, 419 triples/s, errors=273330)
  rows=229,695  triples=25,945,236  (4 ent/s, 419 triples/s, errors=273342)
  rows=229,731  triples=25,948,355  (4 ent/s, 419 triples/s, errors=273347)
  rows=229,777  triples=25,951,441  (4 ent/s, 419 triples/s, errors=273353)
  rows=229,814  triples=25,953,953  (4 ent/s, 419 triples/s, errors=273363)
  rows=229,856  triples=25,957,041  (4 ent/s, 419 triples/s, errors=273398)
  rows=229,904  triples=25,960,127  (4 ent/s, 419 triples/s, errors=273412)
  rows=229,938  triples=25,963,181  (4 ent/s, 419 triples/s, errors=273425)
  rows=229,976  triples=25,966,386  (4 ent/s, 419 triples/s, errors=273440)
  rows=230,016  triples=25,969,333  (4 ent/s, 419 triples/s, errors=273453)
  rows=230,069  triples=25,972,406  (4 ent/s, 419 triples/s, errors=273456)
  rows=230,108  triples=25,975,608  (4 ent/s, 419 triples/s, errors=273464)
  rows=230,133  triples=25,978,563  (4 ent/s, 419 triples/s, errors=273567)
  rows=230,177  triples=25,981,617  (4 ent/s, 419 triples/s, errors=273576)
  rows=230,201  triples=25,984,049  (4 ent/s, 419 triples/s, errors=273591)
  rows=230,238  triples=25,987,087  (4 ent/s, 419 triples/s, errors=273605)
  rows=230,280  triples=25,990,222  (4 ent/s, 419 triples/s, errors=273611)
  rows=230,320  triples=25,993,398  (4 ent/s, 419 triples/s, errors=273613)
  rows=230,363  triples=25,996,581  (4 ent/s, 419 triples/s, errors=273629)
  rows=230,401  triples=25,999,404  (4 ent/s, 419 triples/s, errors=273630)
  rows=230,445  triples=26,002,695  (4 ent/s, 419 triples/s, errors=273640)
  rows=230,485  triples=26,005,909  (4 ent/s, 419 triples/s, errors=273664)
  rows=230,525  triples=26,008,989  (4 ent/s, 419 triples/s, errors=273671)
  rows=230,573  triples=26,012,285  (4 ent/s, 419 triples/s, errors=273673)
  rows=230,601  triples=26,014,599  (4 ent/s, 419 triples/s, errors=273681)
  rows=230,647  triples=26,017,691  (4 ent/s, 419 triples/s, errors=273684)
  rows=230,685  triples=26,020,806  (4 ent/s, 419 triples/s, errors=273687)
  rows=230,724  triples=26,023,861  (4 ent/s, 419 triples/s, errors=273688)
  rows=230,768  triples=26,026,970  (4 ent/s, 419 triples/s, errors=273706)
  rows=230,813  triples=26,029,812  (4 ent/s, 419 triples/s, errors=273710)
  rows=230,854  triples=26,033,168  (4 ent/s, 419 triples/s, errors=273749)
  rows=230,887  triples=26,036,379  (4 ent/s, 419 triples/s, errors=273756)
  rows=230,927  triples=26,039,677  (4 ent/s, 419 triples/s, errors=273769)
  rows=230,962  triples=26,042,764  (4 ent/s, 419 triples/s, errors=273790)
  rows=230,989  triples=26,045,820  (4 ent/s, 419 triples/s, errors=273818)
  rows=231,027  triples=26,048,821  (4 ent/s, 419 triples/s, errors=273858)
  rows=231,072  triples=26,052,029  (4 ent/s, 419 triples/s, errors=273933)
  rows=231,110  triples=26,055,140  (4 ent/s, 419 triples/s, errors=274050)
  rows=231,142  triples=26,058,304  (4 ent/s, 419 triples/s, errors=274055)
  rows=231,177  triples=26,061,421  (4 ent/s, 419 triples/s, errors=274130)
  rows=231,211  triples=26,064,126  (4 ent/s, 419 triples/s, errors=274158)
  rows=231,246  triples=26,067,281  (4 ent/s, 419 triples/s, errors=274229)
  rows=231,282  triples=26,070,479  (4 ent/s, 419 triples/s, errors=274234)
  rows=231,322  triples=26,073,590  (4 ent/s, 419 triples/s, errors=274294)
  rows=231,361  triples=26,076,866  (4 ent/s, 419 triples/s, errors=274299)
  rows=231,395  triples=26,079,984  (4 ent/s, 419 triples/s, errors=274309)
  rows=231,425  triples=26,082,470  (4 ent/s, 419 triples/s, errors=274366)
  rows=231,463  triples=26,085,570  (4 ent/s, 419 triples/s, errors=274367)
  rows=231,505  triples=26,088,697  (4 ent/s, 419 triples/s, errors=274373)
  rows=231,537  triples=26,091,903  (4 ent/s, 419 triples/s, errors=274466)
  rows=231,577  triples=26,094,998  (4 ent/s, 419 triples/s, errors=274468)
  rows=231,611  triples=26,098,036  (4 ent/s, 419 triples/s, errors=274532)
  rows=231,649  triples=26,101,345  (4 ent/s, 419 triples/s, errors=274577)
  rows=231,685  triples=26,104,413  (4 ent/s, 419 triples/s, errors=274628)
  rows=231,725  triples=26,107,527  (4 ent/s, 419 triples/s, errors=274641)
  rows=231,762  triples=26,110,607  (4 ent/s, 419 triples/s, errors=274655)
  rows=231,798  triples=26,113,796  (4 ent/s, 419 triples/s, errors=274694)
  rows=231,827  triples=26,116,095  (4 ent/s, 419 triples/s, errors=274701)
  rows=231,867  triples=26,119,335  (4 ent/s, 419 triples/s, errors=274703)
  rows=231,911  triples=26,122,521  (4 ent/s, 419 triples/s, errors=274708)
  rows=231,947  triples=26,125,537  (4 ent/s, 419 triples/s, errors=274749)
  rows=231,987  triples=26,128,855  (4 ent/s, 419 triples/s, errors=274856)
  rows=232,017  triples=26,131,426  (4 ent/s, 419 triples/s, errors=274861)
  rows=232,059  triples=26,134,854  (4 ent/s, 419 triples/s, errors=274877)
  rows=232,090  triples=26,137,963  (4 ent/s, 419 triples/s, errors=274895)
  rows=232,134  triples=26,141,301  (4 ent/s, 419 triples/s, errors=274909)
  rows=232,174  triples=26,144,347  (4 ent/s, 419 triples/s, errors=274917)
  rows=232,201  triples=26,146,450  (4 ent/s, 419 triples/s, errors=274928)
  rows=232,239  triples=26,149,555  (4 ent/s, 419 triples/s, errors=274932)
  rows=232,277  triples=26,152,851  (4 ent/s, 419 triples/s, errors=274936)
  rows=232,317  triples=26,156,351  (4 ent/s, 419 triples/s, errors=274952)
  rows=232,360  triples=26,159,549  (4 ent/s, 419 triples/s, errors=274960)
  rows=232,398  triples=26,162,677  (4 ent/s, 419 triples/s, errors=274975)
  rows=232,427  triples=26,165,203  (4 ent/s, 419 triples/s, errors=274981)
  rows=232,471  triples=26,168,355  (4 ent/s, 419 triples/s, errors=274983)
  rows=232,518  triples=26,171,612  (4 ent/s, 419 triples/s, errors=275088)
  rows=232,548  triples=26,174,789  (4 ent/s, 419 triples/s, errors=275112)
  rows=232,587  triples=26,177,897  (4 ent/s, 419 triples/s, errors=275119)
  rows=232,613  triples=26,180,066  (4 ent/s, 419 triples/s, errors=275123)
  rows=232,658  triples=26,183,148  (4 ent/s, 419 triples/s, errors=275139)
  rows=232,699  triples=26,186,314  (4 ent/s, 419 triples/s, errors=275141)
  rows=232,705  triples=26,186,314  (4 ent/s, 419 triples/s, errors=275141)
  rows=232,738  triples=26,189,353  (4 ent/s, 419 triples/s, errors=275165)
  rows=232,775  triples=26,192,469  (4 ent/s, 419 triples/s, errors=275220)
  rows=232,811  triples=26,195,244  (4 ent/s, 419 triples/s, errors=275237)
  rows=232,847  triples=26,198,588  (4 ent/s, 419 triples/s, errors=275285)
  rows=232,882  triples=26,201,701  (4 ent/s, 419 triples/s, errors=275319)
  rows=232,916  triples=26,204,726  (4 ent/s, 419 triples/s, errors=275458)
  rows=232,955  triples=26,207,896  (4 ent/s, 419 triples/s, errors=275476)
  rows=232,993  triples=26,211,002  (4 ent/s, 419 triples/s, errors=275488)
  rows=233,024  triples=26,213,628  (4 ent/s, 419 triples/s, errors=275610)
  rows=233,060  triples=26,216,530  (4 ent/s, 419 triples/s, errors=275745)
  rows=233,101  triples=26,219,579  (4 ent/s, 419 triples/s, errors=275758)
  rows=233,138  triples=26,222,843  (4 ent/s, 419 triples/s, errors=275763)
  rows=233,181  triples=26,226,066  (4 ent/s, 419 triples/s, errors=275777)
  rows=233,201  triples=26,228,261  (4 ent/s, 419 triples/s, errors=275783)
  rows=233,232  triples=26,231,446  (4 ent/s, 419 triples/s, errors=275788)
  rows=233,262  triples=26,234,545  (4 ent/s, 419 triples/s, errors=275835)
  rows=233,300  triples=26,237,650  (4 ent/s, 419 triples/s, errors=275881)
  rows=233,330  triples=26,240,881  (4 ent/s, 419 triples/s, errors=276009)
  rows=233,370  triples=26,244,033  (4 ent/s, 419 triples/s, errors=276056)
  rows=233,414  triples=26,247,059  (4 ent/s, 419 triples/s, errors=276096)
  rows=233,455  triples=26,250,201  (4 ent/s, 419 triples/s, errors=276133)
  rows=233,496  triples=26,253,300  (4 ent/s, 419 triples/s, errors=276168)
  rows=233,538  triples=26,256,679  (4 ent/s, 419 triples/s, errors=276229)
  rows=233,581  triples=26,260,130  (4 ent/s, 419 triples/s, errors=276254)
  rows=233,615  triples=26,262,603  (4 ent/s, 419 triples/s, errors=276272)
  rows=233,644  triples=26,265,738  (4 ent/s, 419 triples/s, errors=276351)
  rows=233,689  triples=26,268,756  (4 ent/s, 419 triples/s, errors=276365)
  rows=233,729  triples=26,271,957  (4 ent/s, 419 triples/s, errors=276367)
  rows=233,767  triples=26,275,039  (4 ent/s, 419 triples/s, errors=276391)
  rows=233,801  triples=26,277,523  (4 ent/s, 419 triples/s, errors=276409)
  rows=233,836  triples=26,280,599  (4 ent/s, 419 triples/s, errors=276455)
  rows=233,875  triples=26,283,749  (4 ent/s, 419 triples/s, errors=276469)
  rows=233,906  triples=26,287,069  (4 ent/s, 419 triples/s, errors=276636)
  rows=233,937  triples=26,290,334  (4 ent/s, 419 triples/s, errors=276874)
  rows=233,971  triples=26,293,425  (4 ent/s, 419 triples/s, errors=276986)
  rows=234,001  triples=26,295,764  (4 ent/s, 419 triples/s, errors=276990)
  rows=234,030  triples=26,298,600  (4 ent/s, 419 triples/s, errors=277565)
  rows=234,061  triples=26,301,803  (4 ent/s, 419 triples/s, errors=277644)
  rows=234,096  triples=26,304,921  (4 ent/s, 419 triples/s, errors=277692)
  rows=234,130  triples=26,308,379  (4 ent/s, 419 triples/s, errors=277718)
  rows=234,161  triples=26,311,572  (4 ent/s, 419 triples/s, errors=277731)
  rows=234,190  triples=26,314,605  (4 ent/s, 419 triples/s, errors=277757)
  rows=234,224  triples=26,317,610  (4 ent/s, 419 triples/s, errors=277784)
  rows=234,262  triples=26,320,805  (4 ent/s, 419 triples/s, errors=277857)
  rows=234,288  triples=26,324,131  (4 ent/s, 419 triples/s, errors=278044)
  rows=234,322  triples=26,327,446  (4 ent/s, 419 triples/s, errors=278049)
  rows=234,361  triples=26,330,547  (4 ent/s, 419 triples/s, errors=278133)
  rows=234,387  triples=26,333,981  (4 ent/s, 419 triples/s, errors=278218)
  rows=234,412  triples=26,336,404  (4 ent/s, 419 triples/s, errors=278251)
  rows=234,448  triples=26,339,571  (4 ent/s, 419 triples/s, errors=278346)
  rows=234,492  triples=26,342,582  (4 ent/s, 419 triples/s, errors=278351)
  rows=234,523  triples=26,344,566  (4 ent/s, 419 triples/s, errors=278379)
  rows=234,556  triples=26,347,471  (4 ent/s, 419 triples/s, errors=278604)
  rows=234,589  triples=26,350,806  (4 ent/s, 419 triples/s, errors=278684)
  rows=234,630  triples=26,353,749  (4 ent/s, 419 triples/s, errors=278698)
  rows=234,668  triples=26,356,796  (4 ent/s, 419 triples/s, errors=278771)
  rows=234,703  triples=26,359,910  (4 ent/s, 419 triples/s, errors=278807)
  rows=234,745  triples=26,362,960  (4 ent/s, 419 triples/s, errors=278809)
  rows=234,784  triples=26,366,026  (4 ent/s, 419 triples/s, errors=278826)
  rows=234,814  triples=26,368,758  (4 ent/s, 419 triples/s, errors=278842)
  rows=234,845  triples=26,371,665  (4 ent/s, 419 triples/s, errors=278949)
  rows=234,887  triples=26,375,037  (4 ent/s, 419 triples/s, errors=279098)
  rows=234,919  triples=26,378,035  (4 ent/s, 419 triples/s, errors=279219)
  rows=234,953  triples=26,381,163  (4 ent/s, 419 triples/s, errors=279251)
  rows=234,994  triples=26,384,329  (4 ent/s, 419 triples/s, errors=279260)
  rows=235,034  triples=26,387,134  (4 ent/s, 419 triples/s, errors=279328)
  rows=235,075  triples=26,390,597  (4 ent/s, 419 triples/s, errors=279382)
  rows=235,105  triples=26,393,680  (4 ent/s, 419 triples/s, errors=279445)
  rows=235,140  triples=26,396,818  (4 ent/s, 419 triples/s, errors=279529)
  rows=235,195  triples=26,400,029  (4 ent/s, 419 triples/s, errors=279536)
  rows=235,228  triples=26,402,359  (4 ent/s, 419 triples/s, errors=279539)
  rows=235,267  triples=26,405,496  (4 ent/s, 419 triples/s, errors=279549)
  rows=235,311  triples=26,408,784  (4 ent/s, 419 triples/s, errors=279635)
  rows=235,351  triples=26,411,856  (4 ent/s, 419 triples/s, errors=279645)
  rows=235,390  triples=26,414,866  (4 ent/s, 419 triples/s, errors=279716)
  rows=235,426  triples=26,417,796  (4 ent/s, 419 triples/s, errors=279717)
  rows=235,471  triples=26,421,000  (4 ent/s, 419 triples/s, errors=279728)
  rows=235,510  triples=26,424,398  (4 ent/s, 419 triples/s, errors=279788)
  rows=235,551  triples=26,427,401  (4 ent/s, 419 triples/s, errors=279883)
  rows=235,587  triples=26,430,433  (4 ent/s, 419 triples/s, errors=279955)
  rows=235,630  triples=26,433,656  (4 ent/s, 419 triples/s, errors=279970)
  rows=235,674  triples=26,437,067  (4 ent/s, 419 triples/s, errors=279971)
  rows=235,716  triples=26,440,158  (4 ent/s, 419 triples/s, errors=279974)
  rows=235,759  triples=26,443,345  (4 ent/s, 419 triples/s, errors=279995)
  rows=235,801  triples=26,446,535  (4 ent/s, 419 triples/s, errors=280000)
  rows=235,833  triples=26,449,737  (4 ent/s, 419 triples/s, errors=280048)
  rows=235,863  triples=26,453,012  (4 ent/s, 419 triples/s, errors=280059)
  rows=235,898  triples=26,456,012  (4 ent/s, 419 triples/s, errors=280100)
  rows=235,937  triples=26,459,183  (4 ent/s, 419 triples/s, errors=280121)
  rows=235,975  triples=26,462,520  (4 ent/s, 419 triples/s, errors=280266)
  rows=236,010  triples=26,465,065  (4 ent/s, 419 triples/s, errors=280273)
  rows=236,042  triples=26,468,124  (4 ent/s, 419 triples/s, errors=280287)
  rows=236,089  triples=26,471,376  (4 ent/s, 419 triples/s, errors=280290)
  rows=236,119  triples=26,474,575  (4 ent/s, 419 triples/s, errors=280302)
  rows=236,154  triples=26,477,661  (4 ent/s, 419 triples/s, errors=280399)
  rows=236,185  triples=26,480,932  (4 ent/s, 419 triples/s, errors=280404)
  rows=236,210  triples=26,483,530  (4 ent/s, 419 triples/s, errors=280525)
  rows=236,248  triples=26,486,760  (4 ent/s, 419 triples/s, errors=280614)
  rows=236,273  triples=26,489,808  (4 ent/s, 419 triples/s, errors=280824)
  rows=236,311  triples=26,492,929  (4 ent/s, 419 triples/s, errors=280826)
  rows=236,341  triples=26,494,988  (4 ent/s, 419 triples/s, errors=280837)
  rows=236,385  triples=26,498,157  (4 ent/s, 419 triples/s, errors=280838)
  rows=236,412  triples=26,500,341  (4 ent/s, 419 triples/s, errors=280851)
  rows=236,448  triples=26,503,558  (4 ent/s, 419 triples/s, errors=280927)
  rows=236,482  triples=26,507,147  (4 ent/s, 419 triples/s, errors=281187)
  rows=236,520  triples=26,510,219  (4 ent/s, 419 triples/s, errors=281210)
  rows=236,562  triples=26,513,302  (4 ent/s, 419 triples/s, errors=281212)
  rows=236,593  triples=26,515,964  (4 ent/s, 419 triples/s, errors=281600)
  rows=236,626  triples=26,518,629  (4 ent/s, 419 triples/s, errors=281601)
  rows=236,665  triples=26,521,730  (4 ent/s, 419 triples/s, errors=281608)
  rows=236,710  triples=26,524,810  (4 ent/s, 419 triples/s, errors=281665)
  rows=236,744  triples=26,527,909  (4 ent/s, 419 triples/s, errors=281674)
  rows=236,782  triples=26,530,925  (4 ent/s, 419 triples/s, errors=281700)
  rows=236,814  triples=26,533,313  (4 ent/s, 419 triples/s, errors=281704)
  rows=236,849  triples=26,536,449  (4 ent/s, 419 triples/s, errors=281833)
  rows=236,885  triples=26,539,584  (4 ent/s, 419 triples/s, errors=282066)
  rows=236,934  triples=26,542,719  (4 ent/s, 419 triples/s, errors=282070)
  rows=236,980  triples=26,545,915  (4 ent/s, 419 triples/s, errors=282086)
  rows=237,017  triples=26,548,599  (4 ent/s, 419 triples/s, errors=282092)
  rows=237,046  triples=26,551,751  (4 ent/s, 419 triples/s, errors=282118)
  rows=237,088  triples=26,555,097  (4 ent/s, 419 triples/s, errors=282229)
  rows=237,130  triples=26,558,672  (4 ent/s, 419 triples/s, errors=282310)
  rows=237,161  triples=26,562,079  (4 ent/s, 419 triples/s, errors=282436)
  rows=237,196  triples=26,565,270  (4 ent/s, 419 triples/s, errors=282444)
  rows=237,222  triples=26,567,910  (4 ent/s, 419 triples/s, errors=282515)
  rows=237,265  triples=26,571,090  (4 ent/s, 419 triples/s, errors=282615)
  rows=237,304  triples=26,574,231  (4 ent/s, 419 triples/s, errors=282694)
  rows=237,339  triples=26,577,312  (4 ent/s, 419 triples/s, errors=282730)
  rows=237,377  triples=26,580,493  (4 ent/s, 419 triples/s, errors=282773)
  rows=237,413  triples=26,583,102  (4 ent/s, 419 triples/s, errors=282777)
  rows=237,454  triples=26,586,220  (4 ent/s, 419 triples/s, errors=282778)
  rows=237,493  triples=26,589,579  (4 ent/s, 419 triples/s, errors=282870)
  rows=237,530  triples=26,592,618  (4 ent/s, 419 triples/s, errors=282891)
  rows=237,560  triples=26,595,643  (4 ent/s, 419 triples/s, errors=282939)
  rows=237,601  triples=26,598,432  (4 ent/s, 419 triples/s, errors=282951)
  rows=237,642  triples=26,601,571  (4 ent/s, 419 triples/s, errors=282986)
  rows=237,678  triples=26,604,757  (4 ent/s, 419 triples/s, errors=283000)
  rows=237,709  triples=26,607,769  (4 ent/s, 419 triples/s, errors=283035)
  rows=237,751  triples=26,611,152  (4 ent/s, 419 triples/s, errors=283045)
  rows=237,793  triples=26,614,316  (4 ent/s, 419 triples/s, errors=283049)
  rows=237,826  triples=26,616,959  (4 ent/s, 419 triples/s, errors=283078)
  rows=237,876  triples=26,620,228  (4 ent/s, 419 triples/s, errors=283080)
  rows=237,919  triples=26,623,378  (4 ent/s, 419 triples/s, errors=283085)
  rows=237,954  triples=26,626,475  (4 ent/s, 419 triples/s, errors=283104)
  rows=237,992  triples=26,629,719  (4 ent/s, 419 triples/s, errors=283111)
  rows=238,030  triples=26,632,654  (4 ent/s, 419 triples/s, errors=283144)
  rows=238,069  triples=26,635,728  (4 ent/s, 419 triples/s, errors=283150)
  rows=238,107  triples=26,639,105  (4 ent/s, 419 triples/s, errors=283185)
  rows=238,142  triples=26,642,196  (4 ent/s, 419 triples/s, errors=283272)
  rows=238,159  triples=26,643,257  (4 ent/s, 419 triples/s, errors=283272)
  rows=238,195  triples=26,646,353  (4 ent/s, 419 triples/s, errors=283302)
  rows=238,226  triples=26,648,668  (4 ent/s, 419 triples/s, errors=283302)
  rows=238,263  triples=26,651,938  (4 ent/s, 419 triples/s, errors=283326)
  rows=238,299  triples=26,655,053  (4 ent/s, 419 triples/s, errors=283382)
  rows=238,345  triples=26,658,255  (4 ent/s, 419 triples/s, errors=283408)
  rows=238,395  triples=26,661,536  (4 ent/s, 419 triples/s, errors=283415)
  rows=238,426  triples=26,664,379  (4 ent/s, 419 triples/s, errors=283433)
  rows=238,461  triples=26,667,454  (4 ent/s, 419 triples/s, errors=283443)
  rows=238,501  triples=26,670,499  (4 ent/s, 419 triples/s, errors=283471)
  rows=238,542  triples=26,673,653  (4 ent/s, 419 triples/s, errors=283550)
  rows=238,580  triples=26,676,770  (4 ent/s, 419 triples/s, errors=283559)
  rows=238,614  triples=26,679,222  (4 ent/s, 419 triples/s, errors=283564)
  rows=238,652  triples=26,682,529  (4 ent/s, 419 triples/s, errors=283580)
  rows=238,695  triples=26,685,654  (4 ent/s, 419 triples/s, errors=283586)
  rows=238,740  triples=26,688,853  (4 ent/s, 419 triples/s, errors=283595)
  rows=238,776  triples=26,691,963  (4 ent/s, 419 triples/s, errors=283694)
  rows=238,801  triples=26,694,533  (4 ent/s, 419 triples/s, errors=284004)
  rows=238,841  triples=26,697,665  (4 ent/s, 419 triples/s, errors=284016)
  rows=238,875  triples=26,700,748  (4 ent/s, 419 triples/s, errors=284025)
  rows=238,914  triples=26,703,984  (4 ent/s, 419 triples/s, errors=284026)
  rows=238,946  triples=26,707,086  (4 ent/s, 419 triples/s, errors=284081)
  rows=238,991  triples=26,710,158  (4 ent/s, 419 triples/s, errors=284085)
  rows=239,025  triples=26,713,486  (4 ent/s, 419 triples/s, errors=284424)
  rows=239,057  triples=26,716,492  (4 ent/s, 419 triples/s, errors=284546)
  rows=239,097  triples=26,719,673  (4 ent/s, 419 triples/s, errors=284583)
  rows=239,133  triples=26,722,924  (4 ent/s, 419 triples/s, errors=284624)
  rows=239,169  triples=26,725,911  (4 ent/s, 419 triples/s, errors=284727)
  rows=239,201  triples=26,728,270  (4 ent/s, 419 triples/s, errors=284729)
  rows=239,225  triples=26,731,456  (4 ent/s, 419 triples/s, errors=284792)
  rows=239,254  triples=26,734,464  (4 ent/s, 419 triples/s, errors=284902)
  rows=239,282  triples=26,737,643  (4 ent/s, 419 triples/s, errors=284931)
  rows=239,320  triples=26,740,963  (4 ent/s, 419 triples/s, errors=284934)
  rows=239,362  triples=26,744,186  (4 ent/s, 419 triples/s, errors=284949)
  rows=239,400  triples=26,747,356  (4 ent/s, 419 triples/s, errors=284956)
  rows=239,435  triples=26,750,380  (4 ent/s, 419 triples/s, errors=284965)
  rows=239,481  triples=26,753,703  (4 ent/s, 419 triples/s, errors=284969)
  rows=239,524  triples=26,756,781  (4 ent/s, 419 triples/s, errors=284978)
  rows=239,557  triples=26,759,810  (4 ent/s, 419 triples/s, errors=285001)
  rows=239,596  triples=26,762,859  (4 ent/s, 419 triples/s, errors=285044)
  rows=239,623  triples=26,765,260  (4 ent/s, 419 triples/s, errors=285051)
  rows=239,665  triples=26,768,677  (4 ent/s, 419 triples/s, errors=285155)
  rows=239,709  triples=26,771,817  (4 ent/s, 419 triples/s, errors=285165)
  rows=239,738  triples=26,774,898  (4 ent/s, 419 triples/s, errors=285177)
  rows=239,771  triples=26,778,028  (4 ent/s, 419 triples/s, errors=285195)
  rows=239,801  triples=26,780,266  (4 ent/s, 419 triples/s, errors=285202)
  rows=239,843  triples=26,783,489  (4 ent/s, 419 triples/s, errors=285220)
  rows=239,880  triples=26,786,596  (4 ent/s, 419 triples/s, errors=285228)
  rows=239,914  triples=26,789,859  (4 ent/s, 419 triples/s, errors=285313)
  rows=239,957  triples=26,792,908  (4 ent/s, 419 triples/s, errors=285324)
  rows=239,977  triples=26,794,099  (4 ent/s, 419 triples/s, errors=285339)
  rows=240,001  triples=26,796,299  (4 ent/s, 419 triples/s, errors=285342)
  rows=240,040  triples=26,799,476  (4 ent/s, 419 triples/s, errors=285348)
  rows=240,075  triples=26,802,387  (4 ent/s, 419 triples/s, errors=285565)
  rows=240,103  triples=26,805,555  (4 ent/s, 419 triples/s, errors=285663)
  rows=240,132  triples=26,808,681  (4 ent/s, 419 triples/s, errors=285702)
  rows=240,163  triples=26,811,756  (4 ent/s, 419 triples/s, errors=285802)
  rows=240,199  triples=26,815,298  (4 ent/s, 419 triples/s, errors=285864)
  rows=240,233  triples=26,817,409  (4 ent/s, 419 triples/s, errors=285877)
  rows=240,273  triples=26,820,627  (4 ent/s, 419 triples/s, errors=285886)
  rows=240,314  triples=26,823,711  (4 ent/s, 419 triples/s, errors=285890)
  rows=240,353  triples=26,826,874  (4 ent/s, 419 triples/s, errors=285902)
  rows=240,379  triples=26,829,835  (4 ent/s, 419 triples/s, errors=286033)
  rows=240,414  triples=26,832,382  (4 ent/s, 419 triples/s, errors=286036)
  rows=240,453  triples=26,835,501  (4 ent/s, 419 triples/s, errors=286038)
  rows=240,495  triples=26,838,697  (4 ent/s, 419 triples/s, errors=286038)
  rows=240,528  triples=26,841,934  (4 ent/s, 419 triples/s, errors=286039)
  rows=240,572  triples=26,845,317  (4 ent/s, 419 triples/s, errors=286070)
  rows=240,615  triples=26,848,300  (4 ent/s, 419 triples/s, errors=286073)
  rows=240,656  triples=26,851,360  (4 ent/s, 419 triples/s, errors=286080)
  rows=240,697  triples=26,854,499  (4 ent/s, 419 triples/s, errors=286087)
  rows=240,741  triples=26,857,811  (4 ent/s, 419 triples/s, errors=286097)
  rows=240,779  triples=26,860,844  (4 ent/s, 419 triples/s, errors=286125)
  rows=240,816  triples=26,863,058  (4 ent/s, 419 triples/s, errors=286135)
  rows=240,856  triples=26,866,265  (4 ent/s, 419 triples/s, errors=286138)
  rows=240,897  triples=26,869,400  (4 ent/s, 419 triples/s, errors=286149)
  rows=240,941  triples=26,872,619  (4 ent/s, 419 triples/s, errors=286151)
  rows=240,970  triples=26,875,739  (4 ent/s, 419 triples/s, errors=286173)
  rows=241,001  triples=26,878,089  (4 ent/s, 419 triples/s, errors=286182)
  rows=241,038  triples=26,881,305  (4 ent/s, 419 triples/s, errors=286183)
  rows=241,081  triples=26,884,383  (4 ent/s, 419 triples/s, errors=286183)
  rows=241,120  triples=26,887,443  (4 ent/s, 419 triples/s, errors=286191)
  rows=241,159  triples=26,890,609  (4 ent/s, 419 triples/s, errors=286205)
  rows=241,192  triples=26,893,691  (4 ent/s, 419 triples/s, errors=286208)
  rows=241,229  triples=26,896,447  (4 ent/s, 419 triples/s, errors=286226)
  rows=241,266  triples=26,899,581  (4 ent/s, 419 triples/s, errors=286309)
  rows=241,303  triples=26,902,587  (4 ent/s, 419 triples/s, errors=286328)
  rows=241,339  triples=26,905,618  (4 ent/s, 419 triples/s, errors=286343)
  rows=241,385  triples=26,908,735  (4 ent/s, 419 triples/s, errors=286346)
  rows=241,401  triples=26,910,721  (4 ent/s, 419 triples/s, errors=286629)
  rows=241,446  triples=26,914,212  (4 ent/s, 419 triples/s, errors=286636)
  rows=241,479  triples=26,917,294  (4 ent/s, 419 triples/s, errors=286650)
  rows=241,520  triples=26,920,433  (4 ent/s, 419 triples/s, errors=286664)
  rows=241,557  triples=26,923,594  (4 ent/s, 419 triples/s, errors=286677)
  rows=241,599  triples=26,926,786  (4 ent/s, 419 triples/s, errors=286678)
  rows=241,622  triples=26,929,102  (4 ent/s, 419 triples/s, errors=286689)
  rows=241,650  triples=26,932,482  (4 ent/s, 419 triples/s, errors=286884)
  rows=241,690  triples=26,935,572  (4 ent/s, 419 triples/s, errors=286901)
  rows=241,736  triples=26,938,707  (4 ent/s, 419 triples/s, errors=286904)
  rows=241,776  triples=26,941,823  (4 ent/s, 419 triples/s, errors=286914)
  rows=241,795  triples=26,943,296  (4 ent/s, 419 triples/s, errors=287088)
  rows=241,830  triples=26,946,236  (4 ent/s, 419 triples/s, errors=287101)
  rows=241,858  triples=26,949,315  (4 ent/s, 419 triples/s, errors=287157)
  rows=241,902  triples=26,952,847  (4 ent/s, 419 triples/s, errors=287171)
  rows=241,950  triples=26,955,896  (4 ent/s, 419 triples/s, errors=287174)
  rows=241,986  triples=26,959,129  (4 ent/s, 419 triples/s, errors=287189)
  rows=242,020  triples=26,961,991  (4 ent/s, 419 triples/s, errors=287206)
  rows=242,051  triples=26,965,100  (4 ent/s, 419 triples/s, errors=287228)
  rows=242,086  triples=26,968,252  (4 ent/s, 419 triples/s, errors=287237)
  rows=242,120  triples=26,971,347  (4 ent/s, 419 triples/s, errors=287239)
  rows=242,157  triples=26,974,417  (4 ent/s, 419 triples/s, errors=287284)
  rows=242,198  triples=26,977,634  (4 ent/s, 419 triples/s, errors=287302)
  rows=242,226  triples=26,979,833  (4 ent/s, 419 triples/s, errors=287309)
  rows=242,258  triples=26,982,985  (4 ent/s, 419 triples/s, errors=287368)
  rows=242,295  triples=26,986,063  (4 ent/s, 419 triples/s, errors=287382)
  rows=242,331  triples=26,989,299  (4 ent/s, 419 triples/s, errors=287389)
  rows=242,374  triples=26,992,401  (4 ent/s, 419 triples/s, errors=287390)
  rows=242,406  triples=26,994,953  (4 ent/s, 419 triples/s, errors=287610)
  rows=242,445  triples=26,998,014  (4 ent/s, 419 triples/s, errors=287630)
  rows=242,483  triples=27,001,101  (4 ent/s, 419 triples/s, errors=287658)
  rows=242,514  triples=27,004,201  (4 ent/s, 419 triples/s, errors=287665)
  rows=242,561  triples=27,007,418  (4 ent/s, 419 triples/s, errors=287671)
  rows=242,600  triples=27,010,541  (4 ent/s, 419 triples/s, errors=287675)
  rows=242,637  triples=27,013,559  (4 ent/s, 419 triples/s, errors=287677)
  rows=242,678  triples=27,016,835  (4 ent/s, 419 triples/s, errors=287684)
  rows=242,718  triples=27,020,094  (4 ent/s, 419 triples/s, errors=287703)
  rows=242,757  triples=27,023,209  (4 ent/s, 419 triples/s, errors=287707)
  rows=242,800  triples=27,026,410  (4 ent/s, 419 triples/s, errors=287724)
  rows=242,846  triples=27,030,012  (4 ent/s, 419 triples/s, errors=287725)
  rows=242,888  triples=27,033,094  (4 ent/s, 419 triples/s, errors=287736)
  rows=242,929  triples=27,036,832  (4 ent/s, 419 triples/s, errors=288120)
  rows=242,966  triples=27,040,062  (4 ent/s, 419 triples/s, errors=288124)
  rows=243,001  triples=27,042,513  (4 ent/s, 419 triples/s, errors=288128)
  rows=243,043  triples=27,045,553  (4 ent/s, 419 triples/s, errors=288138)
  rows=243,082  triples=27,048,720  (4 ent/s, 419 triples/s, errors=288151)
  rows=243,121  triples=27,051,993  (4 ent/s, 419 triples/s, errors=288159)
  rows=243,164  triples=27,055,282  (4 ent/s, 419 triples/s, errors=288167)
  rows=243,201  triples=27,058,252  (4 ent/s, 419 triples/s, errors=288189)
  rows=243,243  triples=27,061,353  (4 ent/s, 419 triples/s, errors=288192)
  rows=243,281  triples=27,064,435  (4 ent/s, 419 triples/s, errors=288193)
  rows=243,320  triples=27,067,893  (4 ent/s, 419 triples/s, errors=288202)
  rows=243,355  triples=27,071,073  (4 ent/s, 419 triples/s, errors=288203)
  rows=243,399  triples=27,074,152  (4 ent/s, 419 triples/s, errors=288214)
  rows=243,423  triples=27,076,291  (4 ent/s, 419 triples/s, errors=288217)
  rows=243,461  triples=27,079,409  (4 ent/s, 419 triples/s, errors=288219)
  rows=243,502  triples=27,082,605  (4 ent/s, 419 triples/s, errors=288234)
  rows=243,539  triples=27,085,732  (4 ent/s, 419 triples/s, errors=288240)
  rows=243,580  triples=27,088,849  (4 ent/s, 419 triples/s, errors=288249)
  rows=243,612  triples=27,091,301  (4 ent/s, 419 triples/s, errors=288250)
  rows=243,613  triples=27,091,301  (4 ent/s, 419 triples/s, errors=288250)
  rows=243,661  triples=27,094,473  (4 ent/s, 419 triples/s, errors=288252)
  rows=243,705  triples=27,097,700  (4 ent/s, 419 triples/s, errors=288253)
  rows=243,747  triples=27,100,786  (4 ent/s, 419 triples/s, errors=288259)
  rows=243,797  triples=27,103,884  (4 ent/s, 419 triples/s, errors=288262)
  rows=243,834  triples=27,106,150  (4 ent/s, 419 triples/s, errors=288265)
  rows=243,873  triples=27,109,299  (4 ent/s, 419 triples/s, errors=288275)
  rows=243,917  triples=27,112,679  (4 ent/s, 419 triples/s, errors=288309)
  rows=243,961  triples=27,115,804  (4 ent/s, 419 triples/s, errors=288318)
  rows=244,001  triples=27,118,735  (4 ent/s, 419 triples/s, errors=288333)
  rows=244,040  triples=27,121,942  (4 ent/s, 419 triples/s, errors=288344)
  rows=244,086  triples=27,125,080  (4 ent/s, 419 triples/s, errors=288347)
  rows=244,129  triples=27,128,201  (4 ent/s, 419 triples/s, errors=288392)
  rows=244,177  triples=27,131,597  (4 ent/s, 419 triples/s, errors=288394)
  rows=244,211  triples=27,134,944  (4 ent/s, 419 triples/s, errors=288397)
  rows=244,250  triples=27,138,073  (4 ent/s, 419 triples/s, errors=288397)
  rows=244,297  triples=27,141,111  (4 ent/s, 419 triples/s, errors=288400)
  rows=244,336  triples=27,144,261  (4 ent/s, 419 triples/s, errors=288402)
  rows=244,373  triples=27,147,417  (4 ent/s, 419 triples/s, errors=288409)
  rows=244,407  triples=27,150,357  (4 ent/s, 419 triples/s, errors=288419)
  rows=244,455  triples=27,153,841  (4 ent/s, 419 triples/s, errors=288422)
  rows=244,497  triples=27,156,968  (4 ent/s, 419 triples/s, errors=288427)
  rows=244,537  triples=27,160,072  (4 ent/s, 419 triples/s, errors=288440)
  rows=244,583  triples=27,163,189  (4 ent/s, 419 triples/s, errors=288447)
  rows=244,618  triples=27,165,705  (4 ent/s, 419 triples/s, errors=288451)
  rows=244,656  triples=27,169,112  (4 ent/s, 419 triples/s, errors=288471)
  rows=244,700  triples=27,172,112  (4 ent/s, 419 triples/s, errors=288483)
  rows=244,737  triples=27,175,412  (4 ent/s, 419 triples/s, errors=288510)
  rows=244,776  triples=27,178,767  (4 ent/s, 419 triples/s, errors=288515)
  rows=244,823  triples=27,181,541  (4 ent/s, 419 triples/s, errors=288532)
  rows=244,860  triples=27,184,698  (4 ent/s, 419 triples/s, errors=288533)
  rows=244,896  triples=27,187,990  (4 ent/s, 419 triples/s, errors=288544)
  rows=244,942  triples=27,191,084  (4 ent/s, 419 triples/s, errors=288598)
  rows=244,984  triples=27,194,154  (4 ent/s, 419 triples/s, errors=288600)
  rows=245,019  triples=27,197,224  (4 ent/s, 419 triples/s, errors=288615)
  rows=245,064  triples=27,200,403  (4 ent/s, 419 triples/s, errors=288627)
  rows=245,107  triples=27,203,858  (4 ent/s, 419 triples/s, errors=288633)
  rows=245,138  triples=27,207,065  (4 ent/s, 419 triples/s, errors=288639)
  rows=245,179  triples=27,210,258  (4 ent/s, 419 triples/s, errors=288640)
  rows=245,214  triples=27,212,648  (4 ent/s, 419 triples/s, errors=288643)
  rows=245,264  triples=27,215,779  (4 ent/s, 419 triples/s, errors=288650)
  rows=245,308  triples=27,218,911  (4 ent/s, 419 triples/s, errors=288656)
  rows=245,343  triples=27,220,957  (4 ent/s, 419 triples/s, errors=288670)
  rows=245,374  triples=27,223,159  (4 ent/s, 419 triples/s, errors=288673)
  rows=245,400  triples=27,225,405  (4 ent/s, 419 triples/s, errors=288686)
  rows=245,421  triples=27,227,483  (4 ent/s, 419 triples/s, errors=288702)
  rows=245,431  triples=27,227,483  (4 ent/s, 419 triples/s, errors=288702)
  rows=245,452  triples=27,229,593  (4 ent/s, 419 triples/s, errors=288702)
  rows=245,481  triples=27,231,691  (4 ent/s, 419 triples/s, errors=288704)
  rows=245,515  triples=27,233,717  (4 ent/s, 419 triples/s, errors=288705)
  rows=245,546  triples=27,235,737  (4 ent/s, 419 triples/s, errors=288708)
  rows=245,578  triples=27,237,789  (4 ent/s, 419 triples/s, errors=288708)
  rows=245,615  triples=27,240,629  (4 ent/s, 419 triples/s, errors=288728)
  rows=245,643  triples=27,242,751  (4 ent/s, 419 triples/s, errors=288734)
  rows=245,665  triples=27,244,806  (4 ent/s, 419 triples/s, errors=288742)
  rows=245,692  triples=27,246,884  (4 ent/s, 419 triples/s, errors=288746)
  rows=245,728  triples=27,248,996  (4 ent/s, 419 triples/s, errors=288748)
  rows=245,765  triples=27,251,044  (4 ent/s, 419 triples/s, errors=288749)
  rows=245,791  triples=27,253,403  (4 ent/s, 419 triples/s, errors=288752)
  rows=245,826  triples=27,256,258  (4 ent/s, 419 triples/s, errors=288757)
  rows=245,867  triples=27,258,393  (4 ent/s, 419 triples/s, errors=288767)
  rows=245,901  triples=27,261,433  (4 ent/s, 419 triples/s, errors=288767)
  rows=245,923  triples=27,263,598  (4 ent/s, 419 triples/s, errors=288768)
  rows=245,948  triples=27,265,641  (4 ent/s, 419 triples/s, errors=288769)
  rows=245,978  triples=27,267,703  (4 ent/s, 419 triples/s, errors=288773)
  rows=246,011  triples=27,270,640  (4 ent/s, 419 triples/s, errors=288784)
  rows=246,046  triples=27,272,760  (4 ent/s, 419 triples/s, errors=288784)
  rows=246,075  triples=27,275,144  (4 ent/s, 419 triples/s, errors=288791)
  rows=246,110  triples=27,277,174  (4 ent/s, 419 triples/s, errors=288792)
  rows=246,143  triples=27,279,354  (4 ent/s, 419 triples/s, errors=288795)
  rows=246,176  triples=27,281,485  (4 ent/s, 419 triples/s, errors=288804)
  rows=246,201  triples=27,283,173  (4 ent/s, 419 triples/s, errors=288809)
  rows=246,229  triples=27,285,246  (4 ent/s, 419 triples/s, errors=288809)
  rows=246,255  triples=27,287,355  (4 ent/s, 419 triples/s, errors=288837)
  rows=246,282  triples=27,289,425  (4 ent/s, 419 triples/s, errors=288840)
  rows=246,311  triples=27,291,458  (4 ent/s, 419 triples/s, errors=288841)
  rows=246,340  triples=27,293,514  (4 ent/s, 419 triples/s, errors=288843)
  rows=246,374  triples=27,295,571  (4 ent/s, 419 triples/s, errors=288850)
  rows=246,401  triples=27,297,123  (4 ent/s, 419 triples/s, errors=288853)
  rows=246,423  triples=27,299,253  (4 ent/s, 419 triples/s, errors=288854)
  rows=246,445  triples=27,301,374  (4 ent/s, 419 triples/s, errors=288855)
  rows=246,464  triples=27,303,383  (4 ent/s, 419 triples/s, errors=288867)
  rows=246,495  triples=27,305,457  (4 ent/s, 419 triples/s, errors=288871)
  rows=246,523  triples=27,307,480  (4 ent/s, 419 triples/s, errors=288879)
  rows=246,554  triples=27,309,587  (4 ent/s, 419 triples/s, errors=288879)
  rows=246,586  triples=27,311,616  (4 ent/s, 419 triples/s, errors=288954)
  rows=246,615  triples=27,313,601  (4 ent/s, 419 triples/s, errors=288956)
  rows=246,644  triples=27,315,629  (4 ent/s, 419 triples/s, errors=288959)
  rows=246,670  triples=27,317,725  (4 ent/s, 419 triples/s, errors=288963)
  rows=246,697  triples=27,319,822  (4 ent/s, 419 triples/s, errors=288975)
  rows=246,725  triples=27,322,126  (4 ent/s, 419 triples/s, errors=289113)
  rows=246,749  triples=27,324,108  (4 ent/s, 419 triples/s, errors=289147)
  rows=246,780  triples=27,326,231  (4 ent/s, 419 triples/s, errors=289147)
  rows=246,816  triples=27,328,592  (4 ent/s, 419 triples/s, errors=289148)
  rows=246,847  triples=27,330,753  (4 ent/s, 419 triples/s, errors=289159)
  rows=246,876  triples=27,332,889  (4 ent/s, 419 triples/s, errors=289165)
  rows=246,902  triples=27,335,002  (4 ent/s, 419 triples/s, errors=289197)
  rows=246,925  triples=27,336,882  (4 ent/s, 419 triples/s, errors=289394)
  rows=246,955  triples=27,339,026  (4 ent/s, 419 triples/s, errors=289395)
  rows=246,986  triples=27,341,107  (4 ent/s, 419 triples/s, errors=289399)
  rows=247,017  triples=27,343,093  (4 ent/s, 419 triples/s, errors=289419)
  rows=247,050  triples=27,345,141  (4 ent/s, 419 triples/s, errors=289435)
  rows=247,082  triples=27,347,307  (4 ent/s, 419 triples/s, errors=289440)
  rows=247,116  triples=27,349,377  (4 ent/s, 419 triples/s, errors=289449)
  rows=247,144  triples=27,351,431  (4 ent/s, 419 triples/s, errors=289452)
  rows=247,178  triples=27,353,600  (4 ent/s, 419 triples/s, errors=289455)
  rows=247,201  triples=27,355,281  (4 ent/s, 419 triples/s, errors=289463)
  rows=247,227  triples=27,357,345  (4 ent/s, 419 triples/s, errors=289501)
  rows=247,249  triples=27,358,378  (4 ent/s, 419 triples/s, errors=289503)
  rows=247,266  triples=27,360,540  (4 ent/s, 419 triples/s, errors=289510)
  rows=247,301  triples=27,362,606  (4 ent/s, 419 triples/s, errors=289511)
  rows=247,327  triples=27,364,684  (4 ent/s, 419 triples/s, errors=289513)
  rows=247,355  triples=27,366,736  (4 ent/s, 419 triples/s, errors=289521)
  rows=247,399  triples=27,369,788  (4 ent/s, 419 triples/s, errors=289530)
  rows=247,426  triples=27,371,893  (4 ent/s, 419 triples/s, errors=289544)
  rows=247,454  triples=27,373,916  (4 ent/s, 419 triples/s, errors=289544)
  rows=247,479  triples=27,376,020  (4 ent/s, 419 triples/s, errors=289549)
  rows=247,510  triples=27,378,145  (4 ent/s, 419 triples/s, errors=289551)
  rows=247,539  triples=27,380,201  (4 ent/s, 419 triples/s, errors=289591)
  rows=247,568  triples=27,382,254  (4 ent/s, 419 triples/s, errors=289591)
  rows=247,596  triples=27,384,437  (4 ent/s, 419 triples/s, errors=289591)
  rows=247,628  triples=27,386,869  (4 ent/s, 419 triples/s, errors=289594)
  rows=247,658  triples=27,388,882  (4 ent/s, 419 triples/s, errors=289597)
  rows=247,669  triples=27,391,506  (4 ent/s, 419 triples/s, errors=289602)
  rows=247,696  triples=27,393,678  (4 ent/s, 419 triples/s, errors=289602)
  rows=247,730  triples=27,395,722  (4 ent/s, 419 triples/s, errors=289606)
  rows=247,750  triples=27,397,834  (4 ent/s, 419 triples/s, errors=289624)
  rows=247,779  triples=27,399,964  (4 ent/s, 419 triples/s, errors=289626)
  rows=247,810  triples=27,402,189  (4 ent/s, 419 triples/s, errors=289628)
  rows=247,835  triples=27,404,234  (4 ent/s, 419 triples/s, errors=289641)
  rows=247,860  triples=27,406,343  (4 ent/s, 419 triples/s, errors=289641)
  rows=247,889  triples=27,408,382  (4 ent/s, 419 triples/s, errors=289641)
  rows=247,918  triples=27,410,407  (4 ent/s, 419 triples/s, errors=289642)
  rows=247,947  triples=27,412,638  (4 ent/s, 419 triples/s, errors=289642)
  rows=247,974  triples=27,414,762  (4 ent/s, 419 triples/s, errors=289643)
  rows=248,004  triples=27,416,775  (4 ent/s, 419 triples/s, errors=289647)
  rows=248,027  triples=27,419,016  (4 ent/s, 419 triples/s, errors=289652)
  rows=248,059  triples=27,421,068  (4 ent/s, 419 triples/s, errors=289652)
  rows=248,092  triples=27,423,149  (4 ent/s, 419 triples/s, errors=289656)
  rows=248,116  triples=27,425,352  (4 ent/s, 419 triples/s, errors=289657)
  rows=248,140  triples=27,427,547  (4 ent/s, 419 triples/s, errors=289688)
  rows=248,171  triples=27,429,628  (4 ent/s, 419 triples/s, errors=289710)
  rows=248,201  triples=27,431,705  (4 ent/s, 419 triples/s, errors=289712)
  rows=248,231  triples=27,433,874  (4 ent/s, 419 triples/s, errors=289720)
  rows=248,258  triples=27,435,951  (4 ent/s, 419 triples/s, errors=289724)
  rows=248,293  triples=27,438,056  (4 ent/s, 419 triples/s, errors=289730)
  rows=248,309  triples=27,440,251  (4 ent/s, 419 triples/s, errors=289741)
  rows=248,341  triples=27,442,452  (4 ent/s, 419 triples/s, errors=289754)
  rows=248,368  triples=27,444,505  (4 ent/s, 419 triples/s, errors=289762)
  rows=248,398  triples=27,446,612  (4 ent/s, 419 triples/s, errors=289766)
  rows=248,431  triples=27,448,734  (4 ent/s, 419 triples/s, errors=289773)
  rows=248,459  triples=27,450,861  (4 ent/s, 419 triples/s, errors=289778)
  rows=248,490  triples=27,452,890  (4 ent/s, 419 triples/s, errors=289779)
  rows=248,530  triples=27,456,010  (4 ent/s, 419 triples/s, errors=289791)
  rows=248,550  triples=27,458,072  (4 ent/s, 419 triples/s, errors=289799)
  rows=248,582  triples=27,460,294  (4 ent/s, 419 triples/s, errors=289827)
  rows=248,610  triples=27,462,597  (4 ent/s, 419 triples/s, errors=289837)
  rows=248,631  triples=27,464,666  (4 ent/s, 419 triples/s, errors=289840)
  rows=248,660  triples=27,466,849  (4 ent/s, 419 triples/s, errors=289841)
  rows=248,685  triples=27,468,957  (4 ent/s, 419 triples/s, errors=289842)
  rows=248,717  triples=27,472,012  (4 ent/s, 419 triples/s, errors=289845)
  rows=248,747  triples=27,474,116  (4 ent/s, 419 triples/s, errors=289853)
  rows=248,790  triples=27,477,183  (4 ent/s, 419 triples/s, errors=289861)
  rows=248,829  triples=27,480,010  (4 ent/s, 419 triples/s, errors=289861)
  rows=248,852  triples=27,482,230  (4 ent/s, 419 triples/s, errors=289870)
  rows=248,883  triples=27,484,323  (4 ent/s, 419 triples/s, errors=289910)
  rows=248,910  triples=27,486,384  (4 ent/s, 419 triples/s, errors=289923)
  rows=248,941  triples=27,488,565  (4 ent/s, 419 triples/s, errors=289928)
  rows=248,969  triples=27,490,775  (4 ent/s, 419 triples/s, errors=289928)
  rows=249,000  triples=27,492,911  (4 ent/s, 419 triples/s, errors=289931)
  rows=249,027  triples=27,494,988  (4 ent/s, 419 triples/s, errors=289940)
  rows=249,059  triples=27,497,020  (4 ent/s, 419 triples/s, errors=289942)
  rows=249,067  triples=27,498,092  (4 ent/s, 419 triples/s, errors=289943)
  rows=249,091  triples=27,500,186  (4 ent/s, 419 triples/s, errors=289946)
  rows=249,126  triples=27,502,295  (4 ent/s, 419 triples/s, errors=289946)
  rows=249,158  triples=27,504,525  (4 ent/s, 419 triples/s, errors=289949)
  rows=249,188  triples=27,506,616  (4 ent/s, 419 triples/s, errors=289953)
  rows=249,231  triples=27,509,558  (4 ent/s, 419 triples/s, errors=289960)
  rows=249,265  triples=27,512,605  (4 ent/s, 419 triples/s, errors=290006)
  rows=249,289  triples=27,514,772  (4 ent/s, 419 triples/s, errors=290047)
  rows=249,326  triples=27,516,887  (4 ent/s, 419 triples/s, errors=290048)
  rows=249,358  triples=27,519,946  (4 ent/s, 419 triples/s, errors=290048)
  rows=249,380  triples=27,521,847  (4 ent/s, 419 triples/s, errors=290284)
  rows=249,412  triples=27,524,703  (4 ent/s, 419 triples/s, errors=290306)
  rows=249,441  triples=27,526,814  (4 ent/s, 419 triples/s, errors=290317)
  rows=249,464  triples=27,528,915  (4 ent/s, 419 triples/s, errors=290354)
  rows=249,489  triples=27,531,310  (4 ent/s, 419 triples/s, errors=290358)
  rows=249,516  triples=27,533,433  (4 ent/s, 419 triples/s, errors=290525)
  rows=249,542  triples=27,535,667  (4 ent/s, 419 triples/s, errors=290533)
  rows=249,578  triples=27,537,786  (4 ent/s, 419 triples/s, errors=290534)
  rows=249,611  triples=27,540,646  (4 ent/s, 419 triples/s, errors=290537)
  rows=249,641  triples=27,542,745  (4 ent/s, 419 triples/s, errors=290538)
  rows=249,670  triples=27,544,909  (4 ent/s, 419 triples/s, errors=290538)
  rows=249,696  triples=27,547,051  (4 ent/s, 419 triples/s, errors=290547)
  rows=249,725  triples=27,549,118  (4 ent/s, 419 triples/s, errors=290555)
  rows=249,762  triples=27,552,250  (4 ent/s, 419 triples/s, errors=290558)
  rows=249,791  triples=27,554,402  (4 ent/s, 419 triples/s, errors=290564)
  rows=249,830  triples=27,557,188  (4 ent/s, 419 triples/s, errors=290564)
  rows=249,867  triples=27,560,489  (4 ent/s, 419 triples/s, errors=290565)
  rows=249,892  triples=27,562,520  (4 ent/s, 419 triples/s, errors=290569)
  rows=249,922  triples=27,564,636  (4 ent/s, 419 triples/s, errors=290569)
  rows=249,948  triples=27,566,730  (4 ent/s, 419 triples/s, errors=290575)
  rows=249,985  triples=27,569,989  (4 ent/s, 419 triples/s, errors=290583)
  rows=250,029  triples=27,573,038  (4 ent/s, 419 triples/s, errors=290584)
  rows=250,082  triples=27,576,205  (4 ent/s, 419 triples/s, errors=290584)
  rows=250,114  triples=27,578,280  (4 ent/s, 419 triples/s, errors=290600)
  rows=250,153  triples=27,580,535  (4 ent/s, 419 triples/s, errors=290600)
  rows=250,184  triples=27,583,686  (4 ent/s, 419 triples/s, errors=290601)
  rows=250,216  triples=27,585,861  (4 ent/s, 419 triples/s, errors=290601)
  rows=250,254  triples=27,588,977  (4 ent/s, 419 triples/s, errors=290603)
  rows=250,281  triples=27,591,074  (4 ent/s, 419 triples/s, errors=290607)
  rows=250,325  triples=27,594,129  (4 ent/s, 419 triples/s, errors=290609)
  rows=250,356  triples=27,596,254  (4 ent/s, 419 triples/s, errors=290609)
  rows=250,398  triples=27,599,322  (4 ent/s, 419 triples/s, errors=290611)
  rows=250,435  triples=27,601,442  (4 ent/s, 419 triples/s, errors=290617)
  rows=250,476  triples=27,604,507  (4 ent/s, 419 triples/s, errors=290626)
  rows=250,523  triples=27,607,584  (4 ent/s, 419 triples/s, errors=290631)
  rows=250,559  triples=27,609,687  (4 ent/s, 419 triples/s, errors=290637)
  rows=250,596  triples=27,612,788  (4 ent/s, 419 triples/s, errors=290649)
  rows=250,632  triples=27,615,165  (4 ent/s, 419 triples/s, errors=290700)
  rows=250,657  triples=27,617,336  (4 ent/s, 419 triples/s, errors=290700)
  rows=250,685  triples=27,619,452  (4 ent/s, 419 triples/s, errors=290701)
  rows=250,709  triples=27,621,512  (4 ent/s, 419 triples/s, errors=290709)
  rows=250,740  triples=27,623,599  (4 ent/s, 419 triples/s, errors=290716)
  rows=250,780  triples=27,626,745  (4 ent/s, 419 triples/s, errors=290718)
  rows=250,809  triples=27,629,143  (4 ent/s, 419 triples/s, errors=290718)
  rows=250,848  triples=27,632,407  (4 ent/s, 419 triples/s, errors=290718)
  rows=250,885  triples=27,634,459  (4 ent/s, 419 triples/s, errors=290719)
  rows=250,911  triples=27,637,556  (4 ent/s, 419 triples/s, errors=290731)
  rows=250,952  triples=27,640,640  (4 ent/s, 419 triples/s, errors=290732)
  rows=250,991  triples=27,643,637  (4 ent/s, 419 triples/s, errors=290806)
  rows=251,030  triples=27,646,470  (4 ent/s, 419 triples/s, errors=290815)
  rows=251,074  triples=27,649,608  (4 ent/s, 419 triples/s, errors=290820)
  rows=251,114  triples=27,652,758  (4 ent/s, 419 triples/s, errors=290832)
  rows=251,163  triples=27,655,916  (4 ent/s, 419 triples/s, errors=290837)
  rows=251,201  triples=27,658,597  (4 ent/s, 419 triples/s, errors=290837)
  rows=251,240  triples=27,661,741  (4 ent/s, 419 triples/s, errors=290894)
  rows=251,276  triples=27,664,868  (4 ent/s, 419 triples/s, errors=290899)
  rows=251,316  triples=27,667,973  (4 ent/s, 419 triples/s, errors=290902)
  rows=251,357  triples=27,671,214  (4 ent/s, 419 triples/s, errors=290916)
  rows=251,397  triples=27,674,375  (4 ent/s, 419 triples/s, errors=290920)
  rows=251,430  triples=27,676,562  (4 ent/s, 419 triples/s, errors=290925)
  rows=251,472  triples=27,679,968  (4 ent/s, 419 triples/s, errors=290932)
  rows=251,513  triples=27,683,102  (4 ent/s, 419 triples/s, errors=290934)
  rows=251,557  triples=27,686,540  (4 ent/s, 419 triples/s, errors=290950)
  rows=251,601  triples=27,689,593  (4 ent/s, 419 triples/s, errors=290952)
  rows=251,635  triples=27,692,831  (4 ent/s, 419 triples/s, errors=290977)
  rows=251,689  triples=27,695,971  (4 ent/s, 419 triples/s, errors=291013)
  rows=251,727  triples=27,699,015  (4 ent/s, 419 triples/s, errors=291043)
  rows=251,761  triples=27,701,319  (4 ent/s, 419 triples/s, errors=291085)
  rows=251,798  triples=27,704,504  (4 ent/s, 419 triples/s, errors=291105)
  rows=251,829  triples=27,706,743  (4 ent/s, 419 triples/s, errors=291111)
  rows=251,875  triples=27,709,853  (4 ent/s, 419 triples/s, errors=291113)
  rows=251,925  triples=27,713,087  (4 ent/s, 419 triples/s, errors=291129)
  rows=251,971  triples=27,716,187  (4 ent/s, 419 triples/s, errors=291134)
  rows=252,001  triples=27,718,638  (4 ent/s, 419 triples/s, errors=291158)
  rows=252,036  triples=27,721,724  (4 ent/s, 419 triples/s, errors=291189)
  rows=252,082  triples=27,725,078  (4 ent/s, 419 triples/s, errors=291193)
  rows=252,110  triples=27,727,251  (4 ent/s, 419 triples/s, errors=291194)
  rows=252,137  triples=27,729,291  (4 ent/s, 419 triples/s, errors=291200)
  rows=252,164  triples=27,731,363  (4 ent/s, 419 triples/s, errors=291206)
  rows=252,191  triples=27,733,404  (4 ent/s, 419 triples/s, errors=291209)
  rows=252,212  triples=27,735,209  (4 ent/s, 419 triples/s, errors=291217)
  rows=252,241  triples=27,737,273  (4 ent/s, 419 triples/s, errors=291217)
  rows=252,270  triples=27,739,381  (4 ent/s, 419 triples/s, errors=291221)
  rows=252,302  triples=27,741,466  (4 ent/s, 419 triples/s, errors=291224)
  rows=252,338  triples=27,744,551  (4 ent/s, 419 triples/s, errors=291234)
  rows=252,374  triples=27,747,595  (4 ent/s, 419 triples/s, errors=291237)
  rows=252,413  triples=27,750,366  (4 ent/s, 419 triples/s, errors=291239)
  rows=252,456  triples=27,753,602  (4 ent/s, 419 triples/s, errors=291247)
  rows=252,495  triples=27,756,655  (4 ent/s, 419 triples/s, errors=291254)
  rows=252,530  triples=27,759,712  (4 ent/s, 419 triples/s, errors=291305)
  rows=252,576  triples=27,762,805  (4 ent/s, 419 triples/s, errors=291310)
  rows=252,615  triples=27,765,886  (4 ent/s, 419 triples/s, errors=291327)
  rows=252,653  triples=27,768,992  (4 ent/s, 419 triples/s, errors=291369)
  rows=252,695  triples=27,772,214  (4 ent/s, 419 triples/s, errors=291384)
  rows=252,703  triples=27,772,214  (4 ent/s, 418 triples/s, errors=291384)
  rows=252,742  triples=27,775,416  (4 ent/s, 418 triples/s, errors=291398)
  rows=252,781  triples=27,778,491  (4 ent/s, 418 triples/s, errors=291422)
  rows=252,816  triples=27,781,142  (4 ent/s, 418 triples/s, errors=291423)
  rows=252,863  triples=27,784,277  (4 ent/s, 418 triples/s, errors=291423)
  rows=252,910  triples=27,787,583  (4 ent/s, 418 triples/s, errors=291427)
  rows=252,947  triples=27,790,817  (4 ent/s, 418 triples/s, errors=291434)
  rows=252,991  triples=27,794,038  (4 ent/s, 418 triples/s, errors=291434)
  rows=253,023  triples=27,796,758  (4 ent/s, 418 triples/s, errors=291442)
  rows=253,063  triples=27,799,894  (4 ent/s, 418 triples/s, errors=291451)
  rows=253,097  triples=27,802,958  (4 ent/s, 418 triples/s, errors=291457)
  rows=253,130  triples=27,805,228  (4 ent/s, 418 triples/s, errors=291462)
  rows=253,172  triples=27,808,324  (4 ent/s, 418 triples/s, errors=291465)
  rows=253,214  triples=27,811,337  (4 ent/s, 418 triples/s, errors=291492)
  rows=253,255  triples=27,814,502  (4 ent/s, 418 triples/s, errors=291499)
  rows=253,289  triples=27,817,635  (4 ent/s, 418 triples/s, errors=291507)
  rows=253,317  triples=27,820,758  (4 ent/s, 418 triples/s, errors=291518)
  rows=253,361  triples=27,823,896  (4 ent/s, 418 triples/s, errors=291518)
  rows=253,401  triples=27,826,444  (4 ent/s, 418 triples/s, errors=291521)
  rows=253,436  triples=27,829,568  (4 ent/s, 418 triples/s, errors=291529)
  rows=253,475  triples=27,832,686  (4 ent/s, 418 triples/s, errors=291542)
  rows=253,512  triples=27,835,749  (4 ent/s, 418 triples/s, errors=291562)
  rows=253,553  triples=27,839,076  (4 ent/s, 418 triples/s, errors=291755)
  rows=253,601  triples=27,842,062  (4 ent/s, 418 triples/s, errors=291757)
  rows=253,648  triples=27,845,355  (4 ent/s, 418 triples/s, errors=291762)
  rows=253,694  triples=27,848,542  (4 ent/s, 418 triples/s, errors=291775)
  rows=253,735  triples=27,851,643  (4 ent/s, 418 triples/s, errors=291779)
  rows=253,784  triples=27,854,762  (4 ent/s, 418 triples/s, errors=291782)
  rows=253,826  triples=27,858,062  (4 ent/s, 418 triples/s, errors=291793)
  rows=253,870  triples=27,861,179  (4 ent/s, 418 triples/s, errors=291794)
  rows=253,919  triples=27,864,247  (4 ent/s, 418 triples/s, errors=291799)
  rows=253,966  triples=27,867,345  (4 ent/s, 418 triples/s, errors=291807)
  rows=254,001  triples=27,869,703  (4 ent/s, 418 triples/s, errors=291808)
  rows=254,044  triples=27,872,854  (4 ent/s, 418 triples/s, errors=291831)
  rows=254,081  triples=27,875,870  (4 ent/s, 418 triples/s, errors=291865)
  rows=254,126  triples=27,878,975  (4 ent/s, 418 triples/s, errors=291879)
  rows=254,167  triples=27,882,143  (4 ent/s, 418 triples/s, errors=291885)
  rows=254,201  triples=27,884,818  (4 ent/s, 418 triples/s, errors=291890)
  rows=254,246  triples=27,887,895  (4 ent/s, 418 triples/s, errors=291897)
  rows=254,286  triples=27,891,059  (4 ent/s, 418 triples/s, errors=291901)
  rows=254,334  triples=27,894,124  (4 ent/s, 418 triples/s, errors=291902)
  rows=254,373  triples=27,897,238  (4 ent/s, 418 triples/s, errors=291904)
  rows=254,401  triples=27,899,654  (4 ent/s, 418 triples/s, errors=291916)
  rows=254,439  triples=27,902,780  (4 ent/s, 418 triples/s, errors=291929)
  rows=254,477  triples=27,905,838  (4 ent/s, 418 triples/s, errors=291948)
  rows=254,519  triples=27,909,098  (4 ent/s, 418 triples/s, errors=291951)
  rows=254,521  triples=27,909,098  (4 ent/s, 418 triples/s, errors=291951)
  rows=254,553  triples=27,912,170  (4 ent/s, 418 triples/s, errors=291995)
  rows=254,601  triples=27,915,162  (4 ent/s, 418 triples/s, errors=292001)
  rows=254,636  triples=27,918,258  (4 ent/s, 418 triples/s, errors=292008)
  rows=254,680  triples=27,921,415  (4 ent/s, 418 triples/s, errors=292017)
  rows=254,722  triples=27,924,581  (4 ent/s, 418 triples/s, errors=292024)
  rows=254,755  triples=27,927,636  (4 ent/s, 418 triples/s, errors=292031)
  rows=254,795  triples=27,930,785  (4 ent/s, 418 triples/s, errors=292039)
  rows=254,824  triples=27,933,156  (4 ent/s, 418 triples/s, errors=292043)
  rows=254,860  triples=27,936,126  (4 ent/s, 418 triples/s, errors=292209)
  rows=254,903  triples=27,939,172  (4 ent/s, 418 triples/s, errors=292212)
  rows=254,946  triples=27,942,335  (4 ent/s, 418 triples/s, errors=292216)
  rows=254,986  triples=27,945,457  (4 ent/s, 418 triples/s, errors=292216)
  rows=255,015  triples=27,947,522  (4 ent/s, 418 triples/s, errors=292219)
  rows=255,054  triples=27,950,577  (4 ent/s, 418 triples/s, errors=292220)
  rows=255,100  triples=27,953,701  (4 ent/s, 418 triples/s, errors=292221)
  rows=255,137  triples=27,956,657  (4 ent/s, 418 triples/s, errors=292668)
  rows=255,184  triples=27,959,823  (4 ent/s, 418 triples/s, errors=292672)
  rows=255,217  triples=27,962,067  (4 ent/s, 418 triples/s, errors=292674)
  rows=255,269  triples=27,965,359  (4 ent/s, 418 triples/s, errors=292675)
  rows=255,310  triples=27,968,422  (4 ent/s, 418 triples/s, errors=292691)
  rows=255,356  triples=27,971,614  (4 ent/s, 418 triples/s, errors=292699)
  rows=255,398  triples=27,974,749  (4 ent/s, 418 triples/s, errors=292713)
  rows=255,427  triples=27,976,897  (4 ent/s, 418 triples/s, errors=292713)
  rows=255,467  triples=27,980,087  (4 ent/s, 418 triples/s, errors=292713)
  rows=255,502  triples=27,983,143  (4 ent/s, 418 triples/s, errors=292729)
  rows=255,543  triples=27,986,295  (4 ent/s, 418 triples/s, errors=292739)
  rows=255,580  triples=27,989,588  (4 ent/s, 418 triples/s, errors=292744)
  rows=255,615  triples=27,991,909  (4 ent/s, 418 triples/s, errors=292755)
  rows=255,641  triples=27,994,092  (4 ent/s, 418 triples/s, errors=292757)
  rows=255,681  triples=27,997,361  (4 ent/s, 418 triples/s, errors=292774)
  rows=255,719  triples=28,000,612  (4 ent/s, 418 triples/s, errors=292774)
  rows=255,760  triples=28,003,757  (4 ent/s, 418 triples/s, errors=292776)
  rows=255,797  triples=28,006,792  (4 ent/s, 418 triples/s, errors=292787)
  rows=255,823  triples=28,009,118  (4 ent/s, 418 triples/s, errors=292787)
  rows=255,862  triples=28,012,252  (4 ent/s, 418 triples/s, errors=292789)
  rows=255,898  triples=28,015,369  (4 ent/s, 418 triples/s, errors=292792)
  rows=255,921  triples=28,017,525  (4 ent/s, 418 triples/s, errors=292819)
  rows=255,957  triples=28,020,792  (4 ent/s, 418 triples/s, errors=292832)
  rows=255,996  triples=28,023,891  (4 ent/s, 418 triples/s, errors=292835)
  rows=256,028  triples=28,026,308  (4 ent/s, 418 triples/s, errors=292838)
  rows=256,071  triples=28,029,520  (4 ent/s, 418 triples/s, errors=292841)
  rows=256,122  triples=28,032,611  (4 ent/s, 418 triples/s, errors=292843)
  rows=256,159  triples=28,035,774  (4 ent/s, 418 triples/s, errors=292880)
  rows=256,193  triples=28,038,822  (4 ent/s, 418 triples/s, errors=292886)
  rows=256,227  triples=28,041,424  (4 ent/s, 418 triples/s, errors=292886)
  rows=256,273  triples=28,044,625  (4 ent/s, 418 triples/s, errors=292887)
  rows=256,325  triples=28,047,645  (4 ent/s, 418 triples/s, errors=292889)
  rows=256,339  triples=28,048,660  (4 ent/s, 418 triples/s, errors=292891)
  rows=256,365  triples=28,051,761  (4 ent/s, 418 triples/s, errors=292903)
  rows=256,401  triples=28,054,419  (4 ent/s, 418 triples/s, errors=292903)
  rows=256,444  triples=28,057,517  (4 ent/s, 418 triples/s, errors=292912)
  rows=256,482  triples=28,060,543  (4 ent/s, 418 triples/s, errors=292914)
  rows=256,527  triples=28,063,728  (4 ent/s, 418 triples/s, errors=292918)
  rows=256,565  triples=28,066,863  (4 ent/s, 418 triples/s, errors=292945)
  rows=256,601  triples=28,069,468  (4 ent/s, 418 triples/s, errors=292947)
  rows=256,637  triples=28,072,650  (4 ent/s, 418 triples/s, errors=292958)
  rows=256,676  triples=28,075,806  (4 ent/s, 418 triples/s, errors=292961)
  rows=256,722  triples=28,078,968  (4 ent/s, 418 triples/s, errors=292963)
  rows=256,751  triples=28,081,371  (4 ent/s, 418 triples/s, errors=292964)
  rows=256,773  triples=28,083,702  (4 ent/s, 418 triples/s, errors=292965)
  rows=256,801  triples=28,086,359  (4 ent/s, 418 triples/s, errors=292969)
  rows=256,844  triples=28,089,454  (4 ent/s, 418 triples/s, errors=292969)
  rows=256,891  triples=28,092,536  (4 ent/s, 418 triples/s, errors=292978)
  rows=256,935  triples=28,095,779  (4 ent/s, 418 triples/s, errors=293000)
  rows=256,974  triples=28,098,879  (4 ent/s, 418 triples/s, errors=293003)
  rows=257,017  triples=28,101,633  (4 ent/s, 418 triples/s, errors=293004)
  rows=257,061  triples=28,104,776  (4 ent/s, 418 triples/s, errors=293018)
  rows=257,090  triples=28,107,128  (4 ent/s, 418 triples/s, errors=293036)
  rows=257,131  triples=28,110,238  (4 ent/s, 418 triples/s, errors=293040)
  rows=257,175  triples=28,113,357  (4 ent/s, 418 triples/s, errors=293041)
  rows=257,201  triples=28,115,632  (4 ent/s, 418 triples/s, errors=293041)
  rows=257,238  triples=28,118,638  (4 ent/s, 418 triples/s, errors=293056)
  rows=257,267  triples=28,121,824  (4 ent/s, 418 triples/s, errors=293072)
  rows=257,303  triples=28,124,924  (4 ent/s, 418 triples/s, errors=293152)
  rows=257,350  triples=28,128,044  (4 ent/s, 418 triples/s, errors=293154)
  rows=257,396  triples=28,131,202  (4 ent/s, 418 triples/s, errors=293158)
  rows=257,435  triples=28,133,525  (4 ent/s, 418 triples/s, errors=293159)
  rows=257,486  triples=28,136,600  (4 ent/s, 418 triples/s, errors=293159)
  rows=257,528  triples=28,139,710  (4 ent/s, 418 triples/s, errors=293163)
  rows=257,565  triples=28,142,771  (4 ent/s, 418 triples/s, errors=293165)
  rows=257,601  triples=28,144,987  (4 ent/s, 418 triples/s, errors=293175)
  rows=257,641  triples=28,148,168  (4 ent/s, 418 triples/s, errors=293175)
  rows=257,684  triples=28,151,397  (4 ent/s, 418 triples/s, errors=293193)
  rows=257,721  triples=28,154,513  (4 ent/s, 418 triples/s, errors=293198)
  rows=257,758  triples=28,157,594  (4 ent/s, 418 triples/s, errors=293215)
  rows=257,801  triples=28,160,487  (4 ent/s, 418 triples/s, errors=293217)
  rows=257,842  triples=28,163,668  (4 ent/s, 418 triples/s, errors=293221)
  rows=257,882  triples=28,166,899  (4 ent/s, 418 triples/s, errors=293225)
  rows=257,923  triples=28,170,049  (4 ent/s, 418 triples/s, errors=293229)
  rows=257,968  triples=28,173,294  (4 ent/s, 418 triples/s, errors=293229)
  rows=257,994  triples=28,175,466  (4 ent/s, 418 triples/s, errors=293251)
  rows=258,022  triples=28,177,744  (4 ent/s, 418 triples/s, errors=293279)
  rows=258,060  triples=28,180,894  (4 ent/s, 418 triples/s, errors=293279)
  rows=258,093  triples=28,184,094  (4 ent/s, 418 triples/s, errors=293288)
  rows=258,131  triples=28,187,581  (4 ent/s, 418 triples/s, errors=293292)
  rows=258,157  triples=28,188,582  (4 ent/s, 418 triples/s, errors=293292)
  rows=258,184  triples=28,191,688  (4 ent/s, 418 triples/s, errors=293297)
  rows=258,214  triples=28,194,180  (4 ent/s, 418 triples/s, errors=293298)
  rows=258,252  triples=28,197,351  (4 ent/s, 418 triples/s, errors=293301)
  rows=258,289  triples=28,200,531  (4 ent/s, 418 triples/s, errors=293304)
  rows=258,338  triples=28,203,603  (4 ent/s, 418 triples/s, errors=293306)
  rows=258,366  triples=28,206,679  (4 ent/s, 418 triples/s, errors=293477)
  rows=258,401  triples=28,208,999  (4 ent/s, 418 triples/s, errors=293477)
  rows=258,442  triples=28,212,010  (4 ent/s, 418 triples/s, errors=293488)
  rows=258,478  triples=28,215,151  (4 ent/s, 418 triples/s, errors=293621)
  rows=258,509  triples=28,217,197  (4 ent/s, 418 triples/s, errors=293621)
  rows=258,551  triples=28,220,504  (4 ent/s, 418 triples/s, errors=293628)
  rows=258,598  triples=28,223,694  (4 ent/s, 418 triples/s, errors=293638)
  rows=258,628  triples=28,225,998  (4 ent/s, 418 triples/s, errors=293642)
  rows=258,670  triples=28,229,198  (4 ent/s, 418 triples/s, errors=293644)
  rows=258,712  triples=28,232,505  (4 ent/s, 418 triples/s, errors=293648)
  rows=258,755  triples=28,235,696  (4 ent/s, 418 triples/s, errors=293664)
  rows=258,800  triples=28,239,187  (4 ent/s, 418 triples/s, errors=293689)
  rows=258,844  triples=28,242,388  (4 ent/s, 418 triples/s, errors=293690)
  rows=258,862  triples=28,244,516  (4 ent/s, 418 triples/s, errors=293697)
  rows=258,889  triples=28,247,687  (4 ent/s, 418 triples/s, errors=293698)
  rows=258,925  triples=28,250,871  (4 ent/s, 418 triples/s, errors=293699)
  rows=258,968  triples=28,253,970  (4 ent/s, 418 triples/s, errors=293700)
  rows=259,001  triples=28,256,207  (4 ent/s, 418 triples/s, errors=293701)
  rows=259,039  triples=28,259,280  (4 ent/s, 418 triples/s, errors=293709)
  rows=259,089  triples=28,262,350  (4 ent/s, 418 triples/s, errors=293714)
  rows=259,125  triples=28,265,508  (4 ent/s, 418 triples/s, errors=293738)
  rows=259,165  triples=28,268,646  (4 ent/s, 418 triples/s, errors=293738)
  rows=259,201  triples=28,271,576  (4 ent/s, 418 triples/s, errors=293742)
  rows=259,243  triples=28,274,648  (4 ent/s, 418 triples/s, errors=293752)
  rows=259,297  triples=28,277,755  (4 ent/s, 418 triples/s, errors=293754)
  rows=259,326  triples=28,279,815  (4 ent/s, 418 triples/s, errors=293755)
  rows=259,350  triples=28,281,879  (4 ent/s, 418 triples/s, errors=293769)
  rows=259,379  triples=28,283,922  (4 ent/s, 418 triples/s, errors=293770)
  rows=259,413  triples=28,286,266  (4 ent/s, 418 triples/s, errors=293777)
  rows=259,452  triples=28,289,426  (4 ent/s, 418 triples/s, errors=293785)
  rows=259,481  triples=28,291,621  (4 ent/s, 418 triples/s, errors=293807)
  rows=259,509  triples=28,293,721  (4 ent/s, 418 triples/s, errors=293807)
  rows=259,550  triples=28,296,788  (4 ent/s, 418 triples/s, errors=293807)
  rows=259,592  triples=28,299,943  (4 ent/s, 418 triples/s, errors=293808)
  rows=259,630  triples=28,302,568  (4 ent/s, 418 triples/s, errors=293809)
  rows=259,649  triples=28,304,642  (4 ent/s, 418 triples/s, errors=293841)
  rows=259,669  triples=28,306,815  (4 ent/s, 418 triples/s, errors=293873)
  rows=259,703  triples=28,308,888  (4 ent/s, 418 triples/s, errors=293877)
  rows=259,737  triples=28,311,009  (4 ent/s, 418 triples/s, errors=293878)
  rows=259,773  triples=28,314,166  (4 ent/s, 418 triples/s, errors=293888)
  rows=259,796  triples=28,316,360  (4 ent/s, 418 triples/s, errors=293893)
  rows=259,829  triples=28,318,941  (4 ent/s, 418 triples/s, errors=293942)
  rows=259,856  triples=28,320,977  (4 ent/s, 418 triples/s, errors=293952)
  rows=259,897  triples=28,324,012  (4 ent/s, 418 triples/s, errors=293961)
  rows=259,932  triples=28,327,156  (4 ent/s, 418 triples/s, errors=293976)
  rows=259,965  triples=28,329,266  (4 ent/s, 418 triples/s, errors=293977)
  rows=259,975  triples=28,329,266  (4 ent/s, 418 triples/s, errors=293977)
  rows=260,001  triples=28,332,143  (4 ent/s, 418 triples/s, errors=293984)
  rows=260,033  triples=28,334,352  (4 ent/s, 418 triples/s, errors=293988)
  rows=260,073  triples=28,337,476  (4 ent/s, 418 triples/s, errors=293988)
  rows=260,120  triples=28,340,537  (4 ent/s, 418 triples/s, errors=293990)
  rows=260,159  triples=28,343,763  (4 ent/s, 418 triples/s, errors=293994)
  rows=260,201  triples=28,346,598  (4 ent/s, 418 triples/s, errors=294012)
  rows=260,234  triples=28,348,731  (4 ent/s, 418 triples/s, errors=294019)
  rows=260,252  triples=28,350,869  (4 ent/s, 418 triples/s, errors=294030)
  rows=260,285  triples=28,354,166  (4 ent/s, 418 triples/s, errors=294039)
  rows=260,309  triples=28,356,307  (4 ent/s, 418 triples/s, errors=294073)
  rows=260,350  triples=28,359,408  (4 ent/s, 418 triples/s, errors=294092)
  rows=260,389  triples=28,362,486  (4 ent/s, 418 triples/s, errors=294093)
  rows=260,414  triples=28,365,035  (4 ent/s, 418 triples/s, errors=294123)
  rows=260,458  triples=28,368,172  (4 ent/s, 418 triples/s, errors=294126)
  rows=260,488  triples=28,370,317  (4 ent/s, 418 triples/s, errors=294134)
  rows=260,515  triples=28,372,362  (4 ent/s, 418 triples/s, errors=294136)
  rows=260,547  triples=28,374,487  (4 ent/s, 418 triples/s, errors=294139)
  rows=260,579  triples=28,377,514  (4 ent/s, 418 triples/s, errors=294153)
  rows=260,613  triples=28,380,646  (4 ent/s, 418 triples/s, errors=294162)
  rows=260,646  triples=28,383,910  (4 ent/s, 418 triples/s, errors=294190)
  rows=260,677  triples=28,386,966  (4 ent/s, 418 triples/s, errors=294190)
  rows=260,722  triples=28,389,997  (4 ent/s, 418 triples/s, errors=294195)
  rows=260,762  triples=28,392,070  (4 ent/s, 418 triples/s, errors=294197)
  rows=260,791  triples=28,395,238  (4 ent/s, 418 triples/s, errors=294202)
  rows=260,831  triples=28,398,127  (4 ent/s, 418 triples/s, errors=294206)
  rows=260,875  triples=28,401,269  (4 ent/s, 418 triples/s, errors=294206)
  rows=260,905  triples=28,403,374  (4 ent/s, 418 triples/s, errors=294209)
  rows=260,933  triples=28,405,575  (4 ent/s, 418 triples/s, errors=294214)
  rows=260,967  triples=28,407,660  (4 ent/s, 418 triples/s, errors=294214)
  rows=261,001  triples=28,410,678  (4 ent/s, 418 triples/s, errors=294215)
  rows=261,039  triples=28,412,803  (4 ent/s, 418 triples/s, errors=294225)
  rows=261,077  triples=28,415,029  (4 ent/s, 418 triples/s, errors=294225)
  rows=261,088  triples=28,417,164  (4 ent/s, 418 triples/s, errors=294240)
  rows=261,119  triples=28,419,567  (4 ent/s, 418 triples/s, errors=294242)
  rows=261,146  triples=28,421,725  (4 ent/s, 418 triples/s, errors=294251)
  rows=261,181  triples=28,423,783  (4 ent/s, 418 triples/s, errors=294254)
  rows=261,196  triples=28,426,118  (4 ent/s, 418 triples/s, errors=294268)
  rows=261,224  triples=28,428,396  (4 ent/s, 418 triples/s, errors=294270)
  rows=261,259  triples=28,430,520  (4 ent/s, 418 triples/s, errors=294270)
  rows=261,296  triples=28,433,647  (4 ent/s, 418 triples/s, errors=294273)
  rows=261,318  triples=28,435,783  (4 ent/s, 418 triples/s, errors=294284)
  rows=261,346  triples=28,437,952  (4 ent/s, 418 triples/s, errors=294291)
  rows=261,376  triples=28,440,022  (4 ent/s, 418 triples/s, errors=294292)
  rows=261,415  triples=28,442,465  (4 ent/s, 418 triples/s, errors=294297)
  rows=261,437  triples=28,444,569  (4 ent/s, 418 triples/s, errors=294299)
  rows=261,460  triples=28,446,784  (4 ent/s, 418 triples/s, errors=294319)
  rows=261,488  triples=28,448,992  (4 ent/s, 418 triples/s, errors=294323)
  rows=261,528  triples=28,452,028  (4 ent/s, 418 triples/s, errors=294339)
  rows=261,557  triples=28,454,076  (4 ent/s, 418 triples/s, errors=294344)
  rows=261,601  triples=28,457,072  (4 ent/s, 418 triples/s, errors=294344)
  rows=261,625  triples=28,459,431  (4 ent/s, 418 triples/s, errors=294358)
  rows=261,658  triples=28,461,456  (4 ent/s, 418 triples/s, errors=294420)
  rows=261,687  triples=28,463,686  (4 ent/s, 418 triples/s, errors=294425)
  rows=261,727  triples=28,465,861  (4 ent/s, 418 triples/s, errors=294429)
  rows=261,764  triples=28,468,014  (4 ent/s, 418 triples/s, errors=294429)
  rows=261,790  triples=28,470,076  (4 ent/s, 418 triples/s, errors=294430)
  rows=261,793  triples=28,470,076  (4 ent/s, 418 triples/s, errors=294430)
  rows=261,840  triples=28,472,724  (4 ent/s, 418 triples/s, errors=294436)
  rows=261,867  triples=28,474,801  (4 ent/s, 418 triples/s, errors=294455)
  rows=261,895  triples=28,476,824  (4 ent/s, 418 triples/s, errors=294458)
  rows=261,921  triples=28,478,967  (4 ent/s, 418 triples/s, errors=294463)
  rows=261,956  triples=28,482,043  (4 ent/s, 418 triples/s, errors=294468)
  rows=261,992  triples=28,484,121  (4 ent/s, 418 triples/s, errors=294469)
  rows=262,033  triples=28,487,113  (4 ent/s, 418 triples/s, errors=294482)
  rows=262,058  triples=28,489,213  (4 ent/s, 418 triples/s, errors=294487)
  rows=262,099  triples=28,492,364  (4 ent/s, 418 triples/s, errors=294493)
  rows=262,139  triples=28,494,437  (4 ent/s, 418 triples/s, errors=294495)
  rows=262,157  triples=28,496,490  (4 ent/s, 418 triples/s, errors=294502)
  rows=262,183  triples=28,498,591  (4 ent/s, 418 triples/s, errors=294502)
  rows=262,213  triples=28,500,916  (4 ent/s, 418 triples/s, errors=294503)
  rows=262,246  triples=28,503,088  (4 ent/s, 418 triples/s, errors=294509)
  rows=262,271  triples=28,505,262  (4 ent/s, 418 triples/s, errors=294529)
  rows=262,306  triples=28,507,394  (4 ent/s, 418 triples/s, errors=294532)
  rows=262,330  triples=28,509,458  (4 ent/s, 418 triples/s, errors=294533)
  rows=262,354  triples=28,511,520  (4 ent/s, 418 triples/s, errors=294533)
  rows=262,372  triples=28,513,682  (4 ent/s, 418 triples/s, errors=294547)
  rows=262,399  triples=28,515,778  (4 ent/s, 418 triples/s, errors=294562)
  rows=262,429  triples=28,518,194  (4 ent/s, 418 triples/s, errors=294567)
  rows=262,459  triples=28,520,292  (4 ent/s, 418 triples/s, errors=294574)
  rows=262,485  triples=28,522,529  (4 ent/s, 418 triples/s, errors=294581)
  rows=262,508  triples=28,524,575  (4 ent/s, 418 triples/s, errors=294613)
  rows=262,536  triples=28,526,689  (4 ent/s, 418 triples/s, errors=294625)
  rows=262,570  triples=28,528,869  (4 ent/s, 418 triples/s, errors=294626)
  rows=262,594  triples=28,530,953  (4 ent/s, 418 triples/s, errors=294631)
  rows=262,632  triples=28,533,355  (4 ent/s, 418 triples/s, errors=294631)
  rows=262,659  triples=28,535,426  (4 ent/s, 418 triples/s, errors=294631)
  rows=262,688  triples=28,537,504  (4 ent/s, 418 triples/s, errors=294632)
  rows=262,715  triples=28,539,577  (4 ent/s, 418 triples/s, errors=294633)
  rows=262,743  triples=28,541,680  (4 ent/s, 418 triples/s, errors=294633)
  rows=262,771  triples=28,543,869  (4 ent/s, 418 triples/s, errors=294633)
  rows=262,796  triples=28,546,041  (4 ent/s, 418 triples/s, errors=294652)
  rows=262,824  triples=28,548,262  (4 ent/s, 418 triples/s, errors=294652)
  rows=262,854  triples=28,550,291  (4 ent/s, 418 triples/s, errors=294654)
  rows=262,888  triples=28,552,374  (4 ent/s, 418 triples/s, errors=294655)
  rows=262,918  triples=28,554,525  (4 ent/s, 418 triples/s, errors=294666)
  rows=262,949  triples=28,556,566  (4 ent/s, 418 triples/s, errors=294668)
  rows=262,976  triples=28,558,692  (4 ent/s, 418 triples/s, errors=294669)
  rows=263,008  triples=28,561,738  (4 ent/s, 418 triples/s, errors=294670)
  rows=263,039  triples=28,563,747  (4 ent/s, 418 triples/s, errors=294677)
  rows=263,074  triples=28,565,778  (4 ent/s, 418 triples/s, errors=294681)
  rows=263,108  triples=28,567,870  (4 ent/s, 418 triples/s, errors=294683)
  rows=263,136  triples=28,570,089  (4 ent/s, 418 triples/s, errors=294683)
  rows=263,163  triples=28,572,252  (4 ent/s, 418 triples/s, errors=294686)
  rows=263,198  triples=28,574,297  (4 ent/s, 418 triples/s, errors=294686)
  rows=263,229  triples=28,576,868  (4 ent/s, 418 triples/s, errors=294686)
  rows=263,256  triples=28,578,967  (4 ent/s, 418 triples/s, errors=294686)
  rows=263,288  triples=28,581,128  (4 ent/s, 418 triples/s, errors=294688)
  rows=263,315  triples=28,583,315  (4 ent/s, 418 triples/s, errors=294698)
  rows=263,351  triples=28,585,467  (4 ent/s, 418 triples/s, errors=294701)
  rows=263,365  triples=28,587,604  (4 ent/s, 418 triples/s, errors=294707)
  rows=263,388  triples=28,589,687  (4 ent/s, 418 triples/s, errors=294711)
  rows=263,429  triples=28,592,999  (4 ent/s, 418 triples/s, errors=294729)
  rows=263,460  triples=28,595,026  (4 ent/s, 418 triples/s, errors=294735)
  rows=263,498  triples=28,598,312  (4 ent/s, 418 triples/s, errors=294740)
  rows=263,538  triples=28,601,434  (4 ent/s, 418 triples/s, errors=294741)
  rows=263,569  triples=28,603,479  (4 ent/s, 418 triples/s, errors=294742)
  rows=263,598  triples=28,606,574  (4 ent/s, 418 triples/s, errors=294747)
  rows=263,611  triples=28,607,921  (4 ent/s, 418 triples/s, errors=294757)
  rows=263,638  triples=28,610,281  (4 ent/s, 418 triples/s, errors=294757)
  rows=263,663  triples=28,612,399  (4 ent/s, 418 triples/s, errors=294759)
  rows=263,702  triples=28,614,648  (4 ent/s, 418 triples/s, errors=294760)
  rows=263,718  triples=28,616,839  (4 ent/s, 418 triples/s, errors=294763)
  rows=263,745  triples=28,619,025  (4 ent/s, 418 triples/s, errors=294768)
  rows=263,777  triples=28,622,178  (4 ent/s, 418 triples/s, errors=294777)
  rows=263,814  triples=28,624,910  (4 ent/s, 418 triples/s, errors=294781)
  rows=263,838  triples=28,626,979  (4 ent/s, 418 triples/s, errors=294790)
  rows=263,868  triples=28,629,105  (4 ent/s, 418 triples/s, errors=294790)
  rows=263,895  triples=28,631,228  (4 ent/s, 418 triples/s, errors=294791)
  rows=263,920  triples=28,633,337  (4 ent/s, 418 triples/s, errors=294796)
  rows=263,964  triples=28,636,392  (4 ent/s, 418 triples/s, errors=294803)
  rows=263,988  triples=28,638,502  (4 ent/s, 418 triples/s, errors=294805)
  rows=264,020  triples=28,640,522  (4 ent/s, 418 triples/s, errors=294807)
  rows=264,043  triples=28,642,822  (4 ent/s, 418 triples/s, errors=294828)
  rows=264,076  triples=28,644,853  (4 ent/s, 418 triples/s, errors=294829)
  rows=264,107  triples=28,648,049  (4 ent/s, 418 triples/s, errors=294829)
  rows=264,139  triples=28,650,100  (4 ent/s, 418 triples/s, errors=294830)
  rows=264,167  triples=28,652,194  (4 ent/s, 418 triples/s, errors=294831)
  rows=264,213  triples=28,654,982  (4 ent/s, 418 triples/s, errors=294835)
  rows=264,235  triples=28,657,049  (4 ent/s, 418 triples/s, errors=294838)
  rows=264,277  triples=28,660,296  (4 ent/s, 418 triples/s, errors=294841)
  rows=264,310  triples=28,662,466  (4 ent/s, 418 triples/s, errors=294844)
  rows=264,329  triples=28,664,611  (4 ent/s, 418 triples/s, errors=294858)
  rows=264,373  triples=28,667,719  (4 ent/s, 418 triples/s, errors=294858)
  rows=264,412  triples=28,669,697  (4 ent/s, 418 triples/s, errors=294865)
  rows=264,435  triples=28,671,803  (4 ent/s, 418 triples/s, errors=294867)
  rows=264,477  triples=28,674,996  (4 ent/s, 418 triples/s, errors=294868)
  rows=264,513  triples=28,678,086  (4 ent/s, 418 triples/s, errors=294895)
  rows=264,542  triples=28,680,213  (4 ent/s, 418 triples/s, errors=294909)
  rows=264,572  triples=28,682,345  (4 ent/s, 418 triples/s, errors=294913)
  rows=264,598  triples=28,684,463  (4 ent/s, 418 triples/s, errors=294915)
  rows=264,626  triples=28,686,780  (4 ent/s, 418 triples/s, errors=294920)
  rows=264,650  triples=28,688,940  (4 ent/s, 418 triples/s, errors=294936)
  rows=264,681  triples=28,691,191  (4 ent/s, 418 triples/s, errors=294943)
  rows=264,709  triples=28,693,228  (4 ent/s, 418 triples/s, errors=294943)
  rows=264,738  triples=28,695,283  (4 ent/s, 418 triples/s, errors=294950)
  rows=264,763  triples=28,697,543  (4 ent/s, 418 triples/s, errors=294958)
  rows=264,790  triples=28,699,854  (4 ent/s, 418 triples/s, errors=294962)
  rows=264,827  triples=28,702,674  (4 ent/s, 418 triples/s, errors=294969)
  rows=264,864  triples=28,705,827  (4 ent/s, 418 triples/s, errors=294989)
  rows=264,887  triples=28,707,868  (4 ent/s, 418 triples/s, errors=295001)
  rows=264,921  triples=28,709,964  (4 ent/s, 418 triples/s, errors=295002)
  rows=264,952  triples=28,712,131  (4 ent/s, 418 triples/s, errors=295005)
  rows=264,982  triples=28,714,340  (4 ent/s, 418 triples/s, errors=295010)
  rows=265,015  triples=28,716,463  (4 ent/s, 418 triples/s, errors=295012)
  rows=265,050  triples=28,719,586  (4 ent/s, 418 triples/s, errors=295022)
  rows=265,075  triples=28,721,785  (4 ent/s, 418 triples/s, errors=295033)
  rows=265,106  triples=28,724,010  (4 ent/s, 418 triples/s, errors=295039)
  rows=265,149  triples=28,727,150  (4 ent/s, 418 triples/s, errors=295045)
  rows=265,174  triples=28,729,250  (4 ent/s, 418 triples/s, errors=295052)
  rows=265,217  triples=28,732,017  (4 ent/s, 418 triples/s, errors=295053)
  rows=265,246  triples=28,734,051  (4 ent/s, 418 triples/s, errors=295053)
  rows=265,273  triples=28,736,508  (4 ent/s, 418 triples/s, errors=295057)
  rows=265,303  triples=28,738,706  (4 ent/s, 418 triples/s, errors=295071)
  rows=265,326  triples=28,741,096  (4 ent/s, 418 triples/s, errors=295085)
  rows=265,351  triples=28,743,112  (4 ent/s, 418 triples/s, errors=295090)
  rows=265,378  triples=28,745,207  (4 ent/s, 418 triples/s, errors=295090)
  rows=265,414  triples=28,747,747  (4 ent/s, 418 triples/s, errors=295091)
  rows=265,429  triples=28,748,835  (4 ent/s, 418 triples/s, errors=295092)
  rows=265,457  triples=28,750,967  (4 ent/s, 418 triples/s, errors=295093)
  rows=265,485  triples=28,754,035  (4 ent/s, 418 triples/s, errors=295095)
  rows=265,518  triples=28,756,374  (4 ent/s, 418 triples/s, errors=295098)
  rows=265,542  triples=28,758,407  (4 ent/s, 418 triples/s, errors=295101)
  rows=265,574  triples=28,760,545  (4 ent/s, 418 triples/s, errors=295102)
  rows=265,598  triples=28,762,631  (4 ent/s, 418 triples/s, errors=295102)
  rows=265,627  triples=28,764,922  (4 ent/s, 418 triples/s, errors=295121)
  rows=265,665  triples=28,767,120  (4 ent/s, 418 triples/s, errors=295124)
  rows=265,694  triples=28,769,212  (4 ent/s, 418 triples/s, errors=295124)
  rows=265,739  triples=28,772,436  (4 ent/s, 418 triples/s, errors=295142)
  rows=265,769  triples=28,774,770  (4 ent/s, 418 triples/s, errors=295143)
  rows=265,801  triples=28,776,765  (4 ent/s, 418 triples/s, errors=295143)
  rows=265,837  triples=28,778,773  (4 ent/s, 418 triples/s, errors=295146)
  rows=265,876  triples=28,781,918  (4 ent/s, 418 triples/s, errors=295146)
  rows=265,913  triples=28,785,069  (4 ent/s, 418 triples/s, errors=295157)
  rows=265,952  triples=28,787,106  (4 ent/s, 418 triples/s, errors=295158)
  rows=265,980  triples=28,790,260  (4 ent/s, 418 triples/s, errors=295185)
  rows=266,017  triples=28,793,045  (4 ent/s, 418 triples/s, errors=295195)
  rows=266,046  triples=28,795,142  (4 ent/s, 418 triples/s, errors=295200)
  rows=266,075  triples=28,797,342  (4 ent/s, 418 triples/s, errors=295202)
  rows=266,105  triples=28,799,608  (4 ent/s, 418 triples/s, errors=295202)
  rows=266,135  triples=28,801,624  (4 ent/s, 418 triples/s, errors=295220)
  rows=266,161  triples=28,803,681  (4 ent/s, 418 triples/s, errors=295225)
  rows=266,191  triples=28,805,817  (4 ent/s, 418 triples/s, errors=295225)
  rows=266,225  triples=28,808,335  (4 ent/s, 418 triples/s, errors=295231)
  rows=266,251  triples=28,810,369  (4 ent/s, 418 triples/s, errors=295254)
  rows=266,292  triples=28,812,440  (4 ent/s, 418 triples/s, errors=295257)
  rows=266,324  triples=28,815,701  (4 ent/s, 418 triples/s, errors=295258)
  rows=266,364  triples=28,818,857  (4 ent/s, 418 triples/s, errors=295263)
  rows=266,384  triples=28,821,115  (4 ent/s, 418 triples/s, errors=295272)
  rows=266,427  triples=28,823,981  (4 ent/s, 418 triples/s, errors=295282)
  rows=266,463  triples=28,826,014  (4 ent/s, 418 triples/s, errors=295289)
  rows=266,493  triples=28,828,086  (4 ent/s, 418 triples/s, errors=295291)
  rows=266,519  triples=28,830,338  (4 ent/s, 418 triples/s, errors=295297)
  rows=266,547  triples=28,832,477  (4 ent/s, 418 triples/s, errors=295298)
  rows=266,595  triples=28,835,650  (4 ent/s, 418 triples/s, errors=295299)
  rows=266,622  triples=28,837,954  (4 ent/s, 418 triples/s, errors=295306)
  rows=266,652  triples=28,840,179  (4 ent/s, 418 triples/s, errors=295334)
  rows=266,679  triples=28,842,196  (4 ent/s, 418 triples/s, errors=295408)
  rows=266,714  triples=28,844,274  (4 ent/s, 418 triples/s, errors=295414)
  rows=266,738  triples=28,846,397  (4 ent/s, 418 triples/s, errors=295429)
  rows=266,761  triples=28,848,434  (4 ent/s, 418 triples/s, errors=295431)
  rows=266,789  triples=28,850,589  (4 ent/s, 418 triples/s, errors=295480)
  rows=266,816  triples=28,852,711  (4 ent/s, 418 triples/s, errors=295486)
  rows=266,841  triples=28,854,825  (4 ent/s, 418 triples/s, errors=295493)
  rows=266,869  triples=28,856,869  (4 ent/s, 418 triples/s, errors=295501)
  rows=266,895  triples=28,858,959  (4 ent/s, 418 triples/s, errors=295510)
  rows=266,920  triples=28,861,132  (4 ent/s, 418 triples/s, errors=295539)
  rows=266,947  triples=28,863,143  (4 ent/s, 418 triples/s, errors=295663)
  rows=266,981  triples=28,865,409  (4 ent/s, 418 triples/s, errors=295670)
  rows=267,013  triples=28,867,838  (4 ent/s, 418 triples/s, errors=295672)
  rows=267,050  triples=28,870,064  (4 ent/s, 418 triples/s, errors=295672)
  rows=267,074  triples=28,872,332  (4 ent/s, 418 triples/s, errors=295672)
  rows=267,094  triples=28,874,479  (4 ent/s, 418 triples/s, errors=295683)
  rows=267,132  triples=28,876,567  (4 ent/s, 418 triples/s, errors=295686)
  rows=267,171  triples=28,879,700  (4 ent/s, 418 triples/s, errors=295691)
  rows=267,213  triples=28,882,577  (4 ent/s, 418 triples/s, errors=295695)
  rows=267,243  triples=28,884,707  (4 ent/s, 418 triples/s, errors=295695)
  rows=267,247  triples=28,884,707  (4 ent/s, 417 triples/s, errors=295695)
  rows=267,274  triples=28,886,854  (4 ent/s, 417 triples/s, errors=295733)
  rows=267,307  triples=28,888,984  (4 ent/s, 417 triples/s, errors=295734)
  rows=267,339  triples=28,891,081  (4 ent/s, 417 triples/s, errors=295755)
  rows=267,364  triples=28,893,328  (4 ent/s, 417 triples/s, errors=295756)
  rows=267,387  triples=28,895,370  (4 ent/s, 417 triples/s, errors=295756)
  rows=267,412  triples=28,897,477  (4 ent/s, 417 triples/s, errors=295773)
  rows=267,451  triples=28,900,614  (4 ent/s, 417 triples/s, errors=295776)
  rows=267,499  triples=28,903,812  (4 ent/s, 417 triples/s, errors=295777)
  rows=267,532  triples=28,905,958  (4 ent/s, 417 triples/s, errors=295781)
  rows=267,583  triples=28,909,147  (4 ent/s, 417 triples/s, errors=295782)
  rows=267,616  triples=28,911,351  (4 ent/s, 417 triples/s, errors=295783)
  rows=267,659  triples=28,914,419  (4 ent/s, 417 triples/s, errors=295793)
  rows=267,702  triples=28,917,607  (4 ent/s, 417 triples/s, errors=295796)
  rows=267,732  triples=28,919,699  (4 ent/s, 417 triples/s, errors=295796)
  rows=267,772  triples=28,921,790  (4 ent/s, 417 triples/s, errors=295799)
  rows=267,790  triples=28,924,049  (4 ent/s, 417 triples/s, errors=295803)
  rows=267,818  triples=28,926,248  (4 ent/s, 417 triples/s, errors=295809)
  rows=267,855  triples=28,929,294  (4 ent/s, 417 triples/s, errors=295820)
  rows=267,881  triples=28,931,450  (4 ent/s, 417 triples/s, errors=295823)
  rows=267,926  triples=28,934,622  (4 ent/s, 417 triples/s, errors=295836)
  rows=267,967  triples=28,937,677  (4 ent/s, 417 triples/s, errors=295836)
  rows=267,990  triples=28,939,819  (4 ent/s, 417 triples/s, errors=295862)
  rows=268,029  triples=28,942,803  (4 ent/s, 417 triples/s, errors=295870)
  rows=268,056  triples=28,944,979  (4 ent/s, 417 triples/s, errors=295871)
  rows=268,103  triples=28,948,049  (4 ent/s, 417 triples/s, errors=295874)
  rows=268,131  triples=28,950,208  (4 ent/s, 417 triples/s, errors=295887)
  rows=268,159  triples=28,952,386  (4 ent/s, 417 triples/s, errors=295888)
  rows=268,190  triples=28,954,434  (4 ent/s, 417 triples/s, errors=295895)
  rows=268,226  triples=28,957,523  (4 ent/s, 417 triples/s, errors=295900)
  rows=268,253  triples=28,959,766  (4 ent/s, 417 triples/s, errors=295902)
  rows=268,296  triples=28,961,865  (4 ent/s, 417 triples/s, errors=295902)
  rows=268,316  triples=28,964,073  (4 ent/s, 417 triples/s, errors=295906)
  rows=268,354  triples=28,966,485  (4 ent/s, 417 triples/s, errors=295906)
  rows=268,378  triples=28,969,428  (4 ent/s, 417 triples/s, errors=295976)
  rows=268,400  triples=28,971,474  (4 ent/s, 417 triples/s, errors=295977)
  rows=268,422  triples=28,973,488  (4 ent/s, 417 triples/s, errors=295983)
  rows=268,447  triples=28,975,810  (4 ent/s, 417 triples/s, errors=295994)
  rows=268,479  triples=28,977,874  (4 ent/s, 417 triples/s, errors=296002)
  rows=268,523  triples=28,981,020  (4 ent/s, 417 triples/s, errors=296024)
  rows=268,551  triples=28,983,072  (4 ent/s, 417 triples/s, errors=296027)
  rows=268,592  triples=28,986,280  (4 ent/s, 417 triples/s, errors=296029)
  rows=268,629  triples=28,989,147  (4 ent/s, 417 triples/s, errors=296034)
  rows=268,663  triples=28,991,311  (4 ent/s, 417 triples/s, errors=296037)
  rows=268,705  triples=28,993,499  (4 ent/s, 417 triples/s, errors=296037)
  rows=268,735  triples=28,995,661  (4 ent/s, 417 triples/s, errors=296044)
  rows=268,767  triples=28,997,709  (4 ent/s, 417 triples/s, errors=296047)
  rows=268,796  triples=29,000,753  (4 ent/s, 417 triples/s, errors=296050)
  rows=268,836  triples=29,003,274  (4 ent/s, 417 triples/s, errors=296073)
  rows=268,865  triples=29,005,331  (4 ent/s, 417 triples/s, errors=296076)
  rows=268,899  triples=29,007,462  (4 ent/s, 417 triples/s, errors=296077)
  rows=268,937  triples=29,009,563  (4 ent/s, 417 triples/s, errors=296078)
  rows=268,978  triples=29,012,721  (4 ent/s, 417 triples/s, errors=296086)
  rows=269,011  triples=29,015,408  (4 ent/s, 417 triples/s, errors=296086)
  rows=269,042  triples=29,017,675  (4 ent/s, 417 triples/s, errors=296094)
  rows=269,065  triples=29,019,853  (4 ent/s, 417 triples/s, errors=296103)
  rows=269,099  triples=29,022,070  (4 ent/s, 417 triples/s, errors=296107)
  rows=269,140  triples=29,025,215  (4 ent/s, 417 triples/s, errors=296108)
  rows=269,185  triples=29,028,294  (4 ent/s, 417 triples/s, errors=296109)
  rows=269,213  triples=29,030,565  (4 ent/s, 417 triples/s, errors=296111)
  rows=269,261  triples=29,033,652  (4 ent/s, 417 triples/s, errors=296116)
  rows=269,297  triples=29,036,686  (4 ent/s, 417 triples/s, errors=296142)
  rows=269,327  triples=29,038,748  (4 ent/s, 417 triples/s, errors=296153)
  rows=269,365  triples=29,041,776  (4 ent/s, 417 triples/s, errors=296154)
  rows=269,398  triples=29,043,835  (4 ent/s, 417 triples/s, errors=296155)
  rows=269,427  triples=29,046,077  (4 ent/s, 417 triples/s, errors=296182)
  rows=269,463  triples=29,048,105  (4 ent/s, 417 triples/s, errors=296192)
  rows=269,498  triples=29,051,273  (4 ent/s, 417 triples/s, errors=296197)
  rows=269,536  triples=29,054,348  (4 ent/s, 417 triples/s, errors=296224)
  rows=269,576  triples=29,057,733  (4 ent/s, 417 triples/s, errors=296241)
  rows=269,616  triples=29,060,112  (4 ent/s, 417 triples/s, errors=296243)
  rows=269,657  triples=29,063,273  (4 ent/s, 417 triples/s, errors=296255)
  rows=269,694  triples=29,065,366  (4 ent/s, 417 triples/s, errors=296255)
  rows=269,725  triples=29,067,501  (4 ent/s, 417 triples/s, errors=296259)
  rows=269,753  triples=29,069,713  (4 ent/s, 417 triples/s, errors=296264)
  rows=269,780  triples=29,071,834  (4 ent/s, 417 triples/s, errors=296270)
  rows=269,814  triples=29,074,568  (4 ent/s, 417 triples/s, errors=296279)
  rows=269,853  triples=29,077,640  (4 ent/s, 417 triples/s, errors=296304)
  rows=269,899  triples=29,080,741  (4 ent/s, 417 triples/s, errors=296305)
  rows=269,945  triples=29,083,881  (4 ent/s, 417 triples/s, errors=296313)
  rows=269,979  triples=29,085,953  (4 ent/s, 417 triples/s, errors=296316)
  rows=270,010  triples=29,088,774  (4 ent/s, 417 triples/s, errors=296330)
  rows=270,058  triples=29,092,121  (4 ent/s, 417 triples/s, errors=296343)
  rows=270,104  triples=29,095,144  (4 ent/s, 417 triples/s, errors=296346)
  rows=270,125  triples=29,097,370  (4 ent/s, 417 triples/s, errors=296360)
  rows=270,162  triples=29,099,399  (4 ent/s, 417 triples/s, errors=296367)
  rows=270,197  triples=29,101,534  (4 ent/s, 417 triples/s, errors=296377)
  rows=270,223  triples=29,103,551  (4 ent/s, 417 triples/s, errors=296379)
  rows=270,262  triples=29,106,617  (4 ent/s, 417 triples/s, errors=296412)
  rows=270,303  triples=29,108,737  (4 ent/s, 417 triples/s, errors=296413)
  rows=270,347  triples=29,111,887  (4 ent/s, 417 triples/s, errors=296419)
  rows=270,380  triples=29,113,951  (4 ent/s, 417 triples/s, errors=296424)
  rows=270,416  triples=29,116,519  (4 ent/s, 417 triples/s, errors=296425)
  rows=270,466  triples=29,119,791  (4 ent/s, 417 triples/s, errors=296457)
  rows=270,494  triples=29,121,817  (4 ent/s, 417 triples/s, errors=296478)
  rows=270,525  triples=29,123,913  (4 ent/s, 417 triples/s, errors=296479)
  rows=270,550  triples=29,126,066  (4 ent/s, 417 triples/s, errors=296492)
  rows=270,592  triples=29,129,357  (4 ent/s, 417 triples/s, errors=296515)
  rows=270,632  triples=29,132,173  (4 ent/s, 417 triples/s, errors=296580)
  [ERROR] insert: HTTPConnectionPool(host='localhost', port=3030): Read timed out. (read timeout=120)
  rows=270,658  triples=29,133,182  (4 ent/s, 416 triples/s, errors=296581)
  [ERROR] insert: HTTPConnectionPool(host='localhost', port=3030): Read timed out. (read timeout=120)
  rows=270,674  triples=29,133,182  (4 ent/s, 416 triples/s, errors=296581)
  [ERROR] insert: HTTPConnectionPool(host='localhost', port=3030): Read timed out. (read timeout=120)
  rows=270,688  triples=29,133,182  (4 ent/s, 415 triples/s, errors=296581)
  [ERROR] insert: HTTPConnectionPool(host='localhost', port=3030): Read timed out. (read timeout=120)
  rows=270,709  triples=29,133,182  (4 ent/s, 414 triples/s, errors=296581)
  rows=270,723  triples=29,134,283  (4 ent/s, 414 triples/s, errors=296581)
  rows=270,746  triples=29,136,305  (4 ent/s, 414 triples/s, errors=296694)
  rows=270,774  triples=29,138,407  (4 ent/s, 414 triples/s, errors=296716)
  rows=270,801  triples=29,140,281  (4 ent/s, 414 triples/s, errors=296716)
  rows=270,829  triples=29,142,391  (4 ent/s, 414 triples/s, errors=296727)
  rows=270,855  triples=29,144,421  (4 ent/s, 414 triples/s, errors=296769)
  rows=270,880  triples=29,146,662  (4 ent/s, 414 triples/s, errors=296773)
  rows=270,883  triples=29,146,662  (4 ent/s, 413 triples/s, errors=296773)
  rows=270,913  triples=29,148,664  (4 ent/s, 413 triples/s, errors=296780)
  rows=270,945  triples=29,150,824  (4 ent/s, 413 triples/s, errors=296780)
  rows=270,977  triples=29,152,872  (4 ent/s, 413 triples/s, errors=296791)
  rows=271,001  triples=29,154,561  (4 ent/s, 413 triples/s, errors=296792)
  rows=271,030  triples=29,156,866  (4 ent/s, 413 triples/s, errors=296796)
  rows=271,060  triples=29,158,942  (4 ent/s, 413 triples/s, errors=296798)
  rows=271,084  triples=29,161,051  (4 ent/s, 413 triples/s, errors=296804)
  rows=271,111  triples=29,163,079  (4 ent/s, 413 triples/s, errors=296818)
  rows=271,137  triples=29,165,192  (4 ent/s, 413 triples/s, errors=296822)
  rows=271,157  triples=29,167,232  (4 ent/s, 413 triples/s, errors=296830)
  rows=271,190  triples=29,169,332  (4 ent/s, 413 triples/s, errors=296832)
  rows=271,213  triples=29,171,088  (4 ent/s, 413 triples/s, errors=296832)
  rows=271,239  triples=29,173,118  (4 ent/s, 413 triples/s, errors=296843)
  rows=271,263  triples=29,175,185  (4 ent/s, 413 triples/s, errors=296846)
  rows=271,288  triples=29,177,296  (4 ent/s, 413 triples/s, errors=296848)
  rows=271,317  triples=29,179,534  (4 ent/s, 413 triples/s, errors=296853)
  rows=271,346  triples=29,181,696  (4 ent/s, 413 triples/s, errors=296870)
  rows=271,367  triples=29,183,854  (4 ent/s, 413 triples/s, errors=296876)
  rows=271,399  triples=29,185,917  (4 ent/s, 413 triples/s, errors=296892)
  rows=271,426  triples=29,188,172  (4 ent/s, 413 triples/s, errors=296922)
  rows=271,456  triples=29,190,272  (4 ent/s, 413 triples/s, errors=296922)
  rows=271,487  triples=29,192,408  (4 ent/s, 413 triples/s, errors=296930)
  rows=271,515  triples=29,194,449  (4 ent/s, 413 triples/s, errors=296932)
  rows=271,542  triples=29,196,601  (4 ent/s, 413 triples/s, errors=296936)
  rows=271,569  triples=29,198,701  (4 ent/s, 413 triples/s, errors=296943)
  rows=271,598  triples=29,200,747  (4 ent/s, 413 triples/s, errors=296955)
  rows=271,629  triples=29,202,984  (4 ent/s, 413 triples/s, errors=296955)
  rows=271,658  triples=29,205,095  (4 ent/s, 413 triples/s, errors=296956)
  rows=271,685  triples=29,207,154  (4 ent/s, 413 triples/s, errors=297010)
  rows=271,710  triples=29,209,245  (4 ent/s, 413 triples/s, errors=297011)
  rows=271,740  triples=29,211,367  (4 ent/s, 413 triples/s, errors=297017)
  rows=271,770  triples=29,213,397  (4 ent/s, 413 triples/s, errors=297017)
  rows=271,799  triples=29,215,483  (4 ent/s, 413 triples/s, errors=297020)
  rows=271,825  triples=29,217,588  (4 ent/s, 413 triples/s, errors=297020)
  rows=271,850  triples=29,219,647  (4 ent/s, 413 triples/s, errors=297029)
  rows=271,881  triples=29,221,777  (4 ent/s, 413 triples/s, errors=297030)
  rows=271,907  triples=29,223,820  (4 ent/s, 413 triples/s, errors=297037)
  rows=271,938  triples=29,225,920  (4 ent/s, 413 triples/s, errors=297037)
  rows=271,969  triples=29,227,994  (4 ent/s, 413 triples/s, errors=297042)
  rows=271,992  triples=29,230,249  (4 ent/s, 413 triples/s, errors=297051)
  rows=272,017  triples=29,231,918  (4 ent/s, 413 triples/s, errors=297057)
  rows=272,046  triples=29,234,025  (4 ent/s, 413 triples/s, errors=297061)
  rows=272,070  triples=29,236,143  (4 ent/s, 413 triples/s, errors=297072)
  rows=272,095  triples=29,238,156  (4 ent/s, 413 triples/s, errors=297129)
  rows=272,121  triples=29,240,224  (4 ent/s, 413 triples/s, errors=297133)
  rows=272,144  triples=29,242,316  (4 ent/s, 413 triples/s, errors=297136)
  rows=272,173  triples=29,244,656  (4 ent/s, 413 triples/s, errors=297141)
  rows=272,203  triples=29,246,554  (4 ent/s, 413 triples/s, errors=297141)
  rows=272,226  triples=29,248,571  (4 ent/s, 413 triples/s, errors=297143)
  rows=272,248  triples=29,250,589  (4 ent/s, 413 triples/s, errors=297157)
  rows=272,286  triples=29,252,693  (4 ent/s, 413 triples/s, errors=297157)
  rows=272,318  triples=29,254,804  (4 ent/s, 413 triples/s, errors=297166)
  rows=272,349  triples=29,256,907  (4 ent/s, 413 triples/s, errors=297174)
  rows=272,376  triples=29,259,015  (4 ent/s, 413 triples/s, errors=297175)
  rows=272,416  triples=29,262,001  (4 ent/s, 413 triples/s, errors=297192)
  rows=272,448  triples=29,264,206  (4 ent/s, 413 triples/s, errors=297319)
  rows=272,474  triples=29,266,421  (4 ent/s, 413 triples/s, errors=297334)
  rows=272,500  triples=29,268,481  (4 ent/s, 413 triples/s, errors=297366)
  rows=272,535  triples=29,270,642  (4 ent/s, 413 triples/s, errors=297368)
  rows=272,560  triples=29,272,835  (4 ent/s, 413 triples/s, errors=297380)
  rows=272,587  triples=29,274,929  (4 ent/s, 413 triples/s, errors=297381)
  rows=272,612  triples=29,276,826  (4 ent/s, 413 triples/s, errors=297386)
  rows=272,639  triples=29,278,878  (4 ent/s, 413 triples/s, errors=297414)
  rows=272,666  triples=29,280,880  (4 ent/s, 413 triples/s, errors=297441)
  rows=272,698  triples=29,282,936  (4 ent/s, 413 triples/s, errors=297444)
  rows=272,701  triples=29,282,936  (4 ent/s, 413 triples/s, errors=297444)
  rows=272,732  triples=29,285,050  (4 ent/s, 413 triples/s, errors=297445)
  rows=272,763  triples=29,287,066  (4 ent/s, 413 triples/s, errors=297446)
  rows=272,799  triples=29,289,183  (4 ent/s, 413 triples/s, errors=297454)
  rows=272,825  triples=29,291,246  (4 ent/s, 413 triples/s, errors=297481)
  rows=272,850  triples=29,293,422  (4 ent/s, 413 triples/s, errors=297483)
  rows=272,876  triples=29,295,486  (4 ent/s, 413 triples/s, errors=297483)
  rows=272,902  triples=29,297,521  (4 ent/s, 413 triples/s, errors=297497)
  rows=272,938  triples=29,299,598  (4 ent/s, 413 triples/s, errors=297500)
  rows=272,970  triples=29,301,773  (4 ent/s, 413 triples/s, errors=297501)
  rows=272,996  triples=29,303,861  (4 ent/s, 413 triples/s, errors=297504)
  rows=273,026  triples=29,306,136  (4 ent/s, 413 triples/s, errors=297504)
  rows=273,052  triples=29,308,240  (4 ent/s, 413 triples/s, errors=297505)
  rows=273,083  triples=29,310,365  (4 ent/s, 413 triples/s, errors=297512)
  rows=273,113  triples=29,312,450  (4 ent/s, 413 triples/s, errors=297516)
  rows=273,156  triples=29,314,525  (4 ent/s, 413 triples/s, errors=297517)
  rows=273,174  triples=29,316,570  (4 ent/s, 413 triples/s, errors=297517)
  rows=273,212  triples=29,319,538  (4 ent/s, 413 triples/s, errors=297527)
  rows=273,248  triples=29,321,585  (4 ent/s, 413 triples/s, errors=297527)
  rows=273,277  triples=29,323,608  (4 ent/s, 413 triples/s, errors=297534)
  rows=273,312  triples=29,325,773  (4 ent/s, 413 triples/s, errors=297537)
  rows=273,360  triples=29,328,956  (4 ent/s, 413 triples/s, errors=297537)
  rows=273,388  triples=29,331,071  (4 ent/s, 413 triples/s, errors=297545)
  rows=273,410  triples=29,333,151  (4 ent/s, 413 triples/s, errors=297634)
  rows=273,437  triples=29,335,328  (4 ent/s, 413 triples/s, errors=297641)
  rows=273,472  triples=29,337,526  (4 ent/s, 413 triples/s, errors=297642)
  rows=273,501  triples=29,339,610  (4 ent/s, 413 triples/s, errors=297644)
  rows=273,529  triples=29,341,695  (4 ent/s, 413 triples/s, errors=297644)
  rows=273,561  triples=29,343,767  (4 ent/s, 413 triples/s, errors=297656)
  rows=273,591  triples=29,345,795  (4 ent/s, 413 triples/s, errors=297686)
  rows=273,630  triples=29,348,364  (4 ent/s, 413 triples/s, errors=297689)
  rows=273,674  triples=29,351,515  (4 ent/s, 413 triples/s, errors=297689)
  rows=273,704  triples=29,353,581  (4 ent/s, 413 triples/s, errors=297696)
  rows=273,729  triples=29,355,655  (4 ent/s, 413 triples/s, errors=297738)
  rows=273,755  triples=29,358,055  (4 ent/s, 413 triples/s, errors=297750)
  rows=273,780  triples=29,360,095  (4 ent/s, 413 triples/s, errors=297771)
  rows=273,816  triples=29,362,758  (4 ent/s, 413 triples/s, errors=297771)
  rows=273,847  triples=29,364,887  (4 ent/s, 413 triples/s, errors=297772)
  rows=273,880  triples=29,366,998  (4 ent/s, 413 triples/s, errors=297773)
  rows=273,908  triples=29,369,181  (4 ent/s, 413 triples/s, errors=297776)
  rows=273,939  triples=29,371,376  (4 ent/s, 413 triples/s, errors=297776)
  rows=273,959  triples=29,373,405  (4 ent/s, 413 triples/s, errors=297785)
  rows=273,979  triples=29,375,558  (4 ent/s, 413 triples/s, errors=297921)
  rows=274,016  triples=29,378,206  (4 ent/s, 413 triples/s, errors=297934)
  rows=274,044  triples=29,380,284  (4 ent/s, 413 triples/s, errors=297941)
  rows=274,078  triples=29,383,454  (4 ent/s, 413 triples/s, errors=297948)
  rows=274,110  triples=29,385,726  (4 ent/s, 413 triples/s, errors=297957)
  rows=274,139  triples=29,387,892  (4 ent/s, 413 triples/s, errors=297963)
  rows=274,164  triples=29,389,925  (4 ent/s, 413 triples/s, errors=297979)
  rows=274,192  triples=29,392,064  (4 ent/s, 413 triples/s, errors=298020)
  rows=274,230  triples=29,394,926  (4 ent/s, 413 triples/s, errors=298026)
  rows=274,260  triples=29,397,003  (4 ent/s, 413 triples/s, errors=298026)
  rows=274,289  triples=29,399,078  (4 ent/s, 413 triples/s, errors=298035)
  rows=274,322  triples=29,401,189  (4 ent/s, 413 triples/s, errors=298041)
  rows=274,349  triples=29,403,214  (4 ent/s, 413 triples/s, errors=298047)
  rows=274,373  triples=29,405,280  (4 ent/s, 413 triples/s, errors=298055)
  rows=274,398  triples=29,407,445  (4 ent/s, 413 triples/s, errors=298055)
  rows=274,431  triples=29,409,590  (4 ent/s, 413 triples/s, errors=298058)
  rows=274,466  triples=29,411,627  (4 ent/s, 413 triples/s, errors=298062)
  rows=274,493  triples=29,413,719  (4 ent/s, 413 triples/s, errors=298070)
  rows=274,519  triples=29,414,783  (4 ent/s, 413 triples/s, errors=298073)
  rows=274,539  triples=29,416,936  (4 ent/s, 413 triples/s, errors=298074)
  rows=274,569  triples=29,419,002  (4 ent/s, 413 triples/s, errors=298076)
  rows=274,599  triples=29,421,039  (4 ent/s, 413 triples/s, errors=298093)
  rows=274,630  triples=29,423,198  (4 ent/s, 413 triples/s, errors=298101)
  rows=274,662  triples=29,425,245  (4 ent/s, 413 triples/s, errors=298119)
  rows=274,679  triples=29,427,586  (4 ent/s, 413 triples/s, errors=298143)
  rows=274,714  triples=29,430,650  (4 ent/s, 413 triples/s, errors=298150)
  rows=274,743  triples=29,432,736  (4 ent/s, 413 triples/s, errors=298155)
  rows=274,772  triples=29,434,991  (4 ent/s, 413 triples/s, errors=298200)
  rows=274,813  triples=29,437,815  (4 ent/s, 413 triples/s, errors=298203)
  rows=274,842  triples=29,439,908  (4 ent/s, 413 triples/s, errors=298206)
  rows=274,872  triples=29,442,017  (4 ent/s, 413 triples/s, errors=298209)
  rows=274,898  triples=29,444,257  (4 ent/s, 413 triples/s, errors=298217)
  rows=274,928  triples=29,446,304  (4 ent/s, 413 triples/s, errors=298218)
  rows=274,961  triples=29,448,390  (4 ent/s, 413 triples/s, errors=298219)
  rows=274,985  triples=29,450,458  (4 ent/s, 413 triples/s, errors=298220)
  rows=275,016  triples=29,452,464  (4 ent/s, 413 triples/s, errors=298223)
  rows=275,042  triples=29,454,569  (4 ent/s, 413 triples/s, errors=298227)
  rows=275,076  triples=29,456,617  (4 ent/s, 413 triples/s, errors=298234)
  rows=275,114  triples=29,458,867  (4 ent/s, 413 triples/s, errors=298234)
  rows=275,139  triples=29,460,928  (4 ent/s, 413 triples/s, errors=298243)
  rows=275,176  triples=29,462,999  (4 ent/s, 413 triples/s, errors=298244)
  rows=275,192  triples=29,465,150  (4 ent/s, 413 triples/s, errors=298257)
  rows=275,223  triples=29,466,919  (4 ent/s, 413 triples/s, errors=298268)
  rows=275,241  triples=29,469,203  (4 ent/s, 413 triples/s, errors=298269)
  rows=275,265  triples=29,471,335  (4 ent/s, 413 triples/s, errors=298271)
  rows=275,301  triples=29,473,394  (4 ent/s, 413 triples/s, errors=298273)
  rows=275,336  triples=29,475,462  (4 ent/s, 413 triples/s, errors=298282)
  rows=275,364  triples=29,477,550  (4 ent/s, 413 triples/s, errors=298292)
  rows=275,392  triples=29,479,688  (4 ent/s, 413 triples/s, errors=298294)
  rows=275,431  triples=29,482,175  (4 ent/s, 413 triples/s, errors=298298)
  rows=275,460  triples=29,484,534  (4 ent/s, 413 triples/s, errors=298338)
  rows=275,489  triples=29,486,664  (4 ent/s, 413 triples/s, errors=298338)
  rows=275,523  triples=29,488,781  (4 ent/s, 413 triples/s, errors=298339)
  rows=275,552  triples=29,490,867  (4 ent/s, 413 triples/s, errors=298339)
  rows=275,576  triples=29,492,960  (4 ent/s, 413 triples/s, errors=298340)
  rows=275,617  triples=29,495,604  (4 ent/s, 413 triples/s, errors=298347)
  rows=275,649  triples=29,497,767  (4 ent/s, 413 triples/s, errors=298348)
  rows=275,676  triples=29,499,885  (4 ent/s, 413 triples/s, errors=298359)
  rows=275,703  triples=29,501,974  (4 ent/s, 413 triples/s, errors=298364)
  rows=275,732  triples=29,504,002  (4 ent/s, 413 triples/s, errors=298365)
  rows=275,761  triples=29,506,063  (4 ent/s, 413 triples/s, errors=298383)
  rows=275,790  triples=29,508,265  (4 ent/s, 413 triples/s, errors=298383)
  rows=275,822  triples=29,509,917  (4 ent/s, 413 triples/s, errors=298388)
  rows=275,836  triples=29,511,924  (4 ent/s, 413 triples/s, errors=298397)
  rows=275,863  triples=29,514,164  (4 ent/s, 413 triples/s, errors=298401)
  rows=275,885  triples=29,516,281  (4 ent/s, 413 triples/s, errors=298418)
  rows=275,906  triples=29,518,352  (4 ent/s, 413 triples/s, errors=298462)
  rows=275,935  triples=29,520,440  (4 ent/s, 413 triples/s, errors=298466)
  rows=275,964  triples=29,522,605  (4 ent/s, 413 triples/s, errors=298475)
  rows=275,998  triples=29,524,697  (4 ent/s, 413 triples/s, errors=298479)
  rows=276,028  triples=29,526,924  (4 ent/s, 413 triples/s, errors=298485)
  rows=276,057  triples=29,529,018  (4 ent/s, 413 triples/s, errors=298496)
  rows=276,081  triples=29,531,045  (4 ent/s, 413 triples/s, errors=298497)
  rows=276,113  triples=29,533,174  (4 ent/s, 413 triples/s, errors=298497)
  rows=276,138  triples=29,535,254  (4 ent/s, 413 triples/s, errors=298502)
  rows=276,168  triples=29,537,291  (4 ent/s, 413 triples/s, errors=298502)
  rows=276,200  triples=29,539,355  (4 ent/s, 413 triples/s, errors=298507)
  rows=276,226  triples=29,541,449  (4 ent/s, 413 triples/s, errors=298509)
  rows=276,253  triples=29,543,477  (4 ent/s, 413 triples/s, errors=298513)
  rows=276,282  triples=29,545,618  (4 ent/s, 413 triples/s, errors=298522)
  rows=276,313  triples=29,547,673  (4 ent/s, 413 triples/s, errors=298522)
  rows=276,337  triples=29,548,719  (4 ent/s, 413 triples/s, errors=298522)
  rows=276,361  triples=29,550,853  (4 ent/s, 413 triples/s, errors=298525)
  rows=276,381  triples=29,553,120  (4 ent/s, 413 triples/s, errors=298528)
  rows=276,417  triples=29,555,627  (4 ent/s, 413 triples/s, errors=298529)
  rows=276,441  triples=29,557,694  (4 ent/s, 413 triples/s, errors=298534)
  rows=276,468  triples=29,559,813  (4 ent/s, 413 triples/s, errors=298568)
  rows=276,498  triples=29,561,973  (4 ent/s, 413 triples/s, errors=298571)
  rows=276,545  triples=29,565,132  (4 ent/s, 413 triples/s, errors=298578)
  rows=276,568  triples=29,567,301  (4 ent/s, 413 triples/s, errors=298583)
  rows=276,614  triples=29,569,990  (4 ent/s, 413 triples/s, errors=298597)
  rows=276,641  triples=29,572,124  (4 ent/s, 413 triples/s, errors=298614)
  rows=276,669  triples=29,574,222  (4 ent/s, 413 triples/s, errors=298615)
  rows=276,702  triples=29,576,310  (4 ent/s, 413 triples/s, errors=298616)
  rows=276,732  triples=29,578,404  (4 ent/s, 413 triples/s, errors=298616)
  rows=276,763  triples=29,580,528  (4 ent/s, 413 triples/s, errors=298620)
  rows=276,790  triples=29,582,615  (4 ent/s, 413 triples/s, errors=298622)
  rows=276,818  triples=29,584,419  (4 ent/s, 413 triples/s, errors=298623)
  rows=276,842  triples=29,586,524  (4 ent/s, 413 triples/s, errors=298627)
  rows=276,873  triples=29,588,861  (4 ent/s, 413 triples/s, errors=298649)
  rows=276,896  triples=29,590,927  (4 ent/s, 413 triples/s, errors=298657)
  rows=276,925  triples=29,592,972  (4 ent/s, 413 triples/s, errors=298657)
  rows=276,953  triples=29,595,037  (4 ent/s, 413 triples/s, errors=298658)
  rows=276,985  triples=29,597,149  (4 ent/s, 413 triples/s, errors=298666)
  rows=277,011  triples=29,599,570  (4 ent/s, 413 triples/s, errors=298684)
  rows=277,036  triples=29,601,806  (4 ent/s, 413 triples/s, errors=298707)
  rows=277,074  triples=29,603,891  (4 ent/s, 413 triples/s, errors=298707)
  rows=277,102  triples=29,605,902  (4 ent/s, 413 triples/s, errors=298712)
  rows=277,126  triples=29,608,135  (4 ent/s, 413 triples/s, errors=298715)
  rows=277,155  triples=29,610,205  (4 ent/s, 413 triples/s, errors=298717)
  rows=277,189  triples=29,612,482  (4 ent/s, 413 triples/s, errors=298718)
  rows=277,222  triples=29,614,464  (4 ent/s, 413 triples/s, errors=298719)
  rows=277,255  triples=29,616,596  (4 ent/s, 413 triples/s, errors=298721)
  rows=277,293  triples=29,618,722  (4 ent/s, 413 triples/s, errors=298721)
  rows=277,320  triples=29,620,806  (4 ent/s, 413 triples/s, errors=298722)
  rows=277,354  triples=29,622,922  (4 ent/s, 413 triples/s, errors=298724)
  rows=277,385  triples=29,625,144  (4 ent/s, 413 triples/s, errors=298725)
  rows=277,417  triples=29,627,393  (4 ent/s, 413 triples/s, errors=298729)
  rows=277,447  triples=29,629,661  (4 ent/s, 413 triples/s, errors=298739)
  rows=277,470  triples=29,631,708  (4 ent/s, 413 triples/s, errors=298746)
  rows=277,500  triples=29,633,719  (4 ent/s, 413 triples/s, errors=298751)
  rows=277,524  triples=29,635,896  (4 ent/s, 413 triples/s, errors=298762)
  rows=277,565  triples=29,637,924  (4 ent/s, 413 triples/s, errors=298765)
  rows=277,585  triples=29,640,156  (4 ent/s, 413 triples/s, errors=298768)
  rows=277,610  triples=29,642,422  (4 ent/s, 413 triples/s, errors=298783)
  rows=277,640  triples=29,644,582  (4 ent/s, 413 triples/s, errors=298796)
  rows=277,674  triples=29,646,640  (4 ent/s, 413 triples/s, errors=298804)
  rows=277,701  triples=29,648,781  (4 ent/s, 413 triples/s, errors=298821)
  rows=277,732  triples=29,650,838  (4 ent/s, 413 triples/s, errors=298823)
  rows=277,754  triples=29,652,839  (4 ent/s, 413 triples/s, errors=298834)
  rows=277,786  triples=29,654,956  (4 ent/s, 413 triples/s, errors=298836)
  rows=277,815  triples=29,657,178  (4 ent/s, 413 triples/s, errors=298837)
  rows=277,856  triples=29,660,320  (4 ent/s, 413 triples/s, errors=298838)
  rows=277,890  triples=29,662,458  (4 ent/s, 413 triples/s, errors=298843)
  rows=277,920  triples=29,664,654  (4 ent/s, 413 triples/s, errors=298851)
  rows=277,943  triples=29,666,671  (4 ent/s, 413 triples/s, errors=298855)
  rows=277,980  triples=29,668,753  (4 ent/s, 413 triples/s, errors=298870)
  rows=277,998  triples=29,670,984  (4 ent/s, 413 triples/s, errors=298871)
  rows=278,026  triples=29,673,174  (4 ent/s, 413 triples/s, errors=298879)
  rows=278,056  triples=29,675,214  (4 ent/s, 413 triples/s, errors=298883)
  rows=278,086  triples=29,677,200  (4 ent/s, 413 triples/s, errors=298916)
  rows=278,113  triples=29,679,330  (4 ent/s, 413 triples/s, errors=298919)
  rows=278,146  triples=29,681,494  (4 ent/s, 413 triples/s, errors=298932)
  rows=278,155  triples=29,681,494  (4 ent/s, 412 triples/s, errors=298932)
  rows=278,170  triples=29,683,568  (4 ent/s, 412 triples/s, errors=298938)
  rows=278,213  triples=29,685,311  (4 ent/s, 412 triples/s, errors=298945)
  rows=278,230  triples=29,687,388  (4 ent/s, 412 triples/s, errors=298949)
  rows=278,254  triples=29,689,367  (4 ent/s, 412 triples/s, errors=298993)
  rows=278,281  triples=29,691,399  (4 ent/s, 412 triples/s, errors=299001)
  rows=278,316  triples=29,693,505  (4 ent/s, 412 triples/s, errors=299002)
  rows=278,335  triples=29,695,549  (4 ent/s, 412 triples/s, errors=299005)
  rows=278,379  triples=29,698,681  (4 ent/s, 412 triples/s, errors=299008)
  rows=278,410  triples=29,701,419  (4 ent/s, 412 triples/s, errors=299024)
  rows=278,449  triples=29,703,503  (4 ent/s, 412 triples/s, errors=299028)
  rows=278,464  triples=29,705,579  (4 ent/s, 412 triples/s, errors=299048)
  rows=278,500  triples=29,707,610  (4 ent/s, 412 triples/s, errors=299051)
  rows=278,525  triples=29,709,731  (4 ent/s, 412 triples/s, errors=299067)
  rows=278,565  triples=29,712,858  (4 ent/s, 412 triples/s, errors=299075)
  rows=278,597  triples=29,714,889  (4 ent/s, 412 triples/s, errors=299078)
  rows=278,629  triples=29,717,316  (4 ent/s, 412 triples/s, errors=299086)
  rows=278,663  triples=29,720,629  (4 ent/s, 412 triples/s, errors=299088)
  rows=278,695  triples=29,722,956  (4 ent/s, 412 triples/s, errors=299089)
  rows=278,721  triples=29,725,065  (4 ent/s, 412 triples/s, errors=299094)
  rows=278,747  triples=29,727,102  (4 ent/s, 412 triples/s, errors=299095)
  rows=278,776  triples=29,729,150  (4 ent/s, 412 triples/s, errors=299103)
  rows=278,811  triples=29,731,943  (4 ent/s, 412 triples/s, errors=299111)
  rows=278,835  triples=29,734,920  (4 ent/s, 412 triples/s, errors=299115)
  rows=278,868  triples=29,736,962  (4 ent/s, 412 triples/s, errors=299115)
  rows=278,912  triples=29,740,210  (4 ent/s, 412 triples/s, errors=299121)
  rows=278,944  triples=29,742,434  (4 ent/s, 412 triples/s, errors=299125)
  rows=278,974  triples=29,744,546  (4 ent/s, 412 triples/s, errors=299126)
  rows=279,013  triples=29,747,452  (4 ent/s, 412 triples/s, errors=299130)
  rows=279,041  triples=29,749,474  (4 ent/s, 412 triples/s, errors=299137)
  rows=279,069  triples=29,751,503  (4 ent/s, 412 triples/s, errors=299143)
  rows=279,090  triples=29,753,688  (4 ent/s, 412 triples/s, errors=299148)
  rows=279,122  triples=29,755,876  (4 ent/s, 412 triples/s, errors=299161)
  rows=279,148  triples=29,758,148  (4 ent/s, 412 triples/s, errors=299171)
  rows=279,176  triples=29,760,280  (4 ent/s, 412 triples/s, errors=299176)
  rows=279,213  triples=29,762,999  (4 ent/s, 412 triples/s, errors=299179)
  rows=279,241  triples=29,765,447  (4 ent/s, 412 triples/s, errors=299459)
  rows=279,282  triples=29,768,661  (4 ent/s, 412 triples/s, errors=299465)
  rows=279,317  triples=29,770,789  (4 ent/s, 412 triples/s, errors=299465)
  rows=279,349  triples=29,773,012  (4 ent/s, 412 triples/s, errors=299473)
  rows=279,377  triples=29,775,138  (4 ent/s, 412 triples/s, errors=299483)
  rows=279,414  triples=29,777,654  (4 ent/s, 412 triples/s, errors=299488)
  rows=279,437  triples=29,779,725  (4 ent/s, 412 triples/s, errors=299504)
  rows=279,468  triples=29,781,806  (4 ent/s, 412 triples/s, errors=299510)
  rows=279,510  triples=29,783,948  (4 ent/s, 412 triples/s, errors=299511)
  rows=279,537  triples=29,786,057  (4 ent/s, 412 triples/s, errors=299514)
  rows=279,570  triples=29,788,086  (4 ent/s, 412 triples/s, errors=299515)
  rows=279,601  triples=29,790,194  (4 ent/s, 412 triples/s, errors=299515)
  rows=279,638  triples=29,793,403  (4 ent/s, 412 triples/s, errors=299515)
  rows=279,673  triples=29,795,476  (4 ent/s, 412 triples/s, errors=299516)
  rows=279,703  triples=29,797,754  (4 ent/s, 412 triples/s, errors=299531)
  rows=279,734  triples=29,799,847  (4 ent/s, 412 triples/s, errors=299535)
  rows=279,766  triples=29,802,068  (4 ent/s, 412 triples/s, errors=299541)
  rows=279,801  triples=29,804,459  (4 ent/s, 412 triples/s, errors=299544)
  rows=279,822  triples=29,806,634  (4 ent/s, 412 triples/s, errors=299573)
  rows=279,863  triples=29,809,685  (4 ent/s, 412 triples/s, errors=299597)
  rows=279,893  triples=29,811,758  (4 ent/s, 412 triples/s, errors=299599)
  rows=279,926  triples=29,813,925  (4 ent/s, 412 triples/s, errors=299599)
  rows=279,973  triples=29,816,068  (4 ent/s, 412 triples/s, errors=299603)
  rows=279,989  triples=29,818,205  (4 ent/s, 412 triples/s, errors=299606)
  rows=280,030  triples=29,820,202  (4 ent/s, 412 triples/s, errors=299612)
  rows=280,056  triples=29,822,216  (4 ent/s, 412 triples/s, errors=299617)
  rows=280,092  triples=29,825,293  (4 ent/s, 412 triples/s, errors=299620)
  rows=280,121  triples=29,827,472  (4 ent/s, 412 triples/s, errors=299621)
  rows=280,165  triples=29,830,541  (4 ent/s, 412 triples/s, errors=299626)
  rows=280,200  triples=29,832,612  (4 ent/s, 412 triples/s, errors=299627)
  rows=280,229  triples=29,835,176  (4 ent/s, 412 triples/s, errors=299631)
  rows=280,267  triples=29,837,397  (4 ent/s, 412 triples/s, errors=299635)
  rows=280,287  triples=29,839,675  (4 ent/s, 412 triples/s, errors=299652)
  rows=280,316  triples=29,841,686  (4 ent/s, 412 triples/s, errors=299725)
  rows=280,337  triples=29,843,799  (4 ent/s, 412 triples/s, errors=299730)
  rows=280,362  triples=29,845,936  (4 ent/s, 412 triples/s, errors=299737)
  rows=280,387  triples=29,848,016  (4 ent/s, 412 triples/s, errors=299752)
  rows=280,406  triples=29,849,936  (4 ent/s, 412 triples/s, errors=299752)
  rows=280,442  triples=29,852,041  (4 ent/s, 412 triples/s, errors=299755)
  rows=280,459  triples=29,854,135  (4 ent/s, 412 triples/s, errors=299782)
  rows=280,487  triples=29,856,335  (4 ent/s, 412 triples/s, errors=299789)
  rows=280,513  triples=29,858,422  (4 ent/s, 412 triples/s, errors=299791)
  rows=280,533  triples=29,860,482  (4 ent/s, 412 triples/s, errors=299802)
  rows=280,563  triples=29,862,614  (4 ent/s, 412 triples/s, errors=299811)
  rows=280,590  triples=29,864,913  (4 ent/s, 412 triples/s, errors=299821)
  rows=280,625  triples=29,867,745  (4 ent/s, 412 triples/s, errors=299829)
  rows=280,658  triples=29,869,885  (4 ent/s, 412 triples/s, errors=299830)
  rows=280,687  triples=29,872,169  (4 ent/s, 412 triples/s, errors=299850)
  rows=280,706  triples=29,874,237  (4 ent/s, 412 triples/s, errors=299855)
  rows=280,733  triples=29,876,283  (4 ent/s, 412 triples/s, errors=299888)
  rows=280,765  triples=29,878,347  (4 ent/s, 412 triples/s, errors=299892)
  rows=280,788  triples=29,880,434  (4 ent/s, 412 triples/s, errors=299896)
  rows=280,829  triples=29,883,505  (4 ent/s, 412 triples/s, errors=299907)
  rows=280,856  triples=29,885,563  (4 ent/s, 412 triples/s, errors=299910)
  rows=280,887  triples=29,887,664  (4 ent/s, 412 triples/s, errors=299916)
  rows=280,910  triples=29,889,795  (4 ent/s, 412 triples/s, errors=299925)
  rows=280,942  triples=29,891,829  (4 ent/s, 412 triples/s, errors=299926)
  rows=280,965  triples=29,893,918  (4 ent/s, 412 triples/s, errors=299930)
  rows=280,992  triples=29,896,101  (4 ent/s, 412 triples/s, errors=299933)
  rows=281,025  triples=29,898,860  (4 ent/s, 412 triples/s, errors=299971)
  rows=281,055  triples=29,900,942  (4 ent/s, 412 triples/s, errors=299973)
  rows=281,076  triples=29,903,073  (4 ent/s, 412 triples/s, errors=299978)
  rows=281,103  triples=29,905,109  (4 ent/s, 412 triples/s, errors=299978)
  rows=281,149  triples=29,908,221  (4 ent/s, 412 triples/s, errors=299984)
  rows=281,177  triples=29,910,229  (4 ent/s, 412 triples/s, errors=299989)
  rows=281,211  triples=29,912,738  (4 ent/s, 412 triples/s, errors=299994)
  rows=281,236  triples=29,914,836  (4 ent/s, 412 triples/s, errors=299999)
  rows=281,261  triples=29,917,014  (4 ent/s, 412 triples/s, errors=300005)
  rows=281,286  triples=29,919,036  (4 ent/s, 412 triples/s, errors=300012)
  rows=281,319  triples=29,921,092  (4 ent/s, 412 triples/s, errors=300012)
  rows=281,348  triples=29,923,209  (4 ent/s, 412 triples/s, errors=300012)
  rows=281,369  triples=29,925,265  (4 ent/s, 412 triples/s, errors=300018)
  rows=281,396  triples=29,927,327  (4 ent/s, 412 triples/s, errors=300018)
  rows=281,422  triples=29,929,737  (4 ent/s, 412 triples/s, errors=300051)
  rows=281,454  triples=29,931,977  (4 ent/s, 412 triples/s, errors=300052)
  rows=281,490  triples=29,934,010  (4 ent/s, 412 triples/s, errors=300061)
  rows=281,505  triples=29,936,082  (4 ent/s, 412 triples/s, errors=300063)
  rows=281,538  triples=29,939,067  (4 ent/s, 412 triples/s, errors=300229)
  rows=281,578  triples=29,942,224  (4 ent/s, 412 triples/s, errors=300250)
  rows=281,617  triples=29,944,835  (4 ent/s, 412 triples/s, errors=300256)
  rows=281,645  triples=29,946,998  (4 ent/s, 412 triples/s, errors=300291)
  rows=281,666  triples=29,949,112  (4 ent/s, 412 triples/s, errors=300297)
  rows=281,690  triples=29,951,105  (4 ent/s, 412 triples/s, errors=300339)
  rows=281,730  triples=29,954,210  (4 ent/s, 412 triples/s, errors=300339)
  rows=281,760  triples=29,956,292  (4 ent/s, 412 triples/s, errors=300347)
  rows=281,789  triples=29,958,344  (4 ent/s, 412 triples/s, errors=300349)
  rows=281,791  triples=29,958,344  (4 ent/s, 412 triples/s, errors=300349)
  rows=281,830  triples=29,960,980  (4 ent/s, 412 triples/s, errors=300355)
  rows=281,853  triples=29,963,007  (4 ent/s, 412 triples/s, errors=300365)
  rows=281,884  triples=29,965,203  (4 ent/s, 412 triples/s, errors=300372)
  rows=281,910  triples=29,967,411  (4 ent/s, 412 triples/s, errors=300373)
  rows=281,953  triples=29,969,564  (4 ent/s, 412 triples/s, errors=300376)
  rows=281,977  triples=29,971,700  (4 ent/s, 412 triples/s, errors=300377)
  rows=281,996  triples=29,973,734  (4 ent/s, 412 triples/s, errors=300397)
  rows=282,028  triples=29,976,223  (4 ent/s, 412 triples/s, errors=300399)
  rows=282,051  triples=29,978,393  (4 ent/s, 412 triples/s, errors=300402)
  rows=282,084  triples=29,980,533  (4 ent/s, 412 triples/s, errors=300408)
  rows=282,119  triples=29,982,595  (4 ent/s, 412 triples/s, errors=300413)
  rows=282,146  triples=29,984,682  (4 ent/s, 412 triples/s, errors=300417)
  rows=282,188  triples=29,987,838  (4 ent/s, 412 triples/s, errors=300430)
  rows=282,226  triples=29,990,500  (4 ent/s, 412 triples/s, errors=300434)
  rows=282,256  triples=29,992,802  (4 ent/s, 412 triples/s, errors=300440)
  rows=282,301  triples=29,996,097  (4 ent/s, 412 triples/s, errors=300443)
  rows=282,323  triples=29,998,190  (4 ent/s, 412 triples/s, errors=300447)
  rows=282,350  triples=30,000,273  (4 ent/s, 412 triples/s, errors=300447)
  rows=282,375  triples=30,002,333  (4 ent/s, 412 triples/s, errors=300460)
  rows=282,413  triples=30,004,101  (4 ent/s, 412 triples/s, errors=300515)
  rows=282,434  triples=30,006,207  (4 ent/s, 412 triples/s, errors=300517)
  rows=282,460  triples=30,008,248  (4 ent/s, 412 triples/s, errors=300524)
  rows=282,502  triples=30,011,323  (4 ent/s, 412 triples/s, errors=300526)
  rows=282,534  triples=30,013,416  (4 ent/s, 412 triples/s, errors=300531)
  rows=282,563  triples=30,015,578  (4 ent/s, 412 triples/s, errors=300535)
  rows=282,593  triples=30,017,757  (4 ent/s, 412 triples/s, errors=300584)
  rows=282,617  triples=30,019,486  (4 ent/s, 412 triples/s, errors=300587)
  rows=282,638  triples=30,021,516  (4 ent/s, 412 triples/s, errors=300642)
  rows=282,671  triples=30,023,607  (4 ent/s, 412 triples/s, errors=300645)
  rows=282,698  triples=30,025,656  (4 ent/s, 412 triples/s, errors=300673)
  rows=282,731  triples=30,027,707  (4 ent/s, 412 triples/s, errors=300673)
  rows=282,747  triples=30,030,616  (4 ent/s, 412 triples/s, errors=300762)
  rows=282,770  triples=30,032,662  (4 ent/s, 412 triples/s, errors=300768)
  rows=282,801  triples=30,035,069  (4 ent/s, 412 triples/s, errors=300812)
  rows=282,823  triples=30,037,317  (4 ent/s, 412 triples/s, errors=300825)
  rows=282,856  triples=30,039,411  (4 ent/s, 412 triples/s, errors=300826)
  rows=282,883  triples=30,041,557  (4 ent/s, 412 triples/s, errors=300828)
  rows=282,909  triples=30,044,032  (4 ent/s, 412 triples/s, errors=300952)
  rows=282,929  triples=30,046,364  (4 ent/s, 412 triples/s, errors=301050)
  rows=282,953  triples=30,048,384  (4 ent/s, 412 triples/s, errors=301053)
  rows=282,979  triples=30,050,532  (4 ent/s, 412 triples/s, errors=301068)
  rows=283,000  triples=30,052,640  (4 ent/s, 412 triples/s, errors=301078)
  rows=283,025  triples=30,054,743  (4 ent/s, 412 triples/s, errors=301117)
  rows=283,054  triples=30,056,767  (4 ent/s, 412 triples/s, errors=301117)
  rows=283,082  triples=30,058,920  (4 ent/s, 412 triples/s, errors=301124)
  rows=283,108  triples=30,061,071  (4 ent/s, 412 triples/s, errors=301129)
  rows=283,133  triples=30,063,216  (4 ent/s, 412 triples/s, errors=301140)
  rows=283,174  triples=30,066,248  (4 ent/s, 412 triples/s, errors=301173)
  rows=283,198  triples=30,068,379  (4 ent/s, 412 triples/s, errors=301173)
  rows=283,226  triples=30,070,777  (4 ent/s, 412 triples/s, errors=301329)
  rows=283,251  triples=30,072,812  (4 ent/s, 412 triples/s, errors=301347)
  rows=283,279  triples=30,074,864  (4 ent/s, 412 triples/s, errors=301348)
  rows=283,305  triples=30,076,921  (4 ent/s, 412 triples/s, errors=301353)
  rows=283,338  triples=30,079,044  (4 ent/s, 412 triples/s, errors=301370)
  rows=283,367  triples=30,081,185  (4 ent/s, 412 triples/s, errors=301370)
  rows=283,401  triples=30,084,090  (4 ent/s, 412 triples/s, errors=301401)
  rows=283,426  triples=30,086,286  (4 ent/s, 412 triples/s, errors=301409)
  rows=283,453  triples=30,088,354  (4 ent/s, 412 triples/s, errors=301428)
  rows=283,494  triples=30,090,467  (4 ent/s, 412 triples/s, errors=301428)
  rows=283,527  triples=30,092,532  (4 ent/s, 412 triples/s, errors=301441)
  rows=283,564  triples=30,094,919  (4 ent/s, 412 triples/s, errors=301441)
  rows=283,589  triples=30,096,970  (4 ent/s, 412 triples/s, errors=301469)
  rows=283,609  triples=30,097,717  (4 ent/s, 412 triples/s, errors=301470)
  rows=283,628  triples=30,099,811  (4 ent/s, 412 triples/s, errors=301474)
  rows=283,655  triples=30,101,833  (4 ent/s, 412 triples/s, errors=301490)
  rows=283,684  triples=30,103,957  (4 ent/s, 412 triples/s, errors=301499)
  rows=283,712  triples=30,106,003  (4 ent/s, 412 triples/s, errors=301515)
  rows=283,741  triples=30,108,133  (4 ent/s, 412 triples/s, errors=301524)
  rows=283,773  triples=30,110,220  (4 ent/s, 412 triples/s, errors=301528)
  rows=283,799  triples=30,112,313  (4 ent/s, 412 triples/s, errors=301539)
  rows=283,832  triples=30,114,458  (4 ent/s, 412 triples/s, errors=301542)
  rows=283,854  triples=30,116,595  (4 ent/s, 412 triples/s, errors=301546)
  rows=283,887  triples=30,118,639  (4 ent/s, 412 triples/s, errors=301546)
  rows=283,912  triples=30,120,675  (4 ent/s, 412 triples/s, errors=301548)
  rows=283,928  triples=30,122,729  (4 ent/s, 412 triples/s, errors=301608)
  rows=283,960  triples=30,124,911  (4 ent/s, 412 triples/s, errors=301611)
  rows=283,992  triples=30,127,076  (4 ent/s, 412 triples/s, errors=301613)
  rows=284,026  triples=30,129,936  (4 ent/s, 412 triples/s, errors=301629)
  rows=284,052  triples=30,131,898  (4 ent/s, 412 triples/s, errors=301711)
  rows=284,073  triples=30,133,916  (4 ent/s, 412 triples/s, errors=301755)
  rows=284,103  triples=30,135,943  (4 ent/s, 412 triples/s, errors=301759)
  rows=284,136  triples=30,138,042  (4 ent/s, 412 triples/s, errors=301761)
  rows=284,159  triples=30,140,063  (4 ent/s, 412 triples/s, errors=301765)
  rows=284,188  triples=30,141,997  (4 ent/s, 412 triples/s, errors=301852)
  rows=284,214  triples=30,143,876  (4 ent/s, 412 triples/s, errors=301858)
  rows=284,244  triples=30,145,975  (4 ent/s, 412 triples/s, errors=301861)
  rows=284,275  triples=30,148,025  (4 ent/s, 412 triples/s, errors=301867)
  rows=284,304  triples=30,150,265  (4 ent/s, 412 triples/s, errors=301872)
  rows=284,330  triples=30,152,420  (4 ent/s, 412 triples/s, errors=301962)
  rows=284,359  triples=30,154,444  (4 ent/s, 412 triples/s, errors=301963)
  rows=284,389  triples=30,156,535  (4 ent/s, 412 triples/s, errors=301967)
  rows=284,417  triples=30,158,413  (4 ent/s, 412 triples/s, errors=301969)
  rows=284,439  triples=30,160,470  (4 ent/s, 412 triples/s, errors=301976)
  rows=284,462  triples=30,162,575  (4 ent/s, 412 triples/s, errors=301992)
  rows=284,494  triples=30,164,820  (4 ent/s, 412 triples/s, errors=301992)
  rows=284,523  triples=30,166,903  (4 ent/s, 412 triples/s, errors=301993)
  rows=284,555  triples=30,169,201  (4 ent/s, 412 triples/s, errors=301994)
  rows=284,585  triples=30,171,426  (4 ent/s, 412 triples/s, errors=302002)
  rows=284,614  triples=30,173,594  (4 ent/s, 412 triples/s, errors=302097)
  rows=284,642  triples=30,175,633  (4 ent/s, 412 triples/s, errors=302099)
  rows=284,668  triples=30,177,987  (4 ent/s, 412 triples/s, errors=302211)
  rows=284,697  triples=30,180,332  (4 ent/s, 412 triples/s, errors=302220)
  rows=284,726  triples=30,182,412  (4 ent/s, 412 triples/s, errors=302251)
  rows=284,754  triples=30,184,467  (4 ent/s, 412 triples/s, errors=302330)
  rows=284,780  triples=30,186,546  (4 ent/s, 412 triples/s, errors=302331)
  rows=284,811  triples=30,189,125  (4 ent/s, 412 triples/s, errors=302367)
  rows=284,844  triples=30,191,232  (4 ent/s, 412 triples/s, errors=302369)
  rows=284,866  triples=30,193,309  (4 ent/s, 412 triples/s, errors=302421)
  rows=284,887  triples=30,195,295  (4 ent/s, 412 triples/s, errors=302458)
  rows=284,920  triples=30,197,306  (4 ent/s, 412 triples/s, errors=302460)
  rows=284,950  triples=30,199,448  (4 ent/s, 412 triples/s, errors=302461)
  rows=284,985  triples=30,201,672  (4 ent/s, 412 triples/s, errors=302495)
  rows=285,013  triples=30,203,930  (4 ent/s, 412 triples/s, errors=302566)
  rows=285,037  triples=30,205,975  (4 ent/s, 412 triples/s, errors=302604)
  rows=285,064  triples=30,208,021  (4 ent/s, 412 triples/s, errors=302610)
  rows=285,090  triples=30,210,072  (4 ent/s, 412 triples/s, errors=302637)
  rows=285,117  triples=30,212,085  (4 ent/s, 412 triples/s, errors=302641)
  rows=285,148  triples=30,214,118  (4 ent/s, 412 triples/s, errors=302643)
  rows=285,175  triples=30,216,248  (4 ent/s, 412 triples/s, errors=302645)
  rows=285,201  triples=30,218,284  (4 ent/s, 412 triples/s, errors=302695)
  rows=285,225  triples=30,220,343  (4 ent/s, 412 triples/s, errors=302695)
  rows=285,247  triples=30,222,379  (4 ent/s, 412 triples/s, errors=302702)
  rows=285,275  triples=30,224,399  (4 ent/s, 412 triples/s, errors=302715)
  rows=285,306  triples=30,226,445  (4 ent/s, 412 triples/s, errors=302717)
  rows=285,328  triples=30,228,547  (4 ent/s, 412 triples/s, errors=302772)
  rows=285,347  triples=30,230,758  (4 ent/s, 412 triples/s, errors=302816)
  rows=285,368  triples=30,232,871  (4 ent/s, 412 triples/s, errors=302824)
  rows=285,395  triples=30,235,268  (4 ent/s, 412 triples/s, errors=302834)
  rows=285,416  triples=30,236,833  (4 ent/s, 412 triples/s, errors=302837)
  rows=285,427  triples=30,236,833  (4 ent/s, 412 triples/s, errors=302837)
  rows=285,442  triples=30,239,065  (4 ent/s, 412 triples/s, errors=302966)
  rows=285,461  triples=30,241,291  (4 ent/s, 412 triples/s, errors=303013)
  rows=285,485  triples=30,243,417  (4 ent/s, 412 triples/s, errors=303017)
  rows=285,515  triples=30,245,490  (4 ent/s, 412 triples/s, errors=303020)
  rows=285,541  triples=30,247,526  (4 ent/s, 412 triples/s, errors=303029)
  rows=285,563  triples=30,249,627  (4 ent/s, 412 triples/s, errors=303031)
  rows=285,574  triples=30,250,757  (4 ent/s, 412 triples/s, errors=303033)
  rows=285,592  triples=30,252,784  (4 ent/s, 412 triples/s, errors=303072)
  rows=285,611  triples=30,254,558  (4 ent/s, 412 triples/s, errors=303193)
  rows=285,632  triples=30,256,672  (4 ent/s, 412 triples/s, errors=303209)
  rows=285,654  triples=30,258,664  (4 ent/s, 412 triples/s, errors=303231)
  rows=285,685  triples=30,260,757  (4 ent/s, 412 triples/s, errors=303238)
  rows=285,708  triples=30,262,685  (4 ent/s, 412 triples/s, errors=303334)
  rows=285,735  triples=30,264,793  (4 ent/s, 412 triples/s, errors=303334)
  rows=285,753  triples=30,266,779  (4 ent/s, 412 triples/s, errors=303402)
  rows=285,783  triples=30,268,956  (4 ent/s, 412 triples/s, errors=303515)
  rows=285,817  triples=30,271,063  (4 ent/s, 412 triples/s, errors=303523)
  rows=285,838  triples=30,273,145  (4 ent/s, 412 triples/s, errors=303541)
  rows=285,861  triples=30,275,414  (4 ent/s, 412 triples/s, errors=303738)
  rows=285,881  triples=30,277,564  (4 ent/s, 412 triples/s, errors=303766)
  rows=285,909  triples=30,279,589  (4 ent/s, 412 triples/s, errors=303779)
  rows=285,938  triples=30,281,683  (4 ent/s, 412 triples/s, errors=303780)
  rows=285,962  triples=30,283,810  (4 ent/s, 412 triples/s, errors=303852)
  rows=285,982  triples=30,285,868  (4 ent/s, 412 triples/s, errors=303916)
  rows=286,001  triples=30,287,814  (4 ent/s, 412 triples/s, errors=303937)
  rows=286,027  triples=30,289,939  (4 ent/s, 412 triples/s, errors=303979)
  rows=286,057  triples=30,291,996  (4 ent/s, 412 triples/s, errors=303995)
  rows=286,085  triples=30,294,044  (4 ent/s, 412 triples/s, errors=303997)
  rows=286,115  triples=30,296,095  (4 ent/s, 412 triples/s, errors=304002)
  rows=286,146  triples=30,298,544  (4 ent/s, 412 triples/s, errors=304006)
  rows=286,171  triples=30,300,603  (4 ent/s, 412 triples/s, errors=304028)
  rows=286,198  triples=30,302,773  (4 ent/s, 412 triples/s, errors=304037)
  rows=286,225  triples=30,305,253  (4 ent/s, 412 triples/s, errors=304071)
  rows=286,253  triples=30,307,595  (4 ent/s, 412 triples/s, errors=304072)
  rows=286,281  triples=30,309,755  (4 ent/s, 412 triples/s, errors=304074)
  rows=286,310  triples=30,311,965  (4 ent/s, 412 triples/s, errors=304075)
  rows=286,337  triples=30,314,273  (4 ent/s, 412 triples/s, errors=304088)
  rows=286,364  triples=30,316,391  (4 ent/s, 412 triples/s, errors=304089)
  rows=286,386  triples=30,318,440  (4 ent/s, 412 triples/s, errors=304104)
  rows=286,413  triples=30,320,526  (4 ent/s, 412 triples/s, errors=304127)
  rows=286,443  triples=30,322,662  (4 ent/s, 412 triples/s, errors=304127)
  rows=286,471  triples=30,324,683  (4 ent/s, 412 triples/s, errors=304130)
  rows=286,498  triples=30,326,840  (4 ent/s, 412 triples/s, errors=304139)
  rows=286,525  triples=30,328,891  (4 ent/s, 412 triples/s, errors=304146)
  rows=286,552  triples=30,330,953  (4 ent/s, 412 triples/s, errors=304151)
  rows=286,581  triples=30,333,075  (4 ent/s, 412 triples/s, errors=304180)
  rows=286,610  triples=30,335,103  (4 ent/s, 412 triples/s, errors=304185)
  rows=286,628  triples=30,337,199  (4 ent/s, 412 triples/s, errors=304222)
  rows=286,652  triples=30,339,228  (4 ent/s, 412 triples/s, errors=304222)
  rows=286,684  triples=30,341,341  (4 ent/s, 412 triples/s, errors=304230)
  rows=286,708  triples=30,343,456  (4 ent/s, 412 triples/s, errors=304233)
  rows=286,736  triples=30,345,560  (4 ent/s, 412 triples/s, errors=304246)
  rows=286,758  triples=30,347,575  (4 ent/s, 412 triples/s, errors=304328)
  rows=286,789  triples=30,349,655  (4 ent/s, 412 triples/s, errors=304357)
  rows=286,810  triples=30,351,669  (4 ent/s, 412 triples/s, errors=304423)
  rows=286,844  triples=30,353,788  (4 ent/s, 412 triples/s, errors=304429)
  rows=286,870  triples=30,356,021  (4 ent/s, 412 triples/s, errors=304435)
  rows=286,895  triples=30,358,100  (4 ent/s, 412 triples/s, errors=304441)
  rows=286,921  triples=30,360,145  (4 ent/s, 412 triples/s, errors=304460)
  rows=286,955  triples=30,362,217  (4 ent/s, 412 triples/s, errors=304471)
  rows=286,982  triples=30,364,268  (4 ent/s, 412 triples/s, errors=304482)
  rows=287,001  triples=30,366,141  (4 ent/s, 412 triples/s, errors=304497)
  rows=287,025  triples=30,368,238  (4 ent/s, 412 triples/s, errors=304508)
  rows=287,058  triples=30,370,299  (4 ent/s, 412 triples/s, errors=304509)
  rows=287,080  triples=30,372,360  (4 ent/s, 412 triples/s, errors=304537)
  rows=287,114  triples=30,374,402  (4 ent/s, 412 triples/s, errors=304538)
  rows=287,132  triples=30,376,441  (4 ent/s, 412 triples/s, errors=304541)
  rows=287,153  triples=30,378,516  (4 ent/s, 412 triples/s, errors=304613)
  rows=287,181  triples=30,380,567  (4 ent/s, 412 triples/s, errors=304618)
  rows=287,215  triples=30,383,135  (4 ent/s, 412 triples/s, errors=304618)
  rows=287,244  triples=30,385,295  (4 ent/s, 412 triples/s, errors=304618)
  rows=287,245  triples=30,385,295  (4 ent/s, 411 triples/s, errors=304618)
  rows=287,266  triples=30,387,439  (4 ent/s, 411 triples/s, errors=304645)
  rows=287,297  triples=30,389,516  (4 ent/s, 411 triples/s, errors=304645)
  rows=287,328  triples=30,391,653  (4 ent/s, 411 triples/s, errors=304655)
  rows=287,360  triples=30,393,801  (4 ent/s, 411 triples/s, errors=304661)
  rows=287,384  triples=30,396,064  (4 ent/s, 411 triples/s, errors=304725)
  rows=287,415  triples=30,398,381  (4 ent/s, 411 triples/s, errors=304734)
  rows=287,442  triples=30,400,505  (4 ent/s, 411 triples/s, errors=304735)
  rows=287,470  triples=30,402,568  (4 ent/s, 411 triples/s, errors=304754)
  rows=287,499  triples=30,404,662  (4 ent/s, 411 triples/s, errors=304763)
  rows=287,532  triples=30,406,744  (4 ent/s, 411 triples/s, errors=304763)
  rows=287,560  triples=30,408,917  (4 ent/s, 411 triples/s, errors=304766)
  rows=287,594  triples=30,410,932  (4 ent/s, 411 triples/s, errors=304767)
  rows=287,629  triples=30,413,457  (4 ent/s, 411 triples/s, errors=304774)
  rows=287,653  triples=30,415,466  (4 ent/s, 411 triples/s, errors=304787)
  rows=287,677  triples=30,417,965  (4 ent/s, 411 triples/s, errors=304822)
  rows=287,699  triples=30,420,113  (4 ent/s, 411 triples/s, errors=304824)
  rows=287,724  triples=30,422,209  (4 ent/s, 411 triples/s, errors=304826)
  rows=287,751  triples=30,424,319  (4 ent/s, 411 triples/s, errors=304845)
  rows=287,780  triples=30,426,385  (4 ent/s, 411 triples/s, errors=304845)
  rows=287,816  triples=30,428,746  (4 ent/s, 411 triples/s, errors=304846)
  rows=287,845  triples=30,430,812  (4 ent/s, 411 triples/s, errors=304846)
  rows=287,875  triples=30,433,082  (4 ent/s, 411 triples/s, errors=304849)
  rows=287,907  triples=30,435,094  (4 ent/s, 411 triples/s, errors=304853)
  rows=287,928  triples=30,437,163  (4 ent/s, 411 triples/s, errors=304859)
  rows=287,962  triples=30,439,500  (4 ent/s, 411 triples/s, errors=304860)
  rows=287,991  triples=30,441,601  (4 ent/s, 411 triples/s, errors=304865)
  rows=288,009  triples=30,443,343  (4 ent/s, 411 triples/s, errors=304934)
  rows=288,032  triples=30,445,359  (4 ent/s, 411 triples/s, errors=304939)
  rows=288,063  triples=30,447,450  (4 ent/s, 411 triples/s, errors=304943)
  rows=288,090  triples=30,449,538  (4 ent/s, 411 triples/s, errors=304946)
  rows=288,115  triples=30,451,764  (4 ent/s, 411 triples/s, errors=304955)
  rows=288,145  triples=30,454,024  (4 ent/s, 411 triples/s, errors=304955)
  rows=288,170  triples=30,456,072  (4 ent/s, 411 triples/s, errors=304969)
  rows=288,219  triples=30,459,096  (4 ent/s, 411 triples/s, errors=304969)
  rows=288,248  triples=30,461,176  (4 ent/s, 411 triples/s, errors=304973)
  rows=288,276  triples=30,463,187  (4 ent/s, 411 triples/s, errors=304990)
  rows=288,306  triples=30,465,356  (4 ent/s, 411 triples/s, errors=304990)
  rows=288,336  triples=30,467,380  (4 ent/s, 411 triples/s, errors=304994)
  rows=288,365  triples=30,469,460  (4 ent/s, 411 triples/s, errors=305000)
  rows=288,389  triples=30,471,499  (4 ent/s, 411 triples/s, errors=305028)
  rows=288,416  triples=30,473,438  (4 ent/s, 411 triples/s, errors=305028)
  rows=288,442  triples=30,475,498  (4 ent/s, 411 triples/s, errors=305029)
  rows=288,477  triples=30,477,616  (4 ent/s, 411 triples/s, errors=305036)
  rows=288,512  triples=30,479,642  (4 ent/s, 411 triples/s, errors=305036)
  rows=288,538  triples=30,481,703  (4 ent/s, 411 triples/s, errors=305036)
  rows=288,565  triples=30,483,834  (4 ent/s, 411 triples/s, errors=305086)
  rows=288,596  triples=30,486,049  (4 ent/s, 411 triples/s, errors=305088)
  rows=288,611  triples=30,487,728  (4 ent/s, 411 triples/s, errors=305092)
  rows=288,644  triples=30,489,815  (4 ent/s, 411 triples/s, errors=305092)
  rows=288,668  triples=30,491,894  (4 ent/s, 411 triples/s, errors=305117)
  rows=288,702  triples=30,493,974  (4 ent/s, 411 triples/s, errors=305122)
  rows=288,737  triples=30,496,056  (4 ent/s, 411 triples/s, errors=305122)
  rows=288,764  triples=30,498,197  (4 ent/s, 411 triples/s, errors=305124)
  rows=288,792  triples=30,500,306  (4 ent/s, 411 triples/s, errors=305145)
  rows=288,827  triples=30,502,904  (4 ent/s, 411 triples/s, errors=305148)
  rows=288,848  triples=30,504,990  (4 ent/s, 411 triples/s, errors=305162)
  rows=288,872  triples=30,507,095  (4 ent/s, 411 triples/s, errors=305169)
  rows=288,905  triples=30,509,166  (4 ent/s, 411 triples/s, errors=305169)
  rows=288,930  triples=30,511,175  (4 ent/s, 411 triples/s, errors=305223)
  rows=288,959  triples=30,513,260  (4 ent/s, 411 triples/s, errors=305229)
  rows=288,985  triples=30,515,389  (4 ent/s, 411 triples/s, errors=305230)
  rows=289,014  triples=30,517,853  (4 ent/s, 411 triples/s, errors=305232)
  rows=289,042  triples=30,520,027  (4 ent/s, 411 triples/s, errors=305233)
  rows=289,063  triples=30,521,116  (4 ent/s, 411 triples/s, errors=305233)
  rows=289,088  triples=30,523,180  (4 ent/s, 411 triples/s, errors=305233)
  rows=289,119  triples=30,525,334  (4 ent/s, 411 triples/s, errors=305239)
  rows=289,145  triples=30,527,427  (4 ent/s, 411 triples/s, errors=305239)
  rows=289,173  triples=30,529,452  (4 ent/s, 411 triples/s, errors=305245)
  rows=289,212  triples=30,532,398  (4 ent/s, 411 triples/s, errors=305245)
  rows=289,244  triples=30,534,316  (4 ent/s, 411 triples/s, errors=305374)
  rows=289,261  triples=30,536,360  (4 ent/s, 411 triples/s, errors=305389)
  rows=289,289  triples=30,538,457  (4 ent/s, 411 triples/s, errors=305397)
  rows=289,314  triples=30,540,617  (4 ent/s, 411 triples/s, errors=305514)
  rows=289,341  triples=30,542,674  (4 ent/s, 411 triples/s, errors=305520)
  rows=289,371  triples=30,544,769  (4 ent/s, 411 triples/s, errors=305525)
  rows=289,399  triples=30,546,863  (4 ent/s, 411 triples/s, errors=305530)
  rows=289,429  triples=30,549,159  (4 ent/s, 411 triples/s, errors=305699)
  rows=289,454  triples=30,551,195  (4 ent/s, 411 triples/s, errors=305702)
  rows=289,494  triples=30,553,385  (4 ent/s, 411 triples/s, errors=305704)
  rows=289,532  triples=30,555,605  (4 ent/s, 411 triples/s, errors=305710)
  rows=289,560  triples=30,557,763  (4 ent/s, 411 triples/s, errors=305728)
  rows=289,587  triples=30,559,807  (4 ent/s, 411 triples/s, errors=305752)
  rows=289,613  triples=30,561,589  (4 ent/s, 411 triples/s, errors=305761)
  rows=289,642  triples=30,563,699  (4 ent/s, 411 triples/s, errors=305770)
  rows=289,669  triples=30,565,729  (4 ent/s, 411 triples/s, errors=305770)
  rows=289,699  triples=30,567,861  (4 ent/s, 411 triples/s, errors=305779)
  rows=289,728  triples=30,569,921  (4 ent/s, 411 triples/s, errors=305787)
  rows=289,755  triples=30,571,962  (4 ent/s, 411 triples/s, errors=305787)
  rows=289,791  triples=30,574,040  (4 ent/s, 411 triples/s, errors=305793)
  rows=289,823  triples=30,575,530  (4 ent/s, 411 triples/s, errors=305794)
  rows=289,845  triples=30,577,587  (4 ent/s, 411 triples/s, errors=305795)
  rows=289,878  triples=30,579,673  (4 ent/s, 411 triples/s, errors=305795)
  rows=289,912  triples=30,581,696  (4 ent/s, 411 triples/s, errors=305799)
  rows=289,942  triples=30,583,838  (4 ent/s, 411 triples/s, errors=305799)
  rows=289,977  triples=30,586,175  (4 ent/s, 411 triples/s, errors=305813)
  rows=289,995  triples=30,587,884  (4 ent/s, 411 triples/s, errors=306421)
  rows=290,034  triples=30,590,704  (4 ent/s, 411 triples/s, errors=306445)
  rows=290,075  triples=30,592,753  (4 ent/s, 411 triples/s, errors=306445)
  rows=290,104  triples=30,594,791  (4 ent/s, 411 triples/s, errors=306456)
  rows=290,140  triples=30,596,946  (4 ent/s, 411 triples/s, errors=306464)
  rows=290,167  triples=30,599,007  (4 ent/s, 411 triples/s, errors=306465)
  rows=290,196  triples=30,601,088  (4 ent/s, 411 triples/s, errors=306469)
  rows=290,213  triples=30,602,660  (4 ent/s, 411 triples/s, errors=306477)
  rows=290,247  triples=30,604,734  (4 ent/s, 411 triples/s, errors=306478)
  rows=290,272  triples=30,606,889  (4 ent/s, 411 triples/s, errors=306517)
  rows=290,299  triples=30,608,951  (4 ent/s, 411 triples/s, errors=306523)
  rows=290,329  triples=30,611,102  (4 ent/s, 411 triples/s, errors=306542)
  rows=290,363  triples=30,613,179  (4 ent/s, 411 triples/s, errors=306542)
  rows=290,394  triples=30,615,304  (4 ent/s, 411 triples/s, errors=306542)
  rows=290,428  triples=30,617,998  (4 ent/s, 411 triples/s, errors=306542)
  rows=290,461  triples=30,620,144  (4 ent/s, 411 triples/s, errors=306552)
  rows=290,481  triples=30,622,371  (4 ent/s, 411 triples/s, errors=306563)
  rows=290,507  triples=30,624,527  (4 ent/s, 411 triples/s, errors=306604)
  rows=290,538  triples=30,626,859  (4 ent/s, 411 triples/s, errors=306606)
  rows=290,566  triples=30,629,141  (4 ent/s, 411 triples/s, errors=306628)
  rows=290,593  triples=30,631,352  (4 ent/s, 411 triples/s, errors=306630)
  rows=290,632  triples=30,634,170  (4 ent/s, 411 triples/s, errors=306631)
  rows=290,659  triples=30,636,207  (4 ent/s, 411 triples/s, errors=306648)
  rows=290,682  triples=30,638,175  (4 ent/s, 411 triples/s, errors=306773)
  rows=290,706  triples=30,640,192  (4 ent/s, 411 triples/s, errors=306867)
  rows=290,735  triples=30,642,123  (4 ent/s, 411 triples/s, errors=306998)
  rows=290,765  triples=30,644,401  (4 ent/s, 411 triples/s, errors=307002)
  rows=290,790  triples=30,646,543  (4 ent/s, 411 triples/s, errors=307004)
  rows=290,819  triples=30,648,454  (4 ent/s, 411 triples/s, errors=307006)
  rows=290,846  triples=30,650,628  (4 ent/s, 411 triples/s, errors=307022)
  rows=290,864  triples=30,652,721  (4 ent/s, 411 triples/s, errors=307022)
  rows=290,881  triples=30,653,734  (4 ent/s, 411 triples/s, errors=307023)
  rows=290,904  triples=30,655,776  (4 ent/s, 411 triples/s, errors=307023)
  rows=290,921  triples=30,657,798  (4 ent/s, 411 triples/s, errors=307039)
  rows=290,948  triples=30,659,726  (4 ent/s, 411 triples/s, errors=307165)
  rows=290,982  triples=30,661,861  (4 ent/s, 411 triples/s, errors=307167)
  rows=291,016  triples=30,664,287  (4 ent/s, 411 triples/s, errors=307172)
  rows=291,038  triples=30,666,302  (4 ent/s, 411 triples/s, errors=307172)
  rows=291,069  triples=30,668,447  (4 ent/s, 411 triples/s, errors=307174)
  rows=291,095  triples=30,670,573  (4 ent/s, 411 triples/s, errors=307182)
  rows=291,123  triples=30,672,723  (4 ent/s, 411 triples/s, errors=307182)
  rows=291,150  triples=30,674,800  (4 ent/s, 411 triples/s, errors=307185)
  rows=291,180  triples=30,676,798  (4 ent/s, 411 triples/s, errors=307196)
  rows=291,201  triples=30,678,721  (4 ent/s, 411 triples/s, errors=307198)
  rows=291,233  triples=30,680,758  (4 ent/s, 411 triples/s, errors=307206)
  rows=291,258  triples=30,682,808  (4 ent/s, 411 triples/s, errors=307233)
  rows=291,290  triples=30,685,006  (4 ent/s, 411 triples/s, errors=307237)
  rows=291,320  triples=30,687,538  (4 ent/s, 411 triples/s, errors=307248)
  rows=291,347  triples=30,689,678  (4 ent/s, 411 triples/s, errors=307283)
  rows=291,378  triples=30,691,727  (4 ent/s, 411 triples/s, errors=307291)
  rows=291,409  triples=30,694,366  (4 ent/s, 411 triples/s, errors=307394)
  rows=291,427  triples=30,696,751  (4 ent/s, 411 triples/s, errors=307414)
  rows=291,452  triples=30,698,863  (4 ent/s, 411 triples/s, errors=307425)
  rows=291,477  triples=30,700,989  (4 ent/s, 411 triples/s, errors=307426)
  rows=291,508  triples=30,703,066  (4 ent/s, 411 triples/s, errors=307426)
  rows=291,532  triples=30,705,065  (4 ent/s, 411 triples/s, errors=307517)
  rows=291,561  triples=30,707,085  (4 ent/s, 411 triples/s, errors=307524)
  rows=291,587  triples=30,709,132  (4 ent/s, 411 triples/s, errors=307544)
  rows=291,635  triples=30,711,980  (4 ent/s, 411 triples/s, errors=307544)
  rows=291,665  triples=30,714,059  (4 ent/s, 411 triples/s, errors=307545)
  rows=291,697  triples=30,716,190  (4 ent/s, 411 triples/s, errors=307551)
  rows=291,728  triples=30,718,457  (4 ent/s, 411 triples/s, errors=307554)
  rows=291,754  triples=30,720,482  (4 ent/s, 411 triples/s, errors=307558)
  rows=291,782  triples=30,722,681  (4 ent/s, 411 triples/s, errors=307565)
  rows=291,808  triples=30,725,124  (4 ent/s, 411 triples/s, errors=307666)
  rows=291,840  triples=30,727,210  (4 ent/s, 411 triples/s, errors=307668)
  rows=291,867  triples=30,729,316  (4 ent/s, 411 triples/s, errors=307679)
  rows=291,892  triples=30,731,416  (4 ent/s, 411 triples/s, errors=307693)
  rows=291,924  triples=30,733,449  (4 ent/s, 411 triples/s, errors=307696)
  rows=291,952  triples=30,735,511  (4 ent/s, 411 triples/s, errors=307702)
  rows=291,982  triples=30,737,521  (4 ent/s, 411 triples/s, errors=307713)
  rows=292,016  triples=30,739,689  (4 ent/s, 411 triples/s, errors=307714)
  rows=292,047  triples=30,741,793  (4 ent/s, 411 triples/s, errors=307734)
  rows=292,075  triples=30,743,993  (4 ent/s, 411 triples/s, errors=307735)
  rows=292,107  triples=30,746,100  (4 ent/s, 411 triples/s, errors=307757)
  rows=292,135  triples=30,748,251  (4 ent/s, 411 triples/s, errors=307763)
  rows=292,158  triples=30,750,438  (4 ent/s, 411 triples/s, errors=308129)
  rows=292,178  triples=30,752,508  (4 ent/s, 411 triples/s, errors=308161)
  rows=292,216  triples=30,755,014  (4 ent/s, 411 triples/s, errors=308176)
  rows=292,240  triples=30,757,087  (4 ent/s, 411 triples/s, errors=308178)
  rows=292,265  triples=30,759,214  (4 ent/s, 411 triples/s, errors=308187)
  rows=292,295  triples=30,761,281  (4 ent/s, 411 triples/s, errors=308188)
  rows=292,318  triples=30,763,332  (4 ent/s, 411 triples/s, errors=308188)
  rows=292,347  triples=30,765,370  (4 ent/s, 411 triples/s, errors=308195)
  rows=292,375  triples=30,767,392  (4 ent/s, 411 triples/s, errors=308204)
  rows=292,401  triples=30,768,932  (4 ent/s, 411 triples/s, errors=308210)
  rows=292,430  triples=30,771,016  (4 ent/s, 411 triples/s, errors=308214)
  rows=292,459  triples=30,773,163  (4 ent/s, 411 triples/s, errors=308215)
  rows=292,490  triples=30,775,254  (4 ent/s, 411 triples/s, errors=308222)
  rows=292,516  triples=30,777,399  (4 ent/s, 411 triples/s, errors=308234)
  rows=292,540  triples=30,779,576  (4 ent/s, 411 triples/s, errors=308237)
  rows=292,561  triples=30,781,642  (4 ent/s, 411 triples/s, errors=308243)
  rows=292,585  triples=30,783,814  (4 ent/s, 411 triples/s, errors=308257)
  rows=292,612  triples=30,785,870  (4 ent/s, 411 triples/s, errors=308262)
  rows=292,644  triples=30,787,938  (4 ent/s, 411 triples/s, errors=308270)
  rows=292,674  triples=30,790,011  (4 ent/s, 411 triples/s, errors=308276)
  rows=292,699  triples=30,792,168  (4 ent/s, 411 triples/s, errors=308277)
  rows=292,724  triples=30,794,246  (4 ent/s, 411 triples/s, errors=308279)
  rows=292,752  triples=30,796,346  (4 ent/s, 411 triples/s, errors=308281)
  rows=292,778  triples=30,798,479  (4 ent/s, 411 triples/s, errors=308292)
  rows=292,801  triples=30,800,309  (4 ent/s, 411 triples/s, errors=308293)
  rows=292,826  triples=30,802,335  (4 ent/s, 411 triples/s, errors=308294)
  rows=292,856  triples=30,804,561  (4 ent/s, 411 triples/s, errors=308294)
  rows=292,885  triples=30,806,598  (4 ent/s, 411 triples/s, errors=308294)
  rows=292,908  triples=30,808,614  (4 ent/s, 411 triples/s, errors=308302)
  rows=292,933  triples=30,810,690  (4 ent/s, 411 triples/s, errors=308314)
  rows=292,958  triples=30,812,723  (4 ent/s, 411 triples/s, errors=308327)
  rows=292,986  triples=30,814,792  (4 ent/s, 411 triples/s, errors=308328)
  rows=293,016  triples=30,817,170  (4 ent/s, 411 triples/s, errors=308329)
  rows=293,037  triples=30,819,244  (4 ent/s, 411 triples/s, errors=308333)
  rows=293,065  triples=30,821,270  (4 ent/s, 411 triples/s, errors=308336)
  rows=293,094  triples=30,823,475  (4 ent/s, 411 triples/s, errors=308345)
  rows=293,126  triples=30,825,618  (4 ent/s, 411 triples/s, errors=308350)
  rows=293,151  triples=30,827,686  (4 ent/s, 411 triples/s, errors=308362)
  rows=293,175  triples=30,829,772  (4 ent/s, 411 triples/s, errors=308370)
  rows=293,213  triples=30,832,764  (4 ent/s, 411 triples/s, errors=308383)
  rows=293,237  triples=30,834,922  (4 ent/s, 411 triples/s, errors=308400)
  rows=293,257  triples=30,837,064  (4 ent/s, 411 triples/s, errors=308411)
  rows=293,285  triples=30,839,382  (4 ent/s, 411 triples/s, errors=308427)
  rows=293,315  triples=30,841,432  (4 ent/s, 411 triples/s, errors=308433)
  rows=293,335  triples=30,843,275  (4 ent/s, 411 triples/s, errors=308839)
  rows=293,362  triples=30,845,343  (4 ent/s, 411 triples/s, errors=308839)
  rows=293,392  triples=30,847,534  (4 ent/s, 411 triples/s, errors=308846)
  rows=293,431  triples=30,850,179  (4 ent/s, 411 triples/s, errors=308850)
  rows=293,463  triples=30,852,252  (4 ent/s, 411 triples/s, errors=308852)
  rows=293,491  triples=30,854,329  (4 ent/s, 411 triples/s, errors=308853)
  rows=293,521  triples=30,856,496  (4 ent/s, 411 triples/s, errors=308854)
  rows=293,551  triples=30,858,592  (4 ent/s, 411 triples/s, errors=308854)
  rows=293,579  triples=30,860,778  (4 ent/s, 411 triples/s, errors=308856)
  rows=293,603  triples=30,862,739  (4 ent/s, 411 triples/s, errors=309553)
  rows=293,636  triples=30,864,978  (4 ent/s, 411 triples/s, errors=309556)
  rows=293,669  triples=30,867,055  (4 ent/s, 411 triples/s, errors=309561)
  rows=293,699  triples=30,869,197  (4 ent/s, 411 triples/s, errors=309578)
  rows=293,726  triples=30,871,279  (4 ent/s, 411 triples/s, errors=309580)
  rows=293,751  triples=30,873,322  (4 ent/s, 411 triples/s, errors=309584)
  rows=293,780  triples=30,875,507  (4 ent/s, 411 triples/s, errors=309585)
  rows=293,800  triples=30,877,546  (4 ent/s, 411 triples/s, errors=309589)
  rows=293,825  triples=30,879,609  (4 ent/s, 411 triples/s, errors=309603)
  rows=293,853  triples=30,881,648  (4 ent/s, 411 triples/s, errors=309603)
  rows=293,878  triples=30,883,835  (4 ent/s, 411 triples/s, errors=309609)
  rows=293,903  triples=30,885,932  (4 ent/s, 411 triples/s, errors=309609)
  rows=293,928  triples=30,888,112  (4 ent/s, 411 triples/s, errors=309630)
  rows=293,961  triples=30,890,118  (4 ent/s, 411 triples/s, errors=309633)
  rows=293,995  triples=30,892,172  (4 ent/s, 411 triples/s, errors=309635)
  rows=294,029  triples=30,894,585  (4 ent/s, 411 triples/s, errors=309644)
  rows=294,059  triples=30,896,877  (4 ent/s, 411 triples/s, errors=309663)
  rows=294,087  triples=30,899,060  (4 ent/s, 411 triples/s, errors=309666)
  rows=294,120  triples=30,901,327  (4 ent/s, 411 triples/s, errors=309667)
  rows=294,145  triples=30,903,394  (4 ent/s, 411 triples/s, errors=309699)
  rows=294,179  triples=30,905,531  (4 ent/s, 411 triples/s, errors=309703)
  rows=294,211  triples=30,908,504  (4 ent/s, 411 triples/s, errors=309710)
  rows=294,244  triples=30,910,585  (4 ent/s, 411 triples/s, errors=309711)
  rows=294,271  triples=30,912,681  (4 ent/s, 411 triples/s, errors=309739)
  rows=294,310  triples=30,914,854  (4 ent/s, 411 triples/s, errors=309739)
  rows=294,331  triples=30,916,941  (4 ent/s, 411 triples/s, errors=309760)
  rows=294,356  triples=30,918,977  (4 ent/s, 411 triples/s, errors=309772)
  rows=294,381  triples=30,921,086  (4 ent/s, 411 triples/s, errors=309778)
  rows=294,417  triples=30,923,411  (4 ent/s, 411 triples/s, errors=309779)
  rows=294,445  triples=30,925,575  (4 ent/s, 411 triples/s, errors=309783)
  rows=294,475  triples=30,927,614  (4 ent/s, 411 triples/s, errors=309790)
  rows=294,505  triples=30,929,685  (4 ent/s, 411 triples/s, errors=309790)
  rows=294,517  triples=30,930,690  (4 ent/s, 411 triples/s, errors=309797)
  rows=294,546  triples=30,932,766  (4 ent/s, 411 triples/s, errors=309807)
  rows=294,572  triples=30,934,870  (4 ent/s, 411 triples/s, errors=309811)
  rows=294,601  triples=30,936,687  (4 ent/s, 411 triples/s, errors=309811)
  rows=294,629  triples=30,938,701  (4 ent/s, 411 triples/s, errors=309813)
  rows=294,656  triples=30,940,747  (4 ent/s, 411 triples/s, errors=309814)
  rows=294,691  triples=30,942,775  (4 ent/s, 411 triples/s, errors=309820)
  rows=294,724  triples=30,944,887  (4 ent/s, 411 triples/s, errors=309820)
  rows=294,757  triples=30,946,958  (4 ent/s, 411 triples/s, errors=309821)
  rows=294,785  triples=30,949,088  (4 ent/s, 411 triples/s, errors=309822)
  rows=294,814  triples=30,951,231  (4 ent/s, 411 triples/s, errors=309822)
  rows=294,844  triples=30,953,266  (4 ent/s, 411 triples/s, errors=309824)
  rows=294,873  triples=30,955,415  (4 ent/s, 411 triples/s, errors=309834)
  rows=294,897  triples=30,957,572  (4 ent/s, 411 triples/s, errors=309848)
  rows=294,924  triples=30,959,618  (4 ent/s, 411 triples/s, errors=309855)
  rows=294,951  triples=30,961,794  (4 ent/s, 411 triples/s, errors=309857)
  rows=294,988  triples=30,963,947  (4 ent/s, 411 triples/s, errors=309857)
  rows=295,019  triples=30,966,015  (4 ent/s, 411 triples/s, errors=309870)
  rows=295,048  triples=30,968,253  (4 ent/s, 411 triples/s, errors=309876)
  rows=295,074  triples=30,970,466  (4 ent/s, 411 triples/s, errors=309888)
  rows=295,110  triples=30,972,562  (4 ent/s, 411 triples/s, errors=309893)
  rows=295,142  triples=30,974,686  (4 ent/s, 411 triples/s, errors=309893)
  rows=295,166  triples=30,976,829  (4 ent/s, 411 triples/s, errors=309911)
  rows=295,197  triples=30,978,897  (4 ent/s, 411 triples/s, errors=309920)
  rows=295,220  triples=30,981,064  (4 ent/s, 411 triples/s, errors=310242)
  rows=295,249  triples=30,983,273  (4 ent/s, 411 triples/s, errors=310283)
  rows=295,281  triples=30,985,428  (4 ent/s, 411 triples/s, errors=310283)
  rows=295,306  triples=30,987,481  (4 ent/s, 411 triples/s, errors=310288)
  rows=295,328  triples=30,989,665  (4 ent/s, 411 triples/s, errors=310291)
  rows=295,353  triples=30,991,714  (4 ent/s, 411 triples/s, errors=310313)
  rows=295,386  triples=30,993,734  (4 ent/s, 411 triples/s, errors=310323)
  rows=295,413  triples=30,995,757  (4 ent/s, 411 triples/s, errors=310323)
  rows=295,438  triples=30,997,775  (4 ent/s, 411 triples/s, errors=310334)
  rows=295,470  triples=30,999,863  (4 ent/s, 411 triples/s, errors=310336)
  rows=295,506  triples=31,001,945  (4 ent/s, 411 triples/s, errors=310353)
  rows=295,534  triples=31,003,992  (4 ent/s, 411 triples/s, errors=310359)
  rows=295,568  triples=31,006,121  (4 ent/s, 411 triples/s, errors=310361)
  rows=295,593  triples=31,008,174  (4 ent/s, 411 triples/s, errors=310368)
  rows=295,635  triples=31,010,819  (4 ent/s, 411 triples/s, errors=310368)
  rows=295,656  triples=31,013,168  (4 ent/s, 411 triples/s, errors=310587)
  rows=295,687  triples=31,015,230  (4 ent/s, 411 triples/s, errors=310588)
  rows=295,723  triples=31,017,255  (4 ent/s, 411 triples/s, errors=310589)
  rows=295,753  triples=31,019,470  (4 ent/s, 411 triples/s, errors=310593)
  rows=295,776  triples=31,021,585  (4 ent/s, 411 triples/s, errors=310596)
  rows=295,811  triples=31,024,576  (4 ent/s, 411 triples/s, errors=310596)
  rows=295,837  triples=31,026,876  (4 ent/s, 411 triples/s, errors=310606)
  rows=295,866  triples=31,029,075  (4 ent/s, 411 triples/s, errors=310606)
  rows=295,912  triples=31,032,487  (4 ent/s, 411 triples/s, errors=310609)
  rows=295,943  triples=31,034,544  (4 ent/s, 411 triples/s, errors=310613)
  rows=295,974  triples=31,036,708  (4 ent/s, 411 triples/s, errors=310613)
  rows=296,001  triples=31,038,707  (4 ent/s, 411 triples/s, errors=310627)
  rows=296,026  triples=31,040,900  (4 ent/s, 411 triples/s, errors=310628)
  rows=296,058  triples=31,042,968  (4 ent/s, 411 triples/s, errors=310628)
  rows=296,088  triples=31,044,985  (4 ent/s, 411 triples/s, errors=310630)
  rows=296,115  triples=31,047,270  (4 ent/s, 411 triples/s, errors=310632)
  rows=296,152  triples=31,049,334  (4 ent/s, 411 triples/s, errors=310632)
  rows=296,174  triples=31,051,510  (4 ent/s, 411 triples/s, errors=310643)
  rows=296,216  triples=31,054,347  (4 ent/s, 411 triples/s, errors=310653)
  rows=296,247  triples=31,056,404  (4 ent/s, 411 triples/s, errors=310666)
  rows=296,279  triples=31,058,460  (4 ent/s, 411 triples/s, errors=310669)
  rows=296,312  triples=31,060,559  (4 ent/s, 411 triples/s, errors=310686)
  rows=296,329  triples=31,062,650  (4 ent/s, 411 triples/s, errors=310699)
  rows=296,335  triples=31,062,650  (4 ent/s, 410 triples/s, errors=310699)
  rows=296,358  triples=31,064,749  (4 ent/s, 410 triples/s, errors=310712)
  rows=296,385  triples=31,066,804  (4 ent/s, 410 triples/s, errors=310722)
  rows=296,413  triples=31,068,812  (4 ent/s, 410 triples/s, errors=310725)
  rows=296,442  triples=31,071,053  (4 ent/s, 410 triples/s, errors=310725)
  rows=296,480  triples=31,074,316  (4 ent/s, 410 triples/s, errors=310726)
  rows=296,506  triples=31,076,399  (4 ent/s, 410 triples/s, errors=310734)
  rows=296,532  triples=31,078,475  (4 ent/s, 410 triples/s, errors=310746)
  rows=296,561  triples=31,080,577  (4 ent/s, 410 triples/s, errors=310759)
  rows=296,591  triples=31,082,741  (4 ent/s, 410 triples/s, errors=310776)
  rows=296,632  triples=31,085,361  (4 ent/s, 410 triples/s, errors=310786)
  rows=296,655  triples=31,087,409  (4 ent/s, 410 triples/s, errors=310786)
  rows=296,677  triples=31,089,523  (4 ent/s, 410 triples/s, errors=310791)
  rows=296,699  triples=31,091,636  (4 ent/s, 410 triples/s, errors=310800)
  rows=296,724  triples=31,093,720  (4 ent/s, 410 triples/s, errors=310809)
  rows=296,757  triples=31,095,867  (4 ent/s, 410 triples/s, errors=310825)
  rows=296,785  triples=31,097,903  (4 ent/s, 410 triples/s, errors=310825)
  rows=296,812  triples=31,099,888  (4 ent/s, 410 triples/s, errors=310830)
  rows=296,839  triples=31,101,931  (4 ent/s, 410 triples/s, errors=310851)
  rows=296,867  triples=31,104,026  (4 ent/s, 410 triples/s, errors=310867)
  rows=296,896  triples=31,106,129  (4 ent/s, 410 triples/s, errors=310869)
  rows=296,923  triples=31,108,307  (4 ent/s, 410 triples/s, errors=310871)
  rows=296,953  triples=31,110,440  (4 ent/s, 410 triples/s, errors=310871)
  rows=296,986  triples=31,112,503  (4 ent/s, 410 triples/s, errors=310872)
  rows=297,015  triples=31,114,591  (4 ent/s, 410 triples/s, errors=310881)
  rows=297,047  triples=31,116,643  (4 ent/s, 410 triples/s, errors=310881)
  rows=297,077  triples=31,118,787  (4 ent/s, 410 triples/s, errors=310888)
  rows=297,109  triples=31,120,807  (4 ent/s, 410 triples/s, errors=310902)
  rows=297,138  triples=31,123,101  (4 ent/s, 410 triples/s, errors=310905)
  rows=297,166  triples=31,125,195  (4 ent/s, 410 triples/s, errors=310905)
  rows=297,195  triples=31,127,293  (4 ent/s, 410 triples/s, errors=310906)
  rows=297,223  triples=31,129,758  (4 ent/s, 410 triples/s, errors=310910)
  rows=297,250  triples=31,131,961  (4 ent/s, 410 triples/s, errors=310912)
  rows=297,280  triples=31,134,072  (4 ent/s, 410 triples/s, errors=310912)
  rows=297,304  triples=31,136,098  (4 ent/s, 410 triples/s, errors=310913)
  rows=297,340  triples=31,139,256  (4 ent/s, 410 triples/s, errors=310918)
  rows=297,373  triples=31,141,463  (4 ent/s, 410 triples/s, errors=310922)
  rows=297,410  triples=31,144,185  (4 ent/s, 410 triples/s, errors=310937)
  rows=297,437  triples=31,146,469  (4 ent/s, 410 triples/s, errors=310943)
  rows=297,467  triples=31,148,706  (4 ent/s, 410 triples/s, errors=310948)
  rows=297,503  triples=31,150,804  (4 ent/s, 410 triples/s, errors=310949)
  rows=297,533  triples=31,153,497  (4 ent/s, 410 triples/s, errors=311173)
  rows=297,556  triples=31,155,592  (4 ent/s, 410 triples/s, errors=311177)
  rows=297,579  triples=31,157,692  (4 ent/s, 410 triples/s, errors=311181)
  rows=297,621  triples=31,160,534  (4 ent/s, 410 triples/s, errors=311184)
  rows=297,643  triples=31,162,649  (4 ent/s, 410 triples/s, errors=311195)
  rows=297,674  triples=31,164,659  (4 ent/s, 410 triples/s, errors=311198)
  rows=297,706  triples=31,166,773  (4 ent/s, 410 triples/s, errors=311208)
  rows=297,741  triples=31,169,873  (4 ent/s, 410 triples/s, errors=311212)
  rows=297,777  triples=31,171,989  (4 ent/s, 410 triples/s, errors=311213)
  rows=297,816  triples=31,175,068  (4 ent/s, 410 triples/s, errors=311221)
  rows=297,835  triples=31,177,101  (4 ent/s, 410 triples/s, errors=311244)
  rows=297,868  triples=31,179,447  (4 ent/s, 410 triples/s, errors=311257)
  rows=297,895  triples=31,181,589  (4 ent/s, 410 triples/s, errors=311268)
  rows=297,921  triples=31,183,780  (4 ent/s, 410 triples/s, errors=311272)
  rows=297,953  triples=31,185,818  (4 ent/s, 410 triples/s, errors=311277)
  rows=297,980  triples=31,187,884  (4 ent/s, 410 triples/s, errors=311302)
  rows=298,001  triples=31,189,827  (4 ent/s, 410 triples/s, errors=311343)
  rows=298,028  triples=31,191,892  (4 ent/s, 410 triples/s, errors=311360)
  rows=298,054  triples=31,194,122  (4 ent/s, 410 triples/s, errors=311399)
  rows=298,082  triples=31,196,203  (4 ent/s, 410 triples/s, errors=311399)
  rows=298,106  triples=31,198,246  (4 ent/s, 410 triples/s, errors=311402)
  rows=298,135  triples=31,200,435  (4 ent/s, 410 triples/s, errors=311413)
  rows=298,153  triples=31,201,495  (4 ent/s, 410 triples/s, errors=311413)
  rows=298,177  triples=31,203,717  (4 ent/s, 410 triples/s, errors=311421)
  rows=298,198  triples=31,205,734  (4 ent/s, 410 triples/s, errors=311444)
  rows=298,227  triples=31,208,141  (4 ent/s, 410 triples/s, errors=311445)
  rows=298,252  triples=31,210,230  (4 ent/s, 410 triples/s, errors=311459)
  rows=298,283  triples=31,212,304  (4 ent/s, 410 triples/s, errors=311459)
  rows=298,308  triples=31,214,530  (4 ent/s, 410 triples/s, errors=311468)
  rows=298,341  triples=31,216,695  (4 ent/s, 410 triples/s, errors=311468)
  rows=298,369  triples=31,218,794  (4 ent/s, 410 triples/s, errors=311471)
  rows=298,395  triples=31,220,850  (4 ent/s, 410 triples/s, errors=311471)
  rows=298,424  triples=31,223,365  (4 ent/s, 410 triples/s, errors=311477)
  rows=298,450  triples=31,225,450  (4 ent/s, 410 triples/s, errors=311481)
  rows=298,476  triples=31,227,583  (4 ent/s, 410 triples/s, errors=311516)
  rows=298,500  triples=31,229,707  (4 ent/s, 410 triples/s, errors=311518)
  rows=298,529  triples=31,232,096  (4 ent/s, 410 triples/s, errors=311522)
  rows=298,549  triples=31,234,388  (4 ent/s, 410 triples/s, errors=311523)
  rows=298,575  triples=31,236,536  (4 ent/s, 410 triples/s, errors=311525)
  rows=298,615  triples=31,239,541  (4 ent/s, 410 triples/s, errors=311529)
  rows=298,638  triples=31,241,687  (4 ent/s, 410 triples/s, errors=311529)
  rows=298,661  triples=31,243,789  (4 ent/s, 410 triples/s, errors=311531)
  rows=298,683  triples=31,245,903  (4 ent/s, 410 triples/s, errors=311619)
  rows=298,717  triples=31,249,152  (4 ent/s, 410 triples/s, errors=311623)
  rows=298,751  triples=31,251,075  (4 ent/s, 410 triples/s, errors=311742)
  rows=298,787  triples=31,254,223  (4 ent/s, 410 triples/s, errors=311751)
  rows=298,814  triples=31,256,700  (4 ent/s, 410 triples/s, errors=311764)
  rows=298,839  triples=31,259,007  (4 ent/s, 410 triples/s, errors=311781)
  rows=298,871  triples=31,261,101  (4 ent/s, 410 triples/s, errors=311781)
  rows=298,902  triples=31,263,124  (4 ent/s, 410 triples/s, errors=311790)
  rows=298,933  triples=31,266,018  (4 ent/s, 410 triples/s, errors=311792)
  rows=298,954  triples=31,268,108  (4 ent/s, 410 triples/s, errors=311813)
  rows=298,981  triples=31,270,172  (4 ent/s, 410 triples/s, errors=311830)
  rows=299,014  triples=31,272,360  (4 ent/s, 410 triples/s, errors=311830)
  rows=299,044  triples=31,274,499  (4 ent/s, 410 triples/s, errors=311830)
  rows=299,073  triples=31,276,835  (4 ent/s, 410 triples/s, errors=311832)
  rows=299,100  triples=31,278,952  (4 ent/s, 410 triples/s, errors=311845)
  rows=299,132  triples=31,281,053  (4 ent/s, 410 triples/s, errors=311858)
  rows=299,165  triples=31,283,098  (4 ent/s, 410 triples/s, errors=311859)
  rows=299,188  triples=31,285,418  (4 ent/s, 410 triples/s, errors=311959)
  rows=299,213  triples=31,287,464  (4 ent/s, 410 triples/s, errors=311966)
  rows=299,239  triples=31,289,779  (4 ent/s, 410 triples/s, errors=311994)
  rows=299,262  triples=31,291,867  (4 ent/s, 410 triples/s, errors=311999)
  rows=299,288  triples=31,293,903  (4 ent/s, 410 triples/s, errors=312001)
  rows=299,320  triples=31,295,918  (4 ent/s, 410 triples/s, errors=312001)
  rows=299,347  triples=31,298,085  (4 ent/s, 410 triples/s, errors=312004)
  rows=299,371  triples=31,300,194  (4 ent/s, 410 triples/s, errors=312011)
  rows=299,399  triples=31,302,226  (4 ent/s, 410 triples/s, errors=312018)
  rows=299,423  triples=31,304,488  (4 ent/s, 410 triples/s, errors=312026)
  rows=299,446  triples=31,306,569  (4 ent/s, 410 triples/s, errors=312040)
  rows=299,466  triples=31,308,622  (4 ent/s, 410 triples/s, errors=312049)
  rows=299,493  triples=31,310,643  (4 ent/s, 410 triples/s, errors=312051)
  rows=299,527  triples=31,312,723  (4 ent/s, 410 triples/s, errors=312053)
  rows=299,555  triples=31,314,779  (4 ent/s, 410 triples/s, errors=312063)
  rows=299,585  triples=31,316,960  (4 ent/s, 410 triples/s, errors=312065)
  rows=299,615  triples=31,318,700  (4 ent/s, 410 triples/s, errors=312079)
  rows=299,649  triples=31,320,813  (4 ent/s, 410 triples/s, errors=312085)
  rows=299,682  triples=31,322,882  (4 ent/s, 410 triples/s, errors=312086)
  rows=299,712  triples=31,324,983  (4 ent/s, 410 triples/s, errors=312089)
  rows=299,734  triples=31,327,035  (4 ent/s, 410 triples/s, errors=312117)
  rows=299,753  triples=31,329,109  (4 ent/s, 410 triples/s, errors=312156)
  rows=299,781  triples=31,331,219  (4 ent/s, 410 triples/s, errors=312160)
  rows=299,809  triples=31,333,496  (4 ent/s, 410 triples/s, errors=312161)
  rows=299,838  triples=31,335,588  (4 ent/s, 410 triples/s, errors=312161)
  rows=299,869  triples=31,337,655  (4 ent/s, 410 triples/s, errors=312165)
  rows=299,905  triples=31,339,728  (4 ent/s, 410 triples/s, errors=312167)
  rows=299,933  triples=31,341,793  (4 ent/s, 410 triples/s, errors=312167)
  rows=299,954  triples=31,343,810  (4 ent/s, 410 triples/s, errors=312179)
  rows=299,971  triples=31,344,808  (4 ent/s, 410 triples/s, errors=312182)
  rows=300,000  triples=31,346,930  (4 ent/s, 410 triples/s, errors=312182)
  rows=300,027  triples=31,349,024  (4 ent/s, 410 triples/s, errors=312194)
  rows=300,062  triples=31,351,114  (4 ent/s, 410 triples/s, errors=312198)
  rows=300,089  triples=31,353,255  (4 ent/s, 410 triples/s, errors=312198)
  rows=300,124  triples=31,355,412  (4 ent/s, 410 triples/s, errors=312202)
  rows=300,149  triples=31,357,460  (4 ent/s, 410 triples/s, errors=312207)
  rows=300,169  triples=31,359,509  (4 ent/s, 410 triples/s, errors=312208)
  rows=300,197  triples=31,361,833  (4 ent/s, 410 triples/s, errors=312208)
  rows=300,222  triples=31,364,321  (4 ent/s, 410 triples/s, errors=312752)
  rows=300,248  triples=31,366,580  (4 ent/s, 410 triples/s, errors=312752)
  rows=300,270  triples=31,368,586  (4 ent/s, 410 triples/s, errors=312776)
  rows=300,298  triples=31,370,810  (4 ent/s, 410 triples/s, errors=312801)
  rows=300,321  triples=31,372,991  (4 ent/s, 410 triples/s, errors=312812)
  rows=300,345  triples=31,375,158  (4 ent/s, 410 triples/s, errors=312852)
  rows=300,369  triples=31,377,185  (4 ent/s, 410 triples/s, errors=312852)
  rows=300,393  triples=31,379,270  (4 ent/s, 410 triples/s, errors=312858)
  rows=300,423  triples=31,381,853  (4 ent/s, 410 triples/s, errors=312866)
  rows=300,448  triples=31,383,859  (4 ent/s, 410 triples/s, errors=312898)
  rows=300,471  triples=31,386,022  (4 ent/s, 410 triples/s, errors=312901)
  rows=300,494  triples=31,388,195  (4 ent/s, 410 triples/s, errors=312925)
  rows=300,526  triples=31,390,218  (4 ent/s, 410 triples/s, errors=312929)
  rows=300,550  triples=31,392,337  (4 ent/s, 410 triples/s, errors=312940)
  rows=300,573  triples=31,394,488  (4 ent/s, 410 triples/s, errors=312947)
  rows=300,592  triples=31,396,517  (4 ent/s, 410 triples/s, errors=312952)
  rows=300,621  triples=31,399,083  (4 ent/s, 410 triples/s, errors=312952)
  rows=300,644  triples=31,401,127  (4 ent/s, 410 triples/s, errors=312953)
  rows=300,669  triples=31,403,237  (4 ent/s, 410 triples/s, errors=312959)
  rows=300,695  triples=31,405,273  (4 ent/s, 410 triples/s, errors=312962)
  rows=300,718  triples=31,407,607  (4 ent/s, 410 triples/s, errors=312967)
  rows=300,743  triples=31,409,632  (4 ent/s, 410 triples/s, errors=312992)
  rows=300,768  triples=31,411,683  (4 ent/s, 410 triples/s, errors=312992)
  rows=300,788  triples=31,413,832  (4 ent/s, 410 triples/s, errors=312995)
  rows=300,816  triples=31,416,353  (4 ent/s, 410 triples/s, errors=313015)
  rows=300,842  triples=31,418,579  (4 ent/s, 410 triples/s, errors=313024)
  rows=300,872  triples=31,420,746  (4 ent/s, 410 triples/s, errors=313025)
  rows=300,902  triples=31,422,819  (4 ent/s, 410 triples/s, errors=313025)
  rows=300,924  triples=31,424,862  (4 ent/s, 410 triples/s, errors=313039)
  rows=300,948  triples=31,426,977  (4 ent/s, 410 triples/s, errors=313071)
  rows=300,977  triples=31,429,154  (4 ent/s, 410 triples/s, errors=313072)
  rows=301,001  triples=31,431,870  (4 ent/s, 410 triples/s, errors=313077)
  rows=301,019  triples=31,433,885  (4 ent/s, 410 triples/s, errors=313077)
  rows=301,050  triples=31,436,159  (4 ent/s, 410 triples/s, errors=313086)
  rows=301,071  triples=31,438,315  (4 ent/s, 410 triples/s, errors=313095)
  rows=301,099  triples=31,440,452  (4 ent/s, 410 triples/s, errors=313113)
  rows=301,120  triples=31,442,534  (4 ent/s, 410 triples/s, errors=313113)
  rows=301,147  triples=31,444,679  (4 ent/s, 410 triples/s, errors=313114)
  rows=301,183  triples=31,447,783  (4 ent/s, 410 triples/s, errors=313125)
  rows=301,217  triples=31,449,973  (4 ent/s, 410 triples/s, errors=313126)
  rows=301,242  triples=31,452,094  (4 ent/s, 410 triples/s, errors=313137)
  rows=301,270  triples=31,454,363  (4 ent/s, 410 triples/s, errors=313150)
  rows=301,290  triples=31,456,484  (4 ent/s, 410 triples/s, errors=313180)
  rows=301,318  triples=31,458,544  (4 ent/s, 410 triples/s, errors=313183)
  rows=301,351  triples=31,460,612  (4 ent/s, 410 triples/s, errors=313184)
  rows=301,371  triples=31,462,730  (4 ent/s, 410 triples/s, errors=313187)
  rows=301,395  triples=31,464,804  (4 ent/s, 410 triples/s, errors=313189)
  rows=301,423  triples=31,467,305  (4 ent/s, 410 triples/s, errors=313193)
  rows=301,449  triples=31,469,441  (4 ent/s, 410 triples/s, errors=313194)
  rows=301,475  triples=31,471,586  (4 ent/s, 410 triples/s, errors=313194)
  rows=301,504  triples=31,473,694  (4 ent/s, 410 triples/s, errors=313194)
  rows=301,528  triples=31,475,740  (4 ent/s, 410 triples/s, errors=313198)
  rows=301,552  triples=31,477,846  (4 ent/s, 410 triples/s, errors=313219)
  rows=301,578  triples=31,479,949  (4 ent/s, 410 triples/s, errors=313247)
  rows=301,612  triples=31,482,943  (4 ent/s, 410 triples/s, errors=313249)
  rows=301,630  triples=31,485,044  (4 ent/s, 410 triples/s, errors=313269)
  rows=301,659  triples=31,487,263  (4 ent/s, 410 triples/s, errors=313273)
  rows=301,682  triples=31,489,390  (4 ent/s, 410 triples/s, errors=313276)
  rows=301,709  triples=31,491,446  (4 ent/s, 410 triples/s, errors=313296)
  rows=301,732  triples=31,493,475  (4 ent/s, 410 triples/s, errors=313337)
  rows=301,754  triples=31,495,620  (4 ent/s, 410 triples/s, errors=313339)
  rows=301,787  triples=31,498,704  (4 ent/s, 410 triples/s, errors=313342)
  rows=301,789  triples=31,498,704  (4 ent/s, 410 triples/s, errors=313342)
  rows=301,814  triples=31,500,881  (4 ent/s, 410 triples/s, errors=313342)
  rows=301,835  triples=31,503,078  (4 ent/s, 410 triples/s, errors=313343)
  rows=301,862  triples=31,505,436  (4 ent/s, 410 triples/s, errors=313347)
  rows=301,890  triples=31,507,711  (4 ent/s, 410 triples/s, errors=313349)
  rows=301,918  triples=31,509,806  (4 ent/s, 410 triples/s, errors=313352)
  rows=301,955  triples=31,513,143  (4 ent/s, 410 triples/s, errors=313361)
  rows=301,986  triples=31,516,296  (4 ent/s, 410 triples/s, errors=313370)
  rows=302,012  triples=31,518,475  (4 ent/s, 410 triples/s, errors=313375)
  rows=302,038  triples=31,520,560  (4 ent/s, 410 triples/s, errors=313381)
  rows=302,064  triples=31,522,660  (4 ent/s, 410 triples/s, errors=313382)
  rows=302,090  triples=31,524,823  (4 ent/s, 410 triples/s, errors=313413)
  rows=302,118  triples=31,526,948  (4 ent/s, 410 triples/s, errors=313414)
  rows=302,143  triples=31,528,947  (4 ent/s, 410 triples/s, errors=313478)
  rows=302,173  triples=31,530,990  (4 ent/s, 410 triples/s, errors=313480)
  rows=302,199  triples=31,533,109  (4 ent/s, 410 triples/s, errors=313482)
  rows=302,219  triples=31,535,176  (4 ent/s, 410 triples/s, errors=313485)
  rows=302,239  triples=31,537,342  (4 ent/s, 410 triples/s, errors=313495)
  rows=302,266  triples=31,539,441  (4 ent/s, 410 triples/s, errors=313496)
  rows=302,293  triples=31,541,675  (4 ent/s, 410 triples/s, errors=313512)
  rows=302,329  triples=31,543,722  (4 ent/s, 410 triples/s, errors=313512)
  rows=302,343  triples=31,546,094  (4 ent/s, 410 triples/s, errors=313520)
  rows=302,371  triples=31,548,135  (4 ent/s, 410 triples/s, errors=313522)
  rows=302,398  triples=31,550,201  (4 ent/s, 410 triples/s, errors=313543)
  rows=302,427  triples=31,552,703  (4 ent/s, 410 triples/s, errors=313544)
  rows=302,459  triples=31,554,872  (4 ent/s, 410 triples/s, errors=313550)
  rows=302,485  triples=31,557,087  (4 ent/s, 410 triples/s, errors=313551)
  rows=302,509  triples=31,559,445  (4 ent/s, 410 triples/s, errors=313562)
  rows=302,538  triples=31,561,524  (4 ent/s, 410 triples/s, errors=313563)
  rows=302,565  triples=31,563,668  (4 ent/s, 410 triples/s, errors=313569)
  rows=302,599  triples=31,565,705  (4 ent/s, 410 triples/s, errors=313571)
  rows=302,622  triples=31,568,904  (4 ent/s, 410 triples/s, errors=313575)
  rows=302,643  triples=31,570,989  (4 ent/s, 410 triples/s, errors=313579)
  rows=302,666  triples=31,573,084  (4 ent/s, 410 triples/s, errors=313641)
  rows=302,693  triples=31,575,395  (4 ent/s, 410 triples/s, errors=313641)
  rows=302,719  triples=31,577,574  (4 ent/s, 410 triples/s, errors=313648)
  rows=302,736  triples=31,579,755  (4 ent/s, 410 triples/s, errors=313658)
  rows=302,758  triples=31,581,900  (4 ent/s, 410 triples/s, errors=313659)
  rows=302,787  triples=31,585,057  (4 ent/s, 410 triples/s, errors=313662)
  rows=302,817  triples=31,587,419  (4 ent/s, 410 triples/s, errors=313667)
  rows=302,838  triples=31,589,761  (4 ent/s, 410 triples/s, errors=313673)
  rows=302,862  triples=31,591,887  (4 ent/s, 410 triples/s, errors=313703)
  rows=302,876  triples=31,593,965  (4 ent/s, 410 triples/s, errors=313703)
  rows=302,898  triples=31,596,022  (4 ent/s, 410 triples/s, errors=313704)
  rows=302,923  triples=31,599,077  (4 ent/s, 410 triples/s, errors=313707)
  rows=302,947  triples=31,601,173  (4 ent/s, 410 triples/s, errors=313713)
  rows=302,969  triples=31,603,279  (4 ent/s, 410 triples/s, errors=313714)
  rows=302,997  triples=31,605,383  (4 ent/s, 410 triples/s, errors=313717)
  rows=303,019  triples=31,608,053  (4 ent/s, 410 triples/s, errors=313729)
  rows=303,035  triples=31,610,146  (4 ent/s, 410 triples/s, errors=313746)
  rows=303,064  triples=31,613,172  (4 ent/s, 410 triples/s, errors=313747)
  rows=303,086  triples=31,616,677  (4 ent/s, 410 triples/s, errors=313751)
  rows=303,102  triples=31,619,016  (4 ent/s, 410 triples/s, errors=313757)
  rows=303,124  triples=31,621,324  (4 ent/s, 410 triples/s, errors=313916)
  rows=303,152  triples=31,623,395  (4 ent/s, 410 triples/s, errors=313918)
  rows=303,178  triples=31,625,517  (4 ent/s, 410 triples/s, errors=313919)
  rows=303,201  triples=31,627,817  (4 ent/s, 410 triples/s, errors=313919)
  rows=303,231  triples=31,630,946  (4 ent/s, 410 triples/s, errors=313922)
  rows=303,268  triples=31,634,182  (4 ent/s, 410 triples/s, errors=313930)
  rows=303,297  triples=31,637,371  (4 ent/s, 410 triples/s, errors=313932)
  rows=303,324  triples=31,639,588  (4 ent/s, 410 triples/s, errors=313982)
  rows=303,366  triples=31,642,849  (4 ent/s, 410 triples/s, errors=313982)
  rows=303,388  triples=31,645,176  (4 ent/s, 410 triples/s, errors=313983)
  rows=303,413  triples=31,647,330  (4 ent/s, 410 triples/s, errors=313988)
  rows=303,442  triples=31,649,343  (4 ent/s, 410 triples/s, errors=313990)
  rows=303,465  triples=31,651,436  (4 ent/s, 410 triples/s, errors=313996)
  rows=303,490  triples=31,653,758  (4 ent/s, 410 triples/s, errors=313997)
  rows=303,523  triples=31,656,933  (4 ent/s, 410 triples/s, errors=313997)
  rows=303,557  triples=31,659,005  (4 ent/s, 410 triples/s, errors=314002)
  rows=303,583  triples=31,661,331  (4 ent/s, 410 triples/s, errors=314007)
  rows=303,607  triples=31,663,087  (4 ent/s, 410 triples/s, errors=314008)
  rows=303,625  triples=31,665,159  (4 ent/s, 410 triples/s, errors=314014)
  rows=303,645  triples=31,667,307  (4 ent/s, 410 triples/s, errors=314017)
  rows=303,669  triples=31,669,369  (4 ent/s, 410 triples/s, errors=314017)
  rows=303,703  triples=31,672,592  (4 ent/s, 410 triples/s, errors=314021)
  rows=303,738  triples=31,675,731  (4 ent/s, 410 triples/s, errors=314037)
  rows=303,753  triples=31,677,835  (4 ent/s, 410 triples/s, errors=314038)
  rows=303,787  triples=31,682,127  (4 ent/s, 410 triples/s, errors=314043)
  rows=303,815  triples=31,684,042  (4 ent/s, 410 triples/s, errors=314057)
  rows=303,844  triples=31,687,245  (4 ent/s, 410 triples/s, errors=314065)
  rows=303,873  triples=31,689,650  (4 ent/s, 410 triples/s, errors=314065)
  rows=303,897  triples=31,691,956  (4 ent/s, 410 triples/s, errors=314088)
  rows=303,919  triples=31,694,196  (4 ent/s, 410 triples/s, errors=314106)
  rows=303,936  triples=31,696,247  (4 ent/s, 410 triples/s, errors=314111)
  rows=303,959  triples=31,698,812  (4 ent/s, 410 triples/s, errors=314282)
  rows=303,991  triples=31,702,024  (4 ent/s, 410 triples/s, errors=314287)
  rows=304,009  triples=31,704,372  (4 ent/s, 410 triples/s, errors=314469)
  rows=304,031  triples=31,706,438  (4 ent/s, 410 triples/s, errors=314477)
  rows=304,054  triples=31,708,511  (4 ent/s, 410 triples/s, errors=314482)
  rows=304,072  triples=31,710,668  (4 ent/s, 410 triples/s, errors=314488)
  rows=304,106  triples=31,712,766  (4 ent/s, 410 triples/s, errors=314489)
  rows=304,129  triples=31,714,860  (4 ent/s, 410 triples/s, errors=314492)
  rows=304,151  triples=31,716,987  (4 ent/s, 410 triples/s, errors=314497)
  rows=304,178  triples=31,719,144  (4 ent/s, 410 triples/s, errors=314503)
  rows=304,199  triples=31,721,213  (4 ent/s, 410 triples/s, errors=314506)
  rows=304,227  triples=31,723,424  (4 ent/s, 410 triples/s, errors=314511)
  rows=304,244  triples=31,725,503  (4 ent/s, 410 triples/s, errors=314533)
  rows=304,269  triples=31,727,857  (4 ent/s, 410 triples/s, errors=314543)
  rows=304,298  triples=31,729,981  (4 ent/s, 410 triples/s, errors=314553)
  rows=304,323  triples=31,732,147  (4 ent/s, 410 triples/s, errors=314556)
  rows=304,350  triples=31,734,224  (4 ent/s, 410 triples/s, errors=314559)
  rows=304,381  triples=31,736,307  (4 ent/s, 410 triples/s, errors=314569)
  rows=304,411  triples=31,738,818  (4 ent/s, 410 triples/s, errors=314574)
  rows=304,434  triples=31,740,834  (4 ent/s, 410 triples/s, errors=314595)
  rows=304,454  triples=31,742,914  (4 ent/s, 410 triples/s, errors=314603)
  rows=304,477  triples=31,744,989  (4 ent/s, 410 triples/s, errors=314631)
  rows=304,502  triples=31,747,015  (4 ent/s, 410 triples/s, errors=314636)
  rows=304,524  triples=31,749,145  (4 ent/s, 410 triples/s, errors=314643)
  rows=304,547  triples=31,751,574  (4 ent/s, 410 triples/s, errors=314645)
  rows=304,568  triples=31,753,649  (4 ent/s, 410 triples/s, errors=314656)
  rows=304,592  triples=31,755,870  (4 ent/s, 410 triples/s, errors=314694)
  rows=304,628  triples=31,758,572  (4 ent/s, 410 triples/s, errors=314721)
  rows=304,650  triples=31,760,711  (4 ent/s, 410 triples/s, errors=314725)
  rows=304,672  triples=31,762,760  (4 ent/s, 410 triples/s, errors=314733)
  rows=304,699  triples=31,764,862  (4 ent/s, 410 triples/s, errors=314745)
  rows=304,731  triples=31,766,933  (4 ent/s, 410 triples/s, errors=314746)
  rows=304,756  triples=31,769,103  (4 ent/s, 410 triples/s, errors=314755)
  rows=304,776  triples=31,771,394  (4 ent/s, 410 triples/s, errors=314762)
  rows=304,799  triples=31,773,682  (4 ent/s, 410 triples/s, errors=314762)
  rows=304,827  triples=31,775,805  (4 ent/s, 410 triples/s, errors=314772)
  rows=304,844  triples=31,777,906  (4 ent/s, 410 triples/s, errors=314794)
  rows=304,870  triples=31,779,970  (4 ent/s, 410 triples/s, errors=314882)
  rows=304,886  triples=31,782,193  (4 ent/s, 410 triples/s, errors=314897)
  rows=304,912  triples=31,784,298  (4 ent/s, 410 triples/s, errors=314918)
  rows=304,932  triples=31,786,360  (4 ent/s, 410 triples/s, errors=314927)
  rows=304,971  triples=31,789,645  (4 ent/s, 410 triples/s, errors=314953)
  rows=304,990  triples=31,792,024  (4 ent/s, 410 triples/s, errors=314959)
  rows=305,006  triples=31,794,001  (4 ent/s, 410 triples/s, errors=315055)
  rows=305,035  triples=31,796,042  (4 ent/s, 410 triples/s, errors=315055)
  rows=305,059  triples=31,798,263  (4 ent/s, 410 triples/s, errors=315058)
  rows=305,086  triples=31,800,381  (4 ent/s, 410 triples/s, errors=315137)
  rows=305,110  triples=31,802,636  (4 ent/s, 410 triples/s, errors=315137)
  rows=305,129  triples=31,804,700  (4 ent/s, 410 triples/s, errors=315139)
  rows=305,165  triples=31,806,728  (4 ent/s, 410 triples/s, errors=315140)
  rows=305,177  triples=31,809,044  (4 ent/s, 410 triples/s, errors=315148)
  rows=305,201  triples=31,810,817  (4 ent/s, 410 triples/s, errors=315153)
  rows=305,216  triples=31,812,826  (4 ent/s, 410 triples/s, errors=315158)
  rows=305,245  triples=31,815,121  (4 ent/s, 410 triples/s, errors=315158)
  rows=305,269  triples=31,817,167  (4 ent/s, 410 triples/s, errors=315171)
  rows=305,295  triples=31,819,315  (4 ent/s, 410 triples/s, errors=315175)
  rows=305,326  triples=31,821,567  (4 ent/s, 410 triples/s, errors=315188)
  rows=305,348  triples=31,823,619  (4 ent/s, 410 triples/s, errors=315205)
  rows=305,365  triples=31,825,705  (4 ent/s, 410 triples/s, errors=315213)
  rows=305,393  triples=31,827,822  (4 ent/s, 410 triples/s, errors=315220)
  rows=305,425  triples=31,830,391  (4 ent/s, 410 triples/s, errors=315230)
  rows=305,455  triples=31,832,562  (4 ent/s, 410 triples/s, errors=315239)
  rows=305,478  triples=31,834,772  (4 ent/s, 410 triples/s, errors=315253)
  rows=305,498  triples=31,836,861  (4 ent/s, 410 triples/s, errors=315266)
  rows=305,532  triples=31,840,237  (4 ent/s, 410 triples/s, errors=315268)
  rows=305,555  triples=31,842,571  (4 ent/s, 410 triples/s, errors=315271)
  rows=305,583  triples=31,844,801  (4 ent/s, 410 triples/s, errors=315279)
  rows=305,607  triples=31,847,052  (4 ent/s, 410 triples/s, errors=315289)
  rows=305,628  triples=31,849,171  (4 ent/s, 410 triples/s, errors=315304)
  rows=305,649  triples=31,851,318  (4 ent/s, 410 triples/s, errors=315307)
  rows=305,666  triples=31,853,378  (4 ent/s, 410 triples/s, errors=315326)
  rows=305,692  triples=31,855,493  (4 ent/s, 410 triples/s, errors=315347)
  rows=305,714  triples=31,857,579  (4 ent/s, 410 triples/s, errors=315349)
  rows=305,733  triples=31,859,708  (4 ent/s, 410 triples/s, errors=315353)
  rows=305,757  triples=31,861,891  (4 ent/s, 410 triples/s, errors=315378)
  rows=305,781  triples=31,863,970  (4 ent/s, 410 triples/s, errors=315387)
  rows=305,810  triples=31,866,544  (4 ent/s, 410 triples/s, errors=315472)
  rows=305,833  triples=31,868,538  (4 ent/s, 410 triples/s, errors=315493)
  rows=305,857  triples=31,870,570  (4 ent/s, 410 triples/s, errors=315500)
  rows=305,879  triples=31,872,603  (4 ent/s, 410 triples/s, errors=315517)
  rows=305,916  triples=31,874,690  (4 ent/s, 410 triples/s, errors=315519)
  rows=305,938  triples=31,876,794  (4 ent/s, 410 triples/s, errors=315523)
  rows=305,956  triples=31,879,116  (4 ent/s, 410 triples/s, errors=315529)
  rows=305,981  triples=31,881,292  (4 ent/s, 410 triples/s, errors=315529)
  rows=306,012  triples=31,884,525  (4 ent/s, 410 triples/s, errors=315532)
  rows=306,034  triples=31,886,580  (4 ent/s, 410 triples/s, errors=315536)
  rows=306,064  triples=31,888,627  (4 ent/s, 410 triples/s, errors=315549)
  rows=306,091  triples=31,890,795  (4 ent/s, 410 triples/s, errors=315554)
  rows=306,118  triples=31,892,943  (4 ent/s, 410 triples/s, errors=315555)
  rows=306,143  triples=31,895,050  (4 ent/s, 410 triples/s, errors=315567)
  rows=306,170  triples=31,897,390  (4 ent/s, 410 triples/s, errors=315582)
  rows=306,190  triples=31,899,959  (4 ent/s, 410 triples/s, errors=315823)
  rows=306,203  triples=31,901,603  (4 ent/s, 410 triples/s, errors=316379)
  rows=306,229  triples=31,903,759  (4 ent/s, 410 triples/s, errors=316410)
  rows=306,258  triples=31,905,908  (4 ent/s, 410 triples/s, errors=316411)
  rows=306,285  triples=31,907,924  (4 ent/s, 410 triples/s, errors=316412)
  rows=306,314  triples=31,910,009  (4 ent/s, 410 triples/s, errors=316415)
  rows=306,338  triples=31,912,113  (4 ent/s, 410 triples/s, errors=316427)
  rows=306,367  triples=31,914,414  (4 ent/s, 410 triples/s, errors=316427)
  rows=306,390  triples=31,916,489  (4 ent/s, 410 triples/s, errors=316431)
  rows=306,416  triples=31,918,539  (4 ent/s, 410 triples/s, errors=316431)
  rows=306,459  triples=31,921,625  (4 ent/s, 410 triples/s, errors=316454)
  rows=306,487  triples=31,923,669  (4 ent/s, 410 triples/s, errors=316454)
  rows=306,513  triples=31,925,916  (4 ent/s, 410 triples/s, errors=316456)
  rows=306,539  triples=31,927,973  (4 ent/s, 410 triples/s, errors=316457)
  rows=306,566  triples=31,930,101  (4 ent/s, 410 triples/s, errors=316462)
  rows=306,594  triples=31,932,201  (4 ent/s, 410 triples/s, errors=316464)
  rows=306,630  triples=31,934,918  (4 ent/s, 410 triples/s, errors=316466)
  rows=306,657  triples=31,937,070  (4 ent/s, 410 triples/s, errors=316530)
  rows=306,682  triples=31,939,395  (4 ent/s, 410 triples/s, errors=316573)
  rows=306,707  triples=31,941,556  (4 ent/s, 410 triples/s, errors=316577)
  rows=306,731  triples=31,943,587  (4 ent/s, 410 triples/s, errors=316584)
  rows=306,760  triples=31,945,687  (4 ent/s, 410 triples/s, errors=316589)
  rows=306,788  triples=31,947,851  (4 ent/s, 410 triples/s, errors=316605)
  rows=306,835  triples=31,950,442  (4 ent/s, 410 triples/s, errors=316605)
  rows=306,872  triples=31,953,555  (4 ent/s, 410 triples/s, errors=316606)
  rows=306,905  triples=31,955,677  (4 ent/s, 410 triples/s, errors=316609)
  rows=306,926  triples=31,957,691  (4 ent/s, 410 triples/s, errors=316612)
  rows=306,944  triples=31,959,727  (4 ent/s, 410 triples/s, errors=316621)
  rows=306,970  triples=31,961,991  (4 ent/s, 410 triples/s, errors=316678)
  rows=306,996  triples=31,964,039  (4 ent/s, 410 triples/s, errors=316692)
  rows=307,022  triples=31,966,527  (4 ent/s, 410 triples/s, errors=316694)
  rows=307,047  triples=31,969,361  (4 ent/s, 410 triples/s, errors=317156)
  rows=307,078  triples=31,971,486  (4 ent/s, 410 triples/s, errors=317162)
  rows=307,111  triples=31,973,604  (4 ent/s, 410 triples/s, errors=317163)
  rows=307,135  triples=31,975,643  (4 ent/s, 410 triples/s, errors=317167)
  rows=307,166  triples=31,977,780  (4 ent/s, 410 triples/s, errors=317179)
  rows=307,190  triples=31,979,959  (4 ent/s, 410 triples/s, errors=317183)
  rows=307,209  triples=31,981,876  (4 ent/s, 410 triples/s, errors=317193)
  rows=307,235  triples=31,983,945  (4 ent/s, 410 triples/s, errors=317194)
  rows=307,243  triples=31,983,945  (4 ent/s, 410 triples/s, errors=317194)
  rows=307,262  triples=31,986,065  (4 ent/s, 410 triples/s, errors=317198)
  rows=307,288  triples=31,988,158  (4 ent/s, 410 triples/s, errors=317198)
  rows=307,318  triples=31,990,498  (4 ent/s, 410 triples/s, errors=317230)
  rows=307,336  triples=31,992,717  (4 ent/s, 410 triples/s, errors=317283)
  rows=307,360  triples=31,994,992  (4 ent/s, 410 triples/s, errors=317285)
  rows=307,374  triples=31,997,061  (4 ent/s, 410 triples/s, errors=317342)
  rows=307,415  triples=31,999,842  (4 ent/s, 410 triples/s, errors=317351)
  rows=307,445  triples=32,001,950  (4 ent/s, 410 triples/s, errors=317358)
  rows=307,472  triples=32,004,024  (4 ent/s, 410 triples/s, errors=317358)
  rows=307,501  triples=32,006,137  (4 ent/s, 410 triples/s, errors=317359)
  rows=307,530  triples=32,008,557  (4 ent/s, 410 triples/s, errors=317377)
  rows=307,550  triples=32,010,621  (4 ent/s, 410 triples/s, errors=317377)
  rows=307,581  triples=32,012,938  (4 ent/s, 410 triples/s, errors=317381)
  rows=307,601  triples=32,014,298  (4 ent/s, 410 triples/s, errors=317407)
  rows=307,624  triples=32,016,375  (4 ent/s, 410 triples/s, errors=317422)
  rows=307,652  triples=32,018,430  (4 ent/s, 410 triples/s, errors=317429)
  rows=307,680  triples=32,020,558  (4 ent/s, 410 triples/s, errors=317432)
  rows=307,694  triples=32,022,127  (4 ent/s, 410 triples/s, errors=318026)
  rows=307,718  triples=32,024,223  (4 ent/s, 410 triples/s, errors=318043)
  rows=307,742  triples=32,026,476  (4 ent/s, 410 triples/s, errors=318143)
  rows=307,770  triples=32,028,642  (4 ent/s, 410 triples/s, errors=318150)
  rows=307,786  triples=32,030,690  (4 ent/s, 410 triples/s, errors=318166)
  rows=307,801  triples=32,032,589  (4 ent/s, 410 triples/s, errors=318166)
  rows=307,827  triples=32,034,643  (4 ent/s, 410 triples/s, errors=318166)
  rows=307,852  triples=32,036,659  (4 ent/s, 410 triples/s, errors=318174)
  rows=307,883  triples=32,038,763  (4 ent/s, 410 triples/s, errors=318201)
  rows=307,905  triples=32,040,961  (4 ent/s, 410 triples/s, errors=318223)
  rows=307,929  triples=32,043,099  (4 ent/s, 410 triples/s, errors=318223)
  rows=307,955  triples=32,045,413  (4 ent/s, 410 triples/s, errors=318226)
  rows=307,986  triples=32,047,499  (4 ent/s, 410 triples/s, errors=318227)
  rows=308,017  triples=32,049,713  (4 ent/s, 410 triples/s, errors=318231)
  rows=308,047  triples=32,051,819  (4 ent/s, 410 triples/s, errors=318235)
  rows=308,080  triples=32,053,889  (4 ent/s, 410 triples/s, errors=318237)
  rows=308,104  triples=32,056,034  (4 ent/s, 410 triples/s, errors=318238)
  rows=308,121  triples=32,058,528  (4 ent/s, 410 triples/s, errors=318243)
  rows=308,146  triples=32,060,585  (4 ent/s, 410 triples/s, errors=318273)
  rows=308,173  triples=32,062,938  (4 ent/s, 410 triples/s, errors=318282)
  rows=308,198  triples=32,065,094  (4 ent/s, 410 triples/s, errors=318286)
  rows=308,221  triples=32,067,374  (4 ent/s, 410 triples/s, errors=318286)
  rows=308,255  triples=32,069,569  (4 ent/s, 410 triples/s, errors=318287)
  rows=308,280  triples=32,071,828  (4 ent/s, 410 triples/s, errors=318288)
  rows=308,307  triples=32,073,890  (4 ent/s, 410 triples/s, errors=318295)
  rows=308,330  triples=32,075,911  (4 ent/s, 410 triples/s, errors=318302)
  rows=308,346  triples=32,078,213  (4 ent/s, 410 triples/s, errors=318314)
  rows=308,359  triples=32,080,248  (4 ent/s, 410 triples/s, errors=318322)
  rows=308,386  triples=32,082,339  (4 ent/s, 410 triples/s, errors=318324)
  rows=308,401  triples=32,083,485  (4 ent/s, 410 triples/s, errors=318333)
  rows=308,421  triples=32,085,554  (4 ent/s, 410 triples/s, errors=318338)
  rows=308,448  triples=32,087,954  (4 ent/s, 410 triples/s, errors=318460)
  rows=308,471  triples=32,090,023  (4 ent/s, 410 triples/s, errors=318460)
  rows=308,498  triples=32,092,403  (4 ent/s, 410 triples/s, errors=318480)
  rows=308,521  triples=32,094,458  (4 ent/s, 410 triples/s, errors=318483)
  rows=308,548  triples=32,096,682  (4 ent/s, 410 triples/s, errors=318491)
  rows=308,568  triples=32,098,719  (4 ent/s, 410 triples/s, errors=318493)
  rows=308,592  triples=32,100,840  (4 ent/s, 410 triples/s, errors=318493)
  rows=308,626  triples=32,102,375  (4 ent/s, 410 triples/s, errors=318494)
  rows=308,633  triples=32,104,259  (4 ent/s, 410 triples/s, errors=318669)
  rows=308,657  triples=32,106,365  (4 ent/s, 410 triples/s, errors=318670)
  rows=308,680  triples=32,108,447  (4 ent/s, 410 triples/s, errors=318684)
  rows=308,701  triples=32,110,615  (4 ent/s, 410 triples/s, errors=318688)
  rows=308,729  triples=32,112,794  (4 ent/s, 410 triples/s, errors=318690)
  rows=308,760  triples=32,114,860  (4 ent/s, 410 triples/s, errors=318701)
  rows=308,783  triples=32,116,860  (4 ent/s, 410 triples/s, errors=318711)
  rows=308,816  triples=32,118,978  (4 ent/s, 410 triples/s, errors=318714)
  rows=308,846  triples=32,121,040  (4 ent/s, 410 triples/s, errors=318716)
  rows=308,878  triples=32,123,111  (4 ent/s, 410 triples/s, errors=318717)
  rows=308,899  triples=32,125,364  (4 ent/s, 410 triples/s, errors=318728)
  rows=308,917  triples=32,127,380  (4 ent/s, 410 triples/s, errors=318735)
  rows=308,941  triples=32,129,454  (4 ent/s, 410 triples/s, errors=318736)
  rows=308,968  triples=32,131,697  (4 ent/s, 410 triples/s, errors=318736)
  rows=308,985  triples=32,133,747  (4 ent/s, 410 triples/s, errors=318740)
  rows=309,009  triples=32,135,942  (4 ent/s, 410 triples/s, errors=318751)
  rows=309,027  triples=32,138,096  (4 ent/s, 410 triples/s, errors=318769)
  rows=309,049  triples=32,140,162  (4 ent/s, 410 triples/s, errors=318783)
  rows=309,061  triples=32,140,162  (4 ent/s, 410 triples/s, errors=318783)
  rows=309,077  triples=32,142,288  (4 ent/s, 410 triples/s, errors=318791)
  rows=309,100  triples=32,144,402  (4 ent/s, 410 triples/s, errors=318791)
  rows=309,124  triples=32,146,657  (4 ent/s, 410 triples/s, errors=318794)
  rows=309,156  triples=32,148,778  (4 ent/s, 410 triples/s, errors=318794)
  rows=309,181  triples=32,150,908  (4 ent/s, 410 triples/s, errors=318807)
  rows=309,211  triples=32,154,041  (4 ent/s, 410 triples/s, errors=318820)
  rows=309,234  triples=32,156,206  (4 ent/s, 410 triples/s, errors=318823)
  rows=309,256  triples=32,158,574  (4 ent/s, 410 triples/s, errors=318828)
  rows=309,278  triples=32,160,663  (4 ent/s, 410 triples/s, errors=318837)
  rows=309,307  triples=32,162,687  (4 ent/s, 410 triples/s, errors=318837)
  rows=309,331  triples=32,164,841  (4 ent/s, 410 triples/s, errors=318837)
  rows=309,355  triples=32,166,917  (4 ent/s, 410 triples/s, errors=318840)
  rows=309,376  triples=32,168,945  (4 ent/s, 410 triples/s, errors=318845)
  rows=309,414  triples=32,171,808  (4 ent/s, 410 triples/s, errors=318845)
  rows=309,437  triples=32,173,945  (4 ent/s, 410 triples/s, errors=318845)
  rows=309,473  triples=32,175,947  (4 ent/s, 410 triples/s, errors=318852)
  rows=309,495  triples=32,178,066  (4 ent/s, 410 triples/s, errors=318855)
  rows=309,517  triples=32,180,308  (4 ent/s, 410 triples/s, errors=318890)
  rows=309,548  triples=32,182,426  (4 ent/s, 410 triples/s, errors=318893)
  rows=309,568  triples=32,184,546  (4 ent/s, 410 triples/s, errors=318898)
  rows=309,591  triples=32,186,870  (4 ent/s, 410 triples/s, errors=318898)
  rows=309,616  triples=32,188,920  (4 ent/s, 410 triples/s, errors=318898)
  rows=309,644  triples=32,190,996  (4 ent/s, 410 triples/s, errors=318899)
  rows=309,669  triples=32,193,069  (4 ent/s, 410 triples/s, errors=318902)
  rows=309,694  triples=32,195,112  (4 ent/s, 410 triples/s, errors=318911)
  rows=309,714  triples=32,197,196  (4 ent/s, 410 triples/s, errors=318917)
  rows=309,739  triples=32,199,492  (4 ent/s, 410 triples/s, errors=318927)
  rows=309,766  triples=32,201,524  (4 ent/s, 410 triples/s, errors=318928)
  rows=309,801  triples=32,204,169  (4 ent/s, 410 triples/s, errors=318950)
  rows=309,830  triples=32,206,318  (4 ent/s, 410 triples/s, errors=318962)
  rows=309,861  triples=32,208,513  (4 ent/s, 410 triples/s, errors=318987)
  rows=309,888  triples=32,210,578  (4 ent/s, 410 triples/s, errors=318993)
  rows=309,912  triples=32,212,716  (4 ent/s, 410 triples/s, errors=318999)
  rows=309,933  triples=32,214,679  (4 ent/s, 410 triples/s, errors=319175)
  rows=309,958  triples=32,216,828  (4 ent/s, 410 triples/s, errors=319177)
  rows=310,000  triples=32,220,101  (4 ent/s, 410 triples/s, errors=319177)
  rows=310,027  triples=32,222,362  (4 ent/s, 410 triples/s, errors=319267)
  rows=310,044  triples=32,224,786  (4 ent/s, 410 triples/s, errors=319350)
  rows=310,065  triples=32,226,738  (4 ent/s, 410 triples/s, errors=319468)
  rows=310,095  triples=32,228,815  (4 ent/s, 410 triples/s, errors=319473)
  rows=310,141  triples=32,231,869  (4 ent/s, 410 triples/s, errors=319478)
  rows=310,168  triples=32,234,003  (4 ent/s, 410 triples/s, errors=319486)
  rows=310,195  triples=32,236,189  (4 ent/s, 410 triples/s, errors=319490)
  rows=310,228  triples=32,238,746  (4 ent/s, 410 triples/s, errors=319492)
  rows=310,278  triples=32,241,933  (4 ent/s, 410 triples/s, errors=319507)
  rows=310,300  triples=32,243,979  (4 ent/s, 410 triples/s, errors=319510)
  rows=310,326  triples=32,246,150  (4 ent/s, 410 triples/s, errors=319514)
  rows=310,352  triples=32,248,306  (4 ent/s, 410 triples/s, errors=319527)
  rows=310,380  triples=32,250,400  (4 ent/s, 410 triples/s, errors=319528)
  rows=310,401  triples=32,252,371  (4 ent/s, 410 triples/s, errors=319529)
  rows=310,426  triples=32,254,430  (4 ent/s, 410 triples/s, errors=319548)
  rows=310,446  triples=32,256,491  (4 ent/s, 410 triples/s, errors=319607)
  rows=310,469  triples=32,258,638  (4 ent/s, 410 triples/s, errors=319611)
  rows=310,502  triples=32,261,710  (4 ent/s, 410 triples/s, errors=319615)
  rows=310,540  triples=32,263,730  (4 ent/s, 410 triples/s, errors=319617)
  rows=310,569  triples=32,266,897  (4 ent/s, 410 triples/s, errors=319631)
  rows=310,596  triples=32,269,094  (4 ent/s, 410 triples/s, errors=319657)
  rows=310,626  triples=32,271,744  (4 ent/s, 410 triples/s, errors=319659)
  rows=310,651  triples=32,273,874  (4 ent/s, 410 triples/s, errors=319661)
  rows=310,678  triples=32,275,981  (4 ent/s, 410 triples/s, errors=319685)
  rows=310,714  triples=32,279,436  (4 ent/s, 410 triples/s, errors=319701)
  rows=310,743  triples=32,281,527  (4 ent/s, 410 triples/s, errors=319702)
  rows=310,771  triples=32,283,562  (4 ent/s, 410 triples/s, errors=319709)
  rows=310,802  triples=32,285,594  (4 ent/s, 410 triples/s, errors=319716)
  rows=310,831  triples=32,287,846  (4 ent/s, 410 triples/s, errors=319716)
  rows=310,859  triples=32,289,898  (4 ent/s, 410 triples/s, errors=319716)
  rows=310,879  triples=32,292,459  (4 ent/s, 410 triples/s, errors=319772)
  rows=310,909  triples=32,294,575  (4 ent/s, 410 triples/s, errors=319818)
  rows=310,934  triples=32,296,666  (4 ent/s, 410 triples/s, errors=319834)
  rows=310,960  triples=32,298,767  (4 ent/s, 410 triples/s, errors=319839)
  rows=310,984  triples=32,300,875  (4 ent/s, 410 triples/s, errors=319840)
  rows=311,018  triples=32,303,012  (4 ent/s, 410 triples/s, errors=319840)
  rows=311,047  triples=32,305,048  (4 ent/s, 410 triples/s, errors=319841)
  rows=311,076  triples=32,307,269  (4 ent/s, 410 triples/s, errors=319844)
  rows=311,122  triples=32,310,488  (4 ent/s, 410 triples/s, errors=319848)
  rows=311,152  triples=32,312,597  (4 ent/s, 410 triples/s, errors=319849)
  rows=311,183  triples=32,314,643  (4 ent/s, 410 triples/s, errors=319849)
  rows=311,217  triples=32,316,976  (4 ent/s, 410 triples/s, errors=319849)
  rows=311,244  triples=32,319,034  (4 ent/s, 410 triples/s, errors=319852)
  rows=311,272  triples=32,321,123  (4 ent/s, 410 triples/s, errors=319854)
  rows=311,299  triples=32,323,132  (4 ent/s, 410 triples/s, errors=319854)
  rows=311,322  triples=32,325,283  (4 ent/s, 410 triples/s, errors=319863)
  rows=311,349  triples=32,327,411  (4 ent/s, 410 triples/s, errors=319863)
  rows=311,375  triples=32,329,443  (4 ent/s, 410 triples/s, errors=319867)
  rows=311,400  triples=32,331,520  (4 ent/s, 410 triples/s, errors=319873)
  rows=311,426  triples=32,333,703  (4 ent/s, 410 triples/s, errors=319875)
  rows=311,451  triples=32,335,907  (4 ent/s, 410 triples/s, errors=319881)
  rows=311,470  triples=32,337,935  (4 ent/s, 410 triples/s, errors=319893)
  rows=311,493  triples=32,339,960  (4 ent/s, 410 triples/s, errors=319904)
  rows=311,522  triples=32,342,137  (4 ent/s, 410 triples/s, errors=319908)
  rows=311,546  triples=32,344,413  (4 ent/s, 410 triples/s, errors=319914)
  rows=311,572  triples=32,346,559  (4 ent/s, 410 triples/s, errors=319924)
  rows=311,612  triples=32,349,665  (4 ent/s, 410 triples/s, errors=319926)
  rows=311,651  triples=32,352,749  (4 ent/s, 410 triples/s, errors=319934)
  rows=311,675  triples=32,355,015  (4 ent/s, 410 triples/s, errors=319952)
  rows=311,708  triples=32,357,188  (4 ent/s, 410 triples/s, errors=319952)
  rows=311,735  triples=32,359,255  (4 ent/s, 410 triples/s, errors=319952)
  rows=311,765  triples=32,361,284  (4 ent/s, 410 triples/s, errors=319965)
  rows=311,786  triples=32,363,319  (4 ent/s, 410 triples/s, errors=319986)
  rows=311,812  triples=32,365,299  (4 ent/s, 410 triples/s, errors=320006)
  rows=311,831  triples=32,367,639  (4 ent/s, 410 triples/s, errors=320049)
  rows=311,856  triples=32,369,984  (4 ent/s, 410 triples/s, errors=320061)
  rows=311,880  triples=32,372,045  (4 ent/s, 410 triples/s, errors=320083)
  rows=311,914  triples=32,374,328  (4 ent/s, 410 triples/s, errors=320084)
  rows=311,937  triples=32,376,477  (4 ent/s, 410 triples/s, errors=320095)
  rows=311,961  triples=32,378,836  (4 ent/s, 410 triples/s, errors=320106)
  rows=311,987  triples=32,380,959  (4 ent/s, 410 triples/s, errors=320106)
  rows=312,013  triples=32,383,475  (4 ent/s, 410 triples/s, errors=320128)
  rows=312,045  triples=32,385,566  (4 ent/s, 410 triples/s, errors=320132)
  rows=312,076  triples=32,388,683  (4 ent/s, 410 triples/s, errors=320135)
  rows=312,102  triples=32,390,881  (4 ent/s, 410 triples/s, errors=320139)
  rows=312,130  triples=32,393,113  (4 ent/s, 410 triples/s, errors=320146)
  rows=312,153  triples=32,395,358  (4 ent/s, 410 triples/s, errors=320156)
  rows=312,177  triples=32,397,456  (4 ent/s, 410 triples/s, errors=320156)
  rows=312,201  triples=32,399,413  (4 ent/s, 410 triples/s, errors=320159)
  rows=312,221  triples=32,401,429  (4 ent/s, 410 triples/s, errors=320163)
  rows=312,252  triples=32,403,826  (4 ent/s, 410 triples/s, errors=320166)
  rows=312,279  triples=32,405,954  (4 ent/s, 410 triples/s, errors=320175)
  rows=312,299  triples=32,408,113  (4 ent/s, 410 triples/s, errors=320198)
  rows=312,318  triples=32,410,230  (4 ent/s, 410 triples/s, errors=320201)
  rows=312,346  triples=32,412,283  (4 ent/s, 410 triples/s, errors=320202)
  rows=312,372  triples=32,414,297  (4 ent/s, 410 triples/s, errors=320207)
  rows=312,391  triples=32,416,494  (4 ent/s, 410 triples/s, errors=320210)
  rows=312,418  triples=32,419,231  (4 ent/s, 410 triples/s, errors=320212)
  rows=312,441  triples=32,421,353  (4 ent/s, 410 triples/s, errors=320215)
  rows=312,471  triples=32,423,381  (4 ent/s, 410 triples/s, errors=320216)
  rows=312,493  triples=32,426,835  (4 ent/s, 410 triples/s, errors=320224)
  rows=312,518  triples=32,428,993  (4 ent/s, 410 triples/s, errors=320234)
  rows=312,546  triples=32,431,343  (4 ent/s, 410 triples/s, errors=320234)
  rows=312,573  triples=32,433,439  (4 ent/s, 410 triples/s, errors=320238)
  rows=312,596  triples=32,436,038  (4 ent/s, 410 triples/s, errors=320320)
  rows=312,631  triples=32,438,768  (4 ent/s, 410 triples/s, errors=320328)
  rows=312,654  triples=32,440,798  (4 ent/s, 410 triples/s, errors=320333)
  rows=312,679  triples=32,442,900  (4 ent/s, 410 triples/s, errors=320342)
  rows=312,697  triples=32,443,991  (4 ent/s, 409 triples/s, errors=320344)
  rows=312,722  triples=32,446,041  (4 ent/s, 409 triples/s, errors=320354)
  rows=312,744  triples=32,448,177  (4 ent/s, 409 triples/s, errors=320368)
  rows=312,785  triples=32,451,324  (4 ent/s, 409 triples/s, errors=320369)
  rows=312,810  triples=32,453,738  (4 ent/s, 409 triples/s, errors=320381)
  rows=312,842  triples=32,455,987  (4 ent/s, 409 triples/s, errors=320394)
  rows=312,858  triples=32,458,083  (4 ent/s, 409 triples/s, errors=320396)
  rows=312,899  triples=32,461,317  (4 ent/s, 409 triples/s, errors=320418)
  rows=312,929  triples=32,464,433  (4 ent/s, 409 triples/s, errors=320424)
  rows=312,965  triples=32,467,580  (4 ent/s, 409 triples/s, errors=320429)
  rows=312,985  triples=32,469,698  (4 ent/s, 409 triples/s, errors=320437)
  rows=313,010  triples=32,471,939  (4 ent/s, 409 triples/s, errors=320445)
  rows=313,034  triples=32,474,483  (4 ent/s, 409 triples/s, errors=320446)
  rows=313,068  triples=32,477,514  (4 ent/s, 409 triples/s, errors=320550)
  rows=313,089  triples=32,479,730  (4 ent/s, 409 triples/s, errors=320586)
  rows=313,109  triples=32,481,891  (4 ent/s, 409 triples/s, errors=320662)
  rows=313,143  triples=32,485,158  (4 ent/s, 409 triples/s, errors=320662)
  rows=313,166  triples=32,487,316  (4 ent/s, 409 triples/s, errors=320666)
  rows=313,187  triples=32,489,426  (4 ent/s, 409 triples/s, errors=320668)
  rows=313,217  triples=32,491,639  (4 ent/s, 409 triples/s, errors=320712)
  rows=313,241  triples=32,493,792  (4 ent/s, 409 triples/s, errors=320714)
  rows=313,277  triples=32,496,874  (4 ent/s, 409 triples/s, errors=320719)
  rows=313,300  triples=32,499,002  (4 ent/s, 409 triples/s, errors=320731)
  rows=313,342  triples=32,502,115  (4 ent/s, 409 triples/s, errors=320740)
  rows=313,369  triples=32,504,209  (4 ent/s, 409 triples/s, errors=320740)
  rows=313,392  triples=32,506,370  (4 ent/s, 409 triples/s, errors=320762)
  rows=313,423  triples=32,509,158  (4 ent/s, 409 triples/s, errors=320770)
  rows=313,450  triples=32,511,224  (4 ent/s, 409 triples/s, errors=320780)
  rows=313,494  triples=32,514,318  (4 ent/s, 409 triples/s, errors=320784)
  rows=313,524  triples=32,516,446  (4 ent/s, 409 triples/s, errors=320786)
  rows=313,548  triples=32,518,649  (4 ent/s, 409 triples/s, errors=320789)
  rows=313,576  triples=32,520,840  (4 ent/s, 409 triples/s, errors=320798)
  rows=313,598  triples=32,523,030  (4 ent/s, 409 triples/s, errors=320799)
  rows=313,631  triples=32,525,351  (4 ent/s, 409 triples/s, errors=320810)
  rows=313,653  triples=32,527,431  (4 ent/s, 409 triples/s, errors=320813)
  rows=313,692  triples=32,530,582  (4 ent/s, 409 triples/s, errors=320821)
  rows=313,722  triples=32,532,680  (4 ent/s, 409 triples/s, errors=320822)
  rows=313,754  triples=32,534,761  (4 ent/s, 409 triples/s, errors=320823)
  rows=313,780  triples=32,536,858  (4 ent/s, 409 triples/s, errors=320835)
  rows=313,815  triples=32,539,208  (4 ent/s, 409 triples/s, errors=320839)
  rows=313,842  triples=32,541,214  (4 ent/s, 409 triples/s, errors=320846)
  rows=313,868  triples=32,543,362  (4 ent/s, 409 triples/s, errors=320847)
  rows=313,901  triples=32,545,426  (4 ent/s, 409 triples/s, errors=320848)
  rows=313,929  triples=32,547,637  (4 ent/s, 409 triples/s, errors=320863)
  rows=313,958  triples=32,549,818  (4 ent/s, 409 triples/s, errors=320869)
  rows=313,985  triples=32,551,929  (4 ent/s, 409 triples/s, errors=320878)
  rows=314,018  triples=32,553,946  (4 ent/s, 409 triples/s, errors=320878)
  rows=314,047  triples=32,556,286  (4 ent/s, 409 triples/s, errors=320879)
  rows=314,077  triples=32,558,405  (4 ent/s, 409 triples/s, errors=320887)
  rows=314,108  triples=32,560,557  (4 ent/s, 409 triples/s, errors=320919)
  rows=314,135  triples=32,562,915  (4 ent/s, 409 triples/s, errors=320947)
  rows=314,168  triples=32,565,032  (4 ent/s, 409 triples/s, errors=320953)
  rows=314,199  triples=32,567,103  (4 ent/s, 409 triples/s, errors=320958)
  rows=314,222  triples=32,569,181  (4 ent/s, 409 triples/s, errors=320970)
  rows=314,258  triples=32,571,321  (4 ent/s, 409 triples/s, errors=320971)
  rows=314,299  triples=32,574,385  (4 ent/s, 409 triples/s, errors=320997)
  rows=314,330  triples=32,576,478  (4 ent/s, 409 triples/s, errors=321005)
  rows=314,373  triples=32,578,582  (4 ent/s, 409 triples/s, errors=321007)
  rows=314,392  triples=32,580,690  (4 ent/s, 409 triples/s, errors=321008)
  rows=314,433  triples=32,583,153  (4 ent/s, 409 triples/s, errors=321009)
  rows=314,464  triples=32,585,292  (4 ent/s, 409 triples/s, errors=321010)
  rows=314,497  triples=32,587,573  (4 ent/s, 409 triples/s, errors=321017)
  rows=314,515  triples=32,588,597  (4 ent/s, 409 triples/s, errors=321030)
  rows=314,536  triples=32,590,669  (4 ent/s, 409 triples/s, errors=321038)
  rows=314,561  triples=32,592,937  (4 ent/s, 409 triples/s, errors=321050)
  rows=314,597  triples=32,595,173  (4 ent/s, 409 triples/s, errors=321051)
  rows=314,637  triples=32,597,474  (4 ent/s, 409 triples/s, errors=321074)
  rows=314,666  triples=32,599,497  (4 ent/s, 409 triples/s, errors=321076)
  rows=314,699  triples=32,601,527  (4 ent/s, 409 triples/s, errors=321076)
  rows=314,731  triples=32,603,611  (4 ent/s, 409 triples/s, errors=321076)
  rows=314,764  triples=32,605,738  (4 ent/s, 409 triples/s, errors=321076)
  rows=314,821  triples=32,608,619  (4 ent/s, 409 triples/s, errors=321080)
  rows=314,852  triples=32,610,938  (4 ent/s, 409 triples/s, errors=321081)
  rows=314,880  triples=32,613,029  (4 ent/s, 409 triples/s, errors=321107)
  rows=314,916  triples=32,616,142  (4 ent/s, 409 triples/s, errors=321109)
  rows=314,952  triples=32,619,222  (4 ent/s, 409 triples/s, errors=321109)
  rows=314,982  triples=32,621,326  (4 ent/s, 409 triples/s, errors=321114)
  rows=315,012  triples=32,623,883  (4 ent/s, 409 triples/s, errors=321118)
  rows=315,034  triples=32,625,961  (4 ent/s, 409 triples/s, errors=321122)
  rows=315,057  triples=32,627,956  (4 ent/s, 409 triples/s, errors=321144)
  rows=315,096  triples=32,630,070  (4 ent/s, 409 triples/s, errors=321146)
  rows=315,132  triples=32,632,182  (4 ent/s, 409 triples/s, errors=321149)
  rows=315,157  triples=32,634,281  (4 ent/s, 409 triples/s, errors=321153)
  rows=315,183  triples=32,636,335  (4 ent/s, 409 triples/s, errors=321159)
  rows=315,218  triples=32,638,443  (4 ent/s, 409 triples/s, errors=321174)
  rows=315,251  triples=32,640,534  (4 ent/s, 409 triples/s, errors=321180)
  rows=315,279  triples=32,642,589  (4 ent/s, 409 triples/s, errors=321187)
  rows=315,299  triples=32,644,964  (4 ent/s, 409 triples/s, errors=321328)
  rows=315,327  triples=32,647,050  (4 ent/s, 409 triples/s, errors=321328)
  rows=315,372  triples=32,650,162  (4 ent/s, 409 triples/s, errors=321332)
  rows=315,396  triples=32,652,253  (4 ent/s, 409 triples/s, errors=321340)
  rows=315,425  triples=32,654,563  (4 ent/s, 409 triples/s, errors=321341)
  rows=315,461  triples=32,656,695  (4 ent/s, 409 triples/s, errors=321343)
  rows=315,482  triples=32,658,758  (4 ent/s, 409 triples/s, errors=321344)
  rows=315,504  triples=32,660,775  (4 ent/s, 409 triples/s, errors=321348)
  rows=315,520  triples=32,662,830  (4 ent/s, 409 triples/s, errors=321387)
  rows=315,549  triples=32,664,996  (4 ent/s, 409 triples/s, errors=321387)
  rows=315,575  triples=32,667,224  (4 ent/s, 409 triples/s, errors=321390)
  rows=315,614  triples=32,669,998  (4 ent/s, 409 triples/s, errors=321394)
  rows=315,643  triples=32,672,194  (4 ent/s, 409 triples/s, errors=321416)
  rows=315,683  triples=32,674,280  (4 ent/s, 409 triples/s, errors=321425)
  rows=315,700  triples=32,676,660  (4 ent/s, 409 triples/s, errors=321435)
  rows=315,725  triples=32,678,866  (4 ent/s, 409 triples/s, errors=321444)
  rows=315,753  triples=32,681,201  (4 ent/s, 409 triples/s, errors=321459)
  rows=315,785  triples=32,683,257  (4 ent/s, 409 triples/s, errors=321459)
  rows=315,815  triples=32,685,392  (4 ent/s, 409 triples/s, errors=321459)
  rows=315,840  triples=32,687,447  (4 ent/s, 409 triples/s, errors=321462)
  rows=315,885  triples=32,690,561  (4 ent/s, 409 triples/s, errors=321464)
  rows=315,909  triples=32,692,803  (4 ent/s, 409 triples/s, errors=321469)
  rows=315,929  triples=32,694,880  (4 ent/s, 409 triples/s, errors=321476)
  rows=315,962  triples=32,696,937  (4 ent/s, 409 triples/s, errors=321480)
  rows=315,992  triples=32,699,061  (4 ent/s, 409 triples/s, errors=321494)
  rows=316,032  triples=32,701,765  (4 ent/s, 409 triples/s, errors=321494)
  rows=316,061  triples=32,703,824  (4 ent/s, 409 triples/s, errors=321496)
  rows=316,089  triples=32,705,853  (4 ent/s, 409 triples/s, errors=321497)
  rows=316,118  triples=32,707,940  (4 ent/s, 409 triples/s, errors=321505)
  rows=316,141  triples=32,710,014  (4 ent/s, 409 triples/s, errors=321508)
  rows=316,166  triples=32,712,093  (4 ent/s, 409 triples/s, errors=321520)
  rows=316,199  triples=32,714,219  (4 ent/s, 409 triples/s, errors=321525)
  rows=316,229  triples=32,716,276  (4 ent/s, 409 triples/s, errors=321529)
  rows=316,257  triples=32,718,450  (4 ent/s, 409 triples/s, errors=321541)
  rows=316,282  triples=32,720,769  (4 ent/s, 409 triples/s, errors=321545)
  rows=316,324  triples=32,723,880  (4 ent/s, 409 triples/s, errors=321546)
  rows=316,333  triples=32,723,880  (4 ent/s, 409 triples/s, errors=321546)
  rows=316,355  triples=32,726,003  (4 ent/s, 409 triples/s, errors=321546)
  rows=316,384  triples=32,728,056  (4 ent/s, 409 triples/s, errors=321547)
  rows=316,416  triples=32,730,010  (4 ent/s, 409 triples/s, errors=321551)
  rows=316,464  triples=32,733,169  (4 ent/s, 409 triples/s, errors=321551)
  rows=316,489  triples=32,735,235  (4 ent/s, 409 triples/s, errors=321569)
  rows=316,514  triples=32,737,306  (4 ent/s, 409 triples/s, errors=321575)
  rows=316,558  triples=32,740,514  (4 ent/s, 409 triples/s, errors=321581)
  rows=316,589  triples=32,742,656  (4 ent/s, 409 triples/s, errors=321589)
  rows=316,618  triples=32,744,699  (4 ent/s, 409 triples/s, errors=321590)
  rows=316,661  triples=32,747,841  (4 ent/s, 409 triples/s, errors=321602)
  rows=316,721  triples=32,751,124  (4 ent/s, 409 triples/s, errors=321613)
  rows=316,754  triples=32,753,183  (4 ent/s, 409 triples/s, errors=321613)
  rows=316,783  triples=32,755,316  (4 ent/s, 409 triples/s, errors=321635)
  rows=316,824  triples=32,757,311  (4 ent/s, 409 triples/s, errors=321641)
  rows=316,862  triples=32,760,420  (4 ent/s, 409 triples/s, errors=321653)
  rows=316,907  triples=32,763,434  (4 ent/s, 409 triples/s, errors=321656)
  rows=316,941  triples=32,765,457  (4 ent/s, 409 triples/s, errors=321657)
  rows=316,976  triples=32,767,551  (4 ent/s, 409 triples/s, errors=321658)
  rows=317,015  triples=32,770,097  (4 ent/s, 409 triples/s, errors=321658)
  rows=317,042  triples=32,772,167  (4 ent/s, 409 triples/s, errors=321658)
  rows=317,071  triples=32,774,335  (4 ent/s, 409 triples/s, errors=321664)
  rows=317,100  triples=32,776,428  (4 ent/s, 409 triples/s, errors=321664)
  rows=317,137  triples=32,778,536  (4 ent/s, 409 triples/s, errors=321665)
  rows=317,154  triples=32,780,735  (4 ent/s, 409 triples/s, errors=321674)
  rows=317,184  triples=32,782,876  (4 ent/s, 409 triples/s, errors=321684)
  rows=317,217  triples=32,785,187  (4 ent/s, 409 triples/s, errors=321684)
  rows=317,262  triples=32,788,217  (4 ent/s, 409 triples/s, errors=321691)
  rows=317,302  triples=32,791,348  (4 ent/s, 409 triples/s, errors=321713)
  rows=317,331  triples=32,793,683  (4 ent/s, 409 triples/s, errors=321721)
  rows=317,355  triples=32,795,825  (4 ent/s, 409 triples/s, errors=321732)
  rows=317,401  triples=32,798,199  (4 ent/s, 409 triples/s, errors=321732)
  rows=317,427  triples=32,800,226  (4 ent/s, 409 triples/s, errors=321741)
  rows=317,459  triples=32,802,329  (4 ent/s, 409 triples/s, errors=321745)
  rows=317,515  triples=32,805,635  (4 ent/s, 409 triples/s, errors=321747)
  rows=317,551  triples=32,807,699  (4 ent/s, 409 triples/s, errors=321752)
  rows=317,579  triples=32,809,985  (4 ent/s, 409 triples/s, errors=321758)
  rows=317,611  triples=32,812,301  (4 ent/s, 409 triples/s, errors=321761)
  rows=317,651  triples=32,814,602  (4 ent/s, 409 triples/s, errors=321765)
  rows=317,677  triples=32,816,741  (4 ent/s, 409 triples/s, errors=321777)
  rows=317,725  triples=32,818,790  (4 ent/s, 409 triples/s, errors=321779)
  rows=317,745  triples=32,820,934  (4 ent/s, 409 triples/s, errors=321782)
  rows=317,777  triples=32,823,117  (4 ent/s, 409 triples/s, errors=321782)
  rows=317,812  triples=32,825,506  (4 ent/s, 409 triples/s, errors=321828)
  rows=317,837  triples=32,827,576  (4 ent/s, 409 triples/s, errors=321839)
  rows=317,887  triples=32,830,687  (4 ent/s, 409 triples/s, errors=321851)
  rows=317,924  triples=32,832,784  (4 ent/s, 409 triples/s, errors=321854)
  rows=317,955  triples=32,834,803  (4 ent/s, 409 triples/s, errors=321854)
  rows=317,983  triples=32,836,847  (4 ent/s, 409 triples/s, errors=321858)
  rows=318,011  triples=32,839,032  (4 ent/s, 409 triples/s, errors=321871)
  rows=318,047  triples=32,841,282  (4 ent/s, 409 triples/s, errors=321873)
  rows=318,078  triples=32,843,378  (4 ent/s, 409 triples/s, errors=321876)
  rows=318,110  triples=32,845,531  (4 ent/s, 409 triples/s, errors=321898)
  rows=318,144  triples=32,847,990  (4 ent/s, 409 triples/s, errors=321900)
  rows=318,151  triples=32,847,990  (4 ent/s, 409 triples/s, errors=321900)
  rows=318,178  triples=32,851,117  (4 ent/s, 409 triples/s, errors=321901)
  rows=318,215  triples=32,853,675  (4 ent/s, 409 triples/s, errors=321903)
  rows=318,249  triples=32,855,998  (4 ent/s, 409 triples/s, errors=321903)
  rows=318,304  triples=32,859,145  (4 ent/s, 409 triples/s, errors=321903)
  rows=318,332  triples=32,861,228  (4 ent/s, 409 triples/s, errors=321907)
  rows=318,379  triples=32,864,280  (4 ent/s, 409 triples/s, errors=321908)
  rows=318,421  triples=32,866,462  (4 ent/s, 409 triples/s, errors=321908)
  rows=318,455  triples=32,868,597  (4 ent/s, 409 triples/s, errors=321926)
  rows=318,497  triples=32,871,021  (4 ent/s, 409 triples/s, errors=321931)
  rows=318,548  triples=32,874,075  (4 ent/s, 409 triples/s, errors=321968)
  rows=318,581  triples=32,876,098  (4 ent/s, 409 triples/s, errors=321969)
